ID,Target
ID_ED91AC7A28,0.019244198
ID_29975A9C7E,0.08743847
ID_F59CE25650,0.013174863
ID_E875F68D1A,0.0071191136
ID_2902B1C0D0,0.009365231
ID_8C3311150A,0.20315269
ID_E7E3D1F707,0.007121805
ID_0883F8130C,0.021626234
ID_E6D3162C31,0.0115965605
ID_0E8F96135D,0.011998714
ID_A1CCA8B42F,0.012605258
ID_73C5D07F71,0.028437505
ID_FD558F6981,0.78462696
ID_4CBE0C3ED4,0.26742226
ID_DA7937D406,0.012142222
ID_5C5E622827,0.09246812
ID_B443191D19,0.0079219295
ID_C677C4339F,0.31842828
ID_7030A34902,0.01146954
ID_383118FB7C,0.006382435
ID_78642510AF,0.09577805
ID_133E1C78F8,0.005949411
ID_E499CE39F8,0.024979312
ID_5F35203464,0.32072005
ID_88FCEA0F1E,0.061848346
ID_F02AEB66C3,0.0086929435
ID_6DDC595C39,0.009297646
ID_5140ED1C47,0.28763568
ID_A1CF053F7A,0.013459654
ID_B2338E13D4,0.118104324
ID_5E4FEFC8CE,0.008053079
ID_C8FFF95929,0.007049088
ID_2980745F43,0.3169552
ID_61CD72F6CE,0.008081341
ID_F010EF7A8A,0.12409295
ID_715BE137A6,0.20742723
ID_0177953F20,0.097984985
ID_42F7F2CE0F,0.18011983
ID_BAD7D54489,0.4430984
ID_4469CD3953,0.78176343
ID_4D18EE25F6,0.007645914
ID_54F726CC26,0.9837557
ID_76FFCF186A,0.90719867
ID_843D804F8C,0.19032136
ID_BB84B1EE82,0.008005814
ID_5BF679D81C,0.030810935
ID_15508CE449,0.7829686
ID_8D9F2F7ACC,0.02388603
ID_27B963FB0B,0.004809174
ID_D8A0C7E8F0,0.7963192
ID_94D06A1758,0.011668717
ID_5356F4FFFE,0.09409931
ID_66C8E9A655,0.05870143
ID_DA216AD1EE,0.0076257368
ID_161B2E5C48,0.0053369743
ID_810E109705,0.57530713
ID_0B25D90862,0.06599211
ID_5DFBD5885C,0.23280333
ID_A1EDC813CA,0.013376751
ID_BC28FF4AAC,0.37723783
ID_0612AB3FC8,0.0089435205
ID_4FDAF4B6B2,0.036309008
ID_F5F2B40225,0.02365738
ID_B3944EA4A3,0.009292676
ID_B0C729F568,0.032641307
ID_2C527E3FD9,0.5369231
ID_02B554B1DC,0.042459756
ID_53029D4C63,0.024521938
ID_D74B51178D,0.11102778
ID_CF15ABFA69,0.007235473
ID_9453C6900E,0.2919813
ID_09B7701406,0.033023246
ID_98820A4FD2,0.18623842
ID_9AE57AECF7,0.28923237
ID_060438A1F9,0.0073601394
ID_CC328499E0,0.07702033
ID_4EAFEA1700,0.061798383
ID_7A19F1A76D,0.5743413
ID_90ADBE8D44,0.14605185
ID_7A4A4B6116,0.36194617
ID_21E3195C83,0.47830394
ID_BA507E2751,0.02295134
ID_B911E5C8BD,0.018959701
ID_E541DD22C2,0.0064509893
ID_7326C068A9,0.10714494
ID_82FB85B65C,0.56592786
ID_83550B0F44,0.013774062
ID_828206AAAF,0.08100115
ID_338365D4FF,0.02807928
ID_CB565D8E46,0.045831207
ID_810711A3B8,0.018335417
ID_780636EE11,0.1512226
ID_9394F8D191,0.027539914
ID_C3716DB5AA,0.12264183
ID_D30ACD86D5,0.030515872
ID_FBF0F75EF5,0.45639917
ID_B8875E9981,0.050263043
ID_A477311ABA,0.0233747
ID_ABD047D25C,0.10318534
ID_A641EFA0D7,0.059465002
ID_2896538B2A,0.031943414
ID_53FB896932,0.0059389537
ID_B1F8C2732A,0.010606031
ID_B9D27E11E5,0.33817935
ID_2A8D7A4074,0.030855896
ID_DE27AFD718,0.10103466
ID_E6891D3C1F,0.01414498
ID_FF307F65DA,0.092436895
ID_28A21F4554,0.006217702
ID_0BB0D2AE60,0.015309932
ID_2DCBE0E7C5,0.008020398
ID_2CD100257F,0.008275397
ID_21F588C8AF,0.011798136
ID_83A9163982,0.005069329
ID_FDBD846185,0.02099413
ID_654F715819,0.35437995
ID_DD2DBD626F,0.46841925
ID_420B4D02AC,0.030774832
ID_E1A0CEEB22,0.007762477
ID_026498CC7E,0.020678742
ID_8E0E47419F,0.23915789
ID_A0743B0083,0.037651632
ID_DFBD40412C,0.010616705
ID_A7C967B5FA,0.014588412
ID_FF7ECDE559,0.2794919
ID_54BB9BA620,0.006328258
ID_0332D69317,0.007483429
ID_E6FD2848EC,0.6006639
ID_6ABD0D8686,0.025775315
ID_6988700787,0.009602521
ID_9699ED5669,0.019555297
ID_F57899D81A,0.54013395
ID_97041A0807,0.07733896
ID_547F29C830,0.012396986
ID_9CA23B3E46,0.03705212
ID_F3539E8DC8,0.01682843
ID_44B57254CF,0.03615665
ID_CC55E62D1A,0.6735
ID_D0761A2909,0.03585634
ID_F6BD8E6437,0.04187433
ID_234183D9C5,0.019436762
ID_3EE2E602F0,0.020434057
ID_BDA82CA136,0.12206172
ID_5311EF65A8,0.197905
ID_310292BC83,0.021771967
ID_E694F1FFCB,0.11027518
ID_8BB403F176,0.0094287535
ID_D27D8AA7B3,0.058171336
ID_54DD2AE999,0.013098352
ID_2E2B72C380,0.22016583
ID_2190646794,0.01050512
ID_9DF3A5E6D7,0.26771075
ID_901552F1D4,0.015619669
ID_8C023167F3,0.02199881
ID_80B205A60C,0.24469273
ID_93179938E8,0.02175317
ID_2A55B9FF44,0.019621583
ID_E8B7ED3EF8,0.055663988
ID_56EF3948D4,0.12695886
ID_CD0C3D285A,0.04762834
ID_E41B4292CA,0.099228546
ID_85F985654B,0.015596011
ID_3A816244FA,0.007544342
ID_566CA30EA5,0.00532335
ID_C0FBA88BBD,0.42398745
ID_A2F39AE73F,0.04530516
ID_F37A0A951A,0.24567437
ID_C677F28B1D,0.59898823
ID_9717049B45,0.5410925
ID_49DC95D845,0.012361703
ID_196DB06A31,0.008417225
ID_196DE26C5B,0.053111903
ID_7A4EFF5311,0.42157823
ID_76329C22FC,0.008607389
ID_04754FAA2E,0.022784205
ID_B089D5A3FF,0.008506687
ID_9FB4F711C6,0.011841388
ID_04C96A023B,0.0073340163
ID_027A3A0D01,0.0066988766
ID_B01F892381,0.0034121082
ID_32B05116F2,0.089949824
ID_0F7DA0DD9A,0.012191188
ID_AF16DC8CB3,0.50886506
ID_59C91CE47A,0.67204326
ID_A27815981B,0.027693043
ID_F6848899A5,0.053248096
ID_49F18FEFE2,0.07254773
ID_DA13AA59D8,0.818555
ID_938DC017FB,0.06483651
ID_194255034A,0.055452745
ID_083421011D,0.13078494
ID_53F1DC7294,0.031513482
ID_1FAC89DD22,0.008540343
ID_F859B8AFCF,0.03035476
ID_252E38584D,0.0062220506
ID_498474B8EB,0.0457647
ID_E9576D2992,0.085855864
ID_F409C78862,0.5867714
ID_5CAAE6D2F1,0.011377109
ID_4D7DE606A5,0.7109361
ID_B357CEF640,0.076844834
ID_79D3AC740C,0.009735238
ID_A74600D60A,0.008937054
ID_D737733AD7,0.022091608
ID_09EF00A230,0.29026595
ID_69CF5C9E52,0.00818935
ID_37FA7846F8,0.0051110582
ID_76B3E9055D,0.047867335
ID_09348B1ACD,0.874593
ID_275D4B2B0C,0.15097898
ID_C26312BFCF,0.010902269
ID_A809102FE2,0.26635256
ID_4B6135F106,0.05017804
ID_CFB1C88770,0.017407969
ID_BD5E8630DC,0.23140742
ID_8E029FDC70,0.023556923
ID_F9488F3703,0.006994525
ID_5EC6B807EC,0.47916678
ID_E75DBD4CAE,0.12511696
ID_9C88E5CE38,0.16652308
ID_3C5BAE072A,0.004789775
ID_10E9B4D3FA,0.13391015
ID_60FA4340AF,0.077796504
ID_B0D5C70969,0.13370931
ID_51EF8A40B5,0.17823505
ID_C61FC509C0,0.29938266
ID_1B8BA0B6DB,0.01217551
ID_C2BFF2D829,0.38737518
ID_C9BE91F034,0.02120626
ID_211FF50D09,0.008258815
ID_319DB9183A,0.009203082
ID_DBCEF9DCA0,0.009238446
ID_F488C5FA0F,0.31589082
ID_A2D2E7528F,0.3161766
ID_C16E77A418,0.0974829
ID_6390A5A9D8,0.09247459
ID_6463DB7B2A,0.06458876
ID_9F7C5E0C5E,0.008118823
ID_FEFCE88362,0.0038806184
ID_C2257C5339,0.12650107
ID_7905A343E4,0.010486762
ID_C4A7141BFB,0.011107616
ID_999E78F090,0.04748193
ID_82B1A3FC59,0.012554589
ID_CDE7AD55E4,0.012777754
ID_56490280E5,0.20536269
ID_3C17228FC4,0.011686731
ID_98D6ED6B3C,0.074023135
ID_3FFE502806,0.02171937
ID_8F89F25228,0.018891595
ID_0666F6F2C9,0.0057472857
ID_917F77B43C,0.10986595
ID_172FB90330,0.018055318
ID_9AA0D55EB3,0.017701332
ID_0F75706CEE,0.012100777
ID_0A6905D898,0.82985735
ID_7109B6F2F2,0.009776023
ID_BBD353E5BD,0.017159045
ID_9D6C4FDB42,0.03253503
ID_C75DFF60AC,0.07224983
ID_2137B7882E,0.07076537
ID_9B3BEB4F02,0.55031234
ID_85E468BC8A,0.0242134
ID_00ABF260DA,0.52488804
ID_30E89F23A0,0.50076294
ID_7C4C2CDF87,0.3656804
ID_4AA11252F3,0.027354311
ID_E3D83070B9,0.55240494
ID_0EBF267C14,0.8441712
ID_77C53BC9E9,0.0072084237
ID_A699693439,0.057565082
ID_27DD380B11,0.011832576
ID_C398C973C6,0.60681456
ID_3A147ED22B,0.8959526
ID_1A8B3E4193,0.039087627
ID_0894955C06,0.011741124
ID_2F88FB3077,0.03614809
ID_14F128AAE4,0.34921458
ID_7809A29BDB,0.09337062
ID_A5F65A4901,0.3333056
ID_5338DA2A11,0.17159294
ID_26D29C2717,0.025765646
ID_8A879D9128,0.26110423
ID_4F9A45158B,0.009005735
ID_BA141EADC9,0.009531251
ID_874FBDDDD5,0.6562062
ID_AC23BEC6F5,0.2888254
ID_BC3F711BB5,0.022896856
ID_8E8B92017F,0.05031899
ID_8EBADE5B86,0.04343101
ID_64177DCE23,0.47041896
ID_9FF6FD957F,0.6126754
ID_1864F7B24D,0.0102035375
ID_CC492301B2,0.009499743
ID_F7FE1BF33F,0.64509976
ID_472EB7EC67,0.19987255
ID_57CA70C165,0.009762114
ID_35E2B45E39,0.03965764
ID_BC3ABE5037,0.573724
ID_6B5A9A11EF,0.75260717
ID_CF0CB6D9B6,0.13550971
ID_F165B491BB,0.610689
ID_7C5EB3AC05,0.64255154
ID_A3139354EB,0.042783402
ID_FA87AAF78F,0.06716401
ID_9278EF1906,0.8887904
ID_1DA8AA45E6,0.08317076
ID_E0712012ED,0.032591272
ID_4D63BBBBCB,0.33877787
ID_D2B9E7BB9D,0.009208542
ID_BA4CD91CDE,0.86343473
ID_25CA40537B,0.09444033
ID_A29554F16E,0.036487058
ID_802FC9A5B7,0.06515805
ID_F633EBCC0A,0.0988883
ID_5AEE42539F,0.04312036
ID_6A8847072A,0.050766416
ID_62EF54BBEA,0.6611396
ID_4CC0BC6B15,0.22882976
ID_78F1E6D0BF,0.13503142
ID_E5A07BD659,0.9301791
ID_8A01982951,0.006663098
ID_DF1D757D6C,0.0052109826
ID_5F825B336D,0.01811279
ID_A08C4FD715,0.0067382157
ID_61A3EF8DE2,0.007887887
ID_71732A3A08,0.061676547
ID_3CFBC73F5A,0.010246839
ID_F1509A4555,0.0118597755
ID_5D89F52F67,0.23376288
ID_1BD5A884E5,0.014652548
ID_D48CD23F33,0.020538585
ID_3020A53E79,0.0059349523
ID_87880F364E,0.046086885
ID_BC0A803662,0.027293572
ID_2CC066017A,0.43233112
ID_D0142FBB23,0.25748572
ID_09AFB973C1,0.613459
ID_5279950374,0.06454916
ID_3D77342F81,0.015952567
ID_0D7E5BEAB6,0.022208706
ID_7A9C8C5463,0.07368507
ID_71BCCE3533,0.09028977
ID_A3A24C9783,0.9220079
ID_6F05CC901E,0.28334585
ID_127CA12CB7,0.07931544
ID_CB51C49E57,0.0071368245
ID_A923433217,0.23572773
ID_1813CFA30F,0.020338882
ID_64246F76D9,0.012874377
ID_CA1912D47B,0.05546998
ID_F98AB7E9F1,0.41384602
ID_4937D1D92D,0.029066714
ID_04BA00A83B,0.80675507
ID_F43FCF3FA0,0.23133935
ID_C755C9B083,0.040503405
ID_4417BFA26D,0.014069957
ID_8729C38399,0.05703378
ID_70526CBEC5,0.46508434
ID_3678A51EAF,0.10391272
ID_F434F82047,0.5425633
ID_E3D24CE540,0.00921361
ID_945158EEC2,0.019332644
ID_4C42F1AC69,0.017116966
ID_C15CA07ADA,0.30500215
ID_03E0AC2908,0.82915056
ID_E4D5B4B707,0.013892796
ID_46CF59AA8A,0.009587083
ID_42F5E9A3F2,0.023580413
ID_44AD6F00DE,0.048716962
ID_52EDDA24F7,0.036693934
ID_2E1BCBFCBF,0.88863736
ID_9F4E938A47,0.06398826
ID_A709DA2F2A,0.112804584
ID_79012B6B68,0.051507942
ID_C8F14C44DC,0.20032735
ID_27410ED324,0.30574128
ID_97253B9438,0.11663252
ID_B7FA87299F,0.027507888
ID_D52E2CAC31,0.013663104
ID_4963C35B2F,0.13271606
ID_347072F87D,0.53080136
ID_6B4D3CEDFC,0.050681934
ID_9FB3C581D3,0.008080682
ID_C0F3F4F77D,0.07490258
ID_175619B48C,0.008915831
ID_77C773AF74,0.02995551
ID_B73250FC09,0.006597723
ID_57A2238465,0.1846668
ID_AECF43CD18,0.36345136
ID_D89C4ED3A0,0.06647831
ID_1D0F6CAEEB,0.031213542
ID_94F06F580C,0.031747658
ID_4481861595,0.16546158
ID_84124ACEA1,0.07997745
ID_E848D43658,0.009784567
ID_BF64CD38FE,0.010820855
ID_71C0483C2B,0.12516798
ID_9F26AEC5B8,0.9475004
ID_6D809D966A,0.01678291
ID_AA5B85A96D,0.06805207
ID_F386B8CD27,0.70995396
ID_2B5C018F75,0.021467216
ID_858C001E32,0.04241234
ID_C643F9E3C1,0.104846776
ID_640706B33B,0.033672743
ID_572E5F5420,0.02766006
ID_DCB8D91836,0.023503033
ID_0BD32B363E,0.1334459
ID_F6FF3FF5FF,0.26757243
ID_F2039AEC86,0.0116913775
ID_6FC47ACC56,0.008448018
ID_70EF9E9181,0.9802037
ID_46414D2928,0.038991217
ID_575C275559,0.0062744757
ID_82A611612B,0.015465323
ID_98C836852E,0.08884188
ID_15EBF82D5A,0.10130638
ID_798AA21A00,0.97853404
ID_38D8F23CF1,0.0072503467
ID_8C80CDE4E3,0.05778908
ID_984C40E884,0.01398422
ID_2050D997F3,0.0090211155
ID_3BE0582BD6,0.14671408
ID_2196838129,0.16621682
ID_A537B777B0,0.009570339
ID_81329889DC,0.9958961
ID_E4DD0FC91C,0.3257582
ID_404CC3B26C,0.023448627
ID_424FD558A2,0.28216878
ID_4E63094C74,0.013469257
ID_32C812B15B,0.10332373
ID_DE095153EB,0.7110494
ID_68096A5F84,0.07337158
ID_197D523201,0.19125499
ID_E243F639DE,0.1562613
ID_987A4B6708,0.0178771
ID_1A69617272,0.48144987
ID_0EAC9EF34F,0.061184894
ID_1053704AAD,0.034706995
ID_8DD821FBA1,0.19416998
ID_1AD5663772,0.0061480654
ID_B0D994DB07,0.013615984
ID_9B66F0A90F,0.017990729
ID_D41408D94C,0.0080916425
ID_511B2A0F97,0.37520638
ID_9C6648E8D7,0.014035351
ID_4DC86FFBDF,0.0086649265
ID_D4C99E6431,0.119369596
ID_566F4CBF81,0.03452377
ID_74B9020B71,0.030541843
ID_62FDC0B07B,0.92499274
ID_65A11C2DDA,0.038546678
ID_75433F2F56,0.007098406
ID_6A38FE9ECB,0.004578985
ID_120282AF13,0.00763559
ID_1F189EDA3B,0.18020467
ID_799F416351,0.016460065
ID_1C34E6FEF6,0.11660644
ID_B5B3F31BB9,0.0235409
ID_64E591FD87,0.0056524887
ID_C2DD7405D4,0.008205219
ID_A3D7E0FF04,0.23039027
ID_71BC6B2101,0.18227085
ID_E28EBC778C,0.04084364
ID_A152EA8FB0,0.014982828
ID_3D634BE010,0.016422665
ID_E8EAFA5544,0.26556897
ID_2F4B0D1B15,0.04160842
ID_92DAF4559D,0.043347966
ID_07AFFAE135,0.33944038
ID_4E34992F92,0.022072688
ID_5F89821A28,0.030576821
ID_A8958E8BC2,0.01593668
ID_0819393943,0.21512714
ID_ED6A1D744A,0.06909419
ID_2408FC58DA,0.26151246
ID_05DAA60254,0.23582178
ID_2A8E1A5F3A,0.021943022
ID_BB86DD90EA,0.041330356
ID_72B080F26E,0.010596147
ID_27E4F17A1A,0.04137055
ID_0AEE8EDD3A,0.016082983
ID_E4D428F51C,0.54911727
ID_053D6F7ADE,0.048540574
ID_B1151547BE,0.008895437
ID_8545A01D87,0.066855736
ID_F977469997,0.08186929
ID_16DD0AD1E2,0.006261756
ID_790880D09D,0.5595597
ID_A0B6A0D606,0.07858391
ID_F656DB4428,0.031020103
ID_71E590CF7F,0.24803026
ID_EDFF55E23C,0.007556075
ID_9675CE4111,0.0072322804
ID_B37D9C90EB,0.012957068
ID_03AA80585D,0.16856283
ID_3AB580B11B,0.033914726
ID_1291F42C5B,0.43044016
ID_E588BE5422,0.0047693797
ID_A3B49300E7,0.05882231
ID_DB75BF38AA,0.39250478
ID_978D7D8285,0.9682974
ID_699C2472A9,0.09962553
ID_F1915093E0,0.54783213
ID_1AFAF6E1F6,0.063389964
ID_2A1FA16FD3,0.010062893
ID_2A1BFCC677,0.31771672
ID_26DEAF9775,0.04815628
ID_A167784F20,0.9981919
ID_94BBBA0754,0.9415878
ID_AABFD480EE,0.0043771905
ID_CB30F5E058,0.30609444
ID_6891EF295E,0.8575928
ID_11E304E2A2,0.4036775
ID_988100103A,0.018169904
ID_C68862EDE4,0.015720913
ID_EE4F1939F5,0.018424816
ID_72109C90BE,0.015532171
ID_BD6F75A060,0.0076934393
ID_7A8B090F94,0.013789635
ID_9F6F07ECAD,0.025846018
ID_A9243666C6,0.2955034
ID_62FEBECE7E,0.040538315
ID_60F0B9C1EE,0.3822024
ID_E1E5781E72,0.15421715
ID_9ABFC225C5,0.37636253
ID_4E1C0BD281,0.01077781
ID_E0D481451B,0.15629676
ID_A6B7AE7B1D,0.027594805
ID_44B36B65FF,0.013169497
ID_42F1E1D472,0.014373765
ID_6C5D2B0B09,0.06962467
ID_9AF99F474A,0.01038877
ID_2D4AE88253,0.20576185
ID_6977F62B61,0.035681017
ID_8623AE961F,0.028280871
ID_0C65793EC1,0.024907466
ID_6B6E92E46D,0.8910351
ID_F2E19F8255,0.8426045
ID_3B4D52339C,0.019002922
ID_D952D54057,0.10020544
ID_273290F5CE,0.028075406
ID_87687562F1,0.5456062
ID_53A1C26145,0.2512405
ID_B2175805E9,0.01186079
ID_A7DFFA13A3,0.010319368
ID_5F454AFEEC,0.011435391
ID_6F3D6506C1,0.008159759
ID_C36FF7BC84,0.00876885
ID_1B3EDD54C6,0.040237986
ID_19FC5AC7DF,0.041201092
ID_06FC5C269E,0.20464396
ID_8E68A0BB79,0.0120661445
ID_CE5EFD292B,0.9961463
ID_FC4AD0CE44,0.030006552
ID_FDD49085AF,0.020901615
ID_D1FC5B9EC1,0.20130277
ID_76102A1F13,0.08116751
ID_F842C5A6DE,0.9679299
ID_E2E0BE0DB2,0.016572146
ID_5D7F0C1FAB,0.013872146
ID_CB9A95F038,0.09758156
ID_B8275EB7F7,0.021888701
ID_4BF5977E91,0.22694395
ID_189CA145DC,0.05321279
ID_FEE146CA0D,0.82783824
ID_2DA23C5D62,0.014923568
ID_7D29BFC947,0.006678963
ID_55B7BF40C6,0.012032508
ID_0D4FACA6F9,0.9996314
ID_98795B8F0E,0.035689805
ID_038DDE7499,0.16905086
ID_008E59067E,0.014374834
ID_9DDEB8040E,0.0070845606
ID_FF0B9654EA,0.02522464
ID_A4EEEA8F37,0.24392278
ID_78A2653D80,0.04502268
ID_C8F06EE830,0.01667236
ID_3542CF84EB,0.027124394
ID_6FB222A9C7,0.054923706
ID_39F936DEB1,0.061452787
ID_F06717BDE1,0.03995899
ID_60E352D15C,0.020042434
ID_212F7D221B,0.04134305
ID_E1F8F9482E,0.007841685
ID_4545898ADE,0.032500967
ID_E71D7B786C,0.07020628
ID_BBC947D6DE,0.6291731
ID_D8933BB149,0.023157204
ID_3F60E56CB0,0.024013737
ID_270F43AFB5,0.010997761
ID_7D1FA5AD8D,0.018054299
ID_C76382FDE5,0.10740998
ID_F2DAB33FA0,0.005788513
ID_22E13643D3,0.005609841
ID_7CC71BB362,0.3098057
ID_DD5C725EEF,0.013282538
ID_099B4A9C49,0.010423725
ID_38714A1AFE,0.015023945
ID_1815E11E58,0.4615417
ID_5A633BD178,0.047545496
ID_83487CED81,0.008415166
ID_9FAC390DDC,0.40342745
ID_74E0E4221A,0.023591682
ID_433C7EEA23,0.07877412
ID_911915507B,0.009905307
ID_CB9FF59F99,0.041541714
ID_94D69BE2CF,0.029149963
ID_2ED0869357,0.07513285
ID_E616E9555E,0.11612293
ID_48A1E7E4BD,0.037197173
ID_6B8BF7C759,0.041572206
ID_EB675EBFCB,0.10142529
ID_656D4EBBE3,0.073187776
ID_ADC9C02050,0.74116266
ID_89CC15C6EE,0.02972852
ID_75EAF42E5B,0.0352072
ID_91F05A4FD1,0.3695633
ID_61C0ABC86A,0.013243748
ID_423F6845A2,0.99674857
ID_80D705E47D,0.04420773
ID_94DCB638B9,0.14474055
ID_EAFB652BEF,0.02713822
ID_E7DB325133,0.044613365
ID_6D63B96397,0.011225393
ID_E26898A09A,0.015148892
ID_E908CBEC97,0.4902613
ID_89128F7FB5,0.050837763
ID_C4D7EF7592,0.015995655
ID_434A3BE41B,0.064919576
ID_7C76D60DA9,0.03235881
ID_C3B86D0B55,0.023950541
ID_C0F8604BC9,0.022497183
ID_1C91C0C34F,0.032918952
ID_92984C6C47,0.05909999
ID_04DD3910AA,0.09996131
ID_07F090C730,0.015004067
ID_E98A4ECA06,0.076226406
ID_549C83BA79,0.095894314
ID_DD440D76A1,0.051098213
ID_8524230229,0.7140561
ID_1C8AEFE9ED,0.021349799
ID_7CD3715792,0.1679305
ID_61C7269EE9,0.20540991
ID_E55E29AF4F,0.00891669
ID_45E3F7AF6F,0.015228789
ID_5AE8B391CD,0.023616679
ID_A81E504DAF,0.027021766
ID_5C7FF61A01,0.029797114
ID_92D1307D35,0.0069976742
ID_5DC9093082,0.019950511
ID_862AE6928B,0.08643602
ID_D50BE8E9D1,0.09967454
ID_F109D3B881,0.010878405
ID_680474DABB,0.5976402
ID_16E3F07FB3,0.033255056
ID_15FB1945BF,0.09288203
ID_8D83647EF9,0.7098449
ID_17B198F553,0.028644485
ID_1098D5EE65,0.5648403
ID_338422A949,0.051791765
ID_CEEAC21BB4,0.012059484
ID_45AB85ECD9,0.007699878
ID_F464676895,0.021263253
ID_8F7A1245FD,0.20714465
ID_12CC5D682D,0.065027244
ID_4447B17CE5,0.0061270483
ID_4A5577B600,0.11924331
ID_4112DFA918,0.026400212
ID_47A57FFE5A,0.018883016
ID_1A6CF7B240,0.8083926
ID_68E1FDA309,0.009226001
ID_EF9A4A7023,0.015495956
ID_EC719E0F45,0.14609775
ID_65BD0147DA,0.015838217
ID_464636B76C,0.16072221
ID_7088D5718D,0.015408666
ID_0B494BDA7B,0.17935269
ID_BF6B359DD0,0.012841589
ID_70B9A35B53,0.26645204
ID_52E5771F0C,0.012679179
ID_5F0DDB2F95,0.02049933
ID_46328769BB,0.018998351
ID_DE03C0EC2A,0.015521415
ID_DF615F024E,0.06482003
ID_7B80AE6541,0.21026689
ID_DEB67BA523,0.7595927
ID_8809172B0F,0.1341003
ID_BEBA14EFC2,0.08145432
ID_0777D04FF8,0.04999577
ID_5831F66E22,0.0073635513
ID_5CAC5C337E,0.01850719
ID_D5E8C8E2E7,0.03396
ID_DFBF4A8550,0.039165158
ID_48088F1E32,0.079371296
ID_2BD0BCBD9F,0.9933797
ID_308F96CCDF,0.006249681
ID_EFD4B2E54C,0.028244806
ID_D8371BACF3,0.019484995
ID_E9D82F63C5,0.29011002
ID_2A579A27D6,0.4051749
ID_F199BF5FE6,0.053287465
ID_F3CEC27834,0.63678074
ID_9418A1F2CF,0.2497813
ID_C527159B73,0.026477315
ID_5D0D692674,0.30707756
ID_758C3FA504,0.9875519
ID_C3AD31CA4F,0.039766967
ID_FABB3AE626,0.14780109
ID_21DCC2F417,0.012750954
ID_AD396CCA06,0.064316615
ID_4EDCB2C2D3,0.25765267
ID_DB3475580F,0.15458749
ID_76C90C9970,0.35629892
ID_C3E195E1BE,0.011969687
ID_2981DEAC50,0.9539914
ID_15BB5D6F75,0.028731765
ID_F8559C98A1,0.34957546
ID_76951ADE22,0.40809712
ID_D6E9D660B7,0.5969009
ID_EF7D329BEF,0.06147072
ID_1EF3279FA5,0.31162658
ID_9F6146BBE5,0.08861867
ID_0168E3E3B0,0.028627599
ID_28098C7B77,0.026306452
ID_C390275471,0.31139854
ID_438F1E9905,0.019797312
ID_ECB62E165E,0.042704824
ID_7AD8373F12,0.3729571
ID_B17E58677E,0.017801765
ID_C1AF0FCACC,0.11943404
ID_16AA1F79A3,0.012110981
ID_80C457D29A,0.013907116
ID_D41D8C06D9,0.337348
ID_D48833FE0B,0.028467137
ID_4D5BEDBD67,0.012899698
ID_E0115B3B53,0.14060761
ID_FB76742289,0.009125338
ID_B1266450A6,0.010255513
ID_A19106DA4C,0.87766457
ID_3C82198D48,0.3949446
ID_95DE9D865D,0.41456628
ID_AF8532787D,0.009901606
ID_E2E8B1CC85,0.043317772
ID_97E381B35D,0.43449682
ID_8B59DA3CBB,0.007745023
ID_A7C293C49E,0.03415885
ID_DDE1735E58,0.7555712
ID_F3B49BC871,0.15595248
ID_47656CC552,0.5589326
ID_3390D23124,0.47881362
ID_FAEE723ECF,0.03817647
ID_34C2F40918,0.040976316
ID_D7B8EDC08F,0.24663192
ID_F4E33DE9F8,0.968712
ID_32F2BDFAA4,0.053682942
ID_B16F0B0000,0.10965451
ID_D8D29BE0F1,0.014834402
ID_A927CED840,0.009770952
ID_05EE4B0A34,0.018346958
ID_317F325ECB,0.7728537
ID_71A068327C,0.18091762
ID_FBDD11A17E,0.0094454
ID_EC805F6607,0.32901448
ID_4B80CC7481,0.030053265
ID_822BAC220B,0.44296578
ID_2B2EDE282C,0.027086983
ID_4E26BA2582,0.9506538
ID_2D738274EC,0.030174421
ID_E9D2735DAF,0.004168422
ID_5BC126ACBE,0.13363901
ID_456658BA11,0.76330024
ID_30B97A9F21,0.50030756
ID_9C32DD49F9,0.010028345
ID_6F2391556C,0.05862011
ID_23B18EB500,0.015022097
ID_8995786474,0.014506542
ID_96D2FBD664,0.123733655
ID_23AA9EEA91,0.014344809
ID_B9280D808A,0.0076870625
ID_C0196D1BAC,0.5600955
ID_3B1DC5B537,0.28659725
ID_EEE16A908C,0.7118364
ID_B3B49A66E7,0.9836217
ID_E209A8E6AA,0.057541475
ID_B712C9DD81,0.09221641
ID_BE1DF79F02,0.0087299505
ID_F4B6ECCB94,0.009617868
ID_EE7A552C15,0.00983267
ID_80C01A1692,0.033848234
ID_88E1830749,0.0776596
ID_D4DA5FD550,0.067426786
ID_6CC7F799AE,0.014904398
ID_6FDFBCD6CF,0.00927571
ID_75AEE853FC,0.21968411
ID_09AAF3E7B5,0.14975597
ID_A4F452FD57,0.03240576
ID_AA1FC3C0D9,0.12454962
ID_32A7C02D45,0.5439432
ID_191EF60169,0.15677775
ID_0E8D165C3B,0.09001994
ID_9314487EEE,0.008736184
ID_365E198DD9,0.15970366
ID_EABF8FEFBC,0.0069170156
ID_231DB3DE9A,0.1121231
ID_76E43CCA6B,0.05720181
ID_13928B4E29,0.010600806
ID_14D5AB2DDA,0.013225254
ID_FB2992CCE1,0.07732931
ID_48B272D3AA,0.017330687
ID_38C65E038B,0.095335305
ID_3C322509C6,0.013853295
ID_F10262E9ED,0.3703362
ID_05D1C14D54,0.0060741715
ID_64CE17FEB2,0.34655398
ID_974FCB1AFE,0.0069568073
ID_B09F6CFA43,0.1242323
ID_EB8CC10E1E,0.1431821
ID_6EB6D4BA0C,0.019317614
ID_DCE7121B9B,0.02006108
ID_5546CCB7A1,0.073516905
ID_48DDD83A00,0.008341974
ID_CD0F3512E9,0.014533742
ID_226C6601F6,0.023475805
ID_5AD536B176,0.24004555
ID_B98A62AC0B,0.096427
ID_087809F771,0.055498797
ID_5F312AE7AA,0.5651134
ID_1985C07425,0.015742818
ID_9943A29621,0.007929796
ID_91E8C42C44,0.04543198
ID_A4C6CC0866,0.021997275
ID_59535708F5,0.014922023
ID_443744F312,0.014272235
ID_BA0A28F390,0.8668421
ID_F3FDC144EF,0.0381082
ID_62DAED282A,0.008530582
ID_1CC7DD709D,0.012150423
ID_24EF6AA6EA,0.015533747
ID_47D9D2EDE6,0.118336886
ID_BFC979BFEB,0.12824377
ID_395C8F6F43,0.004372218
ID_01A46C6E76,0.016479861
ID_D194AF5EFF,0.030861264
ID_C9DD052BB4,0.009981834
ID_F21E1E07D1,0.13138369
ID_907E6CA2B1,0.010157262
ID_941658BD8B,0.076820865
ID_2587174C9E,0.40509927
ID_167FE85E00,0.03145065
ID_741E100DD0,0.06894515
ID_18FFF9B833,0.010362852
ID_F7DBA7164B,0.08161215
ID_B3A493F2CA,0.049535885
ID_9A8AC906D7,0.30720955
ID_C7BCD36A0A,0.013251846
ID_C0815B58A0,0.020328237
ID_66B9FDE69D,0.03197998
ID_7722A92807,0.3883377
ID_F06C119427,0.007822873
ID_6AA2BAED51,0.009633524
ID_149B0A7EB3,0.008891108
ID_7663730D33,0.4341266
ID_AFD17EA674,0.47778028
ID_03BF87480D,0.1691532
ID_8932E191BD,0.007521646
ID_DD1FE361EB,0.15500708
ID_82B6F4E7BE,0.7712228
ID_015E847AF6,0.3579245
ID_55355066C0,0.017316513
ID_04C90D10E3,0.7875631
ID_0DBD165345,0.9261858
ID_2F18A54170,0.14930709
ID_DB2CF90209,0.05768361
ID_7B098B4E5E,0.0156176165
ID_1545BF943C,0.891576
ID_D0BA88B104,0.07457444
ID_D3F187D8DB,0.7612628
ID_5EF941E454,0.006180047
ID_537EBD5941,0.13957936
ID_F6B70B6BA5,0.06468827
ID_CA715D8154,0.016495207
ID_C818F71BEA,0.024249556
ID_6FC14AE10F,0.07279933
ID_845BC0B25F,0.041972432
ID_17F4D8EEC4,0.008279149
ID_E1048E993D,0.009806212
ID_36346B4D65,0.12834474
ID_62CF39575A,0.41668078
ID_DEF9F434F9,0.2840339
ID_9E4F66ABC5,0.008226792
ID_662373DE41,0.20009142
ID_09186CD066,0.99538374
ID_E355DEA981,0.07380135
ID_176C4ED554,0.020964887
ID_DCA798C5E4,0.7636419
ID_C095604A9B,0.023920018
ID_39F422FD45,0.034461986
ID_33B33CDFE8,0.016761383
ID_6B97531189,0.0565919
ID_F6AEA010EA,0.45672515
ID_5342F00491,0.23293383
ID_1C469F06F4,0.013799371
ID_0E97DF66B2,0.38880008
ID_CC06B8B586,0.0216053
ID_DFE3E2E0C0,0.055877928
ID_C34EE7980C,0.005499273
ID_6056B4261F,0.010372321
ID_BCF00AAE45,0.016069002
ID_8E415CD135,0.79002553
ID_5F44F131E5,0.03540223
ID_56CD8BA2E3,0.10709196
ID_6E0C0907AB,0.040164866
ID_C0743BACF6,0.040080123
ID_EA11B50836,0.016195172
ID_9D1C994C19,0.17046338
ID_D3BA6CAD00,0.122577354
ID_F554C56099,0.030087253
ID_87AD0872A0,0.11177128
ID_81525211FE,0.012833253
ID_926AE9D43A,0.9760243
ID_016709B22E,0.15514112
ID_FC1EDD7D27,0.08529219
ID_56756689D1,0.16667254
ID_FDB4AC5501,0.30174118
ID_2C591D9C0E,0.68289346
ID_73D573EAE0,0.02059811
ID_991FC56EBB,0.0571946
ID_40E9EB089C,0.023764852
ID_38C3F89FCC,0.008827205
ID_293B9F2DEB,0.061943892
ID_46E8F3E3F7,0.031257957
ID_36F716DD2D,0.9949412
ID_F84299B48F,0.069410115
ID_E7537463D8,0.03595557
ID_B6F7CB9223,0.018763274
ID_EF5DA40587,0.036289673
ID_784F4CB536,0.030320708
ID_BD2E4D757B,0.97044396
ID_B6F8D90CAA,0.057313614
ID_FFC0DC736B,0.62907034
ID_7BDE8DC698,0.02230085
ID_FF2D329D40,0.025288058
ID_0223FD9FCF,0.034729116
ID_DA4B010721,0.72997075
ID_75A5BF2EE0,0.055534944
ID_3356279A4C,0.747683
ID_4B6D2500B0,0.011960169
ID_EA6D2B4D8A,0.060630053
ID_1EAC39ECB7,0.052698124
ID_C6FE2BDED3,0.04520488
ID_3C015F1759,0.016170181
ID_91FAF65F50,0.22988167
ID_3D2EE387C9,0.04555266
ID_668547E218,0.34608698
ID_EDE448FDE9,0.017551342
ID_C3F068FD44,0.19535202
ID_D8EE9732CA,0.13153528
ID_770A15673E,0.009476383
ID_D14D5A102D,0.012831517
ID_D165DC9D9C,0.010567415
ID_6F9A05B97A,0.0062033352
ID_E7E5E978AC,0.10933711
ID_E2C891B82A,0.012708928
ID_DC2B642A32,0.014510287
ID_03E775DFE4,0.007208517
ID_467C59C0DD,0.10370994
ID_106AE9A19B,0.012955673
ID_5007A8D008,0.071768835
ID_C1785E036D,0.054187242
ID_3D7A5CB5BC,0.18541688
ID_A1AB34E3AE,0.005898078
ID_82F88BCED1,0.074598685
ID_AAABB5C5FA,0.13478792
ID_E67C5F3899,0.2622597
ID_8F8AA643DC,0.0069455244
ID_99E80AC2B5,0.031246254
ID_B8D19BDAB4,0.75617605
ID_AFCA78578B,0.010217586
ID_27C2015F58,0.031374045
ID_5FDBE2C18D,0.097254284
ID_BAF1E7C3CA,0.01403171
ID_222A49186B,0.015528084
ID_13089A2EC7,0.6144039
ID_D9627402FD,0.010871078
ID_4F3C193242,0.39116165
ID_2D65F30807,0.04252051
ID_E0F1D336C6,0.03235733
ID_AEA04E5743,0.36061347
ID_AF1F1540BB,0.0076212334
ID_3B76444D69,0.08740012
ID_D1DFE5BA19,0.0495785
ID_F4D9FF7F66,0.0150302695
ID_A9A4EB7B8D,0.044301365
ID_51C9CB88B2,0.69430023
ID_CB6A1A9D79,0.044692863
ID_A8EE5804E0,0.2857284
ID_3A4068AABE,0.009812155
ID_87DF99EF84,0.4749918
ID_71F0BDAAAE,0.4253276
ID_9CBE7B4070,0.7516329
ID_392FF25B70,0.18925105
ID_12699EE509,0.017604403
ID_DF29190A0D,0.21610303
ID_210C06142D,0.031502258
ID_62D400A854,0.48870426
ID_F34C2BD8B0,0.681794
ID_9BD1B974F6,0.009763588
ID_AE71CAAB5E,0.048177175
ID_6860B85955,0.4298694
ID_B856125995,0.030622128
ID_99A87DFEEE,0.0312656
ID_7CF7C0A5BA,0.01159918
ID_F27B0D0DCC,0.9095104
ID_18971D2804,0.030480055
ID_6B2811BC91,0.27578264
ID_316B84EDE6,0.062467597
ID_70BC02DA6E,0.029016875
ID_8831DE1779,0.02027744
ID_C60703174A,0.049203686
ID_725E350586,0.06522085
ID_790BDF639E,0.31473023
ID_C64050306F,0.049711443
ID_78DEA1440D,0.034299366
ID_22BF20BDAE,0.008869218
ID_B8BEE5112B,0.017103935
ID_993098415A,0.06753611
ID_CFAA1ED639,0.008444259
ID_AA3BE1BC32,0.18325655
ID_2D5A0D4509,0.08195537
ID_CC57B645FE,0.38489622
ID_F91FDE1011,0.5295166
ID_8A8EB0A72D,0.04821796
ID_283EE42D37,0.00788415
ID_348FF3EDC4,0.62312424
ID_176014A66E,0.007329713
ID_22AD4A75A9,0.010688146
ID_08D45A8008,0.004446375
ID_E1E6847897,0.0249182
ID_7C139ACF40,0.04248079
ID_7418F908BA,0.6948039
ID_09922E3F86,0.024882989
ID_8E79384176,0.05777622
ID_D66E68C874,0.10892963
ID_1A17278639,0.39165106
ID_BAA89ABC4E,0.0905782
ID_393FB9DAA5,0.013909023
ID_6B7C8269B0,0.005040037
ID_F927AB8012,0.11505875
ID_AAF4697C9C,0.005000173
ID_6E4FDE842C,0.12544678
ID_FD87CEA32A,0.013086921
ID_E40A35A49D,0.0547675
ID_8D4B3863A8,0.033916503
ID_D5228462E5,0.2278198
ID_72EC22D122,0.12371692
ID_AE4FACEF19,0.057562664
ID_5DAA422544,0.15107772
ID_8A5C84A2D4,0.05606125
ID_B055161CCA,0.008507003
ID_BEEE59B7D7,0.3760028
ID_EA37D4BED6,0.10865638
ID_A5FCCA5C17,0.06458602
ID_1A61DB95BA,0.034621336
ID_D6FCF01568,0.00812857
ID_801F85DBC6,0.09884994
ID_89C8196C0A,0.18209101
ID_ECB3C1B028,0.007979842
ID_6479CD3848,0.10637256
ID_BB6E4B5E95,0.16954328
ID_F60C17DF55,0.012355007
ID_1621F12255,0.24703272
ID_A5716BD5FA,0.05465733
ID_E67CEF03ED,0.025807284
ID_AE728B0539,0.10814492
ID_6D9C58BA2E,0.011969595
ID_88A94D7FCB,0.009178555
ID_41539F056F,0.01309348
ID_930715B1B6,0.30138898
ID_7028ECFD30,0.074496455
ID_4A13B0C242,0.008333898
ID_C0CD132706,0.19918083
ID_6FF8CF5745,0.049104914
ID_D9FA061960,0.84277064
ID_0247D4C794,0.11303648
ID_6EA315059A,0.030410824
ID_257912B624,0.010475561
ID_A794EBF7AE,0.48583287
ID_1DD8D565BC,0.0141067
ID_A0CFED343D,0.31383178
ID_C1A97C13A1,0.049058955
ID_4456AF84B1,0.09219899
ID_E2BAF495AF,0.21652113
ID_AF66107D5F,0.033083387
ID_9AD432D19B,0.013680194
ID_AC9BFD8AFF,0.020330308
ID_343FD94C77,0.09612299
ID_D1C8B3C5D3,0.09207749
ID_8F1304466E,0.07308217
ID_D8589B0754,0.008959665
ID_B40A04DA8E,0.21770883
ID_7A51D112CF,0.4836674
ID_31E7AD0512,0.027566299
ID_48B953CA94,0.012116898
ID_22A780CEA2,0.004774803
ID_56EAF0D0F8,0.017417245
ID_3DDC7FDC4F,0.37364507
ID_B3CB7E7175,0.13690023
ID_5E910B22D2,0.0355446
ID_CB9B775CB3,0.011082906
ID_62CB149954,0.01738756
ID_65FB85D137,0.14837414
ID_A458391A18,0.028742863
ID_9FD5A9B90C,0.16071574
ID_E1245860A5,0.020949988
ID_53C9926DD5,0.039889123
ID_66511B56A1,0.7423292
ID_8B9B8CCEB8,0.49398583
ID_8891D112B6,0.009782364
ID_1E9395370B,0.0133181345
ID_4E04454F92,0.886321
ID_6641C8699B,0.16583562
ID_70657EB812,0.011632807
ID_7ECE82E108,0.025768537
ID_5611175936,0.013052162
ID_2D4CD5AE86,0.06285361
ID_4E4CD7CE49,0.096373685
ID_010104C54C,0.07837016
ID_CD37AEAAFB,0.038429942
ID_A6EDB87325,0.020206384
ID_4013740705,0.68973464
ID_A36A69A78E,0.11161661
ID_BD0100C2FD,0.02834181
ID_F92FA76A39,0.014324732
ID_71D711C84D,0.10017753
ID_AFE910D7F0,0.09964465
ID_EB4CB06681,0.013854874
ID_7B3663DD7B,0.010018692
ID_C40402735B,0.008525412
ID_FC1BCDF1D7,0.008548679
ID_DCFFE7A6BF,0.00968778
ID_8A03851DF2,0.03313235
ID_EDCCB3971E,0.023378385
ID_CE8613EF08,0.043746643
ID_9B53A3FD05,0.024859564
ID_9E5AC5F76F,0.49675894
ID_BDA13635EF,0.90842605
ID_0BD2E9382D,0.80370647
ID_BBF6B74AF8,0.1790443
ID_F8A5BB2E39,0.02119535
ID_3E0E37B987,0.55215305
ID_B439778BE4,0.041555848
ID_926ABDF05E,0.014529223
ID_9FDD78E308,0.00741588
ID_B3E724AF1F,0.10412016
ID_FAA6348B58,0.011490472
ID_E135416144,0.062756166
ID_A09BDD4346,0.008718004
ID_71E5F53500,0.24503186
ID_3F84E48EED,0.017119825
ID_910B62E159,0.12116596
ID_D7DE031370,0.07747694
ID_F06B9B9166,0.12013224
ID_016508978C,0.67297447
ID_D2A2D3D6EA,0.011392058
ID_8A468046A7,0.08181591
ID_A3558AE86B,0.022389645
ID_9B95E2DD49,0.015936013
ID_7C9776FC34,0.009525719
ID_D90F14B5F2,0.012390421
ID_94AEB61F82,0.056951318
ID_901B0A9874,0.04104505
ID_0692157D64,0.49506328
ID_087A74CDDC,0.030772544
ID_D5BEB7923E,0.008314008
ID_AE0986F8B4,0.41519234
ID_FBD8DD7AEF,0.015758427
ID_5BB5EBD92A,0.09755821
ID_0B20EDEF7E,0.031545173
ID_F9FA0CC86F,0.759481
ID_13722F6C79,0.44820508
ID_924D03E7C4,0.0653131
ID_EAB48C4664,0.012286765
ID_BB63551784,0.13048086
ID_7DEF7D7236,0.054946963
ID_13D7777683,0.082194395
ID_AC6DCAECC7,0.17689744
ID_107B71773D,0.0492903
ID_10DB2DF35F,0.009597216
ID_86E81E35D7,0.96963996
ID_A31AECC11D,0.0401417
ID_9850306CBA,0.055245582
ID_573CB1F2CB,0.09085933
ID_1EA0473BA7,0.031420015
ID_1E15D99E97,0.018106122
ID_E56320D701,0.1025101
ID_4136D951DC,0.007908002
ID_018F65DE25,0.0046684444
ID_A9A3E9AF95,0.008358561
ID_4E6821D8FE,0.0163388
ID_523464AF11,0.14374791
ID_8BFF12E64B,0.0476006
ID_19155D8351,0.12199357
ID_C56A895BC8,0.010496194
ID_BB6C058F70,0.025748337
ID_371248D615,0.013135671
ID_2861C3400C,0.086890705
ID_5F48053FB7,0.023758642
ID_1587591A5A,0.07617874
ID_38C9D1A732,0.022535712
ID_9D16896BBE,0.016729834
ID_9136C49AAA,0.43966863
ID_FA4EEF2C79,0.0066798767
ID_7243D0717A,0.017557217
ID_94D187A95D,0.21542849
ID_38E037A063,0.017816486
ID_9FC40B66CB,0.0095102275
ID_78E6DBA4C3,0.052524693
ID_A46BDEFD1D,0.032721024
ID_8AEB4DD311,0.32644957
ID_0F4AF6CA81,0.052458163
ID_D8C139344F,0.008208557
ID_9495D66141,0.04908471
ID_307A07B5BD,0.13629057
ID_D92D997A66,0.17079394
ID_11D2A0FEF0,0.03473175
ID_B5B4ACB7D7,0.16189003
ID_41A56E7383,0.05171046
ID_9F2C17B47F,0.026148666
ID_8EF2A6CB13,0.02300335
ID_B591F718BE,0.053496268
ID_181B8A865F,0.050705545
ID_660C5AF0CE,0.16346873
ID_4EA1275E35,0.038501546
ID_91848774D8,0.010213576
ID_6AF1EEA1C9,0.10604228
ID_0EA038F766,0.040907405
ID_E180C9311B,0.019827984
ID_E32AC219AF,0.4881898
ID_B43E6476F4,0.5641295
ID_F0AB3CBE51,0.035916958
ID_7CDBCEB831,0.0377753
ID_6596C59179,0.03160239
ID_1ED2722DA8,0.007206911
ID_384A9D0D6E,0.14609088
ID_9A530318F7,0.04748502
ID_F073300DB2,0.008101469
ID_A6846BB9B6,0.018155638
ID_C699F1D454,0.218048
ID_057854FF33,0.017950824
ID_3285F432C8,0.01785535
ID_C83B8370D2,0.11473008
ID_57BE03E447,0.495152
ID_7B5481C37B,0.27083912
ID_280ED77D5C,0.065753035
ID_B66304CF3F,0.5251648
ID_F37B68AA19,0.25996742
ID_483709C561,0.1898922
ID_540C69E987,0.112171814
ID_FF02253D2A,0.109359756
ID_17163EF9D9,0.07626914
ID_FEAAEE663A,0.28118387
ID_2EB8E24959,0.019175027
ID_B5BD82A17C,0.2453586
ID_D3E8716FFD,0.019225894
ID_EEAF880320,0.15008117
ID_249ABBFD35,0.0134441415
ID_7F75877F01,0.04257497
ID_334EB80E25,0.33557492
ID_B01F394D30,0.63316643
ID_0CF78FBBEA,0.31097424
ID_5E8A0CC524,0.0066747153
ID_C6AEB4E5A3,0.026569642
ID_FC7B30ECC8,0.23619829
ID_6335855505,0.17147632
ID_28DF4A67F7,0.04092862
ID_7ECFD32E84,0.33933207
ID_3646954793,0.032885075
ID_AC90A046D5,0.008552486
ID_3A1DF3CFBC,0.0078684185
ID_122B960931,0.08623287
ID_9A26FFA0E3,0.007949254
ID_68C0C393C0,0.19368756
ID_70DEB8DFDD,0.43788052
ID_0A8EAE06C0,0.026481843
ID_B835010050,0.006485811
ID_069FB48BC4,0.012116829
ID_F61282AF96,0.060121026
ID_1AB542D928,0.16419125
ID_030965927E,0.35053465
ID_20A7051D6D,0.03051806
ID_F842CDED98,0.60078686
ID_8AE672B53C,0.3846649
ID_E42B07B460,0.04298384
ID_CEF249F4C6,0.009513228
ID_88BC756082,0.01538501
ID_4AFEF8CA8D,0.00570923
ID_65D90B9105,0.015081312
ID_135AD603CF,0.04605939
ID_377117593E,0.009083579
ID_157A467F2C,0.028242106
ID_6590754CA4,0.02420137
ID_50EFBA030F,0.5965173
ID_E9F5121325,0.5946393
ID_EA7346A742,0.052831512
ID_B55826AC4F,0.10178902
ID_BC081889E7,0.0608688
ID_97A29C1D39,0.26561671
ID_EA810750B7,0.88744444
ID_698468F4F9,0.009985136
ID_7A3BFFF0A1,0.162592
ID_242253EB17,0.014964535
ID_5C533B1DA1,0.22215182
ID_741D471682,0.31014326
ID_2EAF54E977,0.006012409
ID_C8FAE5BB1D,0.086955585
ID_2C82B1CE28,0.74327064
ID_6911CE5EBD,0.047296718
ID_083DABB1F3,0.023117973
ID_3D448DAD4E,0.030457344
ID_7F098BF652,0.009053336
ID_3DF0204CDF,0.01093448
ID_C3BD8DC90F,0.009694419
ID_4E09E4F761,0.022151006
ID_B7879FC4A5,0.25886518
ID_331267FAB6,0.046753686
ID_2111892878,0.77841496
ID_A287A93CEB,0.5335419
ID_4D1145C236,0.029048475
ID_486760373E,0.38382807
ID_47ABE52AEB,0.033687983
ID_3D0CDE0393,0.024448028
ID_E6C83B9A61,0.029529922
ID_8DFCFADF60,0.34666032
ID_FF8432FFDE,0.006558885
ID_6B4B980D52,0.007176281
ID_0C54A3A4FA,0.40966302
ID_F749295D5C,0.024300182
ID_8D57BE298D,0.9256811
ID_BEFB7801E0,0.12942298
ID_03D01D76DB,0.7160781
ID_8FFA48B3E1,0.9351986
ID_B57A8F6F9D,0.05973558
ID_17D6B7BAAB,0.112686895
ID_FBB63442D6,0.027532198
ID_D8FF8E2375,0.008289649
ID_705A8E0019,0.018362846
ID_ECF496CA13,0.017446965
ID_B3CF2CEAE2,0.045170054
ID_1B0BC87EF7,0.10276137
ID_A7012273EF,0.042983815
ID_FB731FFED8,0.023884535
ID_D3F3A5E035,0.031388786
ID_CAB326F6DE,0.9004822
ID_9D634A59EE,0.12711264
ID_69FAAB509A,0.0071322247
ID_D6B6AAF070,0.010546639
ID_064B4A13D0,0.00653484
ID_FC6126D8E4,0.5117574
ID_F7169480E1,0.2700382
ID_5D63BA6CA0,0.03070849
ID_BD359F7FC3,0.0074226754
ID_DE49F1AC32,0.006471661
ID_AA5C91B7DC,0.0057843276
ID_0A8EAE57B6,0.039457984
ID_EFE8A214FB,0.05115859
ID_E40ED9695C,0.09025345
ID_66A2EEFA22,0.99458975
ID_7F34E89F32,0.017067803
ID_14BA53BC8E,0.8627073
ID_6F223BE9E0,0.98063505
ID_CBD0996A40,0.10860347
ID_911452D5FE,0.12099028
ID_43376DC64B,0.036540996
ID_11582FD439,0.09443358
ID_2919684D39,0.009990851
ID_E1A8ADE733,0.47635722
ID_C8CE09B771,0.026070444
ID_55123C98F8,0.19051024
ID_544D930105,0.011076949
ID_0572351C96,0.015920553
ID_4BFCD59A65,0.030760573
ID_A72FC97332,0.041915774
ID_EC641DFBF5,0.051885303
ID_33803B2B76,0.045994874
ID_0AA59DAF7F,0.0072063617
ID_3F1FF10C90,0.008684033
ID_AA9054FD9F,0.032962333
ID_5F5A67FAB0,0.010297507
ID_37A4177311,0.30213228
ID_8CA201F2A3,0.12394669
ID_E73876ACAC,0.008095552
ID_840E4B2BC1,0.18171754
ID_DFEC10A68D,0.010617662
ID_966C2CEE96,0.05394944
ID_5E8BE87C21,0.47280195
ID_8454A65BDB,0.13443343
ID_F479EBD626,0.30486435
ID_C3A9B9EC76,0.052963305
ID_7CD4CB5C46,0.012609474
ID_ABAB81405E,0.010195426
ID_1234298A94,0.51855206
ID_6BC94F527F,0.018667985
ID_FD4148C41F,0.108258724
ID_798FAD52CC,0.025069837
ID_FA50B04A1E,0.462357
ID_83D40EAF12,0.01040774
ID_F8F5A0F60A,0.008360725
ID_FFC7DF234F,0.5370435
ID_8AA4B5A159,0.017304838
ID_B2E4CFFA80,0.02296926
ID_1CABA01C02,0.08004783
ID_E259130197,0.051247466
ID_2AD04F42EF,0.11842471
ID_FD27C82934,0.060852982
ID_944C361582,0.84281415
ID_57FF0BC022,0.118560426
ID_558570DC95,0.012547356
ID_AEF018ED10,0.020455608
ID_77C97B9BD8,0.0884696
ID_967A516A6E,0.0058837887
ID_8C97D39015,0.023997195
ID_51A64226F8,0.12036598
ID_04326B7833,0.013250032
ID_6E0649C196,0.11090377
ID_90DE3D2A86,0.040025465
ID_5E8395D739,0.043838758
ID_8A983D3A71,0.6595419
ID_B1FC6BB09E,0.03181621
ID_C8DC0AD4C0,0.17021157
ID_89861D0D17,0.7662402
ID_07899E7EF1,0.019376
ID_612DDF608F,0.024769513
ID_8F59B38CF3,0.08427927
ID_83CFB5DAED,0.06583708
ID_428457C606,0.012301955
ID_C2735E033A,0.0057478505
ID_251BD4902C,0.0060008694
ID_09C95077A0,0.048257247
ID_62ECFDD4F6,0.13437796
ID_AD2E86B08B,0.053167086
ID_6C4456AAE9,0.10152367
ID_1110EE3D2D,0.038533896
ID_970E10CB69,0.9311811
ID_9B00454E25,0.012274844
ID_36325A15F8,0.34581673
ID_2494B7DAE3,0.014195541
ID_873107DABB,0.008886777
ID_E20D1DD76B,0.049872674
ID_F8E31889E3,0.43455768
ID_2AF707CB2D,0.01873543
ID_8D16F64C07,0.38625464
ID_8C7245C670,0.29816556
ID_2F90F9EA81,0.0068338467
ID_E6C15ABBEE,0.05133483
ID_2F7E442B88,0.034655545
ID_4F7180695D,0.061880425
ID_34E4897CDE,0.06667378
ID_7AA78A6887,0.015767168
ID_39BB119420,0.012896424
ID_CCF99C7AED,0.8437437
ID_BE2873662F,0.15397102
ID_D03DCCF838,0.022883587
ID_0981BCEC09,0.009356306
ID_78BD9CBAC1,0.016970575
ID_DB2A3FC584,0.014385161
ID_D03271519D,0.057529937
ID_941C1889B3,0.046436343
ID_69EC480D90,0.10819614
ID_248F98BB02,0.45235565
ID_183B10AB17,0.6474416
ID_3612FE823C,0.76772094
ID_123DE96FAB,0.050253864
ID_27B57D05D3,0.012657716
ID_3D29C52380,0.29206705
ID_FBFB77BD39,0.014603304
ID_2B0C3AD304,0.04235682
ID_9A5C07BD4C,0.0757674
ID_EC65710C3F,0.13630618
ID_47FD66EBBE,0.021913936
ID_D8CCBF5536,0.011772324
ID_0CC47E4CA5,0.6868362
ID_BE59A68A0D,0.08131855
ID_DD680B8435,0.27530026
ID_5D570CED6A,0.36321205
ID_89463C64DB,0.033448547
ID_3325570CD6,0.011165609
ID_98359FEA55,0.015389674
ID_8C63B5A70D,0.031745553
ID_05FB2EEBA5,0.15858218
ID_D0A59AD359,0.17347337
ID_85CC86EF53,0.009646438
ID_488ECA442F,0.033742048
ID_0E865CEB43,0.8549427
ID_A5CA2B64C2,0.68770814
ID_6194F1B2F2,0.03974548
ID_35067D1922,0.2560068
ID_4EF16D532E,0.015330922
ID_C3F110788E,0.055246294
ID_4586BE3D23,0.0129312575
ID_597F7F4010,0.5707445
ID_30E27F5C93,0.017904676
ID_12FE743DE1,0.04162128
ID_D77C489293,0.078160234
ID_85D1876DE2,0.86472106
ID_89A9CF5952,0.34147412
ID_7B9E4749A8,0.07853395
ID_4580CF978F,0.3433556
ID_C117F9429D,0.013687168
ID_194F20E2DE,0.050444517
ID_F0042F4897,0.06378642
ID_F73279789A,0.094336435
ID_E2A1D388F6,0.04709443
ID_1CCAE00DED,0.16987504
ID_2E6F4DB1BD,0.008692299
ID_613EC98210,0.020434508
ID_AC4665FDA0,0.8168841
ID_ABB3297AF6,0.007841696
ID_CD89C2D199,0.00909938
ID_EA4EC5DD8A,0.032238293
ID_7E943358C3,0.013923898
ID_13DB7A62DF,0.59116143
ID_4AF66855C4,0.006146947
ID_B441ACFCAF,0.052209277
ID_64A3EE9BE7,0.029831568
ID_48CC310CB2,0.062070496
ID_C70B2DFD2E,0.07802647
ID_76737B728B,0.019953916
ID_4538EBE37B,0.16966234
ID_498702FB2A,0.43603346
ID_3E2E484831,0.08544482
ID_B5FA620097,0.038987823
ID_E765ECD5C8,0.063076116
ID_2FFDC5322B,0.057661824
ID_5C3483B5E8,0.007416967
ID_82F9F677D6,0.47219095
ID_A1C79801C5,0.03564897
ID_451A5A9D47,0.37650642
ID_C58FA69B51,0.029314315
ID_31A49FEB26,0.047863886
ID_521E74F92F,0.017208666
ID_DAF13DDED5,0.033528604
ID_07F2EE9B31,0.093484
ID_B1CD6F349A,0.093873635
ID_22B4FA6370,0.006404147
ID_F6D28EEA3A,0.023791814
ID_A0A5D48922,0.04174794
ID_D28DE96832,0.38837162
ID_DAFE4E7B2A,0.032198474
ID_71A449E880,0.84676313
ID_61DA3866EE,0.035826135
ID_FA812C2328,0.0052998234
ID_0D21CBFBB0,0.20267475
ID_3213B6DAA3,0.9855061
ID_6B0C479C38,0.008290873
ID_BAD7D2AD47,0.24735698
ID_E2E05A0C7F,0.014451528
ID_DC72429428,0.23959889
ID_DDA3E7B7F5,0.5806162
ID_6E1C7BF83A,0.2139509
ID_81798487DD,0.04449428
ID_05BD9C79A8,0.18684919
ID_D24596AEAF,0.2729444
ID_DEF4B1208E,0.13252926
ID_2C1BFEFCF4,0.014981863
ID_F2302DF84E,0.17353423
ID_3EA3437ADD,0.046467572
ID_2F3552F042,0.08713168
ID_435B4285D2,0.046601355
ID_35F2CC3DE9,0.47452986
ID_40CA7C4FA5,0.022821644
ID_81C42A3606,0.02194055
ID_A5E4C085C5,0.29803282
ID_7D1FF33F71,0.011050561
ID_59F440185F,0.3484154
ID_85BB1D49D3,0.010768668
ID_DB29103808,0.28322482
ID_B8A77D585B,0.0086849155
ID_2C495DFA4D,0.0102647785
ID_B7422D5C8A,0.18759872
ID_EF74EB6912,0.47984266
ID_B9F207FDD9,0.04672855
ID_533C367AE2,0.011518065
ID_F28816EFFF,0.48345926
ID_EFD472A6CC,0.0916023
ID_52A45D8C2C,0.22905037
ID_6324CFED6D,0.96126455
ID_079369155C,0.01034596
ID_98422D2C38,0.46576914
ID_2577CC96FC,0.034200672
ID_182BBAE6D6,0.018693853
ID_129842F8ED,0.19107834
ID_5511FB3865,0.029376842
ID_0EE7D48982,0.04695863
ID_A0959354F6,0.015385344
ID_F7E5AD97B2,0.09168408
ID_43CF34E6D2,0.8359809
ID_FC0FE7BF6F,0.01295678
ID_527D20E3EE,0.2978553
ID_504C63AE04,0.029104462
ID_7F41FCBA76,0.20585686
ID_E7A21CD65E,0.2108285
ID_AC804E1261,0.467385
ID_14A0955505,0.057032794
ID_6263624BA2,0.019442238
ID_50E4A2C591,0.049792614
ID_1295DD4D73,0.02978482
ID_E22A0F10E8,0.02615219
ID_844F7F9DE7,0.037796903
ID_B35FF9C7DE,0.016055645
ID_83080BB568,0.16812694
ID_59A92BFA9E,0.6216457
ID_F83112A9A7,0.093443386
ID_FD6B32920A,0.02164087
ID_F2F0A0B370,0.15161547
ID_037818276F,0.0055683595
ID_11B000B9C1,0.03931261
ID_5ED41EB5D5,0.04219025
ID_6267DBA4EA,0.20706
ID_CD8A852AA3,0.10863958
ID_7F8C217334,0.016244018
ID_5C13B09C43,0.92804563
ID_3CFC3E32A4,0.9438893
ID_CFC6182E2D,0.3871207
ID_0494D63CBC,0.048479535
ID_FAD3F32692,0.03075743
ID_02FF621D16,0.009144511
ID_C77E8C7B23,0.09965132
ID_DA7D0A5532,0.51167905
ID_C48D2632CF,0.017597163
ID_4DFE572E6F,0.008839704
ID_3AB76379D6,0.07759742
ID_BEB205F35D,0.013015314
ID_6DDDAB7E42,0.011304814
ID_931E1A0D39,0.04781063
ID_373808060F,0.013570225
ID_A84FF1CEF4,0.009044816
ID_DC6B7152D8,0.01966159
ID_5BC15A1A63,0.022055784
ID_FE32635629,0.013557192
ID_DF4DB5704B,0.007024189
ID_5A105CE08A,0.1137658
ID_73A05357D9,0.14624037
ID_0255C9F8A8,0.13568588
ID_AEF714A31D,0.25999188
ID_F45ACBC72C,0.016231569
ID_4925F242AA,0.011075315
ID_31F774A0D6,0.04469629
ID_71B0B10D4C,0.42820638
ID_1EEA3FC177,0.34259704
ID_0F53754324,0.0122863725
ID_E4B3D6B009,0.10047111
ID_757348971E,0.09022386
ID_2CA3266476,0.026692234
ID_E7F9E76A69,0.31923434
ID_1C67489BA5,0.01639533
ID_B044851DC7,0.31947577
ID_E6D483C732,0.30173075
ID_0AE784F3A0,0.0646617
ID_6900DC495F,0.15959063
ID_DB030F107B,0.013218311
ID_AB3A3E35A3,0.017021803
ID_6EBE37A319,0.25403726
ID_C249AFA8BC,0.5136128
ID_A8EF033451,0.007028876
ID_7DBE8CCCD5,0.08561051
ID_801BE65D5D,0.023129042
ID_4ACF62117F,0.047132865
ID_2E0BA4F139,0.015022268
ID_AEA34D0BDB,0.038384847
ID_F64CF1696F,0.121329635
ID_32D85DFF96,0.01205707
ID_3501AE4633,0.021952868
ID_2E15A08C7D,0.062505454
ID_FC576E4979,0.01180232
ID_CB2FC9D93A,0.101462
ID_342FAA14D9,0.034633163
ID_E14C398761,0.06953316
ID_219DBB5D80,0.07344867
ID_91EB990E02,0.0070914184
ID_D6E49266EA,0.1641908
ID_E311885CB5,0.00881428
ID_A39D2ED016,0.19308554
ID_EFC986559C,0.07477755
ID_C601914C21,0.017984562
ID_1C4882CBAB,0.089506306
ID_B2D6C8FCBE,0.21785526
ID_349387A037,0.5874344
ID_BCBB99FB22,0.3338486
ID_C1BE07DAF8,0.020538611
ID_8A21F0F36F,0.07488027
ID_59986069A8,0.03213269
ID_A685A2D651,0.0923143
ID_F1D2669714,0.59246624
ID_2F14D7BD4C,0.37643582
ID_0FB13528C6,0.012217786
ID_0A21336BF6,0.1314514
ID_9ECBCB38EF,0.29031137
ID_1AD1848611,0.035866518
ID_EB4449DC27,0.026780728
ID_9BF53DF27A,0.030151494
ID_CFC52D7F5C,0.007664082
ID_9AE29C1494,0.010159532
ID_2D6F4D6A30,0.060546916
ID_2C014EDC52,0.16167296
ID_71F1F4500F,0.05142607
ID_5E0DC46A15,0.020829046
ID_B5E1E20343,0.052836787
ID_2E9947382F,0.03171835
ID_BB0AD0B5B7,0.02252401
ID_A762BE3F0B,0.56693023
ID_E4982680D5,0.07568442
ID_DB664A9EEA,0.09693384
ID_A3EEBD2F04,0.21255867
ID_2F7E676B50,0.0805197
ID_AE2E8D09FF,0.032440323
ID_FECBBD56B0,0.013228942
ID_AF3F7AC71F,0.6995099
ID_33A60EC959,0.02856413
ID_6FAF5625BE,0.024299424
ID_E0ED58E869,0.4407326
ID_B041B33F72,0.648164
ID_1255AE424A,0.021252755
ID_A6643F68AA,0.03770925
ID_D53C433E48,0.07410606
ID_B8003CCE71,0.012484187
ID_B124B24CF1,0.029743176
ID_CE22B99640,0.0379817
ID_2002864798,0.09320929
ID_833C6AA644,0.9595765
ID_BFAF30823A,0.047387496
ID_511CEA4957,0.010786695
ID_CC25674F37,0.39550242
ID_80E0B6350B,0.061322756
ID_ABF3B7B75F,0.019850364
ID_EB345F140F,0.20725425
ID_9B6CC9BB64,0.48589832
ID_3B9E9D3F61,0.06271549
ID_5209155091,0.034081813
ID_CBC54D1256,0.11825007
ID_7204E5331E,0.018247928
ID_BA2A997E9E,0.35097688
ID_1846B93DE2,0.012421193
ID_59B75FEC94,0.22233675
ID_DB0D0D1957,0.21829748
ID_55E823469E,0.29741278
ID_6D13E026B8,0.1823817
ID_C157512177,0.016859489
ID_D571B86F01,0.024249777
ID_BA55704DB5,0.77690697
ID_85FCC2435F,0.0062294905
ID_D934E436B9,0.033635266
ID_BFE612AD76,0.009367914
ID_926C5C4373,0.07616929
ID_1D1A4329C5,0.07446714
ID_06CD908A31,0.61618966
ID_48FAFFADDF,0.017667793
ID_0D7782B0AF,0.040570453
ID_3213700826,0.9439801
ID_65E8002611,0.1782891
ID_BAC43F6119,0.28391707
ID_D26BE7AC89,0.07099332
ID_59C7C00C06,0.008720951
ID_32EE4D58F6,0.014414583
ID_192DCFC72A,0.10235503
ID_0983F1B487,0.047417056
ID_146AD67CFC,0.011774582
ID_7560EA1AE0,0.075774066
ID_BADDB546CE,0.028950978
ID_DC430215F7,0.032172147
ID_9A8FE268AE,0.0055870195
ID_246C10BFD2,0.044420533
ID_0D9D15000F,0.10557447
ID_33A20FCFBE,0.010969044
ID_04E0070FC6,0.18324593
ID_0D7B454F9F,0.024489984
ID_F1D7A86D08,0.03041317
ID_3D6FD11DF5,0.023501517
ID_F9ABC10DFF,0.56116146
ID_3238669517,0.74734
ID_DFDDF2C8A5,0.0048192907
ID_2C1AE290A2,0.05588098
ID_56D651CBE1,0.011699697
ID_45F38E55CE,0.030567534
ID_2BF09D6A56,0.30271918
ID_AD5404B4BC,0.0065867286
ID_8295C036E9,0.007594745
ID_29C68B7EAC,0.25703037
ID_C748733D70,0.8574697
ID_3726D5A90D,0.71742207
ID_C64C7F4BD7,0.048241947
ID_73D1940D16,0.46590677
ID_66EFA31DEB,0.8390495
ID_8A62051F13,0.16657586
ID_969405EDAD,0.04241806
ID_0F5650A257,0.055199556
ID_A7DE5D1993,0.07518772
ID_22CAE35050,0.008248323
ID_94C58973A8,0.1975545
ID_CD689C8B86,0.012485583
ID_9895B31924,0.05183645
ID_CC5587D193,0.8937872
ID_DD71D5B9C7,0.16676699
ID_4874E9EE11,0.03236184
ID_A3D7EBD787,0.16877612
ID_51C64C977B,0.9227649
ID_F52203063F,0.2470013
ID_F9A7C58FB9,0.0071031307
ID_2B6325386E,0.72665465
ID_0DB910B89C,0.031108975
ID_05E3250876,0.026305038
ID_1A03821908,0.0063277907
ID_D4ADF79F6F,0.008728582
ID_4E5D0293D6,0.0047210087
ID_7C3A92C80C,0.023342479
ID_FA1645D48B,0.6474077
ID_DFBD655EB8,0.0068718526
ID_DF56D4708D,0.12212826
ID_9D380D32AD,0.011012338
ID_E002BCDA75,0.42343128
ID_AA3AA2E851,0.03411492
ID_0E53F2E2E0,0.024247296
ID_E307AAE371,0.010522515
ID_8210561AE9,0.012665776
ID_10A5A4741B,0.11908235
ID_1B3321E1C1,0.08802696
ID_C6A3C0E50A,0.017871078
ID_9FA985DE44,0.009999213
ID_55DC70CCF0,0.027917704
ID_B99C287BFC,0.0068482687
ID_39520D11DC,0.015208689
ID_7AAE0B35CE,0.41141343
ID_40A6C3DA06,0.1657511
ID_81AECF5FA9,0.9625124
ID_509DEA3019,0.0060581807
ID_D589FACA3C,0.015862415
ID_5668B75047,0.017887719
ID_9028FA12F5,0.0070554097
ID_04A6C26823,0.05048477
ID_D9D47C6A5C,0.07312581
ID_85A3C3A986,0.5079536
ID_EFAA34C882,0.013664998
ID_A68D023904,0.006537365
ID_63FDBBCF41,0.00483501
ID_AB3AD8EF9E,0.012221977
ID_DA29FD9349,0.007463209
ID_295257B748,0.009632866
ID_36C87ED2B1,0.2864108
ID_D3A66EC4FE,0.016124489
ID_D95F6C4043,0.071785495
ID_1801D0399A,0.03497285
ID_609278B40E,0.18946245
ID_EF2003C234,0.52283674
ID_07DC955A4B,0.07435455
ID_91D5BEF1AE,0.100979105
ID_DA452F0423,0.0045229364
ID_BC5ADC0A37,0.06252815
ID_E5A8F614C6,0.30954215
ID_6FBC2987C9,0.16696712
ID_396C12A48E,0.28716072
ID_C8A38FDFEF,0.27564996
ID_DFE995D2C1,0.5568342
ID_1252840ED3,0.057869144
ID_1621FF86E7,0.009747962
ID_E7531041EF,0.08085465
ID_8D86683C4F,0.013842435
ID_E727C0E564,0.023070171
ID_B6F622B3AF,0.007913795
ID_EC3A03E74E,0.10519942
ID_92D1367AB6,0.54025596
ID_E8C4AFC960,0.2881638
ID_2D3B0C66EA,0.02094736
ID_A4F6222DD6,0.20732398
ID_7BE1556444,0.02735239
ID_9BECF441E0,0.02389744
ID_F91D783700,0.007541995
ID_712593B307,0.035893917
ID_82CD0FF5B1,0.013750032
ID_63A273CD9F,0.042463377
ID_38062B2332,0.19591202
ID_9C371C8A62,0.35261297
ID_56086C909A,0.024304535
ID_947DAA753B,0.011476677
ID_CCAF663616,0.010022605
ID_FF73A3FA04,0.33494002
ID_224F729BEC,0.2838721
ID_FD6FE7086F,0.01626449
ID_11C8D35E4F,0.16965272
ID_B40FCD896B,0.42986086
ID_B02792F954,0.21567802
ID_B6308DDCD4,0.22256094
ID_FAE67CE224,0.028781584
ID_41FDD5E760,0.017452743
ID_17CEFF07C0,0.004885984
ID_C170C00C0D,0.037138265
ID_A3EBA43649,0.06141616
ID_6CE8319E6C,0.0068539036
ID_46C4DD42C5,0.01459616
ID_6BA27051D5,0.0063510966
ID_D2FF620565,0.6147343
ID_A1285038B3,0.019796923
ID_B2524C0A97,0.08528937
ID_7CECD05043,0.16076076
ID_30F30EF7B1,0.012075272
ID_77928FC4E7,0.09205033
ID_6F2CEDEB3C,0.21193214
ID_E6D76B1E24,0.99459124
ID_12DFDABCF7,0.014798686
ID_FDB1DC76FE,0.35067445
ID_0466C490BE,0.040113643
ID_08F5F84D72,0.48415822
ID_A8119913D1,0.10415184
ID_17332E69FE,0.57968843
ID_41F1418E7C,0.13662755
ID_EB20C44C30,0.013363426
ID_38EB8C8BBB,0.019387705
ID_2EFF14D04A,0.08978935
ID_5EBA59A95E,0.016587928
ID_201D140EDB,0.03209864
ID_B928A716CF,0.27654302
ID_4759132FCF,0.030816492
ID_80869649A3,0.13757826
ID_283B0283D0,0.077216394
ID_74C7F2C0A6,0.0147733735
ID_F658141048,0.01409359
ID_779279255F,0.011460594
ID_DA2B05BCAC,0.31094295
ID_38FE1CE23A,0.38850757
ID_3364DF0566,0.10249822
ID_73F23342DF,0.03058175
ID_8619D21306,0.01792495
ID_A1E6076807,0.015657585
ID_4EBA2D08D5,0.7279735
ID_E0990E836A,0.015116457
ID_BD638B149A,0.025397874
ID_CB88464734,0.11471532
ID_0C4C660909,0.03252457
ID_DB4A785E11,0.013179132
ID_9E4E57B221,0.10732109
ID_822EC3EEE9,0.0506936
ID_4448A16746,0.020903073
ID_D277D46759,0.048069395
ID_E292F07200,0.1464037
ID_00B98745BE,0.11290408
ID_F2C7457DC1,0.007069094
ID_62E8B0605D,0.04085071
ID_9FE2C406D1,0.008261207
ID_4CAC353088,0.06989354
ID_AFFEF4E65F,0.3815281
ID_9F6CEFE158,0.10299193
ID_5A29A955B4,0.18051372
ID_3BBFC7BF2A,0.019563051
ID_DAAAF3B9C8,0.843188
ID_6FD9C71B3C,0.59522957
ID_7B9311EDDA,0.08070899
ID_19FCFC3473,0.13318071
ID_25B3E3A052,0.043334838
ID_9780687305,0.054090984
ID_EA339AB18C,0.58411413
ID_0C2C24499D,0.0056089708
ID_97BBBD206E,0.22521679
ID_C6AB4FF410,0.009804967
ID_14203351C4,0.008112539
ID_557FF301F9,0.009638695
ID_BF24D24ACD,0.06018319
ID_2F3C9FCE50,0.29420412
ID_674A9533C8,0.14403665
ID_2C9B092A10,0.039737847
ID_AAD5538623,0.08871848
ID_AAF71FA0E3,0.21622504
ID_6FC5F02D28,0.08055148
ID_284C157AB3,0.050352387
ID_1C82502EF7,0.03124109
ID_D09C5F8100,0.043523595
ID_6DE32419B8,0.023866693
ID_E7121EB5C5,0.04852268
ID_4E69053450,0.09050703
ID_B0EF54EA77,0.15813282
ID_F86D3F96BF,0.32757756
ID_FAA2A2F754,0.010524919
ID_0B079EFCF7,0.101087816
ID_A07B28B240,0.01925214
ID_A30FB87F93,0.005120113
ID_A59D1561C2,0.16480538
ID_B942A0E2DE,0.0071066497
ID_831B8F54DF,0.25880417
ID_F2E05192D9,0.53009087
ID_0398019F63,0.058606405
ID_44977015BD,0.018186811
ID_6F4A6DCD91,0.013163752
ID_EFF0E08EED,0.07806266
ID_C23FA15B36,0.009729789
ID_970F276F3E,0.12356618
ID_6D69BF9497,0.1054417
ID_2AF6D64104,0.015922254
ID_01710E8DFF,0.055708844
ID_F7B153FF1B,0.005326612
ID_108AAB6890,0.03772338
ID_8415FF3B08,0.78897
ID_FC4C74D689,0.33428428
ID_F2FABF6C2A,0.06578726
ID_7FFCF1762A,0.35755253
ID_456848FFD2,0.010884273
ID_24A8E6D652,0.983394
ID_27C1C9EC0C,0.12142779
ID_3F9A5DE16B,0.014459003
ID_BE0571A001,0.006710561
ID_5D4B0D4871,0.04049517
ID_923FEB0B1E,0.0035467455
ID_4A311B00AB,0.017013706
ID_7303BF3B72,0.021145195
ID_B9B1FB4E9B,0.007018481
ID_BAB11E7759,0.1483095
ID_9114F209D1,0.06738251
ID_E1C18BB55A,0.0064876224
ID_A7A6F45135,0.23528953
ID_D2BF396801,0.03736355
ID_CB688FF6C5,0.05591156
ID_2C1400D879,0.3999718
ID_9B87560B73,0.015030962
ID_EC764B82FD,0.0232643
ID_41DD97D70F,0.7209396
ID_EF6F267B8C,0.025455527
ID_2F1E9CF1FF,0.02130878
ID_4338F36C94,0.099316
ID_30278B7850,0.3019378
ID_2EB2AEB389,0.023556395
ID_8E85EF41B1,0.03704259
ID_64C52F53AA,0.45400512
ID_0BD150AB2F,0.015718723
ID_99989D108F,0.08801062
ID_210DB50ED2,0.8011541
ID_B75D573AEA,0.03636348
ID_C12EB8B272,0.08828379
ID_D3E4B03C68,0.23401578
ID_83453F35BE,0.047991022
ID_0FD918D6A9,0.1314771
ID_66A10C9234,0.2659133
ID_B16F7C22B8,0.044940513
ID_6F01456692,0.013188045
ID_9B0C8E562E,0.013987275
ID_0165779187,0.28564218
ID_2E38CF1B10,0.013235496
ID_CDBF83578E,0.83511335
ID_0379970339,0.1982789
ID_3175E180F9,0.22228606
ID_D4E2427F1B,0.17788921
ID_D060747D4C,0.021086456
ID_E0934B686E,0.006014881
ID_FFC00DB990,0.02323929
ID_D9A0F747C6,0.020102937
ID_A538C83954,0.2682726
ID_CDCDA54CC4,0.012418721
ID_93E1CFA5FD,0.036810655
ID_269F0FC650,0.34608594
ID_D70841A03E,0.066939585
ID_DD4F93FE46,0.00920499
ID_B11EB36C78,0.08804299
ID_DE7253E8A6,0.023527121
ID_050AA3C1BB,0.81045175
ID_5E79E0BD58,0.18104163
ID_E6735A8240,0.38812688
ID_5A233ABEA1,0.11551795
ID_32E5EDDAFB,0.06406693
ID_581E2C06E7,0.74256885
ID_0731903F8F,0.09036715
ID_B7A3CF192C,0.027988438
ID_3F80FF57E3,0.046761207
ID_52407DB937,0.0070233606
ID_B332AC2F1D,0.39420864
ID_D39D7CCAAD,0.3405184
ID_D9BA8F4757,0.18672392
ID_7704644311,0.35926548
ID_8FE5FC1A2A,0.2667928
ID_716F318E1F,0.66014713
ID_42B99943BC,0.045149542
ID_C5D987DF8F,0.074443996
ID_F9CF107493,0.89535934
ID_1A57820078,0.07191386
ID_9BD0EEE11A,0.00809928
ID_49320847E8,0.04744451
ID_575EFA8586,0.013146352
ID_ED4E2ECFA3,0.048800882
ID_EE60FD9EA0,0.8428365
ID_D990DFAEFD,0.008747239
ID_BDBA81FB4F,0.47863793
ID_F97223D247,0.0187578
ID_7BCE51804C,0.8786685
ID_DF59ACA7B1,0.011713692
ID_415F3CDA24,0.08815601
ID_053B05E2D7,0.04845408
ID_7AB7877505,0.006935494
ID_AF47991950,0.384358
ID_B9EF278617,0.031799477
ID_36764941D8,0.0259755
ID_4519368C0B,0.025383856
ID_2C22E27FF6,0.076524936
ID_9A251F5DFE,0.011184901
ID_DC019B8C3D,0.02240322
ID_1E970B09E0,0.14687414
ID_3BF3D9AC79,0.23313636
ID_C833E078A9,0.6721167
ID_B072B69B16,0.013239421
ID_C9F042090A,0.028799526
ID_2DA76C62D6,0.008042303
ID_23A7B553EA,0.71379304
ID_CAE8597510,0.009637132
ID_04A4A09091,0.50829947
ID_5F7CBED754,0.020689785
ID_AA941E86A0,0.04256119
ID_F56F31AD18,0.022589441
ID_2BE971AA49,0.069833525
ID_D88BB17E3D,0.053597406
ID_135C234520,0.020383697
ID_E36E8B65A4,0.2210937
ID_05101E8EB5,0.053309172
ID_4E757FA669,0.1649026
ID_649AA37B54,0.013231965
ID_DAEB562D90,0.0045327274
ID_7FCC02038E,0.026857566
ID_52E958B9C0,0.016799428
ID_F17381EB43,0.012561861
ID_F4AD510217,0.12657245
ID_D8BAAA4CC9,0.027189674
ID_BC58F353AA,0.19579798
ID_FE74E234F4,0.2351474
ID_00645341D6,0.035394367
ID_B491C50628,0.17675719
ID_DE0A7847E2,0.06982222
ID_2710625392,0.00507201
ID_B74F878ABC,0.12382005
ID_722572CB4B,0.12704659
ID_A06C600D05,0.005383084
ID_F95E81C9F7,0.030201351
ID_3F24907D85,0.022126833
ID_14B2F3BD4C,0.01500835
ID_F27632B298,0.07955041
ID_F3B28761C3,0.05106008
ID_9E2FCE3EEE,0.061975606
ID_24E1DAC2F4,0.02105211
ID_F4BA70EA19,0.012520768
ID_0A07ABDB09,0.25068125
ID_8EED9F6622,0.016238179
ID_ED5BA0A794,0.5491556
ID_7DE2F78194,0.007832312
ID_C44C3C509B,0.041491073
ID_B3737DB52A,0.037037462
ID_C7281FE087,0.038571388
ID_C3FB7CAEA1,0.016744215
ID_ACF8E37D1A,0.029380888
ID_7054E94F08,0.08602935
ID_A84F95A9BA,0.011300301
ID_BBAB908307,0.05059629
ID_4996394B69,0.0061853165
ID_9E82419408,0.052166928
ID_0E772B4108,0.12650524
ID_335AC9183C,0.017345676
ID_DFB48A4AFB,0.011363108
ID_4106EB34D0,0.012307101
ID_CF50DAD766,0.011561671
ID_31C835ABA2,0.011294231
ID_0317BFB518,0.04011717
ID_444FBC8197,0.015434401
ID_99CB66D32F,0.017863253
ID_4949815AA8,0.5650522
ID_F435268F6D,0.6931556
ID_05041AE35B,0.13899298
ID_0B1D0E60A8,0.5590742
ID_42E3C665A8,0.35996616
ID_EEE5404361,0.040398203
ID_3C92FF1B98,0.00892616
ID_990398B9F6,0.057233088
ID_B7ED10700C,0.05237975
ID_215387B540,0.0072047375
ID_CE2D0BD6C0,0.008054066
ID_5E9560FBE6,0.0063376445
ID_660F7A1BD1,0.052266378
ID_E149B2F419,0.67836535
ID_7E3E205393,0.098349795
ID_235E8CE08F,0.31866625
ID_EB8904B157,0.9913701
ID_38AA2CDB04,0.024226902
ID_97838B27DC,0.18738374
ID_56282E0057,0.037259266
ID_2B5967897B,0.10838509
ID_C4EAB1F2DF,0.802039
ID_C42264CEEC,0.10145041
ID_16E6C538B2,0.02130691
ID_6E38641A56,0.09192513
ID_6FBE9FED18,0.015449845
ID_EE441994D6,0.15668498
ID_FB032731C2,0.19817254
ID_4C52F440B3,0.7622929
ID_21C8835864,0.054134853
ID_E411713F8B,0.008866261
ID_74CD7BE89E,0.046323236
ID_4C66D73CC4,0.71659774
ID_908F3C5E61,0.015087141
ID_F664ADF3FE,0.01101291
ID_34A4330707,0.019764207
ID_FB02CBC6CA,0.6283953
ID_6BC606EAE7,0.30794427
ID_0EA0733E26,0.13804106
ID_4CB98825A4,0.0061533893
ID_5DDF48BB06,0.0413069
ID_F64DE1B075,0.011934827
ID_5914C3A988,0.37151697
ID_2490640571,0.05522026
ID_F3C544D0D6,0.12201075
ID_5577900013,0.006813712
ID_D577FE03E5,0.062851824
ID_F09DC590AF,0.011910795
ID_5A1AB47B9A,0.17882045
ID_3CEFF38248,0.07554228
ID_81DC30D866,0.00703471
ID_6F87220853,0.056734886
ID_BAC5EF4D51,0.032075882
ID_1DA70AB6C8,0.027128767
ID_5A7C733AE0,0.013427404
ID_2FB1C94B99,0.101699054
ID_E31D3654B1,0.36148795
ID_BC1EC3A83C,0.0078753745
ID_2E4E0BE62E,0.06800545
ID_39B4748D2E,0.059020255
ID_5AA91E5A33,0.8202523
ID_804B261BA3,0.14527641
ID_AC4146E7B7,0.033600762
ID_01D4A41450,0.03052423
ID_C6F2EA5221,0.07588457
ID_3432C96348,0.007992139
ID_CC03818E36,0.085291654
ID_06569DEEEC,0.33660713
ID_95DDF514DD,0.008398659
ID_560C9CED6B,0.023983885
ID_2451FB923C,0.012149333
ID_5CB77E69B9,0.03462275
ID_BF1DE741A4,0.018012622
ID_F6BCF5D2BF,0.18357387
ID_5C2999A56F,0.0067480966
ID_CE798FC335,0.010755853
ID_936C934E96,0.12610453
ID_E28370B967,0.17515759
ID_6EC52C616A,0.04692508
ID_22E2F0CA82,0.44831944
ID_9BE89BA247,0.071907885
ID_36CF0F2234,0.024338584
ID_96F4327631,0.025716305
ID_C2D73FF25B,0.011733776
ID_15D5AF7522,0.0075410935
ID_908C8A1310,0.014601338
ID_A5079E6913,0.01011383
ID_9A1DDD989C,0.017252192
ID_89322AAFE8,0.005824264
ID_EEF1F49D30,0.5279943
ID_3A303FB2DC,0.09430769
ID_0FC5DF6BF0,0.036807988
ID_C898696BF4,0.0078746965
ID_40A24419B5,0.0148382895
ID_42C09FA8FB,0.72731847
ID_AF76F02703,0.35831898
ID_968D118019,0.16720924
ID_FBB0E7A2CF,0.096472
ID_9728F6B3A5,0.12993625
ID_7DEDD5C3F8,0.0050621233
ID_38B2B71182,0.016069045
ID_CBF6464C23,0.025730835
ID_FC0DF18E3B,0.3204179
ID_63FBDDBC0E,0.022693468
ID_9281201BAA,0.043848585
ID_539653D373,0.031751923
ID_C7B5EC77C4,0.06492672
ID_5611496E9F,0.17522673
ID_0FA50785DC,0.0640611
ID_C9D58FF66D,0.5570368
ID_6996056B1A,0.006802565
ID_ABFB80FD35,0.46358562
ID_8C3A556246,0.23393533
ID_CD03B395B7,0.07799733
ID_B4A1E2087C,0.0662698
ID_694F657D0F,0.76785123
ID_2B976F0E3C,0.4813019
ID_85723C74E6,0.03597421
ID_D143E24F8B,0.032279402
ID_56B0BF0AB7,0.0065732584
ID_6F60406EEF,0.016514061
ID_4F17A9DE66,0.12420458
ID_3442BD3852,0.15041469
ID_3BC1C636CA,0.058762338
ID_99F795C4E7,0.13219462
ID_CE55E2CB7C,0.86396444
ID_9E0A5A3F72,0.02586732
ID_D5FF89C8DA,0.04694637
ID_9935FC8880,0.21854596
ID_15D57C400C,0.011355483
ID_BD252FC007,0.0088082235
ID_1616786C8D,0.5445166
ID_98F7961BF7,0.020703157
ID_2FF885053E,0.06521941
ID_87C6B177E4,0.012274258
ID_4C98FFB6A5,0.01758136
ID_769B8E3177,0.009072087
ID_B4B25A2168,0.019672649
ID_D093500D33,0.83243555
ID_B67640CB85,0.0146262795
ID_05CE2181CF,0.038463384
ID_90CBC00605,0.42608246
ID_389A50A35C,0.011617532
ID_09B12CDCCC,0.033599135
ID_64567BB6F6,0.34369633
ID_88CD3DA480,0.08340669
ID_E1BE47F0A6,0.1640607
ID_0F8EC2A194,0.059338085
ID_8D67436D36,0.02168796
ID_F00F1694D9,0.07387464
ID_5C51275496,0.06460609
ID_5D379A7CBC,0.06607369
ID_E66C4CD68F,0.094123535
ID_748CA6F011,0.2867884
ID_5028C55065,0.8094242
ID_2DF9240B54,0.025992528
ID_0419764396,0.028884465
ID_631E0FF829,0.20024899
ID_B62FFE2AFE,0.01723066
ID_A74F8225CE,0.7762598
ID_B6E6862998,0.009911848
ID_F76DDCC1FC,0.31603518
ID_1C7072A436,0.042764798
ID_B0A625852B,0.31285664
ID_00148C5F6D,0.04822671
ID_25CE3A3394,0.0135486955
ID_E4FBA9C7B4,0.03448318
ID_DD44E69085,0.4862552
ID_00E24B34C5,0.042496286
ID_35EF5D1CA8,0.8323067
ID_58A1F7BE09,0.2509403
ID_4FD80EE95D,0.01995292
ID_1792D64ECC,0.018795721
ID_532F80622C,0.0074617267
ID_92ACB5147D,0.024163121
ID_74A5CCB3F4,0.8908976
ID_74686CF8BD,0.011648891
ID_9EF7A22F75,0.007248074
ID_10F4FF6D03,0.06453818
ID_918BF02884,0.01849937
ID_F79E6E0FF1,0.008893587
ID_6B60733A51,0.0060910727
ID_344D005076,0.013419227
ID_480B5D8A78,0.0167114
ID_BA1FF1A1EA,0.34809473
ID_0463C59B7A,0.038301528
ID_789609ADA7,0.084774956
ID_DEF313A76D,0.007885882
ID_EA85986C9C,0.023455895
ID_A28BB39739,0.35103467
ID_70BCB5607C,0.04282008
ID_CB98817BEC,0.31027368
ID_6F80BF1FCF,0.2216937
ID_82AA8003D7,0.04540382
ID_13D5E97F65,0.01603655
ID_BF2E0F7C94,0.2511898
ID_57E94924A4,0.0077777514
ID_A5CDAC3CE2,0.3119909
ID_76209D47F1,0.026946025
ID_7DDA90FF42,0.007817184
ID_7BD533ED1A,0.041784935
ID_B476EB1B82,0.023807527
ID_02C2FE932E,0.034302138
ID_86AAF02DC5,0.013504539
ID_98BF59EDAE,0.1668608
ID_6143B01ADF,0.065364406
ID_7A4F43F74B,0.11611199
ID_79E2932F89,0.042586405
ID_797416EAA6,0.127915
ID_0458739676,0.9779428
ID_50A536D6F3,0.0083607
ID_C7B9A4A8CE,0.43683413
ID_8A3C769D1B,0.035335362
ID_333A0D556A,0.019039001
ID_B85F4B4333,0.006648662
ID_D63DD272FC,0.03417296
ID_2AFFE28766,0.012682858
ID_710F46435A,0.13556911
ID_6F84681DA8,0.3116517
ID_234AABF434,0.02144363
ID_5383427CE9,0.09461113
ID_AB0A100AEA,0.0421895
ID_17FE086A9C,0.6832462
ID_494D659DA2,0.005993766
ID_13E0084404,0.019275833
ID_9FD130212A,0.048732977
ID_C89E450C31,0.0042991014
ID_1EAAA5C185,0.0069894
ID_76FE3A4890,0.006181015
ID_79D738174D,0.16907068
ID_05F4339C07,0.8071106
ID_9D4AF233CC,0.017490657
ID_BA538E6354,0.03508633
ID_790E4B380A,0.018055996
ID_7DC8CDE642,0.017735133
ID_4A3E1C93DC,0.06411635
ID_7B11859AD0,0.011529725
ID_3CF8B1660D,0.008677145
ID_7A363537A0,0.015715688
ID_86C17399BF,0.005218459
ID_9B9D9E296B,0.0062852567
ID_A454025EA4,0.013260159
ID_84920BDEA0,0.025043303
ID_F7E81559BD,0.012683437
ID_658295667E,0.015946154
ID_F25BB27CF5,0.3918795
ID_462D2355FD,0.0122593
ID_B3D63EFB5B,0.005339215
ID_7FAACF7EB9,0.07236861
ID_956FA8F2DA,0.5022533
ID_0E7FDAB599,0.013822006
ID_6FA26FC295,0.082459964
ID_4F142A7501,0.16000877
ID_9CB1637F2E,0.23729594
ID_0CBCAA188F,0.4904634
ID_40F3F45719,0.90851206
ID_3A5F0A4FA2,0.33339712
ID_A3F72FDFC1,0.027685657
ID_1E691AB65E,0.014979248
ID_3511005D7E,0.07376649
ID_A7505761A6,0.05291906
ID_8704DFC173,0.06176439
ID_A91ECAE73F,0.64702654
ID_F534B93497,0.0059356615
ID_4C4BFCA65F,0.2658406
ID_923C922CCD,0.9085616
ID_6BB67425A9,0.057221524
ID_F2D1B9FBB1,0.03995571
ID_A48862B2C5,0.069727756
ID_FF14F07B6A,0.0075432486
ID_2446A3A1F0,0.08198187
ID_AB67BB12C4,0.009661278
ID_899F2A4BCE,0.012667108
ID_414122665C,0.004847743
ID_2A078D4A7E,0.053597864
ID_78C63A25C9,0.30690154
ID_EF214B6E84,0.10825903
ID_858932325A,0.19462173
ID_B544337EAB,0.032719392
ID_B1AB22BFFB,0.2890316
ID_50A770825A,0.036065564
ID_24992678C0,0.6400635
ID_A7BE5CCEA6,0.104443684
ID_5F8C61D072,0.012519068
ID_26458E4BE1,0.025958031
ID_4E706B0672,0.055997595
ID_D8BF368676,0.006275655
ID_FFC2298CD3,0.60019577
ID_82B3F920D3,0.016411696
ID_1E48F6F096,0.07820231
ID_A4822BB76D,0.22085352
ID_3A5AC9D2B3,0.41980776
ID_A7B8975F46,0.6851133
ID_FE503DA825,0.04858351
ID_C837FE82B6,0.021761458
ID_3846AFB6D2,0.057611857
ID_3C0383CE09,0.005419963
ID_4E6560B637,0.005427019
ID_036D6C78DA,0.0958762
ID_D65C0EFBA0,0.027497284
ID_A8EF598E3A,0.022635965
ID_A7F6DE2003,0.06363893
ID_A1A71EC285,0.056536596
ID_5A28C33795,0.02790357
ID_CCC51C768D,0.016153583
ID_112C23C80D,0.0065826518
ID_DDD4E293B8,0.13840589
ID_53F8093176,0.068745695
ID_4A2EA7B1A9,0.006671617
ID_4976BDE25F,0.00489991
ID_1D87C6FB9B,0.3908767
ID_AB68E86D86,0.023004998
ID_AB4D42A094,0.010084691
ID_C2EB67DA25,0.011530522
ID_D860DDC7F5,0.005660481
ID_86694980BF,0.011017081
ID_C49CE5DD55,0.012300863
ID_8276D8E817,0.006709378
ID_E27C9D8EA6,0.022902392
ID_784CC8843F,0.03822875
ID_D1C6A3A871,0.42374057
ID_D039C40666,0.2732993
ID_51E0B48603,0.027182471
ID_5297A024A9,0.010706478
ID_2DC16FA2FD,0.012310542
ID_0830AE8624,0.027686186
ID_E827F99668,0.9969024
ID_9362F34965,0.03013674
ID_77A353CB29,0.012781718
ID_59ED77E42F,0.036158066
ID_36BF9DEC2F,0.0060874443
ID_3FF3234D15,0.016411329
ID_3A9BA332B5,0.09241734
ID_8720951803,0.7071768
ID_8049D1E759,0.042313002
ID_FF05365B9A,0.3381727
ID_0BFB0757F0,0.03608602
ID_F64C393EB1,0.070363276
ID_7BB220A0D0,0.006997951
ID_CB95B47E18,0.40274692
ID_1175069F93,0.059733313
ID_D5EC6CAB01,0.013375975
ID_94D760D3D8,0.6529703
ID_58039B8FF4,0.01812357
ID_A6FCC425FB,0.023085361
ID_B3F22C1A9E,0.13329567
ID_1566F00CE2,0.07800812
ID_58778C5DE9,0.7335521
ID_2E2D73EDC1,0.7375815
ID_F09F9380E5,0.9038799
ID_A6FC4E3211,0.039944384
ID_9F887FED6C,0.14019978
ID_BF272E55C0,0.007543524
ID_238136AB75,0.06622291
ID_665DB8016F,0.006556163
ID_9A1BA2A0C5,0.089123935
ID_63D0CC13B1,0.23688352
ID_1805F28246,0.048419274
ID_2F2464EC88,0.011842842
ID_A2164A5548,0.20492189
ID_93A185FE29,0.079619564
ID_D6F2A35481,0.086658664
ID_61962B5876,0.051649634
ID_1162079273,0.010228262
ID_BA2FC8D2C3,0.020681389
ID_82321F252D,0.64062
ID_6AF3F5BC59,0.018604847
ID_F700924546,0.013870838
ID_1BD6A9DFE3,0.0055430126
ID_3446E3EE5B,0.9953494
ID_A8C83F7EBD,0.1161325
ID_A5A63B2D1D,0.103217386
ID_CC02B47819,0.020841373
ID_4A586F351C,0.6768187
ID_BCC2D4CABA,0.47368515
ID_5F7E5B231E,0.16488059
ID_FECB188C54,0.9465887
ID_B2118A5A59,0.08700702
ID_5C27BB949B,0.4707812
ID_8BCB3B93EE,0.7998903
ID_857FA8492F,0.010038133
ID_907C758425,0.005386728
ID_BD6601B532,0.29164
ID_F4EF007B59,0.15560451
ID_337E9A23FD,0.5096216
ID_B04468F8E9,0.011919936
ID_6FD4562D86,0.015522399
ID_F0CB51B440,0.023748852
ID_50900B5D2A,0.0042329053
ID_62CBB3C314,0.10076951
ID_9BB9FAA350,0.022262126
ID_267E8CD813,0.011874662
ID_E6605E8151,0.03275586
ID_B8123353D3,0.01527421
ID_01E872E54C,0.669292
ID_B58DCF5A4F,0.75033987
ID_0139AE043B,0.0051680882
ID_17A1BF8D87,0.0096999165
ID_F2CD2A01E3,0.47505242
ID_E7F22382B3,0.005793104
ID_0DCF415DF4,0.024938287
ID_8C4B15B677,0.0044964715
ID_2E0D73F0C3,0.99899507
ID_B6210452EB,0.00722237
ID_CA8E8FEBB5,0.03222357
ID_E92EF22E79,0.08789889
ID_68EF85D753,0.23148611
ID_7F57840D7A,0.009485252
ID_D179937DCA,0.026388403
ID_DEC1F70FC5,0.12730142
ID_FAF1C5F687,0.040703636
ID_C710BCDC4F,0.49655977
ID_75CDE5BA54,0.12433525
ID_E9BF93FD42,0.24824469
ID_EB387FF170,0.029011201
ID_2A43ABA201,0.008159946
ID_0DE65FF5F9,0.42335317
ID_57E37CFCD4,0.40687013
ID_4182BC77EC,0.030266855
ID_329951440C,0.022207893
ID_0BFE88D6F2,0.10555718
ID_5C345DD870,0.16567488
ID_0A0535D3FC,0.022544902
ID_1DB163504C,0.06814396
ID_B253861A4E,0.0727192
ID_FC05CE9A27,0.017746445
ID_ACA3C6A844,0.13185085
ID_501DEA986A,0.024663894
ID_810343CF2A,0.8114921
ID_1F6152F64A,0.02618779
ID_6E860A6635,0.49315044
ID_2B7908CA2B,0.71274215
ID_999BE82E12,0.02411219
ID_A05CDD6A74,0.063822605
ID_22F85AF1CD,0.009666862
ID_CE0EAA6AAD,0.33866102
ID_785F7D06AF,0.8992338
ID_481F23FE21,0.014750915
ID_6415073E70,0.032300137
ID_EA37576349,0.097273774
ID_EA79818D47,0.006601124
ID_C2920ADDDF,0.08147315
ID_BDCACAADF9,0.037316535
ID_E5C0075F6C,0.05941341
ID_538D26477A,0.007078799
ID_747A61E115,0.052505918
ID_01FEF3885C,0.055241007
ID_A291156651,0.03668941
ID_9516014213,0.27903396
ID_D9E719B612,0.005743927
ID_296629C24E,0.012878759
ID_DB4D48D52C,0.012429051
ID_65E5378AE4,0.49322316
ID_5484C92544,0.024329528
ID_7B43F30FFA,0.13466994
ID_7642C9953E,0.009877193
ID_D4FA08B02F,0.19244954
ID_8DD0B7F5AD,0.046283767
ID_B01FB5CF88,0.018850692
ID_A7DA0CEDDF,0.017237525
ID_D8717CBCB3,0.02476533
ID_BDE6578563,0.88877857
ID_E2B2630F52,0.28309807
ID_5F6D74616F,0.03088776
ID_AF7D84687A,0.0071185385
ID_ABFED3B5E2,0.00624345
ID_350CDBF0D5,0.1912534
ID_CC11AA39E1,0.047128372
ID_4CF07C3C7C,0.013089722
ID_00E05D9A54,0.121781394
ID_DD5B401A86,0.0058320793
ID_EF758C63F7,0.28135243
ID_5472621A52,0.020730032
ID_77BFE5B247,0.19219406
ID_F0A9DA59E2,0.013936587
ID_B727A12CFB,0.30814466
ID_99A4608F8E,0.4286973
ID_FABE111158,0.076591104
ID_F4D75451A2,0.014929423
ID_F2C7CB521B,0.010353812
ID_9E795393CB,0.05807502
ID_9A2EEA48E2,0.06342206
ID_2DA99FC4D9,0.015111698
ID_443357E72F,0.01966288
ID_4DD182AF91,0.017772546
ID_3F9FDC0F3F,0.01583465
ID_6100193D26,0.017391678
ID_69893767D8,0.020018809
ID_6025B8DFB8,0.07254992
ID_372BFB643F,0.04584741
ID_927CE2C07F,0.021625778
ID_9600B20897,0.043365438
ID_28DB832620,0.13273731
ID_46310A04D0,0.008728146
ID_19F814B670,0.01939509
ID_68149B69E0,0.3177868
ID_D57467FE06,0.014155974
ID_FCECD41B4E,0.010241081
ID_2327D86634,0.55125004
ID_C97801703A,0.0529984
ID_D5F2B3F222,0.20064336
ID_75724C9D8C,0.015416365
ID_4C31244CC6,0.019621585
ID_0EFE43EB27,0.044621564
ID_2C68B1638A,0.9042515
ID_A4761121CC,0.0071344264
ID_0CDC334452,0.04462428
ID_C35B84DD46,0.06682595
ID_DF8EEEC13B,0.009792556
ID_267931F80A,0.049064215
ID_1DA9D6955F,0.6489471
ID_083B4E9920,0.028874494
ID_B887DE8011,0.19928412
ID_8BD4F5242E,0.13659231
ID_5ABADDAC72,0.40568492
ID_925C358A8C,0.057137113
ID_A64BFC6CFF,0.0748154
ID_49FBCD24EC,0.6554997
ID_48E36096C5,0.012655212
ID_2CF659F77D,0.027217941
ID_EA65263DBF,0.0109036
ID_AD7ED7B272,0.049542543
ID_3BB05D0EEA,0.026849873
ID_5943645662,0.1108071
ID_39CDF54FB3,0.4157559
ID_D6085D10BD,0.070731625
ID_D0379368E9,0.0060890545
ID_4D0EB91A81,0.021996772
ID_D289E9C688,0.11597463
ID_DF904506CA,0.012317988
ID_39269CADD8,0.008796624
ID_8335E600A7,0.005184927
ID_2C9063D855,0.4844317
ID_32643FE235,0.22179309
ID_85B0A9148B,0.01635153
ID_2D0DF94C85,0.3070249
ID_013DE399E5,0.02556206
ID_635F428FFA,0.0061619226
ID_C1C98F8CFB,0.35054874
ID_5D785CC7F8,0.35092765
ID_927D889AD8,0.023262506
ID_23EF28563C,0.0073409975
ID_5210B49E80,0.010410738
ID_B73BEB0D82,0.095297575
ID_057C4A7FC6,0.006816372
ID_1873C12BE1,0.09277012
ID_DBD3467D65,0.00640898
ID_7AFC7B73E5,0.05998579
ID_371A0E720E,0.09304958
ID_C8FC713A9A,0.06851672
ID_1A8CE8CDAE,0.008868478
ID_EFB84AAFAB,0.14567769
ID_A108BC67BE,0.03454899
ID_EC8851385A,0.06137495
ID_79553754C3,0.021450209
ID_B1412F955B,0.0051478352
ID_3A185DD29A,0.005975458
ID_86F2285C98,0.0109822955
ID_E03EA9868B,0.022993969
ID_C5418EB688,0.007876297
ID_D35EF95368,0.91715413
ID_FC7F41D0AB,0.091588944
ID_54773A1C7D,0.6725515
ID_1B194A9433,0.9234886
ID_C5728D20FE,0.011495491
ID_4DCA9254D7,0.0170511
ID_27C8E18913,0.28473675
ID_31219ECF0F,0.04072694
ID_D125868786,0.14160271
ID_B8776DEC68,0.9777471
ID_4BD510A32B,0.01474153
ID_F92CBEB4D9,0.028222755
ID_A5310CBC4B,0.09028412
ID_BEC4BC5843,0.008393009
ID_80CB232172,0.27465248
ID_6B421F179A,0.023031197
ID_89F4FDA7F0,0.090137236
ID_E59DA0D9B8,0.012491539
ID_4305E72661,0.2219291
ID_355A9DB78A,0.0068484726
ID_9AC6F1E9E5,0.027592955
ID_F1E923AA1F,0.025590137
ID_BC60727EF3,0.01398681
ID_DFB969E72E,0.015457626
ID_8F793925CA,0.07965878
ID_1E881BF37B,0.8953775
ID_4C3ECC544C,0.026826039
ID_278CF6CB06,0.2911011
ID_3856774AB9,0.6927827
ID_855B247DF3,0.0114603555
ID_AF3820C7DB,0.11496395
ID_1223141142,0.027936708
ID_067C7071E3,0.20207773
ID_5F883D612F,0.9075139
ID_F4325558B1,0.028293926
ID_7B423815B9,0.037088677
ID_FEB564895E,0.016398635
ID_B61223AD94,0.0065638754
ID_2C6AE6BA3C,0.42100316
ID_3274159384,0.576156
ID_59A8E9939B,0.01649711
ID_A6592C89F1,0.11452312
ID_20FF9A71AC,0.008009294
ID_2970D1F1E6,0.015370046
ID_7881AB5498,0.01634673
ID_027CAE2248,0.19487965
ID_F2B3F7F0D9,0.099105395
ID_5AAC000BE4,0.07278615
ID_E3D2BFF86C,0.008995726
ID_C839032514,0.017250463
ID_1DDF6895F0,0.21880934
ID_6E365CCA0E,0.44197482
ID_410800CEBE,0.31767294
ID_8B80CEB4F5,0.10039348
ID_C3D129E150,0.060343776
ID_42CE22E6F8,0.012714845
ID_8A7021AE30,0.040450465
ID_B27E812135,0.16053055
ID_74B86CBA16,0.0535595
ID_C129493472,0.006416409
ID_8F9006136F,0.08560228
ID_4D580DB116,0.37885362
ID_A3693FAF17,0.039933782
ID_246FF76049,0.032459754
ID_B510989BC2,0.015564258
ID_A44D5851FC,0.011500693
ID_C9346F833B,0.08613477
ID_AEDCDE16A6,0.020463258
ID_1FAAF586CF,0.03590361
ID_DBDD3D58DF,0.6323371
ID_E7D5CDCA62,0.019803565
ID_359B3FCEB9,0.008565941
ID_7271144B72,0.037165157
ID_8FE616CF58,0.20690694
ID_BD8BB812F3,0.006373725
ID_4AC95D41AE,0.051137447
ID_14B93B677F,0.74204946
ID_A1BDCC7B9A,0.11470413
ID_76E65613D1,0.03292484
ID_476280E840,0.01631792
ID_14A742F397,0.19417155
ID_6E64368EC8,0.018742498
ID_F570C04925,0.076000504
ID_D26CF5CC5B,0.16571316
ID_9C01F7CA7C,0.032195255
ID_E08C9FFC97,0.4383823
ID_15F8446E53,0.226398
ID_D52A5048F8,0.3558014
ID_5BC7F6FBB1,0.14309083
ID_B37D3187AA,0.024358734
ID_CE47E27B86,0.4223465
ID_28ADBB04C9,0.12530425
ID_9B2DCFBAA9,0.016047467
ID_082E18DF2C,0.009391039
ID_47B935703B,0.077236116
ID_77175A9A1B,0.32422516
ID_EF1A11AE22,0.05260601
ID_FA9D324D35,0.0093241185
ID_3B5E84A040,0.030329742
ID_2F145653D0,0.04603069
ID_92B100A319,0.8657855
ID_CE48B78E83,0.42607623
ID_72729DA950,0.008867714
ID_528D575E81,0.03126913
ID_4FD6B878FA,0.048774943
ID_9A297D8D95,0.30037698
ID_EF2079A7F4,0.012122189
ID_49FB863F98,0.04156141
ID_E36FED500B,0.074106656
ID_2FD9C0DA77,0.59898806
ID_FB734F8098,0.1700888
ID_325C42F7C9,0.008894982
ID_E59802BFCA,0.08387815
ID_4064EC5671,0.74632627
ID_82039756A6,0.04007655
ID_A5159FA196,0.27762467
ID_DB50747443,0.0107190665
ID_DF7CC7B6D4,0.07516763
ID_4DF45BFA89,0.0045031635
ID_6BEFACAF3C,0.097456194
ID_542A72BB11,0.63262147
ID_663C5A0820,0.30251917
ID_0BD4FD81D5,0.006611157
ID_AF7F283758,0.011601126
ID_CBB7B02FBC,0.016212458
ID_B4F3AB792A,0.88179564
ID_6DF425BE81,0.1403785
ID_2AD7D638D3,0.11026585
ID_26F8F7B772,0.81298745
ID_6157D1F429,0.16293988
ID_4415292983,0.016219832
ID_89AABF19D9,0.32516226
ID_66684412B7,0.022006039
ID_B9E28A59F4,0.034505285
ID_44D3C96031,0.28942922
ID_D38A64F03A,0.008076508
ID_7FF0CD4EF8,0.043297254
ID_B5161DF084,0.14950018
ID_347D839EF8,0.4392559
ID_652BF1AABA,0.059237294
ID_A4E796533E,0.05912966
ID_8B7C426DA9,0.04806555
ID_1943BC6967,0.09131787
ID_192D0A6AFE,0.0072763176
ID_730B777712,0.010228906
ID_803E14F082,0.009153135
ID_B924E534D5,0.061466005
ID_33A785371C,0.0071648983
ID_AD4FD51168,0.02629413
ID_5B52D1BE46,0.0038153934
ID_8A28D2CD56,0.25238237
ID_1E2CBCEC12,0.021795928
ID_1C618009D4,0.10417554
ID_1E25F7DC52,0.08539085
ID_5EFA4D4278,0.055711374
ID_8A4FE04927,0.3283939
ID_546541A21E,0.06985742
ID_0BF5327204,0.11102072
ID_4FB48A677F,0.12049378
ID_D99C222D90,0.018285556
ID_7D318A31BF,0.21031387
ID_6206EA9E7E,0.009957132
ID_77FD0FDCDC,0.7466371
ID_B4D12221C8,0.008770052
ID_AD2691BC88,0.04328871
ID_D9030D32A6,0.036307454
ID_41340856ED,0.013338463
ID_E9375ECD9C,0.6876483
ID_C97C70899D,0.06548857
ID_C571DE2E0E,0.012939585
ID_E0AB461B3A,0.008588289
ID_79672C9CB3,0.023599228
ID_CBB09FD971,0.3862303
ID_4A0D905636,0.0070441505
ID_D02430405D,0.24881925
ID_92D6AD1BDA,0.027750837
ID_D820B07FE6,0.010409891
ID_8D28D57A74,0.0057629477
ID_D6DB804D90,0.17844217
ID_50C54BE00C,0.009983918
ID_1EFC12F4E9,0.112262614
ID_41D2B7903F,0.005681737
ID_1F0AD25DA1,0.0075525464
ID_9315C289B0,0.36241257
ID_B0A0B830FF,0.018389795
ID_CA8D8C0170,0.015241329
ID_25F6FED7E9,0.05425207
ID_07AD696348,0.033974707
ID_5BA358B54E,0.010596914
ID_C08DE0320A,0.95194095
ID_B2D9EAFF79,0.016896132
ID_43DE0690A1,0.012257711
ID_B49EC79AD0,0.004461454
ID_54AFDEA3FC,0.020615907
ID_C0BC4F7AD8,0.037096325
ID_B8641FC389,0.010327389
ID_BB2A41D5B6,0.08982031
ID_4CFCE78949,0.47045186
ID_6AE1D0B4F4,0.022194687
ID_AA3B9229BD,0.04076439
ID_B709D8D02C,0.053592164
ID_E97A236CEB,0.043035008
ID_772B74EAE8,0.110707775
ID_E43930AFE3,0.013104585
ID_850F38299D,0.008914744
ID_ADA9AA7B1E,0.0095458245
ID_9422D5D8B6,0.13280927
ID_352FE84A29,0.028320573
ID_87B187A6EE,0.016917275
ID_32DF875D05,0.4854696
ID_05C0D65B7B,0.16949059
ID_9047215F86,0.03383226
ID_BE047D40EE,0.01472773
ID_07152E31D7,0.07111367
ID_53A4EC10ED,0.010199508
ID_66574684B6,0.0288755
ID_4337174C68,0.119615875
ID_839D0FD476,0.074949026
ID_5757549A90,0.965872
ID_F047EA4B38,0.7683667
ID_286F4DBE20,0.089482285
ID_16E90C8458,0.016599787
ID_E8ED79CF53,0.12187201
ID_720D7BF855,0.014979836
ID_E29611C0E2,0.016821748
ID_003FAE2763,0.058623437
ID_2DAC6C4C5D,0.009015075
ID_BD6CF60654,0.01093048
ID_F6298996D2,0.074180976
ID_D9089908E5,0.09323545
ID_420FD00DC6,0.047298457
ID_3896971030,0.26561642
ID_8071129583,0.007496265
ID_20288E41D1,0.051733866
ID_FCE049FA20,0.03842678
ID_35BBD6EB4F,0.9877988
ID_246F8D7758,0.67330974
ID_54E5F92895,0.32439113
ID_914464A9DC,0.034980044
ID_2F7B3ECDF0,0.1287063
ID_0935F63106,0.09012964
ID_9BCAE14B83,0.32984647
ID_503B180D33,0.007631312
ID_2E5980AD5B,0.74994576
ID_C4BFBC32CC,0.008711954
ID_563361EDCA,0.2682718
ID_AF17D17AFF,0.3504119
ID_5B43C5E0B5,0.03565964
ID_9DE107E8FB,0.009835025
ID_FFFD657A4E,0.020783547
ID_47CD1D013A,0.02655811
ID_AA283B57E1,0.07824242
ID_872810C688,0.11908413
ID_B6BDA697AA,0.3229985
ID_024B9C2E66,0.09869924
ID_14B431B5CB,0.020132933
ID_669F4D188F,0.5091656
ID_5187B50951,0.8253896
ID_A537B16345,0.0361391
ID_555420583E,0.23858832
ID_E896A33D41,0.020080743
ID_12A6F6457F,0.027704298
ID_31EFD2DC97,0.026601082
ID_740FAB62C2,0.9160616
ID_F955DAC374,0.016482083
ID_60469D389F,0.05455319
ID_5B00240871,0.827384
ID_A8B5BBF3E2,0.2005288
ID_B2BAF3161B,0.31260478
ID_F7F41399E8,0.16784446
ID_8006DB831F,0.062447235
ID_FE7641E40B,0.33707276
ID_D6F24A215A,0.35168722
ID_E82C89F297,0.011097358
ID_E380553DEF,0.00549836
ID_0B70103D93,0.009699149
ID_CAE3E10AE8,0.23325406
ID_8E7E1AA4B2,0.07179812
ID_D28AB20F03,0.07949247
ID_362F740281,0.023910463
ID_00A4AA3911,0.07023223
ID_7D593FAB00,0.013568723
ID_DD507F6BDF,0.093509726
ID_1954617238,0.012844295
ID_B834032AC7,0.04694725
ID_545FD8FAEF,0.012661186
ID_B1F42C39C4,0.1107104
ID_893BE0EBBF,0.005914454
ID_A9FC58B195,0.054176092
ID_E348C497DC,0.009826939
ID_4F1068C68C,0.017266864
ID_7C644AFD1F,0.0116775725
ID_A094FC28AA,0.054661863
ID_C347A24B5C,0.2527847
ID_599111186F,0.14964743
ID_64AFD64784,0.01608764
ID_102E8A6A3C,0.034973573
ID_C066345D5F,0.2997574
ID_26FC2CDCDD,0.10454026
ID_ABFB70575E,0.04348413
ID_8FD5F20278,0.4347043
ID_0BCF5AF88D,0.016238939
ID_900218ADA0,0.22130176
ID_B869085EF8,0.057372928
ID_31AE7A5872,0.93805486
ID_6E659CF1BB,0.008018253
ID_AC9A190B75,0.014472876
ID_E8FFA4D894,0.4472768
ID_77E9977597,0.12885104
ID_2C427BA3F7,0.14521447
ID_87A4C160DD,0.0053499024
ID_9639973730,0.09404532
ID_E3EE43C337,0.47684902
ID_25A2C32CE3,0.1052336
ID_34E999487A,0.017573766
ID_BAD03531EF,0.18153962
ID_D519D8B98C,0.87403804
ID_CAE0DCD560,0.09372386
ID_B973A0FEA2,0.17785852
ID_7F3659B0E0,0.017614532
ID_04F9161C09,0.31296387
ID_490B48B402,0.02034238
ID_2046150E2B,0.018576965
ID_D8F8D49F02,0.016038483
ID_0FEFE56CCD,0.18903115
ID_81524246F6,0.06805937
ID_BBBB934450,0.0067218663
ID_0510AB0AE6,0.08569193
ID_9D55352CF3,0.03409452
ID_E62352026E,0.044174224
ID_A2586EC489,0.006776645
ID_7DF590A0B2,0.2809778
ID_75546FC503,0.01846759
ID_0B79926C93,0.040983096
ID_3EFC0BE40C,0.013864306
ID_A76E792AC4,0.034879263
ID_8A7F08B68F,0.032411613
ID_C8A80B4B30,0.04862494
ID_570EFB3939,0.0066842893
ID_79DC38E521,0.02340555
ID_F8F8A64306,0.27172682
ID_6B6704D5CD,0.008927703
ID_D594E3B595,0.011163256
ID_6A90D3B406,0.04688917
ID_E8BB420DDC,0.0073478627
ID_38EFC1B09D,0.04570223
ID_19BE968400,0.10703712
ID_28362FAA1B,0.017747046
ID_BAEA2345C9,0.49452364
ID_F104455C43,0.040227797
ID_674F895035,0.033271056
ID_37EAECD035,0.028210238
ID_A43A3E6EFF,0.34339592
ID_A3A743C70E,0.010736395
ID_15C08B772A,0.63326526
ID_F76BDB7281,0.46656042
ID_9A2A2F0E4C,0.0055642445
ID_E3FFDDFB4E,0.101482034
ID_3B15647388,0.19458987
ID_4B9F99C60C,0.034353483
ID_2A3C285CF4,0.014217829
ID_CBCEA15834,0.099711046
ID_9AF722F847,0.07737509
ID_94D7A2F2DF,0.0199891
ID_28A2F9EC4F,0.045199525
ID_7BA40A1704,0.7685204
ID_AFF63E16A2,0.022775922
ID_7910F034B5,0.020285495
ID_804BD23B1F,0.025127843
ID_0206343FD7,0.026625214
ID_0C08FC0076,0.08512109
ID_08D9E84AC2,0.5211571
ID_47B6EBE550,0.0042038276
ID_33C4FCAC97,0.050048605
ID_09504D8496,0.06307248
ID_55FA63B8B5,0.19130969
ID_8616F741E4,0.027633162
ID_C6FF14817B,0.047208194
ID_D1EF688B62,0.11716221
ID_239A7B793B,0.028415384
ID_447F2499FB,0.018120822
ID_268CE99C85,0.9719562
ID_6471C36333,0.4444077
ID_3CBA508097,0.011996502
ID_1F34D6B6F3,0.013780984
ID_22E3E3BF23,0.048223313
ID_BEE6DD784D,0.014076199
ID_96DDD1E68B,0.3852891
ID_F3E41C5835,0.12197416
ID_A860337459,0.009352824
ID_2C8B5BF7C9,0.004694664
ID_F92DBB5706,0.013003643
ID_B236BB6A7B,0.006280984
ID_488AE2E55D,0.012350017
ID_3B85AC39F4,0.0067351605
ID_506D029F03,0.009197932
ID_05D7B9BC5D,0.18025249
ID_1AB6911981,0.09001267
ID_54B666D551,0.1649336
ID_1F89E5AD09,0.04417841
ID_07F9C063A9,0.09039707
ID_34BD6E5E95,0.07880508
ID_BB4EA87B85,0.022677856
ID_A77816B04A,0.07975495
ID_E002DA7062,0.19309151
ID_C574737AF2,0.04170732
ID_A3807A2D10,0.83120674
ID_7821943F12,0.009646518
ID_433846BE1D,0.06459401
ID_C1972DB286,0.34189782
ID_E1C75B663B,0.021927778
ID_9DF4E0622C,0.0855025
ID_9B59B831EA,0.024686322
ID_ABF8E97E1B,0.29764745
ID_32660D01A4,0.009104024
ID_D8A9553743,0.14687206
ID_787D5DBBD3,0.010183137
ID_350D075766,0.0082553625
ID_840DB95FA9,0.01859094
ID_DCB0F4D1B9,0.05662002
ID_E2ADF5C544,0.017036
ID_5BBAAE2E49,0.027245238
ID_7EBC24EFCA,0.09886099
ID_2D803AAC62,0.37446624
ID_0DA0D03187,0.0100913495
ID_8480E89E69,0.012095206
ID_DA338F302D,0.75553715
ID_D345D23BCD,0.047100138
ID_8D8F32B410,0.11459849
ID_84A868D8C6,0.038563855
ID_A8C52D97C6,0.057712547
ID_75A46AC096,0.01577782
ID_691A54C318,0.13821952
ID_C0B31D9278,0.03107537
ID_3F292D1DFA,0.053625602
ID_4B1E713743,0.052155823
ID_A0C9DD0AFE,0.092427015
ID_1D45761611,0.099982806
ID_87CE80972D,0.062879175
ID_09911AC6C0,0.0068456642
ID_34466E7B42,0.08349351
ID_6D6C196B4A,0.056895107
ID_8EDA8D2929,0.0194473
ID_C81ADD554C,0.09245189
ID_553CD51E5E,0.30350572
ID_D7A666D5A2,0.0050981482
ID_59832DBC7D,0.0037305057
ID_AAD46EE359,0.0050936183
ID_A15395DAC7,0.15428138
ID_317B79612A,0.012736857
ID_1DFE517931,0.005842847
ID_8986A513EB,0.4429974
ID_2B175B8EE1,0.41082722
ID_7733A6C0D9,0.01126132
ID_95A60AF982,0.015880136
ID_FC47F6CFD0,0.055155274
ID_7A7AD1C366,0.004257438
ID_731B2C4CE8,0.0083555095
ID_B6ECB4113F,0.005109974
ID_26956AAEEC,0.776845
ID_02A5595B55,0.008127844
ID_6A56A9F549,0.124883994
ID_4E200F01B6,0.04967691
ID_73F64626FD,0.08318472
ID_25926B9062,0.042085484
ID_1CDBE1F504,0.65844506
ID_3FB6D169B2,0.03497392
ID_3E14E3A15B,0.12623666
ID_CD576609EB,0.013493317
ID_052846C0BF,0.053824704
ID_3DF8210FAC,0.0046987208
ID_67085F9B23,0.52916676
ID_33F2EE8EB1,0.041063823
ID_64AA1F0497,0.036592327
ID_899C4A27B7,0.5087362
ID_A84B10154A,0.1031844
ID_3A2B90ECD3,0.03323065
ID_6C18EE3173,0.0058402177
ID_06045EB6F8,0.00948005
ID_964544E952,0.0789004
ID_7DF4F9BF73,0.023705103
ID_A8AFD868C2,0.014355801
ID_DC3B4514BA,0.031089952
ID_4BED89C087,0.0036056861
ID_89C6ED2E33,0.046910312
ID_94503BFD48,0.17737116
ID_8B614BB609,0.10775815
ID_00EEC539D6,0.4803481
ID_098B36B5E7,0.051871523
ID_AC8E7F8F0B,0.5282071
ID_D30F176FF0,0.6283023
ID_2103657306,0.05812727
ID_9A5517A493,0.066457994
ID_A32679117A,0.24083708
ID_7A12EECFB1,0.011478775
ID_CE0742B2CF,0.0258977
ID_0910F42602,0.036635645
ID_009765E05C,0.0110149775
ID_3C7D833E5E,0.5245818
ID_457315A70B,0.51916945
ID_480812042F,0.012254899
ID_EEC3F9FCFD,0.034637764
ID_DAD6D95C4F,0.011248605
ID_6FF2E0884B,0.04759445
ID_DF221EE87A,0.44603008
ID_1ACDE2877C,0.038776472
ID_ED0EDD4F13,0.058817852
ID_FAF85DBB27,0.0070336796
ID_DB271CFB51,0.006350551
ID_02E30DC451,0.100966066
ID_CE703B2987,0.13624349
ID_D1E599E9F4,0.008907238
ID_425D30A59D,0.028217634
ID_8DDD47485C,0.0095385155
ID_C0DE53A544,0.006031688
ID_4F8EDECC4B,0.021212287
ID_A173A7C5A7,0.05389789
ID_B96B4EDE71,0.037860237
ID_D54FBDD595,0.006465075
ID_DF266671AB,0.98611814
ID_3AFC58CDF4,0.014653562
ID_F20739778C,0.80440396
ID_67456156C7,0.014484281
ID_F4953AA379,0.0060363756
ID_5EAC1068E0,0.025752813
ID_AE7B9759E4,0.027689097
ID_A2161E85D3,0.017157696
ID_BC75D623FA,0.014178579
ID_40AA0A17F1,0.87728983
ID_D2CAA96CB5,0.021735908
ID_AD9AAA2FEF,0.26283556
ID_A67A50C41C,0.007410465
ID_026EFC67AA,0.32252213
ID_18891C878A,0.011080979
ID_E651FA1AC5,0.12904564
ID_974918A119,0.5801386
ID_C77FF41219,0.030662796
ID_3E936EF175,0.6055369
ID_B63B5A0701,0.017600048
ID_8CCB67F7B1,0.09445589
ID_E9EA5546FB,0.21143423
ID_E9C1023FF0,0.014690066
ID_9B90A7B4EA,0.09324642
ID_2262F07F85,0.7056292
ID_66AA2B624D,0.013075165
ID_E242F11B60,0.529659
ID_EBCE8D8FFB,0.114182964
ID_D311BCB057,0.08587672
ID_0388FA8C2F,0.024724605
ID_4AFEFA0C6A,0.008706108
ID_0FDCB28120,0.5508053
ID_BD289228AC,0.048313014
ID_CA109BDA5B,0.22248167
ID_C1B7D29602,0.03880008
ID_02671BA061,0.13030472
ID_AF7CC3F4A2,0.2189192
ID_C8F8B97B4E,0.029647999
ID_5464B92B94,0.72025317
ID_7C9F53DE22,0.01215979
ID_EE15D891D7,0.026904413
ID_8F47554119,0.036544226
ID_6FA32F9F5F,0.09062968
ID_CFC6529F3A,0.3268544
ID_0488B76AFC,0.19482464
ID_1602AADCC9,0.04465916
ID_4789A78D31,0.24840738
ID_23C1165F5D,0.16473827
ID_5554AF425C,0.44814584
ID_B2CC5A437F,0.79678077
ID_6D39152768,0.061480973
ID_76830F5154,0.05296168
ID_5018C7403C,0.019621398
ID_F29A7D2FD2,0.009205342
ID_E4BA075F1F,0.10003202
ID_290553B739,0.19894004
ID_CCEA2815B9,0.09194023
ID_AE4399F2BA,0.013926882
ID_B82BDEC8B8,0.021542659
ID_2657C41BA5,0.6197082
ID_1C40FBEC2F,0.65012056
ID_9A08777BE5,0.013712752
ID_3AEA623E3E,0.6099192
ID_CC7BBD9C1B,0.039403796
ID_D88C4ABFB9,0.14846696
ID_C7A709E852,0.49243963
ID_86E850B3C6,0.47158366
ID_31079916CF,0.09354718
ID_D2B384369C,0.10228609
ID_45AE6D51E3,0.118528366
ID_5D6A76D56F,0.009337745
ID_5142D8D4DB,0.004480711
ID_8AC82D8E47,0.028750643
ID_895B1F8DF6,0.011406802
ID_C44558946F,0.011873383
ID_8E97EC8893,0.032162696
ID_0D04630AE6,0.014450866
ID_F039631CC1,0.65441495
ID_255CAA6323,0.31777492
ID_EC0232AAB6,0.060152438
ID_EF82AF1B36,0.011672413
ID_A19B549229,0.01700843
ID_8CF18DF292,0.0669913
ID_F6854AB4BD,0.4701614
ID_3802D2C0BF,0.036938883
ID_C23D6571AE,0.09116743
ID_3126C79C21,0.029522423
ID_327B791BA4,0.051523816
ID_3E155D69AA,0.67447823
ID_85CFEA962C,0.035522215
ID_9D1549C70D,0.19622372
ID_C966435BCD,0.04462498
ID_62A36726C6,0.04412603
ID_F2B02668BF,0.011277947
ID_E9BDF1B549,0.025296623
ID_45C77599EF,0.22513136
ID_98A8C5C61A,0.36795378
ID_9613190D6E,0.20071708
ID_D8404DE008,0.008321309
ID_BF6DD0258A,0.03024651
ID_292C1AAD7A,0.0335887
ID_C0B04E4A5E,0.082588375
ID_12018CD5A5,0.051395524
ID_43FD21D785,0.54540855
ID_831D49AFDC,0.021831833
ID_6AF59B474B,0.014402814
ID_3C93CD69B3,0.008914493
ID_70076D993A,0.019462774
ID_3D9F53324E,0.007300034
ID_B67FA84B69,0.042929016
ID_F3E3B6214A,0.11716961
ID_0C932ACC62,0.6499771
ID_9FD7B66C95,0.005639177
ID_7787792C7D,0.013685327
ID_DD0E4C3461,0.087877534
ID_5E3B3DDE0E,0.0057013147
ID_B4FB1EBF97,0.28240588
ID_2D305FEC62,0.52566034
ID_0522E71720,0.08007824
ID_28CCAEE2E4,0.018023456
ID_D0115A4954,0.38095886
ID_7D8F60B191,0.7677584
ID_90ED583659,0.94204944
ID_C68E9CD333,0.06474122
ID_48C9DBA1BE,0.010196554
ID_B4F0CFCA71,0.022937322
ID_E5FBB4359A,0.30396533
ID_B1EC5B1A02,0.005922318
ID_F310F25407,0.024196394
ID_6BC2B10727,0.015666606
ID_0017E9F236,0.028497623
ID_CA1EEC915E,0.014409233
ID_38ED1BD6A2,0.8175762
ID_24E3B0094A,0.013481743
ID_8C784EA778,0.019368323
ID_A2718479E0,0.026227087
ID_BB287A301E,0.1649458
ID_A743C7AB37,0.009185181
ID_8E44EC7B30,0.07042738
ID_15F5C36CB7,0.007162203
ID_FC74F65545,0.056089237
ID_FCCB05DAD2,0.005235059
ID_0C4F6A6F64,0.13688254
ID_4278913B70,0.010191913
ID_9BCBD2BF80,0.11111485
ID_6EF0B55EA1,0.10496172
ID_E06229A71A,0.059937865
ID_716612F873,0.045067746
ID_8657243A74,0.34530312
ID_A7C37F2EA3,0.049063645
ID_81D6E31B44,0.28795418
ID_98CF9EB7E3,0.42791966
ID_7A20749A3A,0.013643752
ID_68046769E3,0.32457474
ID_AF6D547AEE,0.04258422
ID_546284D116,0.18155612
ID_B6EF9510F0,0.11632716
ID_9F52E7D814,0.076315425
ID_5E42534A08,0.025661487
ID_0F79B1D05F,0.031318277
ID_60794D6B7F,0.52707267
ID_8396074B86,0.01026598
ID_B115068BFC,0.04101663
ID_6BE6979BEA,0.22132775
ID_97FB68351F,0.029089618
ID_99BE8BA945,0.006564531
ID_EE1B490969,0.13538946
ID_8B8D520279,0.008899262
ID_CC1E778640,0.03093533
ID_AD22692E88,0.3541902
ID_0D0E9F7982,0.09268757
ID_B97EACE897,0.019389197
ID_CFF284D6AA,0.1213527
ID_D4D455E1EE,0.05427053
ID_5D5D101753,0.024933454
ID_0A51BF37A0,0.021403294
ID_A9C3E84971,0.54830885
ID_35CEACEFDA,0.21628538
ID_D325711CC3,0.08327224
ID_B4DEA65BCD,0.07548404
ID_8C6D9C8EA5,0.022776818
ID_F8668F3AC8,0.027586272
ID_A2946AB9DB,0.0071053263
ID_66CE05CFBD,0.0068125376
ID_797F6F40BC,0.027946452
ID_A442ACB186,0.9144496
ID_F076AE9CBE,0.046890188
ID_E567ADFAF1,0.042520683
ID_67E1554067,0.07219397
ID_C1D9BE71A8,0.72717786
ID_882D5D1C72,0.41488573
ID_895D1A81E8,0.025119456
ID_2526A31600,0.011791182
ID_47C0D2A847,0.006727215
ID_8D85EDAF2E,0.32080248
ID_27C6D81A7D,0.15553273
ID_110BA7EDBF,0.008966418
ID_5F3DC87EAC,0.009312662
ID_2232E0BF59,0.7967354
ID_511946AC7E,0.068488784
ID_4AD9482F08,0.030953936
ID_D75FB37D77,0.092487186
ID_6B40DDB5F8,0.01690745
ID_86E7D7B6E1,0.11379355
ID_D081916011,0.02099705
ID_5A674F0E96,0.025931135
ID_573E924269,0.009106519
ID_DC0A7A7BFA,0.1707098
ID_642D7FF6E7,0.028725328
ID_6DD797FA2C,0.18104589
ID_C1FFE48254,0.84911865
ID_8124A45BEB,0.06942088
ID_95A07EF252,0.61222845
ID_FBF54AE45F,0.044385552
ID_ECD34ECE7C,0.17320642
ID_CACF3DA4BC,0.0067833066
ID_1A4D810CAE,0.3898734
ID_1A8CD59629,0.062105678
ID_DBAB1EC888,0.010757437
ID_F716142970,0.37649924
ID_B529E6D9BB,0.50109154
ID_76A09D8EA5,0.037016332
ID_49AD599A3A,0.015814446
ID_F13F08DA75,0.008981223
ID_8F3D514C34,0.060264383
ID_ED50CDE79F,0.0049909786
ID_86816351B5,0.09289374
ID_863B6A2A79,0.355926
ID_F7CD2C7A70,0.0133413365
ID_7C8357D0E7,0.9237512
ID_B8FA5FDDC8,0.3300364
ID_474C961CB3,0.8421786
ID_3E1698ABB4,0.06811578
ID_B16B4BA1A7,0.3596909
ID_5B5EF9C6D0,0.22814402
ID_92E04AFFAC,0.17652269
ID_6580C0018A,0.32184896
ID_7A9772CFD7,0.71102023
ID_33EF45DDDF,0.23942871
ID_E35BF3BF67,0.13998021
ID_AF2D8F41F1,0.007567245
ID_2FE869222E,0.03451259
ID_9A44DB05EE,0.2295706
ID_3E8DE89A19,0.0067463494
ID_2E77689EB2,0.012777758
ID_4775D90665,0.035847325
ID_437348E744,0.1243953
ID_22897F2CD2,0.009931487
ID_0987C51CF5,0.34532648
ID_EF432FA808,0.097558856
ID_1CC16E6F51,0.014376145
ID_20C93428CD,0.019475868
ID_ADE3B6BE9E,0.7048211
ID_F2C00F96AE,0.038480353
ID_AA14DD3D6D,0.009552954
ID_B6B3C7BD56,0.073116064
ID_2CE1763856,0.37316763
ID_D04A6BC554,0.0072179576
ID_A818C4248F,0.6651876
ID_6EBA79D880,0.06871256
ID_D88FC56B44,0.007858752
ID_FAA27C0F34,0.09401589
ID_FB29133A69,0.009075864
ID_A465FBE913,0.011553218
ID_5392117861,0.021371363
ID_B8922EC936,0.16932079
ID_62CAEA1DAE,0.021604246
ID_47E5F55F40,0.15985905
ID_1CD4BA75E4,0.46225482
ID_9DBF4D3DFE,0.0300373
ID_E7B2E87618,0.05007714
ID_72CDE5142C,0.55588984
ID_F5FECD4667,0.17662302
ID_C980FADB43,0.13528588
ID_4F4F66B4A8,0.008899852
ID_0E39885124,0.040948734
ID_719DBCF209,0.008057572
ID_7F8145E5E9,0.030057093
ID_47FF1F280B,0.0036317576
ID_8190157073,0.008014709
ID_37274CF6B0,0.044853315
ID_F8C6432405,0.029879598
ID_CEAF9416A7,0.008451199
ID_D0C8170705,0.04442683
ID_A70B86D313,0.009497908
ID_3924DF68CB,0.13207892
ID_EE4EF742EB,0.022983039
ID_E5117EBAB2,0.0126435775
ID_DF61CF19B7,0.0142709045
ID_A5647CAC38,0.03342645
ID_A7C870A550,0.122852266
ID_4A93E2BBEE,0.21523124
ID_7126354496,0.038647413
ID_C735B7AD00,0.035502512
ID_4D209775ED,0.0054921494
ID_6119DFD8EB,0.023444472
ID_8F4BE1D47B,0.43946722
ID_77823DC2E7,0.42113975
ID_39E305D19F,0.017158756
ID_F873354B3A,0.20033026
ID_9191A35120,0.19800441
ID_529F8F29F6,0.0122662755
ID_3F8ECAB4D4,0.008319911
ID_F9AD1CB7D6,0.0064718784
ID_C6B6BB3D98,0.0133086555
ID_DC169B6F99,0.044033833
ID_7C7FA01BDB,0.009344186
ID_6B11789643,0.028605424
ID_70E5F70DF8,0.042395514
ID_B5140C617C,0.02462627
ID_2BD16E7CCC,0.043552686
ID_79B8B9E5BB,0.006987641
ID_5CC8927381,0.33021316
ID_65C92319BC,0.08184085
ID_5F71D760C7,0.19118991
ID_20A623C1FB,0.15081145
ID_F6D352C9CE,0.03167992
ID_640238C0FF,0.022075173
ID_2893025739,0.9910338
ID_963A5ED1EC,0.40979335
ID_79E18BD79B,0.008126559
ID_60F4F4FCAD,0.027606426
ID_92411BFC22,0.15851443
ID_E984A2135D,0.006097388
ID_40FA1BB2F6,0.011831871
ID_4E62ACA663,0.03802565
ID_D61E5431D1,0.8653217
ID_97269E3763,0.020946598
ID_B11F186134,0.29741296
ID_468D278F73,0.9189194
ID_186778A035,0.027026873
ID_A4E1AC6AB2,0.01691021
ID_1F1E54524F,0.015132836
ID_7758EBFAFF,0.685476
ID_2B995C4ECD,0.006342503
ID_577BAA1F36,0.43899426
ID_E7B532AEEC,0.3469749
ID_CF7819D593,0.15422373
ID_C677EFED1F,0.18355271
ID_FFCF7F9F60,0.033899456
ID_5E079FA9A6,0.037928477
ID_3A92B99C99,0.08261655
ID_B5214AA1D8,0.014831134
ID_9B93A008E5,0.05283651
ID_B0DCF3C513,0.9612637
ID_64D9CFC7CF,0.56838995
ID_BD83B5A9C1,0.103077225
ID_65D7622B06,0.30153108
ID_F5FDD26C06,0.0069564343
ID_D2B3571B9B,0.12485612
ID_B9CB0C4C24,0.044809867
ID_BBF39F5CF8,0.03309352
ID_CD5D004712,0.040607106
ID_2776FEDCAD,0.7747925
ID_72CB38F9B3,0.14191133
ID_DE7A3683CF,0.03584265
ID_4317B1067B,0.01602757
ID_268FB2B96D,0.08456423
ID_8FAD943775,0.022557572
ID_015474C3B0,0.00796522
ID_EC0D3A9A80,0.1567867
ID_1DB3B42880,0.013769942
ID_C2CA25D43A,0.006791224
ID_A725DA3426,0.3796854
ID_86D3A7EC8C,0.13358371
ID_9AAE6DB018,0.0067401985
ID_747DC3A549,0.9530279
ID_3C767126AD,0.40990862
ID_8032F9F89E,0.043784555
ID_840361BF31,0.22850668
ID_BC7871F5D4,0.034334924
ID_19B5D1BBAF,0.013825246
ID_DAA5E9241A,0.07084052
ID_1F3A9FE852,0.008975052
ID_6E83ADC7E9,0.07995541
ID_43DEA48776,0.1325123
ID_074D951E56,0.027253455
ID_0C31E1C019,0.21211898
ID_1CD3DF17ED,0.010477046
ID_2CCB305BA4,0.107377715
ID_E949365353,0.029161975
ID_9212C813AD,0.20660439
ID_350F06CBFE,0.0077223224
ID_4D1D49F05A,0.54046875
ID_45910C6605,0.05175214
ID_F9B926C0E0,0.15898378
ID_D0E3D683F1,0.27170432
ID_6EBDBD70B0,0.038174134
ID_B58188960D,0.2631517
ID_CDB652D630,0.00852531
ID_AD5A394CAB,0.2097237
ID_B79224A662,0.018283078
ID_F62E18A8AB,0.0042622215
ID_B7E03AC9E4,0.004791298
ID_168085C71F,0.1347173
ID_62DB7ED0C0,0.029755587
ID_8A089DD228,0.0064577423
ID_E9BA9B285B,0.052915957
ID_02AF2D303B,0.021607382
ID_2369067386,0.040085427
ID_6111C9F578,0.04642086
ID_3BFF67563F,0.17010942
ID_7CEECB24A0,0.14543234
ID_77B8FB8B31,0.01491527
ID_3FA535D06C,0.0660162
ID_DB3FB698A1,0.05135065
ID_43132A1B74,0.15757874
ID_FB6BA7149E,0.020479176
ID_CE191783D0,0.011858749
ID_EFC69B8AB2,0.039403982
ID_5FA0C6E868,0.008741934
ID_E60632C56A,0.18998425
ID_6AC7A10A9C,0.013883747
ID_3F9F8C368C,0.92673415
ID_F092338883,0.10359074
ID_EE70D86A08,0.016582035
ID_EC0D887E88,0.14167155
ID_A6895FC485,0.01815681
ID_FE537AFC18,0.0052664815
ID_D63F0AF9DB,0.08127397
ID_A58F3F67FC,0.7931662
ID_A0ECC5FEEB,0.01669033
ID_7A6F369ECC,0.35581192
ID_6168E8E080,0.65707517
ID_25C3AFF4DF,0.07432243
ID_02339B520A,0.846612
ID_C61A1E233B,0.2986878
ID_1FA4962FF4,0.17093304
ID_730F8CF312,0.008379333
ID_3ECE30C14A,0.069445185
ID_AC9F83BF68,0.1932334
ID_16592ADB7E,0.32804903
ID_3B5D1C6927,0.052688483
ID_22EA5F60A9,0.30713323
ID_173A5E7487,0.30847815
ID_2A3D7CF30C,0.036296137
ID_C88E984740,0.005672976
ID_6A1CDAC489,0.090717345
ID_8AC2BDE279,0.020553
ID_0A7352A79C,0.009642849
ID_5FD6BFDD0E,0.008321767
ID_56C37FB0A5,0.5018657
ID_DF34F68FE8,0.019225905
ID_463A7C8FAD,0.4354772
ID_E07DB5B79F,0.4761648
ID_74703C516D,0.012917302
ID_AC149F1438,0.024011347
ID_EDC76C7684,0.08825732
ID_C69AFBE531,0.019196343
ID_A0D3417D39,0.0052094124
ID_4A1A73BBD5,0.006507027
ID_9A0F78D177,0.008079057
ID_4B20C44B7B,0.08123353
ID_EE07765A38,0.13173892
ID_0C7754F59E,0.045927685
ID_0C56C9189F,0.0060376744
ID_F8691CEA7D,0.025377888
ID_F54DEE2B5A,0.022981372
ID_A9A4649610,0.037060406
ID_C01254CEB1,0.033387013
ID_793FD41FCB,0.09428781
ID_82DA1D4A72,0.01291441
ID_5D0AE1B517,0.04735478
ID_B2DB06922A,0.27041897
ID_B2D9AD85D0,0.14882083
ID_FA49615102,0.01316119
ID_7CE8C588E3,0.007054194
ID_DA7DEC19B2,0.57571054
ID_1EE4AAE038,0.035695903
ID_4F5453B96E,0.004957477
ID_72EA5072C3,0.58623165
ID_A6E1982DBD,0.091429405
ID_46C1504C2A,0.06999817
ID_58F155A03C,0.01686764
ID_B303EC39E2,0.01632348
ID_4575266226,0.012045444
ID_D07535D4EF,0.011810274
ID_24CFCAAD94,0.1801981
ID_BAD071D7FE,0.016252238
ID_7FB5DF9FD8,0.03738982
ID_D3526D88C3,0.25880817
ID_10740CB58E,0.11140116
ID_8D32A9A44B,0.05822712
ID_84DD5C52D3,0.39352083
ID_9E37CD5C3E,0.09874309
ID_270C629DFA,0.0073842457
ID_295C3153FF,0.055143014
ID_A53C823110,0.014330222
ID_02AD2880BB,0.8282928
ID_01D4E77404,0.04805229
ID_A6D235CA4C,0.18523134
ID_97958B7B48,0.39613944
ID_73AA3B646E,0.35892627
ID_22A00945A8,0.067876436
ID_ED3EA81D7E,0.8104325
ID_0657F2BD79,0.011275529
ID_73D590B1F6,0.5151669
ID_AA903FE1F1,0.0067576305
ID_61BC6BA24E,0.011395135
ID_96D82EE716,0.013810501
ID_CE0E8A135D,0.14655729
ID_27DEF94338,0.12072019
ID_25E627C3D6,0.05961344
ID_CAC40A75EC,0.008837327
ID_2A04C4F2BB,0.00984409
ID_314B4B661B,0.028236624
ID_1C52E41601,0.05249933
ID_0C46576628,0.012517257
ID_F6AA0062BD,0.16754895
ID_557FC4A8CB,0.017454633
ID_01F4A8EF5F,0.21827824
ID_B67AADCD40,0.038931124
ID_10CC255E9F,0.27166387
ID_DE5B22313C,0.15732737
ID_063DE5143F,0.011871572
ID_89ECABAD6E,0.007284869
ID_7B663EAB28,0.0089857895
ID_6268864A2F,0.27081436
ID_AAD2753923,0.18301076
ID_9E42DD3256,0.036293775
ID_8BA33CABA2,0.39761108
ID_88D8371E44,0.69773054
ID_BEBEAA3F87,0.641513
ID_FE2B535194,0.027965168
ID_20B74AD27A,0.027497897
ID_A0ADF65617,0.042929616
ID_3DB5728511,0.4401334
ID_57794F076C,0.07295174
ID_EAB1B24BFB,0.2179901
ID_197D64AEC4,0.007951391
ID_2BE6C0D25E,0.13371597
ID_96F7449ABA,0.045121305
ID_EC3DEC974F,0.07807164
ID_39AA171C48,0.011937957
ID_E72D4CAA81,0.01016663
ID_AC7E7388B2,0.007526396
ID_802E755C04,0.08427541
ID_E7EA2F919F,0.025203694
ID_C1F9ED83BB,0.018122105
ID_1B472FB415,0.059247755
ID_069DE16F02,0.052403394
ID_D103AC47D6,0.8874572
ID_85D06B26F7,0.6384254
ID_AD89A02AEC,0.08833441
ID_3E58CBC711,0.009563701
ID_75A26DF4A4,0.009684419
ID_8809678A9B,0.03888994
ID_5438A4926E,0.5610864
ID_97FC81D3DD,0.12659977
ID_DFE9830E06,0.021546125
ID_06635D5486,0.12404343
ID_90B859D9CC,0.010291055
ID_D9116C85A4,0.0042357207
ID_6FE11DAF33,0.028154239
ID_AA70151A91,0.069751926
ID_3DD683127B,0.097284846
ID_EE7583E165,0.011918816
ID_A4B1076A77,0.008051163
ID_3DC35A06E0,0.2495479
ID_BE49BBAB3A,0.024568046
ID_AA7B05EBC9,0.065359004
ID_20FD86B408,0.9549749
ID_9930755470,0.037895616
ID_50D9887BFC,0.10882621
ID_2C20892358,0.61129427
ID_62BCEEDA5D,0.0075608483
ID_B80176E05F,0.024755972
ID_4C2A317E17,0.018457035
ID_41C303347A,0.028268568
ID_27BE727E69,0.25330687
ID_5605ECE9A7,0.34279537
ID_5662914B22,0.98941225
ID_17C3BB2ABA,0.008281514
ID_397DD36940,0.096416414
ID_10F3F7F7CD,0.023439622
ID_9AF6358D43,0.009365656
ID_05DCEC622B,0.06864702
ID_8AF60B6827,0.0066631343
ID_7FE9DB386B,0.01804754
ID_7C8D3B79B6,0.005144729
ID_D895E957D5,0.028860599
ID_FE8A3FD4EA,0.013329402
ID_EED434FA63,0.04090629
ID_BEB2BF599D,0.9589243
ID_442D0093B7,0.05788791
ID_3493DE3E1C,0.012293111
ID_E0B66A6106,0.019694654
ID_546ED3905A,0.016704679
ID_5A93D64EC9,0.011627922
ID_2690B0CEED,0.054115135
ID_3D85EBF8A8,0.06167619
ID_3CA4792E37,0.2855778
ID_A1D705335D,0.038206656
ID_17B4924D1A,0.030368805
ID_E2DE22D5F1,0.06939961
ID_D555293C4C,0.008098402
ID_B67D6AE9A7,0.04335901
ID_E5DE584C3A,0.038048845
ID_A440E526AC,0.13430293
ID_3302A579C4,0.015806058
ID_3487F5D5D2,0.0045277197
ID_7953A9E394,0.1795676
ID_F8A00E2EEB,0.34783328
ID_55CBBEA4D7,0.00973299
ID_072943A9D5,0.015286938
ID_65868D0D74,0.008372421
ID_3B70870E79,0.12223881
ID_83E1E6577F,0.5083408
ID_2B0F53C065,0.15337425
ID_9044DCBE55,0.94166416
ID_C39B3113D9,0.2680797
ID_7406D85AFE,0.38688323
ID_E747BAEC0C,0.037745453
ID_4E28328CC4,0.10049268
ID_85AF37D119,0.05725096
ID_2D82003515,0.2534285
ID_97DDB966DB,0.0596798
ID_DDEB7716B3,0.9940693
ID_686DB81D18,0.09207272
ID_A1D9D04B32,0.013716432
ID_57D43EF502,0.03575028
ID_3BE93FD164,0.06270794
ID_18C8484F98,0.0060222438
ID_8C6465CD74,0.0105938325
ID_007D904220,0.0069472627
ID_36450DDF31,0.47718146
ID_1B687259A2,0.016347673
ID_AF67F0672B,0.09503775
ID_6657DA1B1A,0.019300802
ID_87A772E0B0,0.20529343
ID_3C10B5FECC,0.007345823
ID_43FCBD6635,0.01355015
ID_A0ECA6150A,0.671058
ID_5A3BFA4C5E,0.008256909
ID_45B4D410F9,0.11630496
ID_C1F67B2B55,0.083925426
ID_1665B6F25A,0.038467176
ID_EF31C80DC3,0.8008488
ID_31FE098598,0.9642535
ID_1CA900F7FC,0.021803353
ID_36AC1C03F9,0.36293277
ID_CC5BEDA0A3,0.019540645
ID_5C941330A8,0.07813971
ID_D6C871533A,0.058489222
ID_941CB5E9F1,0.030051604
ID_68B47E8BBB,0.0463482
ID_0DC8538303,0.01023472
ID_85D4539798,0.24313077
ID_C8DC2F3CED,0.0132000595
ID_984710342D,0.21707664
ID_F556480D9D,0.044564918
ID_0819C1353B,0.007006431
ID_B47FE27076,0.13418254
ID_BADB9C6497,0.13969812
ID_C517F68E4A,0.12258888
ID_9A454F67AC,0.0613796
ID_022C72E44F,0.18943857
ID_3CF1ED1842,0.03898193
ID_B8938695F3,0.011584969
ID_82074F5EB0,0.71566325
ID_690D045063,0.015327937
ID_E9787FDC7B,0.029337917
ID_4696E967DF,0.010212508
ID_B2CB22D8D5,0.27960798
ID_C3ABF43374,0.008021624
ID_AC7294BD23,0.09414946
ID_44EB034AFA,0.43297046
ID_130036FACB,0.84219015
ID_686B4299A6,0.7059647
ID_DC07FD3458,0.011079157
ID_9EF9F06115,0.2238622
ID_2B11D81FD2,0.07971977
ID_75205D58C6,0.52067536
ID_74372CA93E,0.017413843
ID_3A3990C126,0.036427937
ID_CF8F681BA0,0.10728617
ID_C081628296,0.017848933
ID_5AF9400EE3,0.0072973636
ID_B60C71831D,0.032877244
ID_F8C1FA0A77,0.2741593
ID_D2FF292740,0.58725643
ID_989E6A010A,0.16482605
ID_48A804F294,0.11069849
ID_B499AD37DE,0.11827225
ID_B152A37A1D,0.12565371
ID_B90D19419D,0.032068305
ID_8F7593FAA1,0.013022703
ID_0C86B8C619,0.6210157
ID_D2B546ADED,0.010577426
ID_ABB0CD4441,0.14543176
ID_8B383EF94F,0.008550754
ID_319BEC2A64,0.020058723
ID_333D01ECBE,0.005237518
ID_10B3A6FC71,0.0056190677
ID_35762BA7FB,0.01851838
ID_980658CE36,0.19173346
ID_CF69D97560,0.69541377
ID_43DF0C66EF,0.33823344
ID_6182003A63,0.23772071
ID_2EDD93300C,0.2925392
ID_7ED26984B0,0.119090885
ID_03B488B9BD,0.28790388
ID_4BE7BF2E3E,0.006044721
ID_2EC6D71850,0.008483572
ID_3FA7FDED9A,0.24064633
ID_D0AE8F3F87,0.02287085
ID_7910C0BCFB,0.11985791
ID_620620FABD,0.104348324
ID_0EF2708D74,0.00835005
ID_A91C0D9C00,0.016825657
ID_859D1C0695,0.12791891
ID_60C5849000,0.014141333
ID_473FB3D462,0.0975481
ID_11945504B3,0.49605554
ID_3BEFC9A729,0.9955743
ID_58D4A8E527,0.025201047
ID_EDE2DBFBAD,0.014191312
ID_560B1B54E0,0.120142795
ID_9C7CAA83A3,0.010382806
ID_41F9F2D72C,0.23304118
ID_1FC457B8EF,0.0069429
ID_9C551CE2DA,0.3496753
ID_032F215E1F,0.009333642
ID_40E04C39C8,0.91512626
ID_33308A0313,0.05061242
ID_D1C614EFD7,0.19864345
ID_CE3FC6424F,0.0060559246
ID_64526970DB,0.101898514
ID_BE8537A354,0.23911741
ID_8E9BF1A01F,0.034090556
ID_E0CAD02CE5,0.019746227
ID_47E8D893F3,0.009988459
ID_E4CDE4B773,0.027053136
ID_AFC6A4B02E,0.25894803
ID_8B048D2700,0.487444
ID_FC5E96D8C8,0.012014788
ID_DB1D9FBDBE,0.06809575
ID_BEA1D764B4,0.013701856
ID_63377A4CD6,0.005474131
ID_4365578F13,0.033468097
ID_CA01511786,0.025821414
ID_CE7D8D56DC,0.014383053
ID_27AB4C3983,0.045726925
ID_78F7F22CE8,0.020990415
ID_13C9C60299,0.023359332
ID_195725EB51,0.23857771
ID_E9F3C9D680,0.92866296
ID_8EAF4AD5DE,0.1446824
ID_4F4147A180,0.051051866
ID_F57AD5049C,0.23891924
ID_D749C85779,0.022372283
ID_1130A161DF,0.09985536
ID_A591F26A84,0.0118455915
ID_FE34CA4D98,0.42900693
ID_12EE3181BD,0.031367496
ID_C931015DC5,0.06823853
ID_D3FFAA75E9,0.0067809187
ID_13447BEC08,0.017009282
ID_7704FF43F4,0.008248814
ID_66646A86C2,0.0760915
ID_8393017799,0.014655517
ID_DDCDA84677,0.08853553
ID_1895A54302,0.24456172
ID_C2ACA55178,0.36382216
ID_1CBE0EAEAB,0.31685105
ID_B2ABB54416,0.14774247
ID_F796F1022E,0.4199981
ID_9C30268C73,0.22968245
ID_F9BB4C10F6,0.2557131
ID_490A7C9F2D,0.09455156
ID_244A032C51,0.114468664
ID_3AB1E18859,0.3911944
ID_46A8925550,0.01936241
ID_8A483EC635,0.3523484
ID_1D2E422ECF,0.029902134
ID_1329C977B0,0.0065209107
ID_F4E1935EE7,0.042375714
ID_3428D8FECA,0.15075245
ID_58777202D0,0.39991516
ID_ED3399EA1F,0.01144245
ID_3130969D90,0.03806546
ID_6815BDDDA4,0.06901157
ID_5FBBB4F05E,0.17711231
ID_D1A6864D62,0.0095497975
ID_0F5F818A7D,0.010461581
ID_CA80D88147,0.023234453
ID_B18747F477,0.01155746
ID_9042F2AE51,0.016419891
ID_F84732362C,0.06323061
ID_85D73A48CC,0.018447494
ID_352EC618EF,0.012294135
ID_04E34CDA06,0.008429012
ID_DE7D1A46C3,0.078112766
ID_C60D66030C,0.8532957
ID_E329506077,0.041860603
ID_E1537C94F4,0.01966527
ID_649ED88388,0.054912165
ID_1C42801E17,0.8493521
ID_F990FC3225,0.64101654
ID_17FDFFE5B6,0.15176493
ID_340D429D40,0.005054313
ID_B707ECA4A1,0.09861963
ID_E488FDEDB0,0.010879043
ID_FC8F015C68,0.38926476
ID_0F7D2B5422,0.08994704
ID_2801A9DB9A,0.007400522
ID_336475544D,0.04556783
ID_80E7190DD6,0.831694
ID_88161D2CBF,0.07035566
ID_71D7E4697E,0.07207474
ID_4602B2B2F0,0.017998517
ID_72F6393A73,0.23005228
ID_C8A1455C68,0.25060058
ID_A7113B7D97,0.023566378
ID_04C0A57784,0.005413581
ID_83CBB90A23,0.046202913
ID_9D89632FF2,0.05583979
ID_359BE9C9B3,0.3183377
ID_E21A7B436C,0.026747046
ID_BA3630F9E8,0.021465268
ID_547F5BFC7A,0.042775605
ID_5FCC369759,0.0077161733
ID_2C7F93F29C,0.014442689
ID_95DDC56355,0.042331994
ID_25D5BEF570,0.35366356
ID_0F3B38CFC6,0.07431906
ID_09FDDD33AC,0.75511914
ID_5F9A629EBA,0.34021956
ID_10E7944B06,0.024420952
ID_3BA801BDA7,0.004724072
ID_8DA10C434E,0.9197911
ID_38A0B9472F,0.050482307
ID_EA2AF4EB80,0.04037347
ID_9459ACEB54,0.016132308
ID_0274B355F3,0.034127124
ID_C34CD0EEF9,0.22113052
ID_71FB7A4144,0.049617693
ID_A87BF47A0D,0.2807005
ID_4F9A14BEF2,0.5324993
ID_49158222A4,0.08131087
ID_8CF62B2A35,0.014348018
ID_139FB0AA10,0.0068135513
ID_243A5EC629,0.1142161
ID_07ED1DE038,0.22594883
ID_7F6CDC734C,0.006764265
ID_79325B56F3,0.013837485
ID_12E5D007A6,0.031152846
ID_87E6761036,0.10189037
ID_8077D06C25,0.04604958
ID_46895B330F,0.0061590252
ID_820950E606,0.006212917
ID_EE38CCCDC8,0.010153757
ID_5AD95ACD8D,0.06319718
ID_18AEC6097D,0.029170427
ID_B56079C223,0.013608915
ID_33F13238D1,0.014444201
ID_02EDAAC898,0.026894964
ID_BB3CD556E8,0.0075108004
ID_597D52E801,0.04147124
ID_99F9BDAAC8,0.12863979
ID_4B7FABBB5C,0.081011675
ID_3E896AC3D2,0.06833834
ID_435B0C7D0D,0.022172032
ID_FC167F3E24,0.025218964
ID_494E42933B,0.0280143
ID_C9F108B3DE,0.011850348
ID_A39D0A4A5C,0.034799125
ID_EE6E3509ED,0.8918985
ID_575A93C80A,0.48853275
ID_B01097C60A,0.01912691
ID_E4D2CB1803,0.14633207
ID_BDA29589EC,0.0074749324
ID_930A48B65F,0.09811681
ID_69CDCE4293,0.014793176
ID_08564E25DC,0.015494292
ID_5B482C003E,0.027627088
ID_BEC469F17C,0.01220229
ID_103455E202,0.0045381445
ID_801C4B4BD0,0.0719862
ID_B5685CA074,0.15225425
ID_19603E29FE,0.01387024
ID_4DBD7DA8F5,0.012682401
ID_F1A1ADA15F,0.2427178
ID_BC74808389,0.73488235
ID_AB3D85E6E6,0.85901594
ID_7551C76A63,0.7534714
ID_D1B1E42435,0.00998554
ID_1E09192A36,0.048462156
ID_58DD95CA38,0.31631956
ID_80BA49DCB3,0.08463051
ID_7B834D1810,0.092174254
ID_8A1E379B52,0.9534126
ID_ABB2F38CEC,0.6244606
ID_F103C2D804,0.42950034
ID_AA004A66AE,0.034554485
ID_8DD4799E6E,0.7364785
ID_A4B253AF1B,0.009387019
ID_259E836403,0.1371434
ID_B8C7B42812,0.00554583
ID_F9837B1F6C,0.051917575
ID_30F5A5B7CD,0.058227714
ID_4F9E72FF49,0.006425755
ID_5D237A57A5,0.8212134
ID_E7D16D30DF,0.14500684
ID_E661171277,0.025623132
ID_A223B1F714,0.08766988
ID_36BFC1C90E,0.0056122206
ID_A18481264A,0.05533596
ID_98536B0F25,0.041153412
ID_DD71CB6E18,0.2522044
ID_7B15A0528C,0.008167698
ID_72B9A1C41A,0.4104649
ID_310C0F8EB1,0.035383176
ID_ECE541B513,0.021970171
ID_BA9FB94DF7,0.051255617
ID_320A6840E2,0.2763824
ID_EB5B8C83FA,0.20545053
ID_B390E86DF3,0.9825156
ID_8C925AA98D,0.023338795
ID_FDBD25C263,0.006622839
ID_537D98129F,0.010368674
ID_8F63190B25,0.18143676
ID_7E6DFC02EB,0.029769838
ID_AFB7DFB627,0.07427247
ID_5485FC340C,0.5552859
ID_8887A4F9DE,0.018241502
ID_60823905EC,0.8162027
ID_E5E3618B05,0.48170924
ID_2634CA2D27,0.14398922
ID_08485DB943,0.039931465
ID_3952DC4D94,0.09652597
ID_D72648023A,0.03493578
ID_CA03D5F9E6,0.3368389
ID_DB37ACB9F4,0.11325706
ID_341DEAD906,0.104823746
ID_4B282296E5,0.019201081
ID_43891B3FBC,0.0069630765
ID_E209A54280,0.08172679
ID_BFBC98A00C,0.094689496
ID_C0DD98F903,0.0032179754
ID_FD6D57C218,0.009927622
ID_7BFFEDA54A,0.6392001
ID_44A1C8BEE3,0.15183309
ID_FCAC9C5B42,0.9376205
ID_5DBBF8B112,0.010029637
ID_2164B85646,0.32167107
ID_A851E44DF5,0.01903031
ID_0D1F318B99,0.13979839
ID_B101AA2FA0,0.08936026
ID_DCD1FAF039,0.13632116
ID_A671FAC1B6,0.21384901
ID_C34BEDA2B7,0.0906285
ID_F045E4C83F,0.058608808
ID_78E904FABB,0.2602239
ID_5557289272,0.032340556
ID_7398AAF8E8,0.02114658
ID_DE128CBAC4,0.041116405
ID_C3083E4913,0.027996166
ID_211BF165FB,0.1267057
ID_39808BFAB5,0.016544499
ID_1C91C2EFE8,0.1959609
ID_8140783600,0.023823919
ID_50DA34BCA9,0.3610452
ID_2CC76A9B2C,0.0111420695
ID_8188150131,0.009177287
ID_01EE1FE748,0.045527592
ID_65E14810A2,0.011677966
ID_4CC1AD89E0,0.055112574
ID_9D65354535,0.14610624
ID_ED39B2C5B4,0.0077128625
ID_D14FD58981,0.17878252
ID_FF71B060FC,0.35295323
ID_428F79178A,0.025832865
ID_04A36581B0,0.016555399
ID_1148D32E83,0.08623113
ID_4BDE8E5C46,0.9050345
ID_596681AA45,0.052004408
ID_89A93C9684,0.031948585
ID_5D9C67092D,0.009842024
ID_2632E5E22D,0.012161744
ID_2ED5E6FFA3,0.015844053
ID_E3F2302B21,0.008781339
ID_60D070AF5F,0.30144683
ID_21E26FEC9F,0.05320526
ID_BA8E35BEE7,0.027161146
ID_CC76482231,0.026116436
ID_45C5EEEC74,0.61136174
ID_A347EA11CA,0.010275974
ID_2CCBB95DCC,0.4296144
ID_94E29E68E7,0.124408185
ID_6AFF28261F,0.009328138
ID_04BA07F5F2,0.91891295
ID_99C764200F,0.021517308
ID_AF1C21A6C8,0.029092351
ID_B2FC404443,0.013220648
ID_09806A87B3,0.005204444
ID_4CE04C5D3C,0.17078441
ID_8E3950C052,0.018451307
ID_E318F49644,0.13536696
ID_AC479A912A,0.05090113
ID_8517A58065,0.0060288757
ID_410EFA4903,0.4328701
ID_C55AF1A779,0.059463967
ID_91D4FB3C5E,0.15289621
ID_92F9146876,0.35349846
ID_89C3A07DB8,0.01436786
ID_92F9BD2964,0.35625654
ID_B643A9B0DC,0.24885525
ID_016B377A61,0.022731397
ID_599C75A372,0.15618558
ID_515178AE14,0.02092773
ID_66249F7BE3,0.0085936785
ID_1F14EF7B16,0.8852004
ID_E8970149EC,0.0056104115
ID_0B33AC88D4,0.384996
ID_6D0E12A443,0.014235743
ID_2CE1F0AB25,0.11362119
ID_21A0F3F98B,0.015165664
ID_3A8460138C,0.90006393
ID_32AB5C784B,0.6568586
ID_A29AFA950D,0.034226716
ID_67EF2268A2,0.095206626
ID_0534966BB4,0.020268919
ID_9C94819E43,0.012395443
ID_6D2A568ED6,0.009398601
ID_051C081548,0.009467598
ID_8B71E018DD,0.13704666
ID_E89FD8210A,0.019060453
ID_E974ABBE86,0.019355578
ID_9E9B04516B,0.025582276
ID_9180A43959,0.13274205
ID_6D878D230E,0.029101178
ID_9290E96C07,0.55441415
ID_75E9C1EBCA,0.07314339
ID_EA82E5BB7F,0.035445575
ID_DD1BE137D3,0.058511358
ID_00AF590EC4,0.008393091
ID_5EB1404518,0.012748998
ID_EF50AEC3E1,0.013165746
ID_E058EC0627,0.18983418
ID_F35E509AC1,0.022225657
ID_D60DE75ED0,0.8046636
ID_6EC67132EF,0.8739364
ID_D2755B43D4,0.011790909
ID_74237EDF3B,0.011488165
ID_0326E715AF,0.9808929
ID_F7210364A1,0.1378493
ID_CD167B85AA,0.010580581
ID_2BE09D7EFF,0.06251978
ID_03757D558F,0.3820761
ID_F444CF54FE,0.031229546
ID_A2AF7CD5D6,0.065044016
ID_300671122B,0.027271818
ID_82496FBB9D,0.013383694
ID_D91094A057,0.2724235
ID_9FC5F9827F,0.5941043
ID_B20F5543C5,0.02438902
ID_0FE76F04E1,0.694499
ID_5C349ABB8B,0.010362006
ID_249ADECA74,0.12784074
ID_F2A10EA6B9,0.45502362
ID_5FFEDAC26F,0.012846985
ID_1F7F7FD693,0.061960276
ID_FCC0FCCE2C,0.0719638
ID_F6E94AA597,0.2695522
ID_19E533CAD3,0.064564586
ID_EE730539EA,0.23337534
ID_87833D44DC,0.13982624
ID_2AE3ABF75E,0.37971294
ID_DF2018F5D6,0.05428665
ID_C0067EE079,0.013033117
ID_718A96100A,0.11048453
ID_3D96E628BC,0.006338881
ID_7982ECD3E7,0.03268199
ID_F0F71892E3,0.038643736
ID_FC0D70E8D2,0.014569778
ID_6357576724,0.15606833
ID_120DAA24D4,0.005388053
ID_1864B44E64,0.013436986
ID_E2282C27D1,0.008814776
ID_8A8A780C67,0.00661214
ID_1BD8B214A9,0.013113695
ID_B7E8D0A21C,0.23345655
ID_A3BB39AD79,0.017482603
ID_48FC9A0156,0.44227752
ID_A9A89BC3A3,0.19599488
ID_5F1AA26461,0.252184
ID_0B6E69903F,0.21058698
ID_40D0E89845,0.9304822
ID_E03AFD5528,0.54150087
ID_38CF21C4B0,0.023160968
ID_DD4BD4F9E8,0.044236343
ID_FA7DF909B8,0.41066408
ID_3D3EDC9810,0.80622977
ID_0373E4D387,0.1065277
ID_1316E660AD,0.015609975
ID_2A60F4A902,0.09803291
ID_8870CF2394,0.93307424
ID_BD33C8BB92,0.007871118
ID_2EA158FC12,0.03768658
ID_E89295FAEB,0.5178857
ID_605B567E93,0.16313443
ID_2F67A719A1,0.00803122
ID_BC899C2E84,0.04269745
ID_C4CCD4467F,0.008128902
ID_2AF22558CF,0.0910252
ID_A31DADC19B,0.042989023
ID_7220AB10B9,0.03708675
ID_148E60B825,0.01917274
ID_0942407790,0.032872707
ID_4F243BF5B3,0.01610969
ID_26BE297789,0.016324772
ID_B3217ED103,0.0065022
ID_D50BBAEBE8,0.016839065
ID_768FC8831C,0.01793468
ID_B568A158D3,0.24066146
ID_44879F8B17,0.1209768
ID_315F05242C,0.024430444
ID_90E0D6AFB3,0.12164222
ID_A6017C01D4,0.010178452
ID_4448F4BC52,0.017391961
ID_1351609D2C,0.93569225
ID_DBE27DF317,0.022049384
ID_5E7F1DA7A7,0.014438593
ID_C809BB6F02,0.022545941
ID_64D2E1F050,0.36543655
ID_33AD997085,0.020929744
ID_C1457FB5ED,0.27418822
ID_270D0B8A0B,0.012251294
ID_9984F3B580,0.14504673
ID_D04636B8D4,0.12334625
ID_21E7BE9A8C,0.048076537
ID_EC87AF22D0,0.26623568
ID_8D56440AFC,0.013191761
ID_183F4396A5,0.014685905
ID_F281E3FF8D,0.02964221
ID_477A18D9CC,0.03491375
ID_5A9ECBB0FB,0.11673019
ID_EFBF8E6D11,0.031094741
ID_C0A243010D,0.18239191
ID_001D4C77F5,0.02318338
ID_51CB7B686E,0.111759014
ID_5E501539C1,0.07691442
ID_F8AC0DD148,0.1396516
ID_259DADC4E7,0.05372849
ID_8837C98AEA,0.13285585
ID_5E7C6C9331,0.022467963
ID_F844747293,0.061406087
ID_DAE7297F0E,0.013945103
ID_9E7E3A0B92,0.018993234
ID_A7A9FEEA04,0.8135198
ID_4144E17137,0.3125231
ID_428902C47E,0.012712647
ID_4FE130C66D,0.11473581
ID_2CAA3A7FFA,0.012581783
ID_0E0B2EB3F3,0.23385844
ID_19CD64ED25,0.10785803
ID_C6D602475D,0.01063288
ID_3FA1FAF316,0.6495437
ID_44F2185FA9,0.16981499
ID_7A5276F02F,0.07369768
ID_3AE2DD184A,0.014334585
ID_DC46DD9182,0.019875972
ID_E1CC910AA3,0.51988155
ID_2607F0426F,0.013609498
ID_E7653F3064,0.004903014
ID_0F104D2129,0.021963067
ID_A44AAAF145,0.10548213
ID_7D5A37B1C9,0.01713584
ID_D86CA65DB6,0.008792427
ID_43AFE33632,0.064134285
ID_A2813E571D,0.052104376
ID_AE8A9F6188,0.02971061
ID_D247BBA75E,0.04601328
ID_D188CCA472,0.025649391
ID_0AF18AED1B,0.018335244
ID_84F603E5FA,0.13968568
ID_B65351796E,0.00959588
ID_61EB0A93C0,0.054323673
ID_237852F439,0.36748174
ID_AC1BA4674E,0.09059475
ID_B06FDECDA6,0.21572198
ID_E4CD94393F,0.20963326
ID_D50983A7E2,0.02189066
ID_670F000649,0.34876502
ID_65B4D7EBA4,0.0075943763
ID_BFC9376BDD,0.10147248
ID_5F19BB889C,0.05969507
ID_DA96B5A8D4,0.22664422
ID_5D4BFAC74F,0.5624652
ID_B51E749AFA,0.018377937
ID_3582EC26FF,0.26916137
ID_E1E50B83EE,0.1487359
ID_9C1300C13A,0.05101359
ID_2976026EA8,0.22811
ID_3A24B25DCE,0.04082936
ID_7564E229C5,0.24222693
ID_CAA03E6E0F,0.011698977
ID_C24939CCD8,0.042469673
ID_2758E75E83,0.020559471
ID_728716A2E0,0.0413722
ID_A475D96ECC,0.46121383
ID_633AA30062,0.040878825
ID_681A9A91CF,0.06337981
ID_2ECAF15056,0.12639792
ID_FDC9F7E434,0.027018461
ID_EE623EBFB7,0.021598388
ID_DC441BADDB,0.0056479457
ID_E4AF01A39B,0.15552053
ID_70CA99CCEC,0.009245363
ID_1F1EB77DCA,0.024660783
ID_CD6A5DB14E,0.15637426
ID_8A9E4EC37A,0.03303473
ID_72478B8468,0.033210654
ID_25EDCDBF02,0.009204366
ID_A9592534FF,0.05617581
ID_09E7EC1615,0.012611145
ID_C0034CF12F,0.0073647154
ID_541EE5A0E2,0.0721443
ID_75135C358A,0.31404367
ID_DF375BE54D,0.034536503
ID_49E02BECCB,0.5886425
ID_5C50E3DAE2,0.08251311
ID_6D9F1418B9,0.010215466
ID_913461DAC9,0.9936343
ID_820B89BE82,0.07734057
ID_B410EFE85F,0.30386418
ID_B848ED54B8,0.7836664
ID_2A736967EF,0.14119333
ID_3C8585470C,0.005836836
ID_6B0DDF1DEC,0.022308415
ID_DCDD751962,0.020427156
ID_908E7C3EBF,0.2492193
ID_ECF7A47EB5,0.05146844
ID_206702524C,0.0378572
ID_F0993FCFA1,0.07867666
ID_46230D8EF4,0.11614284
ID_51940153EA,0.12558837
ID_31ABB0354C,0.7741333
ID_87F11E8249,0.85196227
ID_CEFD41EAFB,0.007819636
ID_ECA4D6B703,0.074091844
ID_6430148C91,0.879925
ID_183F86EB93,0.10386124
ID_8A65C9F15F,0.009085873
ID_ABDF229531,0.73514724
ID_86B6F75751,0.050818365
ID_749DBAB1FF,0.014445144
ID_6CCCE97950,0.37901956
ID_5BD7A3DDFF,0.6128828
ID_AE974239CF,0.017519638
ID_380A6E97A6,0.16657248
ID_096625FC83,0.01113603
ID_EF1BF43B8E,0.09737296
ID_379EF63A62,0.059712972
ID_C40CA8A6FA,0.035389982
ID_15CBAE7821,0.0182222
ID_0EC6FD321B,0.22830066
ID_6C0C572553,0.013659635
ID_52757BF266,0.03938939
ID_D768FC3266,0.26203528
ID_E195302612,0.10832546
ID_099C56969D,0.047295112
ID_61568D8621,0.097754836
ID_2812FC240C,0.5391538
ID_B82DFC1DC9,0.49473658
ID_53FA56942B,0.66467
ID_E1D91710C1,0.09338618
ID_B565740566,0.007259866
ID_0EDA8B26C8,0.011680218
ID_7FC24A8567,0.30845177
ID_38A662B5E3,0.03199392
ID_AA00D4B9D0,0.05337674
ID_B109E26919,0.18781203
ID_90E9C5A200,0.018981468
ID_66F594C854,0.18843621
ID_856736D82A,0.033066858
ID_94033D7881,0.19346029
ID_81BC7F486E,0.018695585
ID_834FD9F76B,0.37662554
ID_7B3A0A9D7C,0.6893651
ID_558299A6F9,0.042792384
ID_734C09F33B,0.19616507
ID_BFB117B5A5,0.04680899
ID_9881B97C2A,0.01105622
ID_33F8A67658,0.051602826
ID_482C30F6E8,0.34261194
ID_B27BFB83A8,0.008124384
ID_FEC8711C05,0.048697338
ID_706CEFFBAD,0.013409889
ID_EAEDFC624C,0.011823906
ID_6DE8D28566,0.0136891175
ID_4F15F19970,0.18395816
ID_A62B168FA7,0.007025767
ID_67A4456300,0.4877545
ID_53A296B06F,0.023704495
ID_F0792A13C7,0.42159462
ID_F760195923,0.04508445
ID_FC46D8981E,0.029761493
ID_DC98918B51,0.008238108
ID_3217159153,0.019731192
ID_5EC470B978,0.00926387
ID_D52B9A5243,0.021177135
ID_F6E2578B64,0.010674424
ID_BDF3DAF6CD,0.44264615
ID_7BE3DF9464,0.024277577
ID_DA510607C1,0.014303088
ID_9E178EEFDF,0.023877826
ID_CAFFFAAE9B,0.0063250065
ID_5D31485503,0.9828118
ID_5363FFA9CE,0.012187819
ID_BE619D7F8E,0.027690485
ID_E6E4BA9443,0.103949994
ID_CE152EDBC7,0.040555034
ID_B8C759C625,0.010039002
ID_5A140D16B8,0.037613004
ID_6E3FB1B469,0.07261744
ID_091910169C,0.017444717
ID_8699AC6052,0.0095917815
ID_8B37B8B6D5,0.010124856
ID_D39A6E8310,0.014591491
ID_387EF0E63D,0.00831573
ID_F5B624EB43,0.27687407
ID_570C7351ED,0.009862631
ID_262030525F,0.053141713
ID_8F1B8E15D6,0.21242137
ID_ACCE4CEF80,0.015935255
ID_DD33106A5C,0.2547256
ID_09526F3C10,0.018281529
ID_EE6D159143,0.05500291
ID_2C49C706E5,0.07626891
ID_DB77B54E80,0.025967892
ID_9F62D02FCB,0.037343662
ID_78EA98F1A5,0.0067483042
ID_07972B25DE,0.010690284
ID_A334D93D20,0.007832025
ID_F46FAB66D0,0.03438009
ID_4E224F73D1,0.005614545
ID_C6E6508D76,0.05688119
ID_E73F16E0AE,0.05263118
ID_064D19A69B,0.15004867
ID_0B8AF6A3B7,0.008939353
ID_637112ECA5,0.053060956
ID_10C7C8570D,0.03816564
ID_93EF87FC92,0.064542845
ID_2959D38716,0.10338927
ID_FEAC6203D2,0.01665961
ID_25BD50708B,0.036895253
ID_DA5990F8F0,0.5866845
ID_0F3C1A353C,0.07418191
ID_7767504BB9,0.042488266
ID_82CE326B03,0.010388926
ID_92575FF83E,0.05604341
ID_9580772281,0.09087923
ID_FB8E1E5E14,0.04937683
ID_69D5DD1697,0.033828914
ID_A5F232EDC0,0.02789102
ID_3514278F28,0.02537887
ID_68794F5348,0.025460012
ID_C3D99B2BB7,0.16847941
ID_8E36C64ECF,0.009501616
ID_FBF46B8EA7,0.13811535
ID_D4772AB85C,0.015284229
ID_B5C10B18C5,0.8809492
ID_B5F9B8E92D,0.0051060626
ID_DEB9094935,0.09691524
ID_D8AAF2843F,0.0064644753
ID_059FD20608,0.03943897
ID_CEA59552DF,0.029212989
ID_AAD88EC1D2,0.044931985
ID_43F4129A19,0.010621163
ID_F6B84B7B3A,0.037888035
ID_C4AFB47315,0.030017031
ID_8F0C273D8E,0.42171964
ID_2251DFFDCC,0.034023635
ID_7CB6F3EBFF,0.04247842
ID_30D2ACDE16,0.08515895
ID_12CA8FB734,0.05630021
ID_C3DEF0E980,0.02991896
ID_B9FDA9BEBE,0.22983675
ID_DAA86A94A4,0.46659735
ID_A2DB850C3C,0.08634689
ID_2A9BF62517,0.07438718
ID_E843C40EB1,0.014709562
ID_ABDD9AFF58,0.03217193
ID_5F709D1D61,0.026929483
ID_22E16F7311,0.02874993
ID_436456FCE5,0.040427
ID_6E83178494,0.57390535
ID_488BB08E3B,0.9689398
ID_01330FC77F,0.258772
ID_1F6AAC5B72,0.01657507
ID_0B0A4102C5,0.30773917
ID_5D039C707C,0.05404558
ID_EC79F2E7B5,0.14731397
ID_1B63844D16,0.027530128
ID_D74C0EF1E2,0.1751292
ID_0482F462A0,0.025492884
ID_B09422A845,0.90778893
ID_D3E25A7C66,0.8069926
ID_A416750F06,0.050425623
ID_C599E5D232,0.014482995
ID_A3700DA5D6,0.0062386347
ID_B291051DAB,0.014681025
ID_68403B19D9,0.55185854
ID_457185F4F4,0.51112294
ID_E18C236D02,0.028214019
ID_9EE1528E69,0.8509016
ID_3F93F83BE0,0.114027135
ID_48D42F8796,0.7864783
ID_9995ACA9AF,0.0080752
ID_0CF36761ED,0.19073072
ID_719D311723,0.025890376
ID_283104DCCC,0.019036513
ID_B2D39DF33F,0.0052698688
ID_B2B0962B30,0.27710772
ID_B593D7BFEB,0.6301716
ID_E04C4CF18E,0.9018176
ID_2462723BF9,0.025996242
ID_282134FAB2,0.032762084
ID_167993B846,0.034990884
ID_A1BC9E4D90,0.030835034
ID_D21818B581,0.32734373
ID_727677C6C2,0.4219786
ID_59B8D678C7,0.11551152
ID_E106EFA38A,0.7546703
ID_E0D3031B25,0.06210035
ID_578FC77209,0.4036087
ID_F34CF76F16,0.004033586
ID_4ADD914BEE,0.06548943
ID_927A98814D,0.1729094
ID_645E7474B6,0.01310356
ID_C56B6AFDA8,0.6850906
ID_D5151CB01D,0.07538585
ID_710C7F6694,0.13313565
ID_AF7DAD63D5,0.112596475
ID_C256DD6150,0.05302876
ID_2230F542DE,0.060958568
ID_986B4D61AF,0.0124308355
ID_2620A97ADF,0.113265924
ID_9BD053EA7C,0.024685828
ID_6C16B0EBC6,0.023318078
ID_4798F1CF22,0.04411554
ID_6D9E718AEB,0.027719144
ID_728EA79C0A,0.023689954
ID_64CAE8F8ED,0.07445143
ID_63514D06E5,0.007474703
ID_587D92FA80,0.011553103
ID_E075719EB8,0.017913785
ID_E3B09418B4,0.012379265
ID_3827D3C368,0.27984068
ID_9E6054587F,0.011510999
ID_E912493460,0.09349869
ID_FD70416BB2,0.05035262
ID_B72D920542,0.013432349
ID_80B29EF48C,0.83360195
ID_629B7C97FC,0.0118690925
ID_224C9ECAF2,0.010832074
ID_76993BA74E,0.026535792
ID_08E13F8E57,0.03807951
ID_51275941C5,0.04708857
ID_888009BDD6,0.007985255
ID_292595020C,0.096852526
ID_A48529E3DF,0.65620375
ID_E61305F766,0.0148623595
ID_B52AE78ABC,0.006428004
ID_F0D925BAAF,0.21088643
ID_DA6C872F69,0.02257129
ID_B573AA8DC0,0.05205611
ID_BC079E5FD6,0.025431812
ID_4C5606E44F,0.03257153
ID_4C88131D60,0.16458154
ID_CC8B892855,0.14426455
ID_6F5F5DE426,0.466964
ID_3E62D93500,0.009780891
ID_87DDC8AFA6,0.013657709
ID_3EEB217171,0.2267215
ID_4F3A646EC1,0.01642262
ID_B37A8A4EE4,0.017548753
ID_A371BED305,0.03222074
ID_6C846C8495,0.022036145
ID_8F61D136C5,0.14938627
ID_898F0EE39A,0.16396335
ID_87D534A1A8,0.008343517
ID_D60CBC9B84,0.014753754
ID_333855508D,0.25543767
ID_E2FB6B97B3,0.53967214
ID_FADD734007,0.008128763
ID_A44277C030,0.050068595
ID_5CE216F259,0.5397109
ID_4E875E481E,0.04456541
ID_DBBF353D21,0.12725934
ID_5D487AAA97,0.03451644
ID_864B0AE389,0.011920991
ID_E332259890,0.10807215
ID_714F8FAFCF,0.01980061
ID_D73A7AA8FC,0.16006356
ID_D5D4FA0737,0.0144555895
ID_F4140588A4,0.32546905
ID_9F6A29330A,0.66452754
ID_9D06E6FBAC,0.01393175
ID_00453BE0B7,0.4482055
ID_D1C0766D8A,0.021406157
ID_2932B627AC,0.0569461
ID_F66997A853,0.093378626
ID_48C5191D63,0.013171206
ID_834CBF9A49,0.051716164
ID_729C967136,0.23446572
ID_C0BFD28355,0.011306133
ID_369ED8AE66,0.41154376
ID_7B32F2E3D8,0.031773433
ID_5C926B8041,0.009635229
ID_4ABF960B48,0.60546565
ID_D50C97ECF2,0.673978
ID_A6396651D0,0.02229536
ID_B955AC496A,0.0068162275
ID_232FD0639E,0.098953374
ID_54B1590848,0.0946663
ID_D8AFB220A0,0.034207284
ID_7A465E1AAF,0.19047719
ID_1ED5F8D346,0.13676092
ID_3D14128A19,0.36695227
ID_B862A7ED01,0.009500288
ID_A352E5C85D,0.11619462
ID_9E49F406F1,0.100571826
ID_9841839EE7,0.68563986
ID_76653FCE57,0.08413446
ID_CA45F52D24,0.022338687
ID_6054542168,0.01824396
ID_FBF2D4FC7D,0.0072336188
ID_1EEA121604,0.04360281
ID_0407F2AC74,0.25942692
ID_582748484E,0.011890906
ID_9158009A38,0.017925873
ID_0AEFB1F120,0.0077541303
ID_1562E77B86,0.42373338
ID_C5B059E225,0.16708422
ID_0CB33230C9,0.21548091
ID_39B58369DC,0.35758802
ID_1C6AB45EBA,0.013868543
ID_1AFB2A69D6,0.040495526
ID_8138C8F9FB,0.3081484
ID_A97A08ABC1,0.005753635
ID_5B5E8BC3EB,0.006209389
ID_7E18FE8966,0.07634438
ID_01184FA6E0,0.019532574
ID_AA9AEFD513,0.11715531
ID_D084F24BC5,0.030075451
ID_8E002B9E14,0.15174326
ID_104894FD03,0.12307967
ID_93F1A7A002,0.03816475
ID_F9B396CB82,0.9096782
ID_BA486835B6,0.2461487
ID_BCB2B47286,0.01390323
ID_A40C1E66BD,0.021142837
ID_72553A4FEB,0.6102852
ID_5ECAF6F96D,0.43682235
ID_8BA7A262B9,0.5297076
ID_38A88D92D8,0.01400695
ID_4176A1167C,0.007433989
ID_B056D6B9A1,0.006429208
ID_9213F06021,0.02637335
ID_D32CF190D3,0.010804244
ID_597ADC1A14,0.070005275
ID_C853EA2872,0.093945466
ID_B97ED814C5,0.5390528
ID_CB413A265A,0.119775474
ID_5A20A8195B,0.42500183
ID_DEF683509F,0.18285276
ID_86FCB4392C,0.009593929
ID_0742B50BAD,0.015162707
ID_517DDFD73C,0.1780237
ID_36C9C910D9,0.32259744
ID_AEEA659328,0.9976498
ID_5DC118EF4C,0.019185022
ID_E27BAABDC2,0.056225758
ID_43D3098223,0.46185791
ID_C5DFCCA01F,0.064657696
ID_6B7C63618E,0.016364554
ID_F9EFAD64EE,0.022121178
ID_0CB1AFEABA,0.34328648
ID_95B8B7ADFF,0.017400313
ID_6F1CBA9CAC,0.007917308
ID_0D9FF59946,0.18798707
ID_24E48D6C20,0.025164008
ID_25EC70FA09,0.008318971
ID_07955C6073,0.65005815
ID_E02C98D643,0.016101388
ID_868C6FC0A6,0.9138332
ID_F60C307D7E,0.12546773
ID_934C5C6FFF,0.22692282
ID_6A7FB1C4E4,0.29220974
ID_6EC3B06990,0.027780833
ID_DED49ACE99,0.40369654
ID_E6A4642A22,0.01880857
ID_5FD9A8AB24,0.022835787
ID_DC8E385DCE,0.019241555
ID_21C24C2C73,0.01533279
ID_CCE14FF62D,0.0696669
ID_0E374E370F,0.33417472
ID_EBB9CC36B5,0.019971207
ID_186B9D7A52,0.40764508
ID_AA1B7B2BCB,0.050014436
ID_029A470F93,0.0043364814
ID_6E673A4663,0.0060523204
ID_E90DA27D17,0.03496632
ID_466320D905,0.005786349
ID_0ED3EE8155,0.040867776
ID_1EE0305536,0.13897304
ID_A8DEDE734D,0.023799462
ID_0CD72FB7C5,0.16333655
ID_C4A3947E2A,0.006252958
ID_67A6F6D511,0.15200995
ID_1784081E8A,0.019029355
ID_73A3911855,0.07904074
ID_480F569573,0.03456279
ID_5A978D8766,0.115950674
ID_5B85A7B541,0.525748
ID_010B6850A5,0.18631376
ID_7AA061B15F,0.01930003
ID_EB575E00BB,0.035446566
ID_34EFB19FF7,0.25253582
ID_4AC64A661E,0.4636453
ID_952FB5E45A,0.17701937
ID_C926EBE1CC,0.09792412
ID_3BDE682995,0.01546206
ID_1D6E8EED3F,0.08344419
ID_57A1CFD4A6,0.04076918
ID_B9B4C19BEF,0.013357938
ID_910930391F,0.96835136
ID_C14C5504AC,0.63548815
ID_DDBDCAB833,0.6675506
ID_2BE09FF4B3,0.30345276
ID_60ED6AB1E8,0.4000382
ID_4DEADE3E92,0.06771568
ID_40EC8D0391,0.034586675
ID_CEC409D812,0.023744484
ID_B95E1A3981,0.0075696916
ID_E71D701DC1,0.19505553
ID_A420A87591,0.022278996
ID_F759E07078,0.087463416
ID_6EC21D1B66,0.009109491
ID_48CA7FF59D,0.0056756525
ID_3C8FDAA982,0.02689893
ID_026DB95C26,0.039345425
ID_AAA546B9BF,0.0071370355
ID_870208DEE9,0.12611656
ID_0C8ABF0F8A,0.0124149285
ID_88FED98B57,0.44552752
ID_8C624221CC,0.01102585
ID_6E8F1EA584,0.023241086
ID_8AE7322317,0.28209737
ID_9D3DBFA0B0,0.0151532395
ID_0E9E5B7E38,0.08309034
ID_17D53C9147,0.843321
ID_D857A3BE4E,0.013362198
ID_D6A0D075F6,0.025970528
ID_D6CD5B99E9,0.01486964
ID_A1DDFAEDD3,0.034738127
ID_80D056295B,0.008972991
ID_BB9B3E388F,0.97023225
ID_E699C0CC58,0.21155936
ID_4ABDE0E1DE,0.21410556
ID_C0A7FAE030,0.26440772
ID_EE9F5D92E7,0.22201255
ID_5C57CEFEC0,0.22209305
ID_E56E851C72,0.007613312
ID_514BE7063F,0.08146377
ID_94B51DB1A3,0.15022911
ID_FCD2D4087C,0.091845825
ID_0ACB3E3D86,0.007132105
ID_15FEA75B4F,0.08014512
ID_3A70B9E819,0.21250816
ID_57F213547A,0.54075503
ID_70E7B23389,0.008680569
ID_F98BDF9ED7,0.010049437
ID_52AE39FDE1,0.007922428
ID_89DC1B4B10,0.090567924
ID_B274DB4E62,0.43783125
ID_7230E65D6C,0.16496481
ID_FA7810A874,0.77662104
ID_64EB5868D0,0.57969165
ID_C6C2F62747,0.06734446
ID_B6FDFF8278,0.009671263
ID_B38BC1343E,0.008229738
ID_0B209106BD,0.67628604
ID_C94FD09A9F,0.028909191
ID_F67517AB2D,0.013918238
ID_7D1292AFFD,0.0074789044
ID_7177B8B2CB,0.4364701
ID_C8EBAA03D6,0.007831724
ID_363A339419,0.10546683
ID_D8A8F8892C,0.0070056566
ID_A57F16486D,0.046856716
ID_B5AA87EE25,0.010571184
ID_5DCCE665DE,0.045257837
ID_BCA37B1441,0.011840054
ID_D86C245387,0.27201203
ID_CA469406B8,0.043899138
ID_42EEA21A52,0.086094536
ID_75379C109A,0.17281218
ID_7ADEC881B3,0.04308549
ID_5F5EA36013,0.15345126
ID_0F9B8652AA,0.79541665
ID_E803505247,0.028921438
ID_FBACD612D0,0.010999375
ID_86AC80B420,0.7667557
ID_99AD55C250,0.015529925
ID_9330A9044F,0.34887442
ID_3F19AC566F,0.015739923
ID_D2D6827AEB,0.059849694
ID_4F9A27F27E,0.025911754
ID_27572509EB,0.5936702
ID_F457B48881,0.017842334
ID_16A6F55B9A,0.0070281834
ID_128AAA01FA,0.994294
ID_BF5DAE7004,0.027667612
ID_B6C8F594D0,0.014113093
ID_6B788FC6B1,0.011716287
ID_53A492411E,0.075366005
ID_4D4291B20E,0.41738155
ID_1296BE7F72,0.0107229445
ID_C60C770558,0.38149872
ID_60209C2AF6,0.015069634
ID_11D65AF74D,0.016751418
ID_3D7F4870A5,0.01027854
ID_338BAC31A9,0.067592286
ID_878AD6B2DC,0.61241776
ID_978CF69139,0.016896313
ID_CF7F0D4184,0.018327527
ID_69BE89362B,0.028040485
ID_419540E2C7,0.16599114
ID_054FEC1080,0.10649728
ID_D8BEAD971B,0.005152338
ID_47B731D96F,0.03726498
ID_5F36EE9DBE,0.09139812
ID_C8A6EF7648,0.97070867
ID_1C1B369CE2,0.020909095
ID_71086D3CA8,0.0989826
ID_116DD6DD96,0.49530056
ID_938CB133F8,0.04565351
ID_375B93F9BA,0.029688677
ID_80412162CD,0.005868962
ID_811187A849,0.007248343
ID_D34696E2E3,0.023611201
ID_B54E4FCFB0,0.014258082
ID_EF0E8E3C40,0.25082687
ID_67BF05E2F8,0.010336336
ID_942CB66C7F,0.028326968
ID_F8180E9F4A,0.9192784
ID_AC03DE4F59,0.016781598
ID_EB9ED36FA1,0.4143239
ID_CC7BC9D62B,0.08657266
ID_0FEC401A94,0.1305392
ID_24F16C5DC7,0.027417187
ID_81D2D82FC3,0.07004018
ID_B2EC1E953A,0.98795843
ID_C241D4EAB9,0.0078026443
ID_9BBB2173AD,0.009174707
ID_7D30BEBD32,0.05721129
ID_C9C0587412,0.01617156
ID_61CE0F92E9,0.0251275
ID_EACD188BD0,0.0055723004
ID_7D6F792F19,0.09655994
ID_5532DBB738,0.075439386
ID_BAF68C91D0,0.094749436
ID_FF6A9C8CBC,0.015573461
ID_A496F6200C,0.091487825
ID_15BD0525B7,0.0061758338
ID_33E197C10B,0.013040166
ID_222C312C84,0.020560127
ID_C300C6275C,0.02511927
ID_92751DCFDA,0.0066996026
ID_87C43B8604,0.19823538
ID_D2AD2D7C79,0.036918066
ID_0D299BEF65,0.3398308
ID_6DE0D7B61B,0.1521458
ID_790D6A7C61,0.00861163
ID_95D4DD54EC,0.17349716
ID_8C5D77EB48,0.32307598
ID_F4F7D0095D,0.012532296
ID_DDF7021899,0.11438549
ID_F95BA0F380,0.012581368
ID_3BD0F16780,0.019887052
ID_9E966EA0F1,0.03254994
ID_9AA34CE83C,0.10813029
ID_8321E35074,0.105052404
ID_61EA1D9008,0.090666026
ID_797437FA46,0.006894355
ID_6F3EB3468E,0.066322185
ID_85930D268F,0.9826943
ID_0C7E0D6315,0.9874621
ID_A84FCB6459,0.7559097
ID_67CDAF1531,0.04046566
ID_020EACFD30,0.004551478
ID_7252BBAF75,0.14624439
ID_238BAB2A20,0.025975112
ID_BB7A6070FC,0.3426285
ID_D84BAAEEF1,0.42241248
ID_3EA58BC5BA,0.17372608
ID_DF888D06E1,0.017919926
ID_6F2F16F808,0.037342295
ID_C63CDBBDE7,0.032178085
ID_4932A9C1D3,0.043066397
ID_12EF01C7C6,0.01766775
ID_6344646C35,0.005584562
ID_B58C10B5C5,0.013285814
ID_3487069946,0.08386627
ID_E476D21D84,0.22493696
ID_5B7250BCAF,0.027840184
ID_CBCCB5624A,0.1876124
ID_854752CE89,0.12085548
ID_B9F261756C,0.007198969
ID_25F12700D4,0.04684851
ID_F31AD176E3,0.151619
ID_7773DBF0F9,0.21533757
ID_0BFD274EA0,0.11134875
ID_B061CD4CB6,0.01100733
ID_FA81B732F1,0.010974824
ID_35BAE7EB3C,0.0044491226
ID_99B4F188AA,0.043782055
ID_4B8DF64430,0.1459819
ID_61DEB44F32,0.015626306
ID_D8EA1165D4,0.35805222
ID_2D9FCFA8D6,0.02932207
ID_1054C29109,0.62746227
ID_2270E4872A,0.054658968
ID_D9D6A5E47E,0.22157301
ID_3EA1B486E7,0.014591942
ID_44434FA4A5,0.008327338
ID_464E474CAB,0.020469245
ID_DFB3C097FD,0.030783946
ID_C59BA86300,0.09150492
ID_639734F4C6,0.006079728
ID_25AD9A489D,0.9532368
ID_EB240281FE,0.021529146
ID_B489AAFADD,0.5074267
ID_8B5F63CDE3,0.34636015
ID_836A4206B1,0.016775282
ID_92A19F33B0,0.019499121
ID_E76CB6F966,0.03192669
ID_1D5F6961C6,0.11398855
ID_D2A3086162,0.0698215
ID_14DFE5574E,0.12196291
ID_F6597671D0,0.06818976
ID_FD1D68C7FA,0.008313365
ID_773A9D3F9D,0.18600349
ID_9FB5F0067A,0.022748483
ID_C8231614E7,0.020488545
ID_AAE650BBD8,0.007228473
ID_49FFEA01BC,0.06618658
ID_123F99E2FA,0.025841534
ID_5EB5FE3F3A,0.015211367
ID_90D394755A,0.2031518
ID_BC6749EDB1,0.055301983
ID_15F167F515,0.016211746
ID_55B173DD9A,0.019354811
ID_62B6345722,0.005115787
ID_B38270968F,0.19847685
ID_F2D6E121AC,0.0096506085
ID_E1A9068F83,0.009217796
ID_08A9AA08FF,0.031446766
ID_A303A93A2F,0.023554156
ID_32940CD9FF,0.060383078
ID_B966670BA0,0.008799286
ID_ADA8C0F1B5,0.013244304
ID_9C72960964,0.19180657
ID_D8BF7EC295,0.008008321
ID_458DC0DBC3,0.030964794
ID_1D9FC4C2FC,0.042440053
ID_165BD22AA0,0.025138387
ID_A905AB66B7,0.81054974
ID_E92A5C0A05,0.02918753
ID_4719AE76FE,0.18322428
ID_8E771C4D73,0.7959705
ID_064AE6441B,0.081748016
ID_05D2FB3EA4,0.40173677
ID_A72582A17A,0.15750264
ID_31A926F2B9,0.8982555
ID_0828682870,0.05200065
ID_4A24045ABF,0.7048076
ID_1442CC745D,0.056864467
ID_902FDE0B44,0.006183286
ID_08F91DCE43,0.007932705
ID_836FE4C93D,0.008652967
ID_981DB1EF92,0.05107356
ID_A194CE7E7C,0.018032914
ID_6955B55502,0.0698354
ID_2C242FA989,0.009256608
ID_D0CDD6B891,0.006637841
ID_5DF5526E9C,0.010578859
ID_9E06675BED,0.0070886957
ID_F66FDDC84F,0.06981544
ID_4216B1556E,0.17121784
ID_17A45661B1,0.058404773
ID_2D2D4CE911,0.016321838
ID_92C693A4DD,0.014983546
ID_FB4F58B1C7,0.00621021
ID_4C453DB30E,0.100064225
ID_FDADE66A17,0.0136861
ID_6977411C84,0.24067734
ID_1536B29B83,0.019646991
ID_6D1DF1C5A4,0.1538931
ID_3501999504,0.2678563
ID_7CEFB1621F,0.5188539
ID_94A3F667C9,0.041022364
ID_ACA5FB468B,0.17386366
ID_31F42FCBE9,0.022363022
ID_1B0854177B,0.05986821
ID_7DC51F759B,0.5217973
ID_C7FFC372BE,0.611359
ID_E1365FBAC9,0.07606707
ID_CA6CA9EF14,0.08608558
ID_48C14991A7,0.046447277
ID_775BC9498D,0.0067559537
ID_DECF930F9A,0.029560521
ID_9A2735C096,0.075695194
ID_A5DBFAE64F,0.005321725
ID_04543BE021,0.01932905
ID_CA185589F0,0.0062746014
ID_E1BD6FFC87,0.009394478
ID_91CB5D7ED2,0.01987154
ID_59BDEFE816,0.07492619
ID_7CEE2CF332,0.05044105
ID_DF7B037FD9,0.04158459
ID_A8712E8E54,0.00999285
ID_6D6A9A9E3E,0.11609669
ID_819C33BF4B,0.018143607
ID_57882B01EA,0.24936362
ID_EF5A0868DA,0.016836384
ID_D0483CF208,0.013615213
ID_CF33AD433C,0.046255704
ID_293109B820,0.23547502
ID_76E1B03E8C,0.13307445
ID_B08730D695,0.011934567
ID_762D944A36,0.0305429
ID_B0102EE760,0.4620775
ID_D36E753630,0.005485658
ID_B6705A9799,0.029373689
ID_502F8A55D4,0.08054837
ID_0AB1508AFB,0.21651906
ID_25F037808D,0.2388204
ID_D42A29834A,0.5920282
ID_2E824DA095,0.008102972
ID_51E7C530FC,0.028427709
ID_0DB3C8E7B4,0.0063671605
ID_2F7F7568B8,0.20565864
ID_D869A0157B,0.030813927
ID_3761AD8ACB,0.029290076
ID_A127CA664E,0.013323344
ID_66E0516029,0.013046177
ID_F558293CF4,0.055062667
ID_1DAB1D52E4,0.016812759
ID_31A070D66B,0.1774075
ID_1C26E4972C,0.08077113
ID_A804FD984D,0.19575068
ID_9971E7588F,0.059093766
ID_4E518C0F12,0.92310506
ID_D8391CBE3F,0.15274855
ID_6DC5E2487B,0.04525253
ID_CDD25B1A4E,0.016850082
ID_C17E09246D,0.021176921
ID_79879E0F5C,0.053406022
ID_73923DB75C,0.028369287
ID_34595103DC,0.012002695
ID_5BEDF4D148,0.0070411917
ID_720B34DAE1,0.005673049
ID_8CC077F758,0.03546326
ID_28680F7D4A,0.016087193
ID_EA7B946DA4,0.084736995
ID_AD27952FCD,0.035584044
ID_77C9627D79,0.91272634
ID_A58837A6DB,0.13042928
ID_BFDBA98959,0.031128172
ID_3B3997A70D,0.008550898
ID_BC77308D23,0.042994652
ID_561DD1718F,0.053108025
ID_51C0050460,0.011550828
ID_9B5F14FD2C,0.012193581
ID_D652F8C017,0.026559405
ID_D86D260634,0.039016683
ID_171F433D93,0.20439918
ID_036856B8F0,0.4857171
ID_1FD0CD9435,0.028108988
ID_1EDA1E9A38,0.0075421147
ID_D28D525DB4,0.30603325
ID_F11CEA498D,0.5100535
ID_5E1F05D370,0.008688246
ID_C1DEC6D219,0.70415634
ID_372C624916,0.024190772
ID_BF0A160FBF,0.015954904
ID_51E8B21A06,0.007792061
ID_0CAC6C2902,0.064079225
ID_EB853DF97C,0.10158849
ID_0A6831D2E5,0.016779603
ID_DC346C68EE,0.8976571
ID_08F0CAE90F,0.057799518
ID_B31E890F4D,0.30341947
ID_025B15E15E,0.11985115
ID_74D8BC3DB9,0.0060025924
ID_4724BEB856,0.0128915915
ID_BACB8B36F6,0.5357852
ID_CDA9B6C3BF,0.025916876
ID_C14A1F6961,0.30742365
ID_2370AFAABF,0.023535047
ID_20BC08EB0E,0.036184803
ID_85E1E1F1DD,0.048884954
ID_766CADC276,0.04300153
ID_E5CC4F8B88,0.051734157
ID_05E21B2BDF,0.0394515
ID_41CED4A1D9,0.3067707
ID_990F9B771C,0.06549126
ID_DA7B8347C8,0.8576547
ID_C75EF6C0E6,0.020852521
ID_FBDDFF3D46,0.3092515
ID_6A7CFBF98D,0.12723435
ID_2FEF4D0017,0.019709617
ID_F2A72B2BB6,0.9300195
ID_A7EEE3FFEA,0.023049174
ID_57385B2BE5,0.024787247
ID_E8AADA7560,0.1799462
ID_207FDD8B4A,0.015455714
ID_B2F4950B19,0.010055871
ID_E7502CF42B,0.07129912
ID_9A2EB022FA,0.13198945
ID_E88024FBFF,0.13778308
ID_98D5B5225B,0.008878857
ID_4381731B49,0.008659468
ID_C1CACDD448,0.01657742
ID_3219D6ECD0,0.0104593225
ID_835734110E,0.006088096
ID_4AA5B5303C,0.06729831
ID_5A20D701BE,0.010100129
ID_B7354FA88F,0.303326
ID_33248111AC,0.04019583
ID_4D23009522,0.010728804
ID_B3D84C998F,0.09744679
ID_08045E3440,0.10975404
ID_5C22BAEE90,0.02645519
ID_13EDFEA33E,0.29949424
ID_001B59BD5B,0.013860224
ID_55DA5DA1C8,0.3482373
ID_DF1A0F40D3,0.014018584
ID_2625D5DBB5,0.17990902
ID_E76A8E1C6C,0.26897192
ID_71537F8D4E,0.008335128
ID_AD7EEA3F36,0.07017414
ID_715C2CE46F,0.008116934
ID_C9B56B5CE3,0.010962883
ID_9762F69369,0.2008117
ID_C3FFEE106B,0.008512247
ID_CEF8D13B74,0.27621055
ID_EC44978410,0.0132700475
ID_245500AA14,0.13648935
ID_86D776A64C,0.01145412
ID_0011C70C96,0.31089577
ID_668F767D6F,0.2228807
ID_28580AC593,0.047720235
ID_A92AF0D7B4,0.05888266
ID_7FEB1F034E,0.092973545
ID_90396F7760,0.018968264
ID_8D8BDC749F,0.011417237
ID_005834AA31,0.02565246
ID_37C9436B19,0.21334083
ID_0F41A52338,0.026385345
ID_7D1F92885A,0.013526751
ID_37289683A8,0.009003878
ID_EAC7BD112C,0.026307812
ID_9F28CDECB6,0.39895847
ID_C55B2F9CD1,0.062352374
ID_969B10D1CC,0.346053
ID_F094EE2A03,0.019992648
ID_388C5E4FD3,0.0050424594
ID_76609AA50A,0.005080332
ID_EDBC3053C9,0.94415545
ID_0B328A4CBB,0.45889333
ID_A44FC5859C,0.03466885
ID_094E2282FE,0.31809548
ID_89467DEFD0,0.01364522
ID_0401424C10,0.17876497
ID_031625501D,0.23351665
ID_A1F775DF0A,0.051075276
ID_C1F494691A,0.09536215
ID_43088D59C4,0.042066902
ID_5D5C71FFC6,0.019087596
ID_6C8739DD44,0.020927288
ID_7F5068FD5A,0.044383198
ID_5D3306FDE8,0.4256689
ID_B1223C043B,0.34319645
ID_AFE11C6614,0.038609613
ID_45E4313E5B,0.013735966
ID_7ABE6656FA,0.00774004
ID_8933BBF5DB,0.013147098
ID_54023770CE,0.08214129
ID_FAA7D7D5A6,0.067400165
ID_31DC2F0EE0,0.018635754
ID_F81E5F8557,0.028903812
ID_E96EC977C3,0.006544741
ID_0C0CE3547D,0.011211701
ID_2BF21E7A05,0.00871207
ID_6253B1C691,0.45945206
ID_A45AE3C56F,0.48183662
ID_1D21F0495E,0.011448075
ID_5125D09342,0.030632205
ID_53D54EC28F,0.007724099
ID_7888E7AE0E,0.020419208
ID_D17D795195,0.06072142
ID_75DD15DA89,0.007901555
ID_E34D1588AC,0.11565194
ID_CA1603B68D,0.11353825
ID_2DE75C7C21,0.116495915
ID_E83FE94244,0.23751643
ID_E66468D871,0.992508
ID_67A5C43AB0,0.90146065
ID_1A832E151E,0.015732685
ID_06487A054F,0.014754733
ID_AE611A7049,0.113480285
ID_F7FD6A15A5,0.43121037
ID_4FBB478997,0.80460757
ID_5F9918B03F,0.047089506
ID_3AEE527EB4,0.015834497
ID_8307BC041E,0.37039924
ID_457B5B1DC6,0.024910413
ID_E89A2D49D8,0.003347788
ID_999EEE5A54,0.43017045
ID_D8E6B41EB0,0.063825436
ID_9388810A2C,0.25073007
ID_31A7AA9E09,0.25299442
ID_8589C7D2EF,0.5876445
ID_0558BFA806,0.023451228
ID_E3B0804C87,0.0106613785
ID_FBE26D9091,0.06932571
ID_9008918BFC,0.03125228
ID_5B72502499,0.058481622
ID_7F3DE1F870,0.22989781
ID_D2E414EDDE,0.11866533
ID_03A65521B0,0.015689557
ID_855EDC63A2,0.13691159
ID_489F834EFA,0.03961737
ID_8683F703A5,0.12743515
ID_A96951B26F,0.035525523
ID_B47BF5FBD8,0.00672021
ID_CC05434E07,0.0080866525
ID_0487D7B3A5,0.3069676
ID_0C6751F483,0.07132257
ID_AFF07D8097,0.008967248
ID_DA6894C8A9,0.0038141473
ID_9362FD8CFB,0.10152453
ID_3190ED14E0,0.22203974
ID_D842C649BD,0.022845874
ID_496F8000D5,0.0150840245
ID_D6BB3F68BF,0.075367086
ID_16650B0A29,0.1257409
ID_C084A63820,0.041662827
ID_C2413C490A,0.4319092
ID_9B9D4FF441,0.054315
ID_44A6FF7BD7,0.07710711
ID_5EEC6D15C1,0.09135938
ID_F327692DA0,0.006072306
ID_C8021AA89E,0.1142944
ID_FBB6A52115,0.30060086
ID_F77B5901F6,0.073730454
ID_877A011B31,0.013417514
ID_64431C37CE,0.009849145
ID_BC4409DC79,0.20424266
ID_68DF86D9D4,0.013202308
ID_5EA403BDF6,0.9257562
ID_4E7D4B1737,0.31890386
ID_8C51D51CF9,0.14497441
ID_A3A70F34D9,0.0141587
ID_14EC83FEA5,0.12787686
ID_9459ADF898,0.090048745
ID_2A066EE96F,0.41358247
ID_ED6D09F8A7,0.17455469
ID_1109B80C35,0.28613636
ID_3A77327731,0.04310563
ID_CE69CF59EE,0.029290885
ID_4B174452D4,0.023046296
ID_ADBD749244,0.100782126
ID_A1FEB2A752,0.3879847
ID_0A518F5EC9,0.03374658
ID_62CE2DE8CD,0.15916784
ID_DB2BF908E4,0.9110699
ID_367916B052,0.022179974
ID_9035F4B486,0.5702056
ID_E16DBE6A75,0.27158514
ID_ACC3C4BD72,0.110786855
ID_12C2680CD6,0.024152027
ID_552EE11245,0.018080145
ID_447C731FFB,0.093275785
ID_055230125A,0.28041792
ID_1314F3400B,0.039377082
ID_76B434CEBC,0.23938175
ID_E11794308D,0.7836239
ID_A91714D494,0.051214162
ID_58CAF1E387,0.6915972
ID_FFAB7177CE,0.26387143
ID_408ABB2348,0.01403501
ID_3983ABB1E4,0.08753435
ID_AE329E8FA5,0.015119637
ID_4050A96FCA,0.038264714
ID_4C4DB7FA90,0.007516057
ID_488D178104,0.79191875
ID_2B5BA98552,0.021276869
ID_F15178CE48,0.04714422
ID_84DA457393,0.05480667
ID_5A6AB9BDD0,0.8614039
ID_56EF400F0C,0.06864146
ID_ED2636E841,0.14243829
ID_CDF71FDE1D,0.024080928
ID_0E291EC2C7,0.078413464
ID_60272009E2,0.31887427
ID_80B34C6FB2,0.04902306
ID_88E5C78E26,0.18876638
ID_A015F75776,0.0066658757
ID_3CD3FE3114,0.43782538
ID_8C97861251,0.5940597
ID_DEAC11D9D1,0.080974504
ID_940028C77D,0.23663579
ID_7FF890FEC0,0.015174697
ID_668DB4BF98,0.006900134
ID_2723009A07,0.09225144
ID_B0C6F58B80,0.2531584
ID_4414CBB35A,0.009439336
ID_4C71F9B82F,0.2120128
ID_DE6DBB0BA1,0.004577089
ID_7E607F12BC,0.33838415
ID_9E7DF68010,0.4079242
ID_3403B014A3,0.011397009
ID_49E711C980,0.41196692
ID_61F88C4389,0.22765607
ID_FC49535732,0.28174797
ID_4A8011075D,0.043325283
ID_E9CDA25C82,0.7836367
ID_A58F79F395,0.0077674687
ID_020EF45FFC,0.012142523
ID_57F36AD345,0.03553103
ID_E3C9784AF0,0.054716498
ID_CDE00EA176,0.8308932
ID_51125FC129,0.021693101
ID_B908957964,0.036680423
ID_E57E0DE72A,0.69754136
ID_FAA79D7A3D,0.010723878
ID_792601514F,0.010466097
ID_C647AFD624,0.22098416
ID_CC20844C80,0.04500438
ID_E8ADAF74A8,0.063337944
ID_AA1E175B73,0.012953766
ID_38923F1EBD,0.93502957
ID_667D5C77D1,0.010125447
ID_76F15B4D9A,0.009445284
ID_D4B5AE5D37,0.018521039
ID_F31F1F1329,0.00675631
ID_4E5E3430FB,0.22402057
ID_5DF2173762,0.013927637
ID_7D81325D74,0.017737163
ID_5F0A2A5DA3,0.046239432
ID_CCB6F6E655,0.12922765
ID_EE896DECD8,0.36678368
ID_37B6003353,0.99783075
ID_8135A81F56,0.07395785
ID_7333C1E547,0.01141112
ID_265E47304B,0.07565028
ID_32FB6E919B,0.94226366
ID_F21CC55C62,0.011526271
ID_CA263DE6C3,0.088299274
ID_B9EEF051A9,0.4597727
ID_958A1DBDC8,0.96194494
ID_60459BD7CC,0.37271652
ID_9438511580,0.0044295043
ID_9442125B51,0.010475427
ID_CA67BAEB63,0.04702586
ID_B9922D2359,0.12783961
ID_EA8E026BA9,0.030281901
ID_47B4DB9EF1,0.008914891
ID_A90ECD2C01,0.06715848
ID_E9A05D2E05,0.026759269
ID_F3E52DE54F,0.26918808
ID_B22379F33D,0.027507909
ID_4C535BD8FB,0.7508677
ID_5B3ECAC2DB,0.011699733
ID_7442517099,0.07259825
ID_F88BD73319,0.039297532
ID_2AEB54DF89,0.021072194
ID_AEABB2F37B,0.033559825
ID_7260A2AF04,0.07925639
ID_89131BE200,0.9207964
ID_486A7E64EB,0.009687296
ID_82DD6B547A,0.021456668
ID_52B56F27C2,0.58172375
ID_CE08A32421,0.12321749
ID_9D84D3155D,0.23175599
ID_A4040C56AB,0.68766284
ID_438E99E606,0.05050089
ID_35A85AB99A,0.24480538
ID_E3BD9862A7,0.018223088
ID_CF88B6A6FD,0.007467191
ID_24421328EC,0.011217342
ID_0396F11DA7,0.005525857
ID_B8D4F9E2E4,0.42410097
ID_926DD49C8C,0.03748702
ID_0B4C66BA8F,0.012440237
ID_8D781B8EBB,0.024368014
ID_65C787829E,0.0081787985
ID_8A84802D25,0.160956
ID_5B5BB67033,0.01710291
ID_96F252C86C,0.0053312667
ID_6F9AA3FDBA,0.07914971
ID_673B6CBE7C,0.07594319
ID_E9BBF75932,0.27263126
ID_2154056F10,0.5400045
ID_65EBEDC5D4,0.0057714684
ID_A4A2737F18,0.011391548
ID_DC46E7744D,0.27607012
ID_7D6C30DFC0,0.44331694
ID_BCDA1A1C65,0.077670656
ID_C6238CBC7E,0.013963715
ID_31722DCAC6,0.62335783
ID_2F21B7E305,0.14653297
ID_9D9DBB9362,0.03164971
ID_5D6CC41B31,0.12246871
ID_199BAF171B,0.02036662
ID_3A1DF33EB5,0.04698119
ID_10A425E65B,0.113625385
ID_F0B4B8E734,0.15943746
ID_6D6A9F4BD7,0.4232403
ID_2F8CA15959,0.19479874
ID_51389EA88A,0.06084837
ID_CF9FE62501,0.15507858
ID_6F4BB81C60,0.755793
ID_F42C34B40F,0.03315248
ID_EF1BE190AC,0.06288487
ID_F651C2714E,0.7150169
ID_B5902F477C,0.040204704
ID_02C1995B27,0.9975341
ID_5BD43B6DE0,0.16850148
ID_229FC9FEDD,0.009246021
ID_869DB27AE3,0.013124708
ID_0F65336942,0.10251014
ID_9BC3D85752,0.021279788
ID_D38B94F52E,0.012896959
ID_E72576A282,0.20753002
ID_053E566B33,0.02361281
ID_71F21B28E5,0.31366506
ID_E33DDC5252,0.0061955606
ID_351BA2E586,0.06733617
ID_705753B536,0.011346697
ID_F555D2F26D,0.05555426
ID_8590A8DDE6,0.008368322
ID_49E80716C6,0.036952622
ID_1A14358CBE,0.06476795
ID_A8B5F9C74C,0.20427163
ID_7404E32DDC,0.025606029
ID_8BB8E57FDF,0.07278455
ID_88D3F73C65,0.19247124
ID_CEE5F79E03,0.02111348
ID_C5C75C06CB,0.6833428
ID_C24AD4E558,0.62954503
ID_8067691950,0.044138316
ID_387512C4D0,0.07739136
ID_82540F0F53,0.7954153
ID_DC0DD0B9CB,0.27844292
ID_D53BE1DDA2,0.022065299
ID_64B8674C4D,0.007143866
ID_19CB520043,0.05980454
ID_7B9C2FF7C9,0.06311755
ID_C37B3FEAC4,0.45660445
ID_F6AA86A5C9,0.016243896
ID_258FB97E59,0.009688775
ID_AE1A59AD98,0.16218527
ID_51BDA28544,0.012900093
ID_214F429C85,0.1769965
ID_0D72AB597A,0.21577817
ID_AB66B4406C,0.0103635285
ID_70EE5AF696,0.05081883
ID_7FC8AFE91F,0.024231538
ID_72E077E6DE,0.2013476
ID_5EA671FA21,0.011664742
ID_87716D8389,0.4913815
ID_613327474E,0.42709237
ID_D9F424F167,0.029903973
ID_9859174D2E,0.8377002
ID_5211ECB6AA,0.026173225
ID_FDBD556B82,0.6547642
ID_44339E23AF,0.026399335
ID_F6B4B8021D,0.010650986
ID_A538E3E506,0.39029235
ID_0A12A825C2,0.013211604
ID_34E088C50C,0.023899991
ID_FCF30AF437,0.99665564
ID_04FDCF9DFA,0.22972105
ID_D854E24DDD,0.7537374
ID_CBAF8C4B6F,0.14689688
ID_BB81DE13BC,0.062067296
ID_33867C373A,0.5523729
ID_179E1A7449,0.85859025
ID_15FECD6776,0.010353297
ID_908B9C9374,0.46215573
ID_436C76D1C2,0.01167229
ID_1D06574407,0.13535011
ID_1E2825A619,0.046739955
ID_FB575A1CC6,0.036716968
ID_91265F0229,0.035921156
ID_554581155B,0.051706407
ID_49140BEB1D,0.55673295
ID_09F158FB83,0.07216402
ID_A42B7C4EB2,0.21269776
ID_537C0E9EE6,0.013198161
ID_3A4D351368,0.083761476
ID_5EF23AAA48,0.0056016534
ID_7CD38A100A,0.018921068
ID_1EE2FE941C,0.3319976
ID_DA3E1698DC,0.03404787
ID_93F10FF13D,0.309747
ID_507B42438F,0.068884805
ID_9A96528B06,0.025227634
ID_87383D3E7F,0.055353135
ID_AB4AF194AC,0.08622948
ID_74F9C1D9DD,0.06899388
ID_05430DD834,0.013321711
ID_613D29FCBC,0.006358649
ID_54942F8FD3,0.015644569
ID_D8BF5A6F54,0.019653607
ID_4C40746444,0.017929217
ID_15A1E0BF14,0.027265795
ID_7EC3C1354F,0.009685979
ID_8F84EAC309,0.06191448
ID_02EBFBB730,0.06211694
ID_E8B4272F68,0.8559103
ID_5AE8777DA7,0.021285241
ID_738E4CFA8B,0.05232862
ID_32DB75DEAA,0.013474812
ID_CC91B935EC,0.053910874
ID_D2A2F65C2E,0.5406679
ID_D11445DDE7,0.40050778
ID_C087794DB1,0.021937273
ID_5A00C625CD,0.014318148
ID_1D04A12C7B,0.3662195
ID_9A096F1E2E,0.02073341
ID_4C87C5A654,0.02595837
ID_89660BCB14,0.048976053
ID_A76F45F888,0.008073534
ID_15E10443EC,0.01280051
ID_DAF3C697ED,0.0051819957
ID_19E52A8A2D,0.08931185
ID_C7A83B4480,0.3615082
ID_CC6F097694,0.10328153
ID_1FB76EFDC4,0.07797325
ID_E24E2A3426,0.073502146
ID_A1C7162102,0.21044081
ID_77958125FB,0.043594938
ID_45ACDADD8A,0.27627113
ID_A494291B44,0.038715534
ID_C5277DB26B,0.10864462
ID_E2AF2298CF,0.14418894
ID_7524CB1523,0.028880548
ID_391C5B859F,0.13438272
ID_7AFC806097,0.007393856
ID_01839AC068,0.04443672
ID_06A2EBB9DA,0.11868388
ID_4794D67B95,0.5599366
ID_7705338477,0.21957734
ID_C7AD383C7F,0.039242275
ID_849C863F7F,0.04903183
ID_97F18CD8BE,0.59653664
ID_965342CAD5,0.04416179
ID_80E87948E8,0.42456153
ID_344B5470B7,0.014298507
ID_1787586E3C,0.44872743
ID_261ED66F28,0.7055809
ID_C02F4CCB87,0.18639848
ID_1EF9E335DB,0.060132485
ID_6D3E10972F,0.13832086
ID_3CFC99E71F,0.023503702
ID_F9EB94D0E6,0.5630795
ID_A799D1E889,0.51094437
ID_B34B521CED,0.033006288
ID_472A51D440,0.013607806
ID_AD3C1451B4,0.013005605
ID_E8A9C8F46E,0.006641725
ID_580303795F,0.014812612
ID_AFF5A51D31,0.053603433
ID_6BA47F49AF,0.34352612
ID_7C8C1DE51B,0.5374335
ID_94307E700F,0.011898338
ID_AB7F43C7AF,0.042230714
ID_AB10D2EA54,0.0142081
ID_CD3CB8BEA7,0.86046946
ID_985A705F87,0.123571895
ID_1EDA68AF9B,0.15175743
ID_C5119288A4,0.0052434914
ID_0202C4F803,0.020735972
ID_DD63AF6DD1,0.007111608
ID_15E3F3CE1D,0.032862898
ID_00232113A5,0.011032961
ID_8194EDB38A,0.021117005
ID_89B80C095C,0.006321592
ID_406ED53779,0.0073661106
ID_A0E23565DD,0.0068950774
ID_34C6E108CB,0.2827274
ID_BB07FA7B83,0.03216753
ID_F2E4056C12,0.007086681
ID_E74DD0DC37,0.009864755
ID_0E57CA912C,0.47960556
ID_74F5BF24D9,0.060408674
ID_159F674735,0.08527541
ID_BA395D3DCD,0.090007894
ID_DB7F91091B,0.013111384
ID_190E881FD9,0.12942214
ID_257DA4F7A7,0.10420077
ID_F3DA43EF8D,0.21972016
ID_026C74C2CA,0.69367373
ID_1EF2A503D3,0.008557216
ID_89EE3F502A,0.016140487
ID_0FCC8E66DB,0.0092318235
ID_F7AF8D3249,0.06233459
ID_E8F2E35E88,0.014925707
ID_3206641CE1,0.007094162
ID_81EB3D0A34,0.6928879
ID_E963DC3498,0.012306807
ID_7E7F2211F7,0.01151396
ID_FCEF994241,0.3008855
ID_FE299CE39A,0.010997108
ID_E7BC8FBB04,0.018630525
ID_DBE3ED438E,0.012030602
ID_EEE285A3AD,0.007314841
ID_B904138623,0.40982583
ID_BB63C5EE79,0.12527671
ID_6554F36702,0.0122573525
ID_526C995485,0.029183347
ID_15EF4C949E,0.05924085
ID_768F1B929D,0.00619881
ID_F28C43C2CD,0.30478194
ID_4D65953100,0.01458618
ID_3CC88E1048,0.014061378
ID_3A8BF7557F,0.038704775
ID_0775E44A31,0.38864693
ID_873F538E55,0.2393574
ID_49603773F2,0.10659906
ID_05356DF5FB,0.08411489
ID_1EEDC40B64,0.01340741
ID_4AE21DB42B,0.010527002
ID_E05F0869CC,0.38165304
ID_41E11391B1,0.33221728
ID_CB271C9BAA,0.321454
ID_2E6CA2BAEC,0.0073935995
ID_44758833AC,0.008405645
ID_059B229863,0.14026807
ID_2E7EC03E29,0.014152774
ID_9D99CD3414,0.024128418
ID_A811B3E3A6,0.10759819
ID_A425EE7C37,0.14097393
ID_5915AA9B2C,0.81131136
ID_5F3A502448,0.6513616
ID_6E28106B02,0.1525863
ID_8C665F63F7,0.33941787
ID_6C3024507A,0.07052034
ID_1FD03BE8D7,0.005160427
ID_E4D6435DED,0.59068036
ID_C669B415BA,0.826402
ID_40777C5DE4,0.07865837
ID_7C161A4870,0.024445973
ID_75E10DC825,0.5148868
ID_367A34DC14,0.555372
ID_4C57640701,0.012100098
ID_C028AF22BC,0.2017061
ID_24DBE6D101,0.4846366
ID_5E95064A91,0.03642725
ID_D4BFE2661F,0.005233522
ID_76C598DD51,0.0148453405
ID_761A9C8DF4,0.020145677
ID_C25430AD84,0.014533106
ID_EE54116CD1,0.085596114
ID_05D5BC87A6,0.023785975
ID_E292CDC48C,0.17896275
ID_619FCE0BD6,0.020105874
ID_F8365F46BA,0.010276243
ID_EFA46D089B,0.15148531
ID_6452278BA9,0.028827945
ID_B86DD8B269,0.03302446
ID_623CD164D1,0.20684165
ID_F552C18B92,0.07503668
ID_AA54B61E66,0.9586911
ID_D397C91543,0.23918502
ID_F3820439EA,0.3609188
ID_DF7D79784C,0.12451539
ID_D7F274A35F,0.03290857
ID_C039993504,0.16349763
ID_5A7BA8FA37,0.023944385
ID_C8CD2F68F9,0.047990583
ID_431A37D1B4,0.043495208
ID_200151FD51,0.017114522
ID_7F1058E314,0.020814814
ID_8F874C1AAD,0.14637884
ID_6DCA8D646F,0.19269945
ID_00C39F5A68,0.007948374
ID_9CB1EA907C,0.04855182
ID_DD0F799A2B,0.018574467
ID_A45CE21CA8,0.0062480094
ID_713FB7381E,0.92421013
ID_FE4E3F3CF2,0.011672805
ID_1C2805043C,0.0165099
ID_29E26CB9CF,0.27236697
ID_D7C082D664,0.01394146
ID_37BE82C507,0.0064588725
ID_04C9B2594B,0.02233626
ID_EF1AA1BA2A,0.89667284
ID_7094B577D0,0.047899973
ID_BB1BD5172C,0.026319345
ID_937F9AC111,0.010235801
ID_3E90F6504A,0.0047184937
ID_CBE363E230,0.53556967
ID_F20E0086A2,0.011433301
ID_46D99153B8,0.033630196
ID_C47C054EBB,0.27638492
ID_984D755A3F,0.034440104
ID_FE4F3B8AF3,0.013942077
ID_305CFF41D6,0.29130304
ID_6F8964730D,0.03444715
ID_A6CCD19FE3,0.24228698
ID_02093C7613,0.1256386
ID_4B5839B7DF,0.13702469
ID_CDEE9F10F9,0.027077314
ID_84727C8533,0.016835738
ID_222F85CC8C,0.04519617
ID_6383A723F8,0.03092153
ID_72AECC9FED,0.09292545
ID_C7740A44DC,0.019865707
ID_2DCDE686A2,0.19228502
ID_3AB04A69CD,0.3607034
ID_11D66172D1,0.2347571
ID_BCCB814D3E,0.07932845
ID_99047F213F,0.009287447
ID_C093DB7BDA,0.07568101
ID_E14F41E306,0.028595902
ID_174CD30E5F,0.017530542
ID_3C66F606D0,0.035308946
ID_85B5F13E08,0.09146033
ID_E01A0E7A5C,0.06809773
ID_AB7F96A1A1,0.1946558
ID_EC8177D38A,0.6583913
ID_EC11552E7A,0.19302146
ID_2B45311815,0.40915677
ID_F392C00877,0.0066249957
ID_23CE9256E8,0.11089823
ID_7BF75BC562,0.037671994
ID_AAB407E84C,0.027427187
ID_74AF76146B,0.04728618
ID_363EF14219,0.017498707
ID_F398B67CCF,0.009699131
ID_89158051E3,0.04647758
ID_CE8CDEFB25,0.54596084
ID_785C22CDCC,0.069479644
ID_11EA650175,0.045489043
ID_FFFF01FAA1,0.013858297
ID_7D0F6187D2,0.032728195
ID_A433AB4B4B,0.23329084
ID_E66C5906BD,0.26844087
ID_CCB5768057,0.017090715
ID_F68D168614,0.043618288
ID_4C5CDE3634,0.2340764
ID_82014A4866,0.23433888
ID_EB3F7B0EFB,0.57902586
ID_B0605DFF71,0.19082786
ID_ADD97F40D6,0.22092025
ID_2B86B991C5,0.9884715
ID_FA82B15C29,0.31543595
ID_106C4F935D,0.044281594
ID_D97EFCE1F0,0.009985334
ID_E720824571,0.039165787
ID_389BD10E1A,0.013878158
ID_B1E40224E6,0.016151216
ID_A33C3597D9,0.060628716
ID_DD27783597,0.023493217
ID_40963245E4,0.8980732
ID_7CAEDFCD0A,0.15245494
ID_5F952D4EFF,0.76182795
ID_912DE94BEF,0.019653164
ID_C1F0DD5D20,0.0354565
ID_0E6940CC93,0.88532156
ID_5C837ED93E,0.013766462
ID_13D65CFAB8,0.015514756
ID_B0F7EDDAC4,0.21219236
ID_2405AC8B10,0.09285771
ID_B981BF99DF,0.07221261
ID_2F56EF432A,0.009433636
ID_A05D46C96C,0.99070555
ID_55CE10312B,0.018583242
ID_CD2F875A89,0.10883332
ID_2DB81907FB,0.06682469
ID_85EAE0EFAD,0.032036234
ID_7E4DE0ED60,0.05214918
ID_094D263ACE,0.00945825
ID_63B5431770,0.9034327
ID_FAC05E16DB,0.02114738
ID_2DB9321C0F,0.049664635
ID_4FF6CD8BAD,0.05919553
ID_F283E8928C,0.006125353
ID_7D8D2FD328,0.033683512
ID_E8FC484BB0,0.020964101
ID_200F22F6A9,0.006612466
ID_273F179C01,0.38689503
ID_F146858720,0.25127682
ID_12E2F21212,0.3646299
ID_C260837C74,0.011961876
ID_3EB86E0F38,0.005973559
ID_B038B85BEB,0.60796744
ID_A363BF3682,0.18933526
ID_6ADF01F1A7,0.02808537
ID_64F32510A4,0.06814479
ID_33B1E865B7,0.06832582
ID_FF7BB53D12,0.010716958
ID_F332BFEE60,0.00791331
ID_64395A050C,0.16937354
ID_DD87007E65,0.29493815
ID_9E627B71A4,0.19210926
ID_35497A3BD5,0.010061868
ID_5FAC406075,0.24840063
ID_53E62CA856,0.17732708
ID_00FC674A29,0.010642772
ID_5FDEF13DF6,0.0241573
ID_411FFA5BA7,0.25304934
ID_A739794A0A,0.009047548
ID_37273EA8D4,0.008077812
ID_203FDE2FFE,0.045120195
ID_B3AED491F8,0.19086598
ID_AB7F61D472,0.04474944
ID_D93895E7B8,0.016623208
ID_9DA20CC4C5,0.09266516
ID_67672B4834,0.02199108
ID_3AFDFB4934,0.13277467
ID_9D6E26D7A5,0.01681649
ID_FC566D75B2,0.4800974
ID_9DB8DE2EF4,0.025236396
ID_0E7AB9BC51,0.5378093
ID_47001E3FF3,0.02645023
ID_714FFD46A0,0.007845758
ID_1CBD64205D,0.43123394
ID_1E2080E94F,0.44408274
ID_F67F0DA165,0.02088657
ID_06B4C48E39,0.6957863
ID_DC78763D3F,0.118558526
ID_07A4976479,0.020467281
ID_8A890CC667,0.0550501
ID_8EA89B618B,0.28756472
ID_BCE9B7A231,0.033647984
ID_D117090BC5,0.023988845
ID_032D02215B,0.005717885
ID_128886EE5A,0.007274318
ID_6224620EB6,0.087461226
ID_FE5C5E4B3F,0.0056492174
ID_C9B7B277D4,0.06266178
ID_B1D82BC671,0.012860478
ID_DC71589D56,0.19171487
ID_9445F3CF3E,0.8968055
ID_FEA17AB2EA,0.024490744
ID_7D0A3B3A7C,0.050547536
ID_023FE1F1B6,0.47145963
ID_0F5505C275,0.00894593
ID_8C6F87EE10,0.1008024
ID_9ECC2C4940,0.017661663
ID_DEA7B84012,0.41299862
ID_70D96366DC,0.12391823
ID_5C434820BD,0.69697106
ID_6B0E703E7A,0.16582994
ID_CA850BB007,0.06533408
ID_43C58775B2,0.14938608
ID_97AABEA377,0.10254928
ID_CE84F81491,0.19879678
ID_9C7CA33E95,0.042809956
ID_3789AA97B2,0.03916063
ID_13C8AE9497,0.018523311
ID_CF4B2A97C5,0.2774465
ID_FF9C384C9E,0.013772402
ID_0C77C5CA64,0.7598901
ID_C31C60D273,0.02037942
ID_C932FC7BEA,0.060736597
ID_60801193D0,0.44098642
ID_7856870EFE,0.0107736625
ID_7820F70EC0,0.008958142
ID_2823867C1A,0.02723043
ID_959311D7AB,0.012623647
ID_E163B2B6A9,0.0130357975
ID_80D173CCDA,0.0254469
ID_9CCDA270D6,0.020169916
ID_B0399922C0,0.050032526
ID_4C3C761936,0.05693166
ID_0A2E332512,0.095341355
ID_5980DBEC20,0.03869505
ID_E29329259E,0.15222359
ID_4916F759AC,0.027679248
ID_6FD56C5426,0.0108560175
ID_F9DF76E8DB,0.036507413
ID_F75B06E12D,0.013066921
ID_F7A331BAF4,0.51791674
ID_C381ED2804,0.038033307
ID_AEE0CAD4C7,0.110865936
ID_5A66503F8A,0.11637196
ID_F4906F4A8D,0.08437883
ID_62BDFE9682,0.03783293
ID_49D40583CA,0.09139562
ID_2A8423D1D6,0.040144823
ID_C6792C4549,0.039203107
ID_0D69537D27,0.40656382
ID_10DDC8856B,0.45399937
ID_5D0C3C4B27,0.49627462
ID_9BC608B3B0,0.015131077
ID_D459726BE7,0.5073542
ID_B9DC35F87F,0.34363738
ID_0068B3ACF0,0.0071147336
ID_A55C2AC640,0.008258462
ID_1D0D1148E4,0.013929479
ID_00C780D4C8,0.038570657
ID_2490F27511,0.26184955
ID_61726CCDC3,0.04486778
ID_2CC9294ECF,0.09714856
ID_BDA01F9010,0.005924518
ID_323D3BB057,0.014056935
ID_B9B4AFCA31,0.09603085
ID_E0379A651F,0.81308615
ID_75C268C48F,0.18022488
ID_ED1E96027B,0.010855795
ID_E64A21F183,0.012515359
ID_47C31DCAEF,0.0071659144
ID_5B2AECD237,0.0414556
ID_043DB467D0,0.6259113
ID_3037B03EA9,0.014512841
ID_6E60C5DEF1,0.06324197
ID_CAC2488CF7,0.9765579
ID_CB7AF4F0BA,0.04629029
ID_448272D506,0.08309432
ID_59F8E374C0,0.4632472
ID_4A19F4C40A,0.018432792
ID_489BD228DC,0.018167323
ID_2A31C90AAA,0.7408281
ID_3D8CECE1B2,0.012771452
ID_C50F63F857,0.0048814877
ID_F442790D23,0.3510554
ID_48293FD926,0.05069294
ID_9E37118376,0.20373937
ID_948D097F05,0.19931458
ID_FE24BCCEF0,0.008874197
ID_126F3C31A6,0.106363475
ID_24C58B2747,0.029376592
ID_CDF5D8D024,0.014681487
ID_C7F9847BF2,0.0060068644
ID_E7865EE6A4,0.09429627
ID_AFFF0C21AE,0.013612241
ID_6B36122173,0.04304722
ID_6565F981D5,0.006788363
ID_D9A858AE46,0.19398393
ID_F126DB4D15,0.016676977
ID_422B5FD7B4,0.12014469
ID_56EDAB98CC,0.05871261
ID_129301A7EC,0.07787889
ID_7C25C809DD,0.04671576
ID_B14BA5194B,0.018841162
ID_AA36595314,0.20517479
ID_82CC2558BB,0.8624301
ID_743847DA8D,0.9950708
ID_7DBF19DC5B,0.025850846
ID_05B30B8505,0.059567656
ID_4973D30129,0.009500016
ID_8FA51EB6BE,0.0607906
ID_C9011FE9FB,0.01813424
ID_FA9F97672A,0.03474545
ID_C4196B38DD,0.018590223
ID_BE8A847F9B,0.05690314
ID_BF677C0061,0.015204042
ID_3E73BB6E31,0.008414319
ID_65F19B4847,0.01352694
ID_E59D8B2FDF,0.01077084
ID_859B383090,0.01124874
ID_287556AD17,0.54037684
ID_792D559FBE,0.019789573
ID_5B7E32F1D5,0.16232266
ID_376E612368,0.05665971
ID_1845F9C754,0.34084663
ID_89AE489955,0.07469281
ID_0694F08152,0.08557432
ID_CA0EDD04DF,0.023919486
ID_C5D715A536,0.010511091
ID_B701E135B0,0.41585898
ID_BF63A084A1,0.03590925
ID_D5B3D88F9A,0.008257093
ID_876105011A,0.10396687
ID_33F860CA52,0.01990005
ID_BC21EFE0ED,0.025186365
ID_D7079021C6,0.007258819
ID_0D1D94E01A,0.0074330876
ID_D09833B574,0.0068471367
ID_3A0060583E,0.06718033
ID_DB3C7BD3EE,0.30729866
ID_04136ECA66,0.21307996
ID_C06DD0DEB2,0.008453318
ID_ACE2D58573,0.47214243
ID_4539822B2E,0.03730851
ID_CEDB92F873,0.26673415
ID_346D192AC9,0.2215255
ID_725054A85D,0.02377065
ID_C17BA80F2C,0.032339294
ID_04BE582013,0.0683593
ID_66E9E3E88C,0.0064579835
ID_F057A4DB47,0.020693392
ID_D55E1CFA03,0.0057666083
ID_378370269C,0.024698714
ID_9248137598,0.010710459
ID_1B8477B13A,0.9807177
ID_B9AEEDFC60,0.15175378
ID_9D226B3E61,0.040512677
ID_3BDC60FB09,0.29192948
ID_C853BFE342,0.026015798
ID_8250FE8AEB,0.08274237
ID_B63D2B4368,0.31415308
ID_18B271786F,0.014137466
ID_53DD3F8556,0.1953761
ID_5ED1564B87,0.84053373
ID_04EB81B8D3,0.27543074
ID_9ACD280700,0.0053482484
ID_0E186910D6,0.004080073
ID_D4B811BE75,0.11744481
ID_7E4A178C9F,0.009153719
ID_19638AB7B9,0.022801334
ID_6C4BED4F1A,0.03564723
ID_8707BEA99A,0.02087372
ID_8AFB72C4DD,0.04136182
ID_141C5CF6DF,0.21902974
ID_D9F14EB5EA,0.11182501
ID_F339248F22,0.014468815
ID_B26D2B1799,0.32676855
ID_CCD0582427,0.0077413768
ID_B9A069A1FA,0.3234888
ID_892B8F7E43,0.012027129
ID_D938AADC42,0.17016144
ID_BDAE026EB8,0.6840664
ID_9C3582A12A,0.06294321
ID_690F5E2556,0.017623872
ID_82E8E79987,0.012708432
ID_CE2F47DE0C,0.0624947
ID_B5C3622964,0.009672513
ID_EA61246569,0.13143559
ID_8191AAE5D7,0.10287868
ID_8BBE59494F,0.02450476
ID_9F9B635CA4,0.05236117
ID_DDE6788E4D,0.5367607
ID_805346CB99,0.030638032
ID_89AF9B0282,0.2299246
ID_8805D1F4C6,0.07295664
ID_92514D8ECC,0.010352267
ID_29EA53DB5A,0.005664905
ID_D4CAA5BDFD,0.03294091
ID_FD9936D407,0.023945473
ID_61EA785A88,0.0058565703
ID_3773E00C94,0.1849448
ID_8444B6D074,0.0060295183
ID_313F29203D,0.02845259
ID_0E0E2F3166,0.51680773
ID_C2AE7FD9D1,0.34925967
ID_17725C22D8,0.016257923
ID_5845CE80F2,0.10406539
ID_8113CCBF49,0.006728984
ID_5A496321CB,0.0063770977
ID_370FF0A9A5,0.007211918
ID_1B0EC10E20,0.009951275
ID_B6ADB889D9,0.011650711
ID_9C892C21D5,0.016484022
ID_D2CAFFD9D6,0.008530673
ID_DCE18D885A,0.37387088
ID_6C032E177F,0.015283675
ID_EE25F83933,0.017101118
ID_F28C04B532,0.09329319
ID_C61125EEB1,0.007932676
ID_8EFF2B1F02,0.006897286
ID_08CAE66F51,0.02150204
ID_D6D69B8200,0.45252547
ID_FEF33E9F20,0.3049144
ID_4CA8B6DEC6,0.007255559
ID_03EEA7CE62,0.0058215433
ID_3CBCD8D873,0.007993929
ID_6C68F3745D,0.20007221
ID_7520FFF1E3,0.6041615
ID_5BE3F8BE6A,0.1426396
ID_677D3E295C,0.015856812
ID_BC062B4E0E,0.5952037
ID_D9DB24ADE1,0.011760741
ID_95567A4196,0.8445191
ID_279619B0FB,0.21993288
ID_2C33AA4DDB,0.29220495
ID_3C72AED9DA,0.6490642
ID_CD890074A2,0.40610445
ID_13D28AAE89,0.030246029
ID_25EECFD44A,0.036584932
ID_889BB111D7,0.5445904
ID_3A07CD62B7,0.004388246
ID_4A87D5B617,0.40914214
ID_FE4EE78C3B,0.8895133
ID_6AB04187C5,0.026751133
ID_0509C4239D,0.15993798
ID_D115B45BF9,0.47245985
ID_F84DCBB402,0.095321976
ID_15F4964832,0.23157862
ID_B2101CB31D,0.35800287
ID_C0A5B73043,0.065481015
ID_3CB08EC74B,0.026263472
ID_F72D1FCB9B,0.9141801
ID_CADB62470B,0.054198824
ID_A9110516F3,0.006474279
ID_47CD1C6418,0.025881283
ID_5462C06691,0.96279097
ID_85A32AA8C9,0.17863484
ID_7A2320D9B5,0.058273714
ID_E5A9402771,0.03230633
ID_007F9DFB32,0.059961114
ID_5AF4B6A79C,0.013030538
ID_F8192BFA41,0.03955279
ID_0C4B677E2C,0.02194692
ID_C72E25BE5F,0.0036575436
ID_571DE38FA2,0.07070539
ID_E1B1697C1E,0.016681783
ID_7306AD5E3B,0.012785959
ID_8DC57560C3,0.1037285
ID_4255831039,0.22562695
ID_D4D26EF7C5,0.024735231
ID_DDEDD342F1,0.8688996
ID_2F63DAAA26,0.38350937
ID_25D2641E54,0.010166948
ID_C64E7E6700,0.020165754
ID_4B571D2583,0.07039263
ID_7328350BD6,0.017854836
ID_66C216DB20,0.013804553
ID_4619996273,0.6638168
ID_E4059DC64A,0.104953215
ID_062DEB6A63,0.048893664
ID_847DC37053,0.030078318
ID_3B232DAB9F,0.04255305
ID_3C49B53FE5,0.7959308
ID_7DF1305932,0.25683963
ID_0DAA7EB0C1,0.068581425
ID_ED4C70F397,0.0063290307
ID_B78DD1637C,0.005437166
ID_A229C3755E,0.0066835494
ID_D1C3CB6FDE,0.028362788
ID_AE62699115,0.39605197
ID_626F934AB9,0.00930395
ID_22F8FF0539,0.014620159
ID_0FDCF7255C,0.030535894
ID_B71F867188,0.36875454
ID_371126D919,0.04261247
ID_EA2D8AA4F8,0.1024763
ID_864DF0DB24,0.42474723
ID_4CDA139CB4,0.045180243
ID_1765F4F1A1,0.3045466
ID_87E9717CDF,0.007060303
ID_0BD22D1E97,0.010918419
ID_EA524B8DF2,0.1311724
ID_3C2CDE03EE,0.07933021
ID_0F27337B27,0.057495132
ID_F5824FE343,0.015780218
ID_4D1619679F,0.027415257
ID_399E0AB857,0.48857296
ID_CE10C69E73,0.0072747893
ID_EC3419F0CA,0.007591638
ID_554AB122EE,0.054062486
ID_335158743B,0.015964057
ID_F436A78447,0.44484964
ID_F20D97A05C,0.0122511145
ID_DF0B1FCEE7,0.14819792
ID_CA17FD5292,0.8491596
ID_2B8D0E041B,0.29382843
ID_12984544A3,0.116616905
ID_34A0C2D543,0.011392603
ID_93D4C07EE4,0.02550179
ID_3CD0579256,0.00850608
ID_0ACF324FDA,0.2390684
ID_7972B11377,0.018742759
ID_4147AD6D3C,0.45521358
ID_177C11AB14,0.2744277
ID_48DF42F4CC,0.121633574
ID_C92F895DF4,0.708483
ID_EDFCCB5FE1,0.03963955
ID_AC4FD4AE25,0.0039407443
ID_E86654CC45,0.010388968
ID_D48B2AF3C4,0.0503289
ID_71C93086DD,0.23378801
ID_F614A04C93,0.5848894
ID_CA8DAD5A38,0.044610314
ID_22F04A2B23,0.0401627
ID_7F88480F61,0.1694158
ID_6F3A2F753B,0.8032452
ID_3817753C06,0.03862207
ID_5FFB71C707,0.0076976786
ID_7E765388CA,0.069214754
ID_2280A4301B,0.02334046
ID_EBC68DDF19,0.011741681
ID_24DE87BE1F,0.6905518
ID_3A277CFD19,0.41195738
ID_F52DAB054A,0.08413526
ID_040F0A9B44,0.021028645
ID_48A91C44DE,0.028938403
ID_D00DE95D3B,0.0235885
ID_09093BA7E8,0.12728147
ID_FEE575B318,0.963153
ID_09962147DB,0.010746829
ID_C8F7A78FDE,0.008214869
ID_9D34762B49,0.009476027
ID_E0D0B5FBB5,0.03552452
ID_EF924B690F,0.021968167
ID_07BCCEEF3B,0.4648326
ID_632BD1D045,0.049567483
ID_7DB7ECE809,0.68659353
ID_85137862C3,0.90835696
ID_B1CC8026EA,0.015101494
ID_25D0CB48AD,0.046562042
ID_B4E2AF6BBC,0.03407829
ID_D62E764EB1,0.84012705
ID_C179A341E9,0.06906038
ID_B276C808E8,0.15086204
ID_CA5BD07BE8,0.06887212
ID_FF6AAEF9A1,0.017111808
ID_E58B5A87FB,0.22175045
ID_580447E2A5,0.4023157
ID_3550A1BE9A,0.92168546
ID_6A96E1A9F5,0.06881973
ID_9E476C5064,0.023003045
ID_DFEFED05E8,0.16088048
ID_E2D2206166,0.01115872
ID_325FBDAC9B,0.081675716
ID_883B0CC71F,0.051480424
ID_B2738DE37B,0.058555994
ID_0223AC0CBD,0.020091161
ID_078C8922B7,0.020798074
ID_A9B4F16376,0.20066069
ID_2678952CED,0.025561482
ID_9E0A8BCAED,0.14003716
ID_D99037FC77,0.011101093
ID_985FFD81A9,0.042231396
ID_CB03FAA2A2,0.28826326
ID_398515A5BF,0.16178936
ID_2DE1B92C1E,0.030140944
ID_A07DBB2C0A,0.33478588
ID_5E8D2FB9B3,0.017874796
ID_EF577639E7,0.022281267
ID_B4D7E52E2B,0.44417745
ID_39BB7D9D5D,0.023337133
ID_20A894B6D7,0.10706719
ID_57EB992711,0.047642957
ID_313E491C4F,0.78376
ID_B5B2F566A2,0.006568557
ID_028E618B95,0.17739199
ID_1D1554D0D6,0.022210374
ID_C22E10A287,0.0063630305
ID_B184195446,0.006670118
ID_FD38172B58,0.0142664835
ID_D46003929B,0.5207377
ID_3930CF94FE,0.18104261
ID_9A0E27A288,0.1137747
ID_99D85F5706,0.78553104
ID_B458E79667,0.03649888
ID_1AFF17E561,0.0050938544
ID_71DC4A97B8,0.39277506
ID_011DD4F578,0.029195948
ID_4CF150C073,0.013937711
ID_6FFED77533,0.036305197
ID_9D7F6A19E9,0.026063183
ID_96491A21E9,0.0076334258
ID_77DC8B300C,0.010451942
ID_357DC6B38C,0.11408184
ID_BCD2D91DA2,0.21564446
ID_64CE01E329,0.07520003
ID_A26229A73E,0.13921261
ID_24387ADF60,0.02349576
ID_12D22AC748,0.0723416
ID_3D92FA813E,0.18532367
ID_851B0BD544,0.021275368
ID_A243758098,0.00974196
ID_9C0D0417DD,0.5701408
ID_AD1CC7C95A,0.037193324
ID_D07E892654,0.020094836
ID_DC79801A98,0.07189825
ID_3295D8FCE8,0.0250944
ID_CD9A4B95AF,0.10744889
ID_6FC99EB7EE,0.045834925
ID_AE05E2B3D9,0.017124113
ID_4853D41424,0.28482577
ID_5E6D3DF41F,0.06487754
ID_111CF3EB5A,0.008335294
ID_100D3EA2D7,0.025313891
ID_8233E9A48B,0.95311046
ID_5E04962240,0.030791556
ID_FFF82C3D82,0.013443334
ID_4E397BF38E,0.021574331
ID_E45257D7BB,0.025545904
ID_49B5BEF7D4,0.013189479
ID_ECD1322636,0.06453004
ID_6A73A2F339,0.22402097
ID_E46A865305,0.6888074
ID_B4D2F3059C,0.1347491
ID_F184877AFC,0.017120486
ID_5AF76FA264,0.046416372
ID_CDF7D0230D,0.0054273545
ID_4D315C23C2,0.008698209
ID_75BD08F531,0.016544329
ID_711C206C03,0.011058375
ID_444E7CD6CC,0.022007018
ID_88F4AF3AB8,0.027095165
ID_1732B5175C,0.11470454
ID_FD93062140,0.009497145
ID_E35F7F0089,0.0377726
ID_FE0F745C82,0.59982705
ID_D02AB27357,0.020355295
ID_6A89BD1CCA,0.01043832
ID_31E8698029,0.19024964
ID_0D6ADC768F,0.011132226
ID_D9F88FF9A8,0.008380481
ID_F8605DABB2,0.46974245
ID_7E3A1049F2,0.011530735
ID_C0A1B2959C,0.6077934
ID_5A9AAC178E,0.036138237
ID_2E812BEA59,0.31949684
ID_EA5B605260,0.94320893
ID_52FCF92555,0.04987831
ID_48F64289F8,0.030849898
ID_CD8E50FF97,0.061068613
ID_6F3AC8B254,0.018142214
ID_ED9B05D89D,0.07786193
ID_A2FC66C528,0.0823716
ID_6B7F742B68,0.6280526
ID_9925DD75EC,0.10411918
ID_CB5D845864,0.007036862
ID_5436E905BA,0.0139181465
ID_B7F6616B71,0.009747639
ID_AC2C386930,0.13658167
ID_7F1F100928,0.34433672
ID_02355E6186,0.04200265
ID_2AD0B52535,0.034074675
ID_F84F860C61,0.028584767
ID_A1E3B2AFA9,0.038593847
ID_27EA0C1000,0.03630787
ID_B6B5365E8D,0.19803679
ID_0AC5A66D01,0.015087582
ID_6673C3B372,0.035234246
ID_A3D1109A86,0.099201955
ID_95426735D1,0.14670198
ID_7E9CACD88F,0.0205523
ID_2D09E7F5EE,0.024185302
ID_CEC0456696,0.08469343
ID_858EDA119B,0.13393821
ID_9A30DAA33C,0.09791185
ID_88B659C18E,0.013685266
ID_274252AD5F,0.054415196
ID_9274AAD7F4,0.21625929
ID_F4C36277FB,0.023211485
ID_2AA7413EA9,0.00908497
ID_250009CB6A,0.013169045
ID_9C9C784717,0.008013971
ID_8B5219978F,0.10074278
ID_088241DF80,0.025622873
ID_1712B1C395,0.011009729
ID_F75DEBBDE9,0.021892369
ID_618B938864,0.19412574
ID_AC99B4F036,0.20926487
ID_57435C62EE,0.028504025
ID_F8D9ADD034,0.010630214
ID_16A90BC603,0.07826319
ID_2277FB9448,0.06827617
ID_68C8970C98,0.10668183
ID_F841722949,0.05060958
ID_68FA0E83AD,0.009574023
ID_BF14CD571B,0.14403029
ID_660F8E1B28,0.059490103
ID_E5E88D738D,0.2190815
ID_336F004FE8,0.02273623
ID_16175C1D4F,0.120171376
ID_A77F0567FE,0.025146002
ID_C8727F62E5,0.12626262
ID_0936C6A0B6,0.368549
ID_D08DCA6D40,0.017540665
ID_E5129DF3F6,0.040182132
ID_CCE0DF3B23,0.0147098685
ID_07E3E039C7,0.09401901
ID_FC5163F2FC,0.02901606
ID_B45604E2A9,0.23047033
ID_5F0AD9F486,0.010662344
ID_AB0D80F698,0.010260498
ID_6FBD220A25,0.035989825
ID_BB70D4ACDC,0.010565761
ID_04EF17A89F,0.03437975
ID_4701E05FB6,0.0070463587
ID_37C00BF055,0.053962685
ID_357626B018,0.73334
ID_DFC768B42D,0.032115847
ID_A0F32357DF,0.30105066
ID_ECB2C186A9,0.10895644
ID_E3001D5E41,0.05838112
ID_C60F2A4D60,0.2441666
ID_067630DC73,0.024287825
ID_7E23FBF60D,0.02406357
ID_7ACC566365,0.1321792
ID_9405B0175F,0.07265319
ID_D6004E1768,0.008288607
ID_1C300219C7,0.010045803
ID_D12B4AF09B,0.01621586
ID_9DC07EE00F,0.916558
ID_FFAB623E47,0.5266169
ID_6330D6791B,0.009246416
ID_FEBED67B6F,0.1352401
ID_3D77DA5600,0.018830493
ID_792686335F,0.81316066
ID_CEE8D359DA,0.012082437
ID_F1D52DAAF5,0.08792741
ID_BAA2FFB885,0.026747927
ID_50F72D47AA,0.005126862
ID_92E7E1C3E0,0.00645297
ID_53B4019D14,0.0039211307
ID_028ADE1B51,0.10780292
ID_75E5245AB9,0.11643765
ID_0217234916,0.007929121
ID_8A5804C6D3,0.04146563
ID_577517B868,0.04411171
ID_F6386F4CB6,0.16976054
ID_5D869D1C0B,0.04039895
ID_C7A78FA266,0.65145373
ID_7E5C1821EF,0.19108178
ID_6B0AB8AFA2,0.040091693
ID_0C4CA79361,0.02106451
ID_85FE7CA1F1,0.025405265
ID_EB65808BBA,0.0911191
ID_7DE2E2842F,0.15582295
ID_F972C36DAA,0.018969068
ID_17312C20EC,0.156162
ID_7B874DBDE3,0.044696666
ID_BD324AB638,0.03606827
ID_EAE64107E5,0.22563396
ID_A4EFDE2EE4,0.16043572
ID_1078FB301E,0.025424333
ID_81A22B158E,0.009315574
ID_F5AD4B6E67,0.40084916
ID_B747BAE0EE,0.03416771
ID_4247E1F00C,0.016029319
ID_AA1E7CB741,0.012816151
ID_0BBC4BA3F3,0.013434287
ID_56912C2A3A,0.30649102
ID_839BB13B6B,0.04559465
ID_CA031ED86B,0.0075151543
ID_8E4121E7AA,0.032299448
ID_E9CCDF87AD,0.7059423
ID_B1C4A381ED,0.16417386
ID_8CEC2F6F02,0.14342926
ID_FD80D1F7FE,0.011519261
ID_6621B23529,0.054123506
ID_3A9F170931,0.180409
ID_2A5A120C8E,0.034625188
ID_25D37AB319,0.14717337
ID_C79F64283B,0.035261523
ID_DA3F5EFBE6,0.04094882
ID_E809288123,0.49167147
ID_2CB8F3FF3D,0.07096458
ID_193A54668A,0.02501791
ID_BD56EE29B0,0.023463823
ID_CFFD3E62EF,0.12112355
ID_08B86E10EE,0.3128215
ID_36016E213E,0.1305029
ID_236C9FEE4E,0.2856604
ID_0B6BD177A3,0.005944447
ID_ADB1C0E05A,0.11011509
ID_BD9C26C028,0.006036531
ID_54C2B4B29E,0.43318394
ID_5671E4EB29,0.05960407
ID_68D9F7A5AC,0.11541154
ID_8A39C321F2,0.0931758
ID_B11BEA9519,0.09560027
ID_011836ED3E,0.60757333
ID_27761242EB,0.34766147
ID_902C6C9F23,0.03145002
ID_E10FA71643,0.02481251
ID_64D01A49F6,0.16606791
ID_8CEA4DCEC1,0.1218134
ID_F20BE3C284,0.0063573043
ID_60D62D0C75,0.33096302
ID_490CDA967C,0.08732296
ID_5597C3CC53,0.24012908
ID_F26F8E85AE,0.004756265
ID_B1DB6A5623,0.25142592
ID_923D51902A,0.01491051
ID_5D12A1A0B2,0.92691016
ID_4B2310671E,0.022301596
ID_76BB34AA56,0.10796315
ID_008012BA32,0.049127307
ID_D1CD59B4B0,0.36816323
ID_D375A92631,0.037932627
ID_D8787144EE,0.40607938
ID_BD73D10028,0.08306519
ID_AE815D7DBD,0.04884283
ID_F1923EB8D8,0.90811044
ID_668A8A7D36,0.0122129135
ID_16B5D44D75,0.23776798
ID_DA33320B2E,0.06908054
ID_B580B4CD01,0.09809484
ID_FEFE756F5F,0.027406232
ID_549B0FD3D1,0.3757812
ID_E6792C46FD,0.07033384
ID_5BCACCF36F,0.0787242
ID_43945D8B2C,0.11888038
ID_1485F2970A,0.12211986
ID_7201D2B110,0.0074396636
ID_A7A5349487,0.07226207
ID_609088902F,0.0059028296
ID_2EB88278A1,0.28643185
ID_E3B330B829,0.22924353
ID_C49409D41D,0.018731954
ID_D6A886F6AB,0.016399508
ID_AE81C9EB9B,0.14794382
ID_A526A5428F,0.006719708
ID_91493B6290,0.005370679
ID_5A57A6C3A2,0.32149112
ID_9BD032C657,0.013065435
ID_62F7AD01B3,0.009861666
ID_4933AEF210,0.12393006
ID_A55ACB4BB8,0.16169694
ID_0EAC4F4AAA,0.036552075
ID_E0CB64B529,0.09519885
ID_FF15BBFE27,0.34989366
ID_82E267ED8B,0.00970573
ID_E4A5FF775C,0.82798004
ID_35A8F339F3,0.038444147
ID_F2DFDE8530,0.6537334
ID_6EA12F7F30,0.007291907
ID_C9481CDFD5,0.02826633
ID_6A8D9FB79D,0.05846026
ID_38F456DDAC,0.107274584
ID_59284ED3ED,0.014793703
ID_CADDA99555,0.11111163
ID_CC2EAEE326,0.007432386
ID_0922310AFA,0.010351522
ID_234FD7301B,0.06718608
ID_BAE9F0CE69,0.038388312
ID_DA35A8619A,0.27612907
ID_B523FCFD17,0.9072268
ID_1802135664,0.03360432
ID_12F5444DED,0.120430194
ID_AD78616E4D,0.08044549
ID_DDD52CA701,0.2818427
ID_933A6F967D,0.064551644
ID_A1A885627B,0.029564345
ID_483528016B,0.09924705
ID_9D6E989618,0.06317626
ID_C861B73E0E,0.033420984
ID_485EF8112B,0.021328688
ID_0866FFC641,0.21686728
ID_DF782AE78C,0.010550566
ID_199B8F72AA,0.025375647
ID_ECB6E0298D,0.020946637
ID_B132EDFF29,0.039900918
ID_31FFF94D35,0.012821756
ID_DFBBB60F14,0.31913307
ID_AD0D2EA292,0.8681422
ID_1DD3545466,0.31437862
ID_ACB491B0C9,0.86379087
ID_9312032EC3,0.0595452
ID_53178BAF0C,0.017835824
ID_283C263C67,0.0064959675
ID_D7A9A29FD1,0.03736106
ID_BB722ED2AB,0.9413357
ID_F556FE77CD,0.15266784
ID_AEC77620AC,0.051523346
ID_F953E53180,0.196415
ID_8247509F35,0.021332467
ID_98CC4723DE,0.020023977
ID_FEFFBB03F8,0.14017427
ID_50772FC13E,0.007032179
ID_84DB1B3247,0.39112762
ID_CEB7D2B6A7,0.010442352
ID_7513072894,0.36401317
ID_6B4541F735,0.027294923
ID_4E8908D0BA,0.007914393
ID_6DC611B139,0.15471779
ID_ED761543D5,0.6985026
ID_8BCA992A16,0.97359633
ID_4A9502F0EB,0.21062915
ID_FAF8304527,0.04095547
ID_1038F8E8D7,0.012866571
ID_2EEB5A4FC7,0.15630348
ID_4F70DA27D4,0.033012185
ID_FA59D283A1,0.22020383
ID_27FA2AA71A,0.1093944
ID_D39485EB6E,0.014159026
ID_F010837C1C,0.013972929
ID_085B4893B5,0.0205781
ID_63F4BE4390,0.08138153
ID_1C149DC40E,0.36314455
ID_E081A9F312,0.2996207
ID_4F73276AB1,0.031320713
ID_715A1DD3C5,0.008170397
ID_DD6C2627CD,0.6995917
ID_C0D0AC7D48,0.3239773
ID_B6E27B8775,0.06631391
ID_FD8B629100,0.011258628
ID_2054487178,0.022258697
ID_1B2EF5D147,0.007260853
ID_D36BD3B3C6,0.046308156
ID_251B9C3CED,0.007625678
ID_0CFA9C96F5,0.19505855
ID_0CA5B2DCBA,0.016382424
ID_F05D9158F5,0.013808535
ID_46C8237B4F,0.06633798
ID_9BB13813CE,0.15819377
ID_21E3EB4FF0,0.8013657
ID_DA439D84B8,0.4423366
ID_B57636559C,0.01475563
ID_3F924AF4D7,0.117632024
ID_5689971F0C,0.052711558
ID_44C62A8694,0.021536827
ID_8AFFE91D71,0.020040574
ID_24B457F4C9,0.055717573
ID_9E090451C2,0.22384685
ID_CA177ED704,0.46620584
ID_4B2FE9F407,0.01878012
ID_5553790527,0.52315557
ID_6DA2D274FD,0.017303614
ID_AFE3EFDBB6,0.59811056
ID_9C415CD706,0.6166957
ID_E95E3D3D85,0.007041482
ID_DF1226EB6C,0.018202243
ID_F36440C553,0.6592491
ID_A3CF77ABF5,0.015276353
ID_ABDAAB7BEB,0.006003179
ID_C39DCF30BC,0.013146948
ID_99CF73EB49,0.037370328
ID_0F3DBA2181,0.028649813
ID_42204AD237,0.071395114
ID_30C0BB40AF,0.020769373
ID_2812623D28,0.0069731744
ID_22D021C6CC,0.3087923
ID_A7F9ECE5B2,0.081415266
ID_7A5BBC37C7,0.068786606
ID_30CC831FA9,0.004600656
ID_B99E3B8B0F,0.3608556
ID_BBE2C2247F,0.057726417
ID_69CCED7D68,0.01076061
ID_71272239BF,0.4835635
ID_C08F485452,0.043753576
ID_7A520912A8,0.37800074
ID_56A37EF19A,0.017939357
ID_F712C91511,0.23610574
ID_9DF03BDFC2,0.059564352
ID_14B4F6C04F,0.08079377
ID_516FB70625,0.014415907
ID_5FB08FCAE5,0.013506742
ID_B99A2DC364,0.13225727
ID_815D885DF0,0.10180994
ID_58DFC28AE7,0.0082884515
ID_808822BF01,0.8805493
ID_99A590644B,0.112278104
ID_D03EAE73A9,0.044991925
ID_329F90C3B5,0.015673539
ID_8BA0BDA8A1,0.006631751
ID_4F2B05866C,0.029953644
ID_A81F1017AF,0.009947348
ID_DA7F946158,0.0400595
ID_34097D6302,0.124336585
ID_2AF7E8DEE5,0.008438059
ID_F1B6B7018C,0.04675852
ID_5A88D5B689,0.0464375
ID_00FEFAC954,0.2817748
ID_AA8BE6915B,0.08758359
ID_28217CDAE3,0.015535679
ID_4498208974,0.0059289676
ID_C3D32A93C6,0.011543552
ID_66C36CBEB6,0.043244515
ID_02210CDE19,0.0058869007
ID_9567EE3095,0.011880644
ID_06DAA6D21A,0.020816084
ID_F02C2BA2FB,0.25119525
ID_09F0DD4809,0.15619203
ID_28F0883078,0.32323545
ID_76D77C063B,0.06092646
ID_1F5E65ECFA,0.024820998
ID_94756CB050,0.015193873
ID_8442AEAE45,0.013173407
ID_3363C0A051,0.2262932
ID_5F24819877,0.29728493
ID_3B7C7F1E90,0.011498089
ID_8A9C33666B,0.025202012
ID_8E20901F87,0.47978997
ID_1D9F7463D3,0.22338088
ID_38B35A3454,0.023896217
ID_E174571B4A,0.008882372
ID_17889DD7BF,0.077613555
ID_DAE149FF11,0.3012634
ID_0D31937D74,0.13692513
ID_385BC00401,0.0066820434
ID_F77EF1A1B2,0.066531114
ID_77AB775BCB,0.067231424
ID_CF5985ADB4,0.038466062
ID_C19837E51A,0.07257356
ID_B27FEF9795,0.099902734
ID_5F6E075FA8,0.23139215
ID_CE64720013,0.0906865
ID_5C5F582002,0.030803535
ID_568A6F8B3A,0.37465033
ID_5DE7E378FB,0.48527128
ID_9EB7FDFD6E,0.009752688
ID_F397C5A10D,0.03487814
ID_D126863889,0.019959092
ID_FB4BCCD040,0.04560428
ID_08758D0E48,0.007883868
ID_14095190DA,0.019725647
ID_0B6B826AFE,0.019953916
ID_6725CB3274,0.032305136
ID_1AB7576E82,0.0074324007
ID_0022408788,0.0419098
ID_823F9F9889,0.03670094
ID_0BCC270B08,0.028744917
ID_8A49CB3247,0.06852902
ID_B2474D2764,0.0043307734
ID_5BB5C2F331,0.010917767
ID_FEBC605F0A,0.0058562905
ID_FCC1A58928,0.95396465
ID_BAED764D59,0.013643339
ID_ACF4075888,0.016065402
ID_993B5B0343,0.10820788
ID_35C44B91C0,0.3681182
ID_01AF592C35,0.022088166
ID_51CBA35C13,0.017168235
ID_364EB39482,0.75208235
ID_DAF0701BD5,0.79794824
ID_00AF6848BC,0.024579857
ID_98EFE4BC8F,0.014717984
ID_FB98FAEB45,0.042158086
ID_07E413598B,0.020529812
ID_9D123E3B15,0.46488997
ID_C7DF02ACED,0.040184487
ID_93A5AE6DF2,0.014004662
ID_AD418B693E,0.49816874
ID_E3D96BA635,0.047295354
ID_FBD9C0480B,0.082420446
ID_6807D071ED,0.021920899
ID_1FDDCE0719,0.80509305
ID_8DAACE2096,0.5013495
ID_1A9B14A140,0.0076840487
ID_E21897128C,0.10033167
ID_D9B0C79310,0.0066792644
ID_C00F418E2A,0.024932578
ID_5073ADD06D,0.29540965
ID_D1234DB450,0.14423795
ID_3D65E9A224,0.014821703
ID_6606FB3C61,0.012347747
ID_0CAB0E2D80,0.34935737
ID_9326A2BE0D,0.035157345
ID_642EFC8E10,0.02550772
ID_6EE7201E7C,0.09128217
ID_4C53D4D1E6,0.023004062
ID_0D16C094D2,0.025141714
ID_6AA8DDB264,0.00897971
ID_1F794EE2A0,0.17618982
ID_7CD48D9FB9,0.012535562
ID_3ED14739F7,0.42429733
ID_1237C2B25D,0.08256576
ID_5FFFD12289,0.029180482
ID_B5B4F672BF,0.00712365
ID_40BEC325CF,0.14862381
ID_69F073D94D,0.18829302
ID_EE46C05555,0.50790423
ID_E13831F7B8,0.16488232
ID_611D1EC3E2,0.012552375
ID_D39EEF4352,0.4870517
ID_A649D5B5EF,0.009051498
ID_CE693829C0,0.035547223
ID_9B69C2B455,0.049744204
ID_55F53AF250,0.024346659
ID_669A3FCE3D,0.024026599
ID_E5382A551B,0.028466707
ID_B3CAC587B7,0.051157895
ID_7D5F040376,0.33306864
ID_A5215EEEEC,0.117871724
ID_8509453C04,0.00916502
ID_AA598C729D,0.21106334
ID_1BA36419A6,0.4483725
ID_ACAE647252,0.008491535
ID_CBCA235C9A,0.11215117
ID_699669C148,0.021640357
ID_EC4FD74738,0.09208396
ID_CAD059AD4D,0.032973494
ID_200805254E,0.017511357
ID_36A3C10914,0.011869754
ID_94F9303884,0.24223033
ID_F5A425E55A,0.033596348
ID_8DC87BFDDA,0.011380225
ID_976B463000,0.1678374
ID_08A07BBDE7,0.018590644
ID_20A22F2276,0.097524054
ID_BFF85907A0,0.18428731
ID_0C1D784CF8,0.056148313
ID_ED8184E674,0.008930954
ID_36E79BF742,0.37424922
ID_D50EAF2768,0.021643035
ID_BA12506205,0.80964285
ID_3F95837D87,0.46137673
ID_DEC491080F,0.052502558
ID_B486629C3A,0.023635034
ID_460286159A,0.06628847
ID_BFD5E41FCC,0.31534696
ID_4958CA7418,0.015753014
ID_721B0441B8,0.05271987
ID_BD4A793253,0.11110143
ID_471D607DEB,0.2779732
ID_EF6F594821,0.30000076
ID_8CBDED2BE7,0.4708085
ID_4CA8698D06,0.06405006
ID_C66527AC80,0.04521687
ID_33BE37F2E0,0.023576403
ID_832F224535,0.018471826
ID_31F548CD48,0.009756859
ID_1C9B3A8B03,0.024678146
ID_34EA2D82AA,0.024261165
ID_164005701A,0.024676697
ID_9D361E31B9,0.23813234
ID_49C8C93AC3,0.015040948
ID_AD5D8EC87C,0.01960041
ID_48674C389C,0.49962088
ID_6E446C8D77,0.068819374
ID_C55D880964,0.29495582
ID_F687D788DB,0.059420504
ID_D4CF616048,0.04042314
ID_9112E57B32,0.4353912
ID_147B25474F,0.39859465
ID_07106BFC65,0.31931627
ID_3DA46BC37B,0.025320383
ID_D0292FAA44,0.005314374
ID_4C012DCE29,0.021425696
ID_19B8667B66,0.7527632
ID_DCFFB76EF5,0.25910053
ID_1C8EE4DC4C,0.4080512
ID_D2712F3B0A,0.0072277808
ID_019E4EA3AA,0.02719346
ID_F6607308E4,0.0889702
ID_8887F4431C,0.2832856
ID_F513FF56ED,0.01018668
ID_56145F27AA,0.05862985
ID_2EB4639F63,0.023299253
ID_5E3001DB28,0.57899475
ID_B4586D2120,0.006158202
ID_ADB275D076,0.74267036
ID_CB300C207E,0.3371465
ID_58B8066852,0.23597111
ID_5B9EE17CD0,0.18466637
ID_AB0F6786FD,0.41735303
ID_9EE03D872F,0.042227935
ID_41FCC6E656,0.5778267
ID_FC08F0077B,0.18200617
ID_EC5C9AC37E,0.02731708
ID_34EADF730A,0.09765967
ID_20FFB7E9FC,0.04803937
ID_FC76740884,0.025059849
ID_02A69D320F,0.07673315
ID_FA20EE1D72,0.02962204
ID_D4D24C4834,0.015046122
ID_CEBFC58BB1,0.035493318
ID_8271590D37,0.032496896
ID_52FBB43DDB,0.044903614
ID_F409A9707D,0.00502188
ID_A00BAE4644,0.3344587
ID_0610B8B002,0.019811483
ID_9101CC7E3A,0.07639993
ID_1DF522F29D,0.2286667
ID_56A9ED1AD1,0.090000436
ID_9B8C5E4A90,0.11242944
ID_1123C5CCBE,0.17630133
ID_981DBB191D,0.021097882
ID_447784791B,0.0063655316
ID_B1E67706B0,0.021369856
ID_C7D3944AC9,0.8415395
ID_930FA0DBD1,0.71907395
ID_92518A8836,0.014713032
ID_1866C1E76D,0.11105736
ID_94A082B6FC,0.14857654
ID_36BDD2367A,0.9516804
ID_5A8BF616B2,0.66293114
ID_8A8D4E1073,0.03803164
ID_5702AFE8F4,0.09023263
ID_C73810A202,0.082440875
ID_77146849E5,0.03964353
ID_685938F6B7,0.42444456
ID_8DB5CE7801,0.0090091005
ID_BE74B6D1A7,0.0043168482
ID_B9E19AD859,0.007317792
ID_ACF7ED1A8F,0.016634524
ID_11AE898DE6,0.17991452
ID_D5379AFD97,0.5665544
ID_72FFD157D3,0.1505589
ID_A204613352,0.15112063
ID_BBD2C9A5E9,0.007160173
ID_B507A4DF69,0.0094116
ID_CB1927D21A,0.012538071
ID_FB5A7E13F5,0.17640251
ID_F5E1FF9FDD,0.26513642
ID_83E4BFB9E3,0.117228314
ID_734F9343C8,0.018446106
ID_A12180B8F7,0.1727239
ID_B9DAFCBA46,0.73685247
ID_C6676EFC0C,0.033843353
ID_3B13304636,0.012140576
ID_66B2429799,0.0338857
ID_EA536D54DA,0.024858376
ID_9AE733D573,0.07152961
ID_713E646C5E,0.025783222
ID_E38CDC5881,0.041302525
ID_5AFECAD3B8,0.26841456
ID_F2667591FE,0.046722457
ID_71FCB5CEFD,0.1120942
ID_23EF40F572,0.06607346
ID_95D6D00BC1,0.10910053
ID_E0678567BD,0.007530937
ID_6EF669E8C7,0.027979236
ID_CC1B5550D3,0.0058313785
ID_16175C0263,0.039694965
ID_F19930BE8F,0.018401897
ID_BBB7B3A4BE,0.009957353
ID_C2F1AADCE5,0.014856545
ID_C24EBA13AC,0.11477072
ID_ECCA866C53,0.047456563
ID_34608AF5A6,0.06715659
ID_BC73FDFBBC,0.06825487
ID_78B5DA8431,0.26143706
ID_75D5BC38BF,0.12459337
ID_C5E49F3A8A,0.013611951
ID_D6AD8E2CDA,0.004788835
ID_6E1C5FF1B6,0.048149258
ID_38E9276A1B,0.061491366
ID_79C8920B83,0.020010395
ID_82736DAB60,0.32669035
ID_FAA425798C,0.08857853
ID_ECCB475EA7,0.020936714
ID_62AA6BB983,0.007650141
ID_3C1354547D,0.035873987
ID_3FD21C6683,0.031027298
ID_48F12701C4,0.029101152
ID_28BDCE5DF0,0.008642891
ID_22DDBD66A1,0.07069404
ID_F874E77BE3,0.8026174
ID_6F0F4F516E,0.15139785
ID_9AF15D3AC6,0.019603683
ID_3012CC7C1D,0.17351243
ID_E8A7401190,0.22000852
ID_D51973108A,0.15447694
ID_F7C49A6B68,0.8993137
ID_6F1F4E050F,0.08830153
ID_F15837DA89,0.4181861
ID_F2ED7F9FE0,0.011537394
ID_AE236227FF,0.05559289
ID_D5E8913F69,0.01269583
ID_286921168B,0.11076212
ID_7EA8E8959A,0.7689565
ID_CAC7DFF46E,0.09586189
ID_1C87AAE307,0.0856709
ID_847D7D30F4,0.9956233
ID_15B5E64C70,0.64260745
ID_7CD7623057,0.77099836
ID_7F0DEF52F9,0.014059739
ID_A816B38C91,0.009689637
ID_F3E5B6F219,0.08586082
ID_4F9DE7A204,0.2574758
ID_EF9919A0C1,0.029905656
ID_F3D46A1275,0.24875046
ID_79396F6D44,0.012314599
ID_60A94E888F,0.05395195
ID_1A2DB7175B,0.1652751
ID_2B1569FE29,0.008898107
ID_FCA5398E61,0.28778642
ID_3DF778EB8D,0.04865177
ID_01CE96EBE6,0.029442644
ID_37651F0DF8,0.026152547
ID_EBC32EEC3A,0.008971861
ID_A7D713787F,0.14688516
ID_78B33F3BAE,0.049177624
ID_0506C63F7B,0.053715494
ID_0E6FC1B46D,0.022992041
ID_1844A2A34A,0.0795638
ID_BCFD32EFAB,0.017890824
ID_1D7A8A4057,0.4940196
ID_81617E6E8F,0.010010179
ID_989E9E42A6,0.016387973
ID_BA6264D84F,0.016525546
ID_564BD3733C,0.019309927
ID_63AC7ABD05,0.10212663
ID_5F476CBE32,0.96013623
ID_356D5E65DE,0.23734777
ID_0764799E60,0.48414674
ID_DBE9151F53,0.017275125
ID_4329A21992,0.0074773533
ID_55FCD2DDD1,0.42072886
ID_45D0472A0D,0.10589091
ID_478A073219,0.049672846
ID_4AC34C0ECA,0.057050947
ID_CAC1BA8116,0.017982049
ID_CED119D5CF,0.118156366
ID_8FD34C373C,0.037042473
ID_07E7A5891C,0.0047641136
ID_7347191EAF,0.3188616
ID_3F41256A4D,0.015502696
ID_E5A00D5158,0.018789018
ID_94CE9D3413,0.17406224
ID_E0620B3A65,0.20972419
ID_E378A90CEB,0.14418052
ID_0C9820A09D,0.027517986
ID_956BD9BA0C,0.01366975
ID_1AA695A6AA,0.030553147
ID_5E6A028324,0.030930316
ID_35B86BEFED,0.03409459
ID_8715DFBB5B,0.016058976
ID_850E52E95A,0.0111727975
ID_F3AF11250C,0.121448725
ID_A76A627B1F,0.013853506
ID_9BB4AFE501,0.012143929
ID_3539E6A096,0.37733072
ID_CE0429F524,0.48308873
ID_5538D1F0E4,0.018093467
ID_6C64AB5968,0.12542433
ID_A152254467,0.11439497
ID_6A90AFB45E,0.0058289464
ID_480FBD7B09,0.0050169653
ID_5037E8B21D,0.08686092
ID_7935BB2922,0.07863029
ID_A5E3D15029,0.32319182
ID_F8FF42FB70,0.019738602
ID_641F943FB4,0.009060023
ID_A91882137B,0.071177386
ID_08A8469722,0.29839468
ID_20579BC77C,0.008857794
ID_D3446CA081,0.12544419
ID_BF95931DFE,0.58980876
ID_4F15D1AB3A,0.008934674
ID_E31426EBAD,0.31955656
ID_EBA944B91E,0.02417097
ID_76C47CE449,0.45072
ID_4C47B8CD35,0.08145043
ID_B7E1033B37,0.09739163
ID_D341A32D23,0.02410511
ID_99DAF979C8,0.015533165
ID_905F4CB63F,0.39228737
ID_B9AC1ECA43,0.87496924
ID_7B0C804683,0.026796278
ID_8112FC1C34,0.9405211
ID_5C4581CF59,0.015676932
ID_FCE4FC7F3D,0.010371433
ID_F3A7A050FD,0.3328644
ID_F72958492A,0.07168958
ID_06D176F693,0.6416687
ID_0BE25DE148,0.022426773
ID_9E2938E923,0.056236092
ID_5A457E7526,0.8775999
ID_9210B6730F,0.27148974
ID_318657969E,0.06882068
ID_D44038C263,0.10114161
ID_6504311C41,0.08126638
ID_EE62FCF2E0,0.009267927
ID_732389BF33,0.11640167
ID_9109C659A6,0.00816142
ID_D70856BF49,0.03339071
ID_822B18D77A,0.011978826
ID_213A64DC50,0.38249195
ID_7EEC56A455,0.10359918
ID_F61903AE80,0.44531074
ID_3FF4E87AF4,0.018695617
ID_C0BABF8F7E,0.016636603
ID_CA2AA38D17,0.34550002
ID_08BCD830D4,0.4945888
ID_5E2B3F1BF2,0.010358735
ID_7AD72FA58D,0.17748427
ID_48016CFD26,0.6764933
ID_D0F9F5A21E,0.1096801
ID_6364652818,0.02951106
ID_726232C168,0.16144489
ID_28316F96A3,0.58912784
ID_07E15CFFE4,0.5433079
ID_F84391A105,0.22992635
ID_062DBB796F,0.3002596
ID_B67E1FEF44,0.15904371
ID_5F8303652E,0.009895778
ID_BC6DA80ED2,0.029593581
ID_221B146D36,0.036916707
ID_0333EBF142,0.4090882
ID_96AC65CD9A,0.13398367
ID_50D8841A4C,0.008512734
ID_6F7B6A2FC2,0.793123
ID_06B83CC6D4,0.14069103
ID_7622F1EBDF,0.007413002
ID_773B554C55,0.010082194
ID_4D9495B525,0.08649106
ID_1D463031D2,0.01830022
ID_981FBBAF33,0.13664639
ID_F1E6604A7F,0.06225958
ID_456C7FEF7F,0.030808905
ID_1DD824DA20,0.014590064
ID_17000547DA,0.01879316
ID_C12AF1675D,0.033961065
ID_40081A01C8,0.09838512
ID_06EB9DF646,0.09520081
ID_0140DEC9DF,0.1386378
ID_C4E5029BC5,0.07238058
ID_75FEAF861B,0.115654625
ID_3B36399AB6,0.060216706
ID_A1DDF033F3,0.09098656
ID_E786DAA516,0.009207315
ID_D7CE20CD5A,0.3277351
ID_F8AB62B10E,0.049751416
ID_B13921A9CD,0.109884515
ID_86D1F106EE,0.008064136
ID_16A0492305,0.00941964
ID_B7CF432C87,0.080545045
ID_D43ADF3B59,0.34514636
ID_7B8E75607C,0.12620513
ID_56BB4463F3,0.15214027
ID_DF35C65741,0.015186929
ID_B7AC933587,0.2694794
ID_BD4F43D954,0.016694093
ID_F07420DA01,0.008154845
ID_7E5E4FE047,0.07834041
ID_A2590E78AC,0.022734921
ID_4E706BFD34,0.14981498
ID_30C758CC30,0.04129155
ID_698CA37036,0.012553377
ID_7E50AB269F,0.119223565
ID_BD2D7D189B,0.046135608
ID_58171FE47E,0.18584941
ID_FA6EA02651,0.0073152008
ID_909D0C29D7,0.01784979
ID_8E26051494,0.015124183
ID_55986B4F4E,0.09627313
ID_5CF9543C58,0.014873164
ID_E145095325,0.28687716
ID_85B0B64C47,0.7430007
ID_29BCF53512,0.022046456
ID_D781480A0E,0.008856763
ID_7237F8D569,0.084561326
ID_0300D967BB,0.15420263
ID_E4FBE295C0,0.021091465
ID_66654FDC19,0.58239454
ID_D138D60E93,0.009460209
ID_D805CE9109,0.0054507833
ID_84B2FE97F7,0.09387721
ID_EE7DC97C01,0.011410063
ID_4E75475E9E,0.024317887
ID_C367F500DB,0.16174652
ID_0DC6DB85DC,0.017007323
ID_20FF2D9684,0.13785511
ID_742CDBC1E8,0.6564949
ID_3F301206FC,0.026332239
ID_831CDBEABE,0.13232604
ID_2EA447C749,0.061430898
ID_ED76E5B297,0.104719795
ID_3421E47F4F,0.007942052
ID_12293C63B3,0.65780985
ID_D30332B90D,0.008433749
ID_247EE6CAA1,0.3446382
ID_D28EA4597C,0.5685041
ID_61297BC0F8,0.92852765
ID_37192C4C32,0.13381194
ID_E9155B3A35,0.008565403
ID_723208A2B8,0.27446875
ID_DDFB74B1EF,0.006820881
ID_98576D9D95,0.40205693
ID_C8AC8B0C25,0.010808829
ID_E32CD2F09B,0.1665454
ID_CD5F86641C,0.191465
ID_4890B05DC2,0.329934
ID_96850E88E1,0.04959157
ID_C5F59BC066,0.00669182
ID_A783A1CE2D,0.5616851
ID_2B5F702612,0.35351622
ID_D51B57CC20,0.00896025
ID_EF53B991CC,0.0048304074
ID_54E08B889C,0.6926569
ID_489EC88211,0.05988489
ID_603F1FD510,0.023582047
ID_B736F14F4E,0.011637693
ID_F2555B0259,0.01995669
ID_E7BEEE469A,0.03684934
ID_3DA6DEA3D1,0.039399758
ID_443DF2A1E7,0.2449038
ID_C31899893C,0.20049551
ID_A6823CC48C,0.49624038
ID_5D6C0D1EFE,0.9036947
ID_F5DC2B2B78,0.012267557
ID_1DCD454080,0.024526455
ID_AE97BCEF75,0.0052949972
ID_63786EF79F,0.8372954
ID_40BC9E32D7,0.028794978
ID_EA84D59B1E,0.35548612
ID_2C8EBE9EC5,0.19113827
ID_5DE8259852,0.010853126
ID_841E9FEDB7,0.051809486
ID_AA149DE6E7,0.2140751
ID_F9FFFFCA33,0.22604729
ID_ECEC699ED4,0.009285804
ID_7F50E649BB,0.08409493
ID_60F72F6E24,0.009894815
ID_37CED593B2,0.10806841
ID_903D7FC627,0.009326205
ID_C0B5AD943E,0.007248227
ID_BBA8B40682,0.03184556
ID_1133BF0215,0.01676997
ID_F3BE410529,0.0048038615
ID_9C9BE302E0,0.04531847
ID_93748D7663,0.43515453
ID_251A7CF268,0.14568433
ID_759E6E4D3D,0.042111285
ID_98641306D1,0.10049433
ID_A07C5E83A0,0.07287086
ID_A0684F35CC,0.009816239
ID_852458F9A7,0.027064322
ID_5968E8432C,0.77086914
ID_956223DDE5,0.09519438
ID_B75CB93A20,0.08256226
ID_7983720151,0.3095773
ID_B90C1B1C11,0.0057376595
ID_98FE47DEA7,0.13586244
ID_0E6B1143E2,0.023846319
ID_E1E65F843F,0.05886452
ID_CF15F432BC,0.062460538
ID_D445ABEC61,0.13352521
ID_7DF376A432,0.017281523
ID_C1231A8AE8,0.028470222
ID_32C7D5E4CE,0.034126904
ID_32DBAD2740,0.11860725
ID_7AB431FEFD,0.060396228
ID_93E7219E3F,0.04745944
ID_795E661B71,0.28349465
ID_CE731E1092,0.036946878
ID_D998203337,0.055948645
ID_3F07A77755,0.018290864
ID_A200C5C533,0.84919095
ID_9622B86292,0.07428598
ID_B3FFD580FE,0.06492048
ID_DDC5D7B95F,0.032145247
ID_230A6901F8,0.047483135
ID_4E0FA97DC2,0.07717584
ID_691EA4D618,0.013280298
ID_D4CA8DF68B,0.009918033
ID_68064B1FC7,0.02703156
ID_F5D4693C50,0.014609253
ID_72B2B984DE,0.03760585
ID_CC4558C110,0.15377438
ID_753ADCC305,0.04577083
ID_59404D8A38,0.008721719
ID_5CA0E5FB5F,0.06465326
ID_0633E61B34,0.24184616
ID_7E84D068FA,0.006822276
ID_3C94884E4F,0.04008302
ID_6EC440C052,0.14931455
ID_2F0DAC4808,0.022662861
ID_FEFF75EA02,0.24341157
ID_A028675B13,0.010584998
ID_3D46BDD9C7,0.06053655
ID_433C36075C,0.45715886
ID_C18B8B2F1E,0.115058586
ID_51C1A664D1,0.76479065
ID_AD15C29DC7,0.100270115
ID_FF00CE8EE4,0.72478783
ID_F4CFC552AF,0.08620576
ID_E5DEA985A0,0.7354888
ID_D173D58581,0.00931622
ID_1503882E61,0.09248041
ID_7BE5E89E55,0.03604751
ID_175BA7F1F2,0.037469145
ID_4D9BEAE5DD,0.0111625055
ID_F5248BD9CB,0.052051254
ID_4AB343A31F,0.012898244
ID_26944079D8,0.020154007
ID_7E8174B2B3,0.021682683
ID_EC0EDE0AAE,0.052070245
ID_D0FF8363D6,0.16268106
ID_8AAA2E09D9,0.026296912
ID_1BD79C5141,0.059589684
ID_FDA7D281BF,0.38000453
ID_4D5BC16E3C,0.3491766
ID_D4CBE717DF,0.021846939
ID_17AD2352D8,0.5087242
ID_39675A64F5,0.036470737
ID_BE24E033E0,0.0075008334
ID_8BAE421647,0.006418816
ID_29F3907119,0.07717274
ID_E6C0FFB5FF,0.010134484
ID_6FFD9C7387,0.15039653
ID_BD640A99E4,0.2687826
ID_22CD5D5888,0.020901104
ID_E4E0B683F0,0.017796416
ID_B9F1D4D9B2,0.16644563
ID_14401CE69D,0.17018123
ID_EF8D329369,0.009628794
ID_43839481DB,0.13976118
ID_3627EE631D,0.025603892
ID_395D2D1C3C,0.12983537
ID_D9A5FA8B5B,0.08263318
ID_41957A52EB,0.19898039
ID_4FDCD92F72,0.04176992
ID_FD2773EFE9,0.0467114
ID_3E72D93AD3,0.13161835
ID_202DEBE933,0.055510335
ID_D64BE93CE6,0.15262178
ID_EF15FBC5B4,0.07137889
ID_67BB2F5A6F,0.081327446
ID_5F57E412A0,0.008716682
ID_02DE54044D,0.035114646
ID_E92552DDB0,0.03413537
ID_A37093AFC1,0.007113931
ID_3285A5AD38,0.20175794
ID_ECC53362F8,0.005367412
ID_7246CD6D63,0.0062349103
ID_4E31937E68,0.009610831
ID_56C26FE02C,0.005208855
ID_C172E194D7,0.02010044
ID_E1EB93194A,0.006795428
ID_ABBFCDEB79,0.019666664
ID_22B96776B6,0.024823245
ID_849A292323,0.06850127
ID_A6F3F23554,0.3156235
ID_893BA4A9F3,0.15314338
ID_0AFB604314,0.14054757
ID_9F935B8393,0.3908032
ID_C793128EA2,0.052031454
ID_EEF1784EB0,0.054006957
ID_ABB1F2591F,0.015618088
ID_304D1FB41D,0.06392558
ID_043A9AD574,0.008963477
ID_765652731E,0.029056504
ID_CA46995A73,0.75342345
ID_90088D1876,0.026945816
ID_3E298BBF65,0.9059845
ID_D6C64851B3,0.034488875
ID_AA186D1298,0.6435058
ID_3BFACAB662,0.009120954
ID_9A429AA260,0.22199307
ID_C01A2D85C5,0.00856625
ID_EE1CA43BD5,0.4191197
ID_6E56E8A74B,0.012122093
ID_A9424BA880,0.008850567
ID_17CFA5923F,0.041622438
ID_CBBE6C4299,0.08955218
ID_C7EE1067C5,0.096972264
ID_7AB9ED6CE4,0.011042214
ID_F138A9648A,0.07771931
ID_C90625FFD6,0.0129433535
ID_A812737F65,0.8059673
ID_4DCF1D5F21,0.1706603
ID_87FF9424AA,0.12217818
ID_D1B4A2A8B5,0.050393444
ID_542587F81B,0.092408575
ID_E33067B1AA,0.020607997
ID_08D3611C7C,0.06782755
ID_7A5CCE3447,0.01794102
ID_A690EC3608,0.44664502
ID_AEEA579DD3,0.049856644
ID_9AC182F0AE,0.24601236
ID_00F668238C,0.044196296
ID_BFB192169A,0.039867457
ID_8D87FA5BC6,0.016899724
ID_7D60C864F7,0.051536996
ID_28762262F6,0.036402937
ID_ED8E9491FB,0.054230146
ID_14CCF2EE81,0.016315268
ID_5FFD229788,0.66704595
ID_5909CEFD68,0.48605996
ID_9DCA8D9AAE,0.24511999
ID_71B11A7D3A,0.7273441
ID_B7C43E73A9,0.009035763
ID_EFA0EC054B,0.92826116
ID_4CF77EF966,0.021399364
ID_1706C52A0D,0.016963672
ID_4FAFC166C8,0.029277712
ID_9CA8B3E330,0.05663351
ID_D66C6B1D74,0.15963347
ID_7A558A01B3,0.015448969
ID_6AA5FBBBD0,0.015638072
ID_39CC0495FA,0.07942989
ID_383B364B4C,0.082261495
ID_10B84AD690,0.13114794
ID_E97AEF8C99,0.025718074
ID_B77164E67C,0.01541089
ID_D6E51A0017,0.46809635
ID_497B46CC09,0.4675892
ID_35B016697C,0.009723418
ID_3087C592AF,0.0054643312
ID_986226667F,0.028640784
ID_3B792D14F6,0.031155705
ID_9ABC5DF4AA,0.01631992
ID_2227B7433F,0.0057140887
ID_0A82A2A1E7,0.054625463
ID_5C09A5BCBB,0.05460095
ID_262238F2A3,0.0077349166
ID_894CFB7FEC,0.040321507
ID_6A3D7734C1,0.011792646
ID_FC218228D9,0.007979443
ID_5CE33B31F1,0.06027677
ID_899DD890EF,0.028795112
ID_4E0CDD4E38,0.0048845876
ID_BB2DE225CC,0.013823585
ID_838FAD5623,0.4296126
ID_A0408FB203,0.050092954
ID_AA28CB26B3,0.21279803
ID_CD87DF1924,0.0075034625
ID_F67E5D4A16,0.23923285
ID_E4C544BCF7,0.059973456
ID_D77C568F7C,0.05155357
ID_52C0093C55,0.044938367
ID_7B022666FA,0.015564854
ID_9A9B98F5A1,0.01867356
ID_74660531CA,0.19417311
ID_1C071B2F37,0.024872225
ID_689E190533,0.04463906
ID_CD5DF76FAB,0.8695003
ID_589B39ECD4,0.03641047
ID_B45BEF9027,0.34152326
ID_3CDD8E421D,0.1106393
ID_0D92A46CDE,0.14919369
ID_D8918879A8,0.028538633
ID_34F3C06313,0.008920737
ID_7FA0C0FA5E,0.032212783
ID_FAACD7D941,0.13839966
ID_6854F8BBC6,0.0056946236
ID_71560EFB3F,0.019518802
ID_650C161E66,0.05378043
ID_C95B68D3EE,0.03153801
ID_FB7EA7A803,0.014076118
ID_433EAF4891,0.087485015
ID_9062BB9949,0.38015857
ID_88E9ACDF30,0.09081198
ID_D8EEA1FA29,0.015865948
ID_00783061BB,0.12495067
ID_A3C2899A4E,0.006535434
ID_0D3683987E,0.8629861
ID_35E2D98474,0.06262428
ID_95060551E7,0.16489902
ID_D22EA99A65,0.25050235
ID_12E5B8528D,0.087586276
ID_7C7E108558,0.052026432
ID_F1C235031F,0.047578055
ID_D62DDFD9F1,0.30848503
ID_A32EF1D9B5,0.041185144
ID_A6572C0563,0.011851619
ID_8918F145E1,0.100235395
ID_2952AB955A,0.083331786
ID_87C59B76F8,0.026789136
ID_2F97F847E5,0.94420314
ID_139E738D31,0.0063037276
ID_1DA9138C42,0.4323359
ID_6F320B726E,0.022866853
ID_A12E2FFE12,0.019592358
ID_0EF38E7425,0.23165229
ID_9D8B00E2E1,0.004905359
ID_B4A5FC0845,0.11896214
ID_3F91797DBB,0.024988744
ID_E85234A360,0.0052628387
ID_7BE53EEB7F,0.006216542
ID_5D961406CC,0.008042196
ID_97B3B9F529,0.8694364
ID_FF5231095B,0.06296405
ID_ED21CAAAB4,0.019586496
ID_DDEB312416,0.013465829
ID_A30F4732C9,0.5034791
ID_6D35212B22,0.10930421
ID_A244251876,0.08155244
ID_A7BF229B23,0.010007189
ID_9F03342018,0.18812712
ID_3526EA2893,0.16655667
ID_63A7CF4E7C,0.06215307
ID_F8C9307E35,0.007364696
ID_C34C94E64F,0.019279145
ID_A307526EF8,0.00543718
ID_77666351F4,0.0059023714
ID_3EB44AE365,0.21983449
ID_C8C87DFB5A,0.47110564
ID_D21FF70610,0.009565103
ID_B86DE83244,0.056025673
ID_4474E55293,0.30706444
ID_F82C1CABEC,0.0062336964
ID_94CFD5F8AE,0.021334738
ID_5FBE129270,0.027153926
ID_D55945BEB2,0.039696224
ID_E1AD24F76B,0.022274306
ID_FF3B527628,0.022333415
ID_DF4F7A61CD,0.6060444
ID_143CF67649,0.13316523
ID_C7AD5E2B67,0.020761712
ID_1E6BE10241,0.09023666
ID_ADD9FFBABE,0.023293689
ID_52CC2C8724,0.02143126
ID_27A6F85A0E,0.99182075
ID_A435ECB2C6,0.0069310484
ID_E50EE9BCA2,0.17525947
ID_DF2EB83DA6,0.23788202
ID_5505F32E94,0.022199703
ID_69DB02C2BB,0.02426213
ID_316CF93BAD,0.5921826
ID_A299D63F27,0.0641115
ID_A10A8C5D2E,0.5381454
ID_BA0DE05B55,0.7358018
ID_530F6DB7E8,0.12266013
ID_D590A942A5,0.030882718
ID_C5CCB7B8EF,0.22044435
ID_66355539BC,0.00957379
ID_DDC6F75166,0.1334525
ID_5C546D2B11,0.7319686
ID_EBF7CCB821,0.00908223
ID_D77276D089,0.034933127
ID_F0192F0564,0.031195004
ID_46B5FDD7B8,0.04963353
ID_ADD9B8BD66,0.009590201
ID_07AB71323B,0.1750289
ID_192F5FF7DD,0.013621718
ID_AE338E65D2,0.022248242
ID_4E2DBC7C10,0.018303262
ID_2447E1D16E,0.032032214
ID_575E980D3D,0.029874
ID_ACB86EC4D8,0.1237979
ID_DB1832C7B6,0.07178855
ID_9E0FB12D33,0.058887586
ID_D48AE6E5CB,0.13857615
ID_1CDAA88F53,0.34468296
ID_AE47CC62F6,0.033592105
ID_EA392C5E0A,0.11571363
ID_3A1B23FAAE,0.0074003977
ID_BC6CDCD262,0.05090558
ID_4CFC63BAB0,0.00751099
ID_D834BD45AA,0.12459633
ID_08E359295C,0.013702757
ID_781ED1FCA4,0.45170903
ID_724E28601F,0.46045187
ID_16D15AA8FF,0.86989415
ID_F313C7F180,0.44110286
ID_86A96415F7,0.015408047
ID_32D8775512,0.18943839
ID_33BFBB77ED,0.009585172
ID_DC15618CC8,0.0060901614
ID_E0F1B59AF9,0.032220125
ID_0AB149585B,0.08620133
ID_BBC81D4753,0.17802519
ID_6F953EF268,0.15964264
ID_18C72CDAD0,0.1384816
ID_2243B1F319,0.2296336
ID_774CF72404,0.07872597
ID_2529F5512E,0.86714095
ID_9666AB9E25,0.5478308
ID_7F5741FCD0,0.009543137
ID_B181ECBAD5,0.040198386
ID_79A991BE4C,0.19667418
ID_A93A0BE9DD,0.010923265
ID_0D4AFCC4E3,0.1529779
ID_17524AB45E,0.12274539
ID_D330A035DC,0.046515692
ID_7FDBF3E03A,0.064008206
ID_3E0AAD29E4,0.40477717
ID_D53C0158B5,0.010422752
ID_2A1467A7D3,0.20031516
ID_26818B5A65,0.09106275
ID_4E01BD32BA,0.39887068
ID_2CE29E1810,0.08083352
ID_EEC377219C,0.15719768
ID_A071BF67D4,0.058156967
ID_F7B582977A,0.041134283
ID_5C9ED6DD67,0.00576301
ID_062382C4E6,0.011815166
ID_13ECE6113F,0.02075642
ID_2C21EC9CD4,0.015594243
ID_DDB5539304,0.48884717
ID_53EAF64176,0.073605984
ID_9DC13963EE,0.16094853
ID_10B36B8E24,0.057466444
ID_1C536D6F4F,0.79491144
ID_188BBBDF89,0.0693052
ID_9BC3B1F294,0.011670309
ID_91E026A3C9,0.010616713
ID_51FEB0AF12,0.04734782
ID_F081BD65D0,0.28401193
ID_6E922D4541,0.019075138
ID_A4C5D954FF,0.01799364
ID_B59F361A4F,0.15727304
ID_0DBB096F77,0.022699283
ID_089EB0A819,0.011514007
ID_092E9194F9,0.98586273
ID_415E24D014,0.27409106
ID_B2BB1E25E0,0.0351452
ID_B3772C17A2,0.022516394
ID_6BEA64EB1D,0.22166088
ID_A6A39EEF31,0.41781208
ID_215F54D403,0.23087749
ID_831BBA2957,0.09688967
ID_728C9882C4,0.0124931745
ID_31928451DD,0.017284889
ID_7F0F7C068B,0.95603865
ID_FC620F411F,0.011951072
ID_E4B578BE78,0.020928003
ID_C3628D9C9C,0.048128437
ID_81D14E0143,0.013058877
ID_7C29F585A8,0.043729007
ID_1D12511F07,0.084904194
ID_E1DA5DE278,0.20095654
ID_A90A74CD58,0.033220403
ID_5C1F71E929,0.016792597
ID_67BB1B828A,0.0077624535
ID_AF303A8CBA,0.02080873
ID_D02D15D1A7,0.79401624
ID_67C52052DF,0.32701764
ID_84351A018F,0.02175768
ID_5B9AEC8560,0.0073847603
ID_680F91C9A0,0.027596228
ID_4DFBCEBBAB,0.36371708
ID_A66FD8810D,0.041325923
ID_55404F3096,0.013052722
ID_539475D5E0,0.019335153
ID_78CBB369EE,0.006527885
ID_B991F5E3F7,0.015348414
ID_DD91DD5F2C,0.7107766
ID_2F4D9F1116,0.005540755
ID_5B3C28CA7C,0.010754042
ID_B553BA87E3,0.022919973
ID_C4AE75A813,0.05182507
ID_3A0F454280,0.02468032
ID_7C147A8446,0.019469522
ID_7A39AA6942,0.01957393
ID_4AB61DA3A7,0.05582814
ID_4019E56011,0.35638484
ID_EECD5DC1C5,0.10493506
ID_8F6ACE6B2D,0.05194195
ID_B6D95258FA,0.029611723
ID_C535AF0683,0.007948009
ID_B8385E88C6,0.89277166
ID_FFA484C096,0.8075579
ID_4DFD391A8C,0.026194364
ID_47630B9F1D,0.008120902
ID_39F2A780EE,0.25447792
ID_C720E13BE7,0.033772796
ID_9177403A27,0.026847346
ID_192E5F8035,0.029270051
ID_610BF44021,0.14309987
ID_1D87BD2B1E,0.0717853
ID_04441FC2E2,0.05730859
ID_C82D261ADB,0.011982249
ID_E9672C37DB,0.12398775
ID_6EF0A42A55,0.12465897
ID_F8652CC30D,0.11000598
ID_076E080773,0.6221571
ID_5DEBE50C04,0.011647189
ID_F9125F5606,0.046719514
ID_DBAA47F956,0.046787806
ID_D05EE793B0,0.05280092
ID_BF4464F126,0.5986089
ID_62B6646EB7,0.05314234
ID_15341A1473,0.039221793
ID_958EB01797,0.7403816
ID_B42BDE812D,0.10074167
ID_E7E251CE6B,0.009118227
ID_D89C86B476,0.004383547
ID_C25183A23C,0.1094454
ID_E5378BAD07,0.011137143
ID_7FE1443E6B,0.4980492
ID_D6F48A8F41,0.037178725
ID_B1DA9D1D8F,0.5805157
ID_18022532CD,0.5859979
ID_51B4067F8B,0.061778907
ID_F9F4ED12F8,0.0074610873
ID_469FF2474D,0.013051781
ID_AF396A0FBA,0.09151865
ID_F3EB41F870,0.019205123
ID_91BFABD4EB,0.009193789
ID_2278D34586,0.9849989
ID_29035B7D45,0.14620253
ID_F49EA382D5,0.01466092
ID_C9E1589E43,0.16751093
ID_2A0C770356,0.61863065
ID_CD98955ADC,0.028555349
ID_9112B97CA7,0.3641169
ID_4C2152FDE3,0.27792522
ID_F12D56A8E6,0.006811833
ID_21E20805D4,0.11549456
ID_08F016BE9A,0.018352862
ID_3DC1432CE9,0.14927009
ID_CCD9453B0E,0.31799015
ID_F9E6ADAA4D,0.15933925
ID_BA32E52AB6,0.05085089
ID_D548E67F49,0.016241293
ID_3022CF29C1,0.33887064
ID_DCE2ED82FF,0.0073416145
ID_01A6391C61,0.009673168
ID_46E313B8C8,0.006305775
ID_5CFE813C29,0.03214525
ID_B78ED3D962,0.21483067
ID_98EC6EC110,0.04763107
ID_E56855EC6A,0.006610757
ID_FA088A1823,0.047532134
ID_D1B47729F1,0.019039087
ID_09A4FF1CFA,0.017206848
ID_596C5E0CA6,0.007463068
ID_8480FB2E6A,0.0040427623
ID_F77B271B36,0.0733706
ID_83AF8A8CE3,0.08047204
ID_8B1D5948ED,0.024659036
ID_D9E69D5680,0.2583761
ID_7DDAB8801E,0.043311615
ID_6E7E17B5D8,0.06213718
ID_A5E62A3E6B,0.19594449
ID_4F211915C5,0.06378029
ID_BC695A12BF,0.2710705
ID_2E15C79E1A,0.49829182
ID_21E27263F1,0.014597023
ID_9E0E626C23,0.10875766
ID_875711A52C,0.055201583
ID_FE4AEE09F5,0.058273807
ID_1B58A5F840,0.01785465
ID_3550519DD1,0.82384014
ID_D0FF487FAC,0.04808641
ID_3F7CCD5173,0.021709679
ID_6B00C4E301,0.011637498
ID_3C646073EE,0.03271503
ID_1F44BC2BB3,0.7977638
ID_A264B7CC15,0.012019177
ID_A4696E9F74,0.42933863
ID_489D95F6C5,0.020325728
ID_F498FADD88,0.39901444
ID_5DB95890EB,0.22436689
ID_BF2967B25E,0.007609071
ID_C0E9F85AC5,0.3837833
ID_1030F3412A,0.2145917
ID_F851207233,0.13818018
ID_248C58FEC1,0.16565564
ID_91A855AA1F,0.9565827
ID_338047E8D3,0.23343131
ID_C5D10D18FF,0.006319334
ID_84422266FC,0.075893104
ID_4B15305422,0.1636288
ID_D15CE3F985,0.0072923773
ID_3511EDBB5E,0.9945743
ID_16260FCA12,0.13876912
ID_B2E1D897D7,0.009646457
ID_A99977A174,0.15270682
ID_154CA35BAC,0.9837105
ID_DEF3559A1C,0.06321616
ID_33C0663738,0.024412386
ID_4F51E5150C,0.012805855
ID_0AB6902462,0.082023256
ID_293610A633,0.015989877
ID_5A3A330E49,0.03288603
ID_63F993E258,0.008058042
ID_2B8A9A34CA,0.17994332
ID_E12D27E120,0.009329581
ID_5BC0F49007,0.3582042
ID_821386FBF2,0.01300491
ID_C35B31D984,0.139179
ID_9186649030,0.009699308
ID_A98A60E1BA,0.012024537
ID_3BF0D5F733,0.006938612
ID_11A5A3AAA7,0.15999512
ID_0E06DE314A,0.13903563
ID_7FC40D8ABC,0.014945363
ID_ED914D8613,0.027752114
ID_41DED8FA93,0.060218878
ID_F238221046,0.035667107
ID_39F4B915F2,0.109245874
ID_03E39E4DB5,0.025471082
ID_C6AF30670E,0.041052192
ID_A62996EA04,0.12399071
ID_0229265F0F,0.53617084
ID_B47CB0BF23,0.91376394
ID_45814BF3B1,0.019747332
ID_681C2AC85F,0.07131734
ID_6423705456,0.046262987
ID_0BBC9E2E44,0.40161464
ID_77E157959C,0.037305478
ID_60AAAE7A57,0.0167656
ID_BF40CD7EAC,0.03034893
ID_4F1291AABD,0.012387349
ID_C9A6405D85,0.09373633
ID_C610517FE2,0.045625113
ID_B326B881C6,0.08191866
ID_4B421FD0E9,0.121298134
ID_08296746B5,0.01698883
ID_731FDEC2E2,0.15068363
ID_AD5989494E,0.013073026
ID_99B928BC25,0.31907722
ID_A73A1A9A91,0.013756252
ID_CD28044268,0.057889413
ID_4C7CB32C32,0.1368044
ID_DD61251E2B,0.61011124
ID_3E49F4BDC5,0.04016918
ID_0D52D6BBD0,0.0098537225
ID_477D7EB616,0.6300922
ID_DBE17AEF22,0.044242684
ID_19A5615568,0.0099786185
ID_043AE6E4DB,0.014519007
ID_00B7A30B7C,0.0056094867
ID_16D2BCEA34,0.0058010677
ID_B0008F4314,0.011426799
ID_C12D5A5C76,0.015384718
ID_0F751543A5,0.023671752
ID_948E3EDA40,0.021964164
ID_E5EB9D53E8,0.8233622
ID_58D3EB0FE8,0.0170485
ID_A50B495599,0.005864144
ID_10C1495FC6,0.077002935
ID_F305D8F37D,0.9682155
ID_4E5490B784,0.010103517
ID_0C5D29BB41,0.005108337
ID_6E31C1131B,0.019308193
ID_D19ED9479F,0.058929313
ID_43760E4020,0.89899945
ID_8C982876DB,0.0421639
ID_066B0F96E1,0.03332193
ID_403701568D,0.121651836
ID_E7A1C19E62,0.019202543
ID_9F1F32ACE4,0.08739287
ID_343928E23E,0.011124208
ID_DB2ED6BB00,0.02751718
ID_24915219CC,0.05877041
ID_78FE4F5A58,0.21709861
ID_55642F5200,0.08791087
ID_9A1D074EFF,0.80535096
ID_224E9800E9,0.11070087
ID_F17D5D436A,0.43753406
ID_C54F98602C,0.0047874576
ID_3000306E72,0.0343435
ID_2873B81319,0.33799514
ID_0CF2E39741,0.084054574
ID_18C81AB0CD,0.80311525
ID_0DA7C6D50F,0.7418182
ID_63B266316D,0.009662433
ID_A5810AAD2B,0.24794614
ID_51EBC65A12,0.008643039
ID_F962E98F76,0.10538258
ID_E6010F3436,0.68740016
ID_6989C15830,0.008172793
ID_0A37F465F9,0.015098673
ID_49E14CB965,0.0627284
ID_9AF0FF93DD,0.09533502
ID_2709896FED,0.32270667
ID_280682A743,0.8438825
ID_7C1A672B68,0.01805138
ID_4E2F0899C7,0.049055547
ID_CCCCD09126,0.041129827
ID_5FE4E50323,0.11383131
ID_94C889F09C,0.011290907
ID_11083E06CD,0.095510945
ID_4B2A5F31C9,0.020196022
ID_56A5526464,0.11407422
ID_28C55919A5,0.047555804
ID_0189199EB0,0.017672021
ID_26E2A405A7,0.5163555
ID_0FA30624F5,0.24779105
ID_3B0AA1A6AC,0.01315172
ID_B9044044B5,0.008345614
ID_BCC2DE5DDF,0.010106785
ID_E68ABA8FFE,0.0122696
ID_CDBE8A7385,0.008582337
ID_78CBE145F1,0.015411277
ID_A565D287E6,0.02671627
ID_48E74FF38D,0.012770178
ID_B1C58F14BF,0.010467614
ID_785E14CE3C,0.014954697
ID_9BFD6E3EF0,0.47930023
ID_B4C12566EF,0.062764496
ID_15582BECFB,0.4434891
ID_42194477AB,0.26960742
ID_DECE50DDF4,0.13241686
ID_1672C1F6F2,0.07650971
ID_F47483ED06,0.044864208
ID_892BBD7B13,0.07986933
ID_4E90DF9718,0.84909296
ID_77F1C49C49,0.06530202
ID_12E540487D,0.32272017
ID_F0AA6487E1,0.08342047
ID_3305ECDE84,0.02864675
ID_A8ACC8FD27,0.22799125
ID_D3494986B3,0.106353655
ID_CE0BC1EA3D,0.017607255
ID_6B855C8927,0.59154314
ID_DBB03266BF,0.022162482
ID_69884797A5,0.008231687
ID_64C18202D4,0.015925523
ID_E5DD08DCC8,0.025611175
ID_741DB67A69,0.085980706
ID_8B9D938FF7,0.035786673
ID_D47C1D90FB,0.009159282
ID_2CF9C411B1,0.039189566
ID_CDA6967D38,0.16440094
ID_BFA4E89E34,0.03572829
ID_361FD566C5,0.020833448
ID_71D628303B,0.0059191426
ID_F9E0DEFB9A,0.021012384
ID_20F9624775,0.010957983
ID_98C38D6691,0.052043766
ID_025F99B001,0.31636408
ID_3D028313E0,0.6848786
ID_94CF5917D5,0.03853694
ID_B8CAC534D8,0.02642839
ID_48437BCC27,0.23797996
ID_F49067B1F7,0.62767166
ID_318CBF6618,0.10612252
ID_57858C2C13,0.01230787
ID_4F244861D1,0.9595264
ID_0F71D20F6F,0.14324147
ID_54620C7DB8,0.21829458
ID_FFA387D759,0.062823154
ID_E2C641C125,0.43483838
ID_02A2844242,0.024105987
ID_C4BE088C66,0.2615129
ID_0ECF218B69,0.07886986
ID_67D6058646,0.15654798
ID_7F0732A228,0.73958784
ID_2B6B977E87,0.06997546
ID_85D18D99C2,0.009502692
ID_C80270A86C,0.29204062
ID_2B4C27C538,0.06621288
ID_4D69430DA2,0.010450575
ID_89739E4AFD,0.014380897
ID_E7FD703EA1,0.024850054
ID_5409790970,0.035386078
ID_9909618F1E,0.011920637
ID_6C92BFDD65,0.06702589
ID_AC4EB3A7CE,0.111101426
ID_0D72F0D0B8,0.035328824
ID_BFDBBF02AA,0.107407585
ID_E58B354516,0.68365616
ID_F5CB9D7BA8,0.06081753
ID_8823379D0C,0.39209655
ID_F0B54E4903,0.0722343
ID_BE9A24F59D,0.025659734
ID_69B443E08B,0.01510711
ID_5F7A2F4442,0.16683461
ID_05293E0580,0.084810145
ID_95AC9A09B1,0.032949287
ID_04E4A9D14A,0.021824216
ID_A95B3BD538,0.016150925
ID_B020576750,0.26729915
ID_8CB99025F0,0.014913055
ID_195574BB82,0.00518062
ID_948AFEF22C,0.29335004
ID_07E43D8499,0.009968716
ID_229533C09D,0.025714377
ID_13EE86D1D6,0.0072498466
ID_30A8736E77,0.051253162
ID_9BD69357D4,0.02959635
ID_0EB8D04046,0.03123744
ID_50B04D7CF5,0.2682304
ID_7567CE3588,0.9376453
ID_EAE3BD2A5A,0.014023873
ID_00CFCAC8AB,0.01427433
ID_5939D58C7B,0.6441669
ID_9489A748A0,0.012017203
ID_0B90C0FE02,0.16391899
ID_6447995957,0.11039388
ID_C2F452857B,0.01085737
ID_B1883077EC,0.00565223
ID_618057AFDB,0.026672296
ID_1642FE66F0,0.016080292
ID_F905C806BF,0.15960494
ID_6D80067D18,0.73229474
ID_05FE616942,0.28043044
ID_5996706708,0.07041578
ID_069A802F1E,0.41894528
ID_A6F6DFD474,0.016504863
ID_8FCD232F72,0.023469469
ID_1856A68DA4,0.25872684
ID_F03CCAD102,0.014220102
ID_63D6A94326,0.6523164
ID_D8B158C5F5,0.03867404
ID_9F29E88BFA,0.7009956
ID_88D21CC9CD,0.57760364
ID_40779917EA,0.4364982
ID_E92DCC9762,0.2134811
ID_34DC3AABEB,0.0050176275
ID_BDA7630022,0.042017262
ID_D284881738,0.030099964
ID_C9B5D26D1D,0.35718116
ID_3FCBA5BDCC,0.04457974
ID_F189D7B925,0.058582235
ID_F2818857AA,0.013982132
ID_869C930633,0.040837947
ID_7554231213,0.1855229
ID_9E09E23420,0.0073939525
ID_7EEAFC3FD0,0.008962723
ID_76F2AA8F93,0.0142997205
ID_70CF739E87,0.11741272
ID_3554EA76E6,0.013683807
ID_FB8D910102,0.108529806
ID_225E1CB291,0.0050272956
ID_4E3219F354,0.0073217885
ID_C0562AA2B5,0.012779879
ID_97E28EB384,0.76241904
ID_76EDD19190,0.100882135
ID_6D76F9342E,0.056030873
ID_A5FF103C4A,0.005869316
ID_36CA3F2254,0.06440487
ID_04B8E21DE0,0.15247625
ID_737BDB80DB,0.039873064
ID_F2FC3BC8B6,0.008737487
ID_AD428E6549,0.024853455
ID_691A96FFAD,0.40464485
ID_154AD3B793,0.00847111
ID_06D2DF0414,0.056071512
ID_C4848C4BF6,0.014622085
ID_722739E696,0.024423417
ID_15717B9B6A,0.029736895
ID_3CBCF1D475,0.061614275
ID_AA4828BB47,0.055776156
ID_5042399B02,0.015170322
ID_B2EBE5FDDE,0.018161526
ID_DF0C1CAB06,0.012308682
ID_07780579FA,0.044255525
ID_12130ACA42,0.026781466
ID_1F652E43BA,0.04324482
ID_4B27CC822D,0.06627231
ID_BD91D0E936,0.63035345
ID_3596CDCB0A,0.11980252
ID_BAD5F898F1,0.01586217
ID_106A1C60FD,0.31998003
ID_7169463E1E,0.011168164
ID_BC59A190E4,0.038328066
ID_D44EBC2D5C,0.04789487
ID_891850C0CE,0.015928196
ID_7A140409AB,0.07071884
ID_A953375F1A,0.018464446
ID_C3203BE09E,0.65657973
ID_CD00BF3BE2,0.017735621
ID_09FBF8460B,0.008864879
ID_21994EF655,0.062380947
ID_2A0A625FAE,0.011398428
ID_9B815D9A7E,0.20106627
ID_2A1C0A2EF9,0.01885943
ID_25DC112A25,0.05322879
ID_D449C05378,0.29904816
ID_682FBA780F,0.022959463
ID_64A133B526,0.07554565
ID_AA5CE319E8,0.26775146
ID_F6A7660380,0.48575708
ID_C2B6940729,0.026639506
ID_95B7811C55,0.44777
ID_8243D2B5DE,0.21560217
ID_07AD72B5ED,0.4320472
ID_B4E95D489D,0.16063465
ID_4A86ADF650,0.0067824186
ID_F377EA7D0F,0.6000025
ID_03B4C73857,0.03978793
ID_AA60CE0F9D,0.09222191
ID_6F6CF44065,0.014032658
ID_B2D2780EF9,0.0067737885
ID_6E0E48ED67,0.12422766
ID_20B7016EA8,0.38413867
ID_CDA3A5EAA3,0.055954676
ID_410B1A84DF,0.051715285
ID_B2DC03756C,0.033880617
ID_CC7A02A213,0.39005956
ID_B4F3BFC03F,0.019215036
ID_7BEBF09F58,0.63362885
ID_681F14DECA,0.01826308
ID_744F880820,0.00879011
ID_A16DC840CD,0.09244815
ID_197FCB6EE6,0.0062287194
ID_36D0D21345,0.017747743
ID_192A6EB329,0.006763059
ID_A6BD36F112,0.097223476
ID_596A7B8EEA,0.045687847
ID_785701FCA4,0.10819789
ID_8FAC74DEBD,0.14139043
ID_20405F0CE5,0.83032554
ID_968CF66DC3,0.028357605
ID_4A9F87CE38,0.05722234
ID_6FD34CA7EC,0.39482993
ID_4BF49AE9D0,0.081010886
ID_39738E9600,0.020850264
ID_A3615CC614,0.07170811
ID_A713158A14,0.007911923
ID_60BED83C5B,0.021025702
ID_8E800D54C0,0.09501933
ID_0A0CA4717C,0.074095756
ID_85CFDA7D60,0.070185974
ID_5F1E47FDC3,0.11123983
ID_8C0601CBC0,0.12191299
ID_471A5E3208,0.01569816
ID_01F0F02827,0.00798888
ID_58C24A4C9E,0.011159363
ID_4FA31191B4,0.5888137
ID_D74B7B4D7A,0.05872282
ID_BA50BD9527,0.10879405
ID_14C1646B62,0.023535676
ID_78CB5F1689,0.07600326
ID_CB5F2E6336,0.27838495
ID_845AA493F5,0.30211827
ID_93F2BBBBD8,0.014403282
ID_F12154605E,0.0143302865
ID_B5C5492705,0.14901875
ID_D6AFA2E4DD,0.46341515
ID_CD0CD4271F,0.009192094
ID_7C0F335B1C,0.036063656
ID_56299369B5,0.005916515
ID_747ED25F7A,0.011103469
ID_F3645B7E3D,0.005723991
ID_7B16B6B907,0.4463454
ID_69083BBD51,0.047820833
ID_8DAB37A1D3,0.029174695
ID_CB88935F13,0.016047621
ID_1F1AA7B3AB,0.056313515
ID_86AF20E0EB,0.017355828
ID_72940C4C25,0.17057127
ID_A337BDC203,0.022717675
ID_A829FCBFFD,0.072779484
ID_24A43B7FB8,0.026553176
ID_9D21672943,0.009699451
ID_DC6FDDA570,0.010618116
ID_69C6005073,0.10369094
ID_9708ACC4D8,0.07260446
ID_F0599F1534,0.036106706
ID_4A0CF9F7AC,0.024814032
ID_44B343B466,0.023810765
ID_2349472401,0.052962292
ID_EA37073D5A,0.005836096
ID_874F88AB44,0.00601036
ID_8D9323D8A0,0.030248994
ID_211C84C0D0,0.019409686
ID_0CFD40EE32,0.0120187905
ID_B7F086C2A7,0.021968285
ID_48C6387527,0.022057526
ID_D01BF796C0,0.5891749
ID_0F76AF3E60,0.0076418417
ID_142EB8DD23,0.1291588
ID_FC210927EA,0.008935861
ID_7EE3492FAF,0.6125067
ID_BB1654FF35,0.009673745
ID_0969117873,0.14482072
ID_47C06789EB,0.012894303
ID_ADBE26FE3C,0.051128484
ID_43DB3CFCD6,0.27227932
ID_E2C6EF6371,0.044537894
ID_0F94F10F5B,0.008253304
ID_AA0827A0B1,0.24628836
ID_8DE4C7F379,0.011492728
ID_7FCC5028E5,0.0061054938
ID_01F8566183,0.00844889
ID_2200C90CA1,0.6814364
ID_B0177037FD,0.010312265
ID_962D34B3F3,0.09791045
ID_93F2F04D59,0.008433079
ID_DF694C0BBF,0.018748043
ID_B077ED0AC2,0.015050134
ID_41B9E42326,0.04480853
ID_AB89E7FD4C,0.013274316
ID_CCF0BC2440,0.07178789
ID_948349206B,0.03811625
ID_97C0B1317C,0.00747129
ID_3CDE4C9FD5,0.020221738
ID_1C7073A3A0,0.43218789
ID_49CD92D624,0.033776473
ID_657B6EFD94,0.025143016
ID_8406E7A5F9,0.018181564
ID_F3B902AD02,0.7857656
ID_6F14DDA7EC,0.10708641
ID_E1101C7059,0.024816792
ID_C5E6588407,0.016519457
ID_0EFABEA4E8,0.008713239
ID_0E9B74C815,0.08951888
ID_69C6CAD27E,0.9714564
ID_3FF343CF2D,0.43063298
ID_783236EF05,0.17390405
ID_BF54EEBD8D,0.009740782
ID_8940D7C591,0.37685084
ID_690F7EC42B,0.6857181
ID_73AC125BA9,0.2692187
ID_13C211FC5D,0.27575284
ID_68C5727D2A,0.12623133
ID_9C76A5A900,0.011183906
ID_11913D8118,0.034904715
ID_F1949F1985,0.032103628
ID_EC3057FF70,0.028076699
ID_964D0E275C,0.047894213
ID_3743BAA70A,0.51884794
ID_7C9F2B96D4,0.26741457
ID_2851E35C6F,0.042271744
ID_9B3C561624,0.20172325
ID_BD6F226C03,0.008356599
ID_E167E695E9,0.017320283
ID_21E9699CC2,0.008124346
ID_C92EDF50E1,0.0848862
ID_F6A3A47DEB,0.05833241
ID_3D7CEF350B,0.09543009
ID_B7CEE38AC2,0.017558202
ID_F4281B6182,0.08248447
ID_B50BD3144B,0.07799086
ID_100FA20E29,0.31917706
ID_A85CFE89D8,0.010514366
ID_E336C95C93,0.019448925
ID_97E6495170,0.3688247
ID_A1FC02BC7D,0.8909818
ID_F56B0EE36D,0.44041765
ID_F6419428C8,0.12723954
ID_C367478237,0.018780876
ID_DFAF14ED81,0.5429263
ID_09335DD974,0.08429731
ID_6CE1E191A2,0.302149
ID_07EDD281B0,0.0071313772
ID_8D39EC19E7,0.024384264
ID_F0D262B20F,0.08534182
ID_FCF2CF7765,0.05660348
ID_42A7AD6004,0.0259309
ID_281137510A,0.0077581345
ID_628D357539,0.008711645
ID_DB4EB384D8,0.054512896
ID_027F421CE9,0.21126588
ID_AF1CC586F3,0.0050427266
ID_83E646BBEE,0.2510967
ID_19C23941A3,0.3671814
ID_F5D10F2623,0.69775224
ID_F4A59CB69F,0.06974997
ID_CBDEB24A48,0.027670823
ID_CCFB56A34B,0.0078812735
ID_0349C77B47,0.08096018
ID_AF462BC0F4,0.008567038
ID_E049207A66,0.23998159
ID_2FBAF47D50,0.039040115
ID_4F8868810D,0.021851901
ID_DDB29A7360,0.015182846
ID_B3234FB136,0.1605203
ID_F926AD1CEC,0.41262025
ID_315594D72A,0.012978088
ID_2C3CFE510D,0.0075958422
ID_305E2A1C5F,0.006533686
ID_83C4253723,0.34803894
ID_22B769D5C8,0.06306237
ID_4CC897661C,0.123113275
ID_B468ABD053,0.04876039
ID_5DA9E1299F,0.12419436
ID_542A9C4404,0.1043647
ID_CCFC609512,0.37796992
ID_299D817FAD,0.16363183
ID_E9DC219BB1,0.84668726
ID_5D7B218A04,0.5377777
ID_AFB3BDA4F0,0.007632482
ID_81165E9B21,0.07918446
ID_D9BBD3D667,0.053857867
ID_B5140120BB,0.016544688
ID_B3C13F230B,0.007885594
ID_E4A59B02C0,0.007889558
ID_0144DF36CD,0.66211665
ID_744323C38F,0.013686817
ID_1BE850D95E,0.05161604
ID_F389327D09,0.026112445
ID_6AD4FF1156,0.0063800416
ID_11CDA4FEB6,0.00850891
ID_69F834C0AD,0.051475916
ID_EBF397CE3F,0.018127998
ID_2FFC9914FC,0.29560706
ID_24AD81AB9B,0.006732728
ID_F65759D21F,0.049451508
ID_39D9833798,0.014562016
ID_86BABFCE51,0.038962685
ID_46666A1C21,0.048598792
ID_011D84240A,0.030219443
ID_404F10E272,0.030643314
ID_A03F8B3F84,0.023547078
ID_12E3864651,0.49043453
ID_78709F4879,0.9674721
ID_F58A547BA7,0.18147995
ID_8AEA06FEB2,0.15927655
ID_6E49F3554A,0.078753226
ID_9CB2AC8E97,0.20409398
ID_6E1CBB395F,0.136672
ID_64AEE91BA6,0.010361976
ID_B8569D37F8,0.012668911
ID_E787F03D49,0.37320343
ID_76EAD846F5,0.056698296
ID_4D1FFAC5BC,0.0801825
ID_0F528745EA,0.04688118
ID_5D2D4D40A1,0.020435315
ID_700DE3903F,0.7060353
ID_1C1999D098,0.19673043
ID_16AC98B42C,0.008055945
ID_3F450C05B9,0.016358513
ID_8D7FDA82D0,0.043200005
ID_C7924BB005,0.23786578
ID_A79F64D105,0.13507316
ID_414C84D432,0.011376769
ID_245D10D8FB,0.6760176
ID_BD14829840,0.0733424
ID_EEC0442A85,0.055087674
ID_974B536695,0.7728269
ID_8251A2FBD1,0.018656101
ID_5187850258,0.04556488
ID_9DC3A51290,0.5905899
ID_10505D24BD,0.056764584
ID_01E1CA217E,0.03533341
ID_A1B532FFDD,0.012895627
ID_707C29E5A1,0.14923954
ID_87064E8635,0.32376936
ID_9807C68093,0.013630435
ID_A660A74350,0.019964112
ID_9993C46167,0.011870223
ID_2484D6D5F9,0.059192464
ID_61AEADA728,0.20801523
ID_05785467F4,0.008995344
ID_26EB8CA2C8,0.2881095
ID_7DA79CC46B,0.04021379
ID_3D69E433F6,0.032257244
ID_ED509775C5,0.007907731
ID_FD9A4BDD47,0.008528287
ID_480F8B25AF,0.012707781
ID_10C4C86524,0.69448245
ID_F8CCD11DB1,0.38556993
ID_BFC9BDF7B0,0.06401643
ID_D414FA01AA,0.017822899
ID_1C6630B247,0.029596237
ID_F2B7EC42ED,0.03304147
ID_22FB83E786,0.006402744
ID_435F9C4144,0.019026795
ID_BEE6C542BF,0.038882803
ID_588C169A1B,0.007355027
ID_F64237A40E,0.4842257
ID_5481F4FEA9,0.010581107
ID_C15FF67A40,0.09642868
ID_1C76B8D67D,0.121780634
ID_831B0FB9C8,0.0446632
ID_1C91F86849,0.04970039
ID_00C2875B3E,0.0076563084
ID_D8748F35B9,0.0069400766
ID_B457BE664E,0.043456957
ID_575D8FDC9C,0.0074135577
ID_921EB13357,0.0085660415
ID_3082B01B8A,0.011416051
ID_E0EEC5770F,0.0092613185
ID_0F6F8774DE,0.37397557
ID_4B5382A984,0.14470336
ID_8139D4E0C2,0.09714843
ID_A358A12838,0.28077328
ID_ACA914EB9D,0.16020757
ID_1EC16E944E,0.291523
ID_4C0D3F6DA0,0.4896446
ID_9D5874CCF6,0.0046654185
ID_01571601E2,0.011334995
ID_248CAA5946,0.6568764
ID_37DD1DE966,0.070593774
ID_A8E2547B16,0.007899165
ID_787E6AB57A,0.014569142
ID_D57F491D70,0.012101278
ID_AD30FCE8FC,0.01885507
ID_A85252D85F,0.005396108
ID_8033DE568B,0.22489992
ID_7B7D85F9EE,0.04820533
ID_89DEFCEE70,0.008975606
ID_8FFD287A5B,0.0145455925
ID_F2A0D4A2CE,0.4170539
ID_B0A7AFE701,0.005169436
ID_C241ED2BE0,0.03969087
ID_F9CC550D6B,0.06516
ID_115C36231B,0.0057050753
ID_7830FBBF5C,0.015165484
ID_DFF3D4CAF2,0.027202435
ID_056FA96519,0.01002549
ID_F45E8846DF,0.01478629
ID_567B85A6C1,0.76725006
ID_CFB5CCBF19,0.21292475
ID_4D53D84B78,0.15645352
ID_82BC6CB789,0.3631441
ID_8893037910,0.013852303
ID_40D7B8709D,0.6171037
ID_20AFC22675,0.015581047
ID_580B6E4290,0.030884469
ID_9A2B0CF979,0.009364033
ID_45F8B320E4,0.16376393
ID_18191DDB03,0.01056941
ID_CCD8053286,0.39781237
ID_D3CE9AE729,0.025224995
ID_FDF79D5631,0.07309494
ID_0D537814F8,0.016390637
ID_90DAA97EDB,0.06899603
ID_B61C4D2325,0.84008676
ID_4EB2EB82C2,0.83414584
ID_8C85DA5630,0.28900528
ID_FF62A43096,0.069375984
ID_B8DF7B906F,0.009269305
ID_E03C7AB6C1,0.7283063
ID_9009108C3B,0.19356608
ID_4B15B2E7B6,0.013215682
ID_99745D74E5,0.006552827
ID_D8102BBB35,0.0070552197
ID_13AF1086C3,0.041461453
ID_0EEDA0EAD0,0.017697928
ID_73630033D0,0.07158498
ID_14C98CE7B2,0.01077952
ID_16F8F4018B,0.014978084
ID_322F0FFE5B,0.006201226
ID_5B0AC65DD3,0.034722716
ID_0A116D1CEA,0.004280219
ID_37AD205E7B,0.021799397
ID_059049F20E,0.028959155
ID_8242BBF513,0.028718403
ID_FAF7B055D1,0.017990295
ID_1750403C3F,0.6287078
ID_7AC5E4B872,0.31819972
ID_C47959BEEB,0.026778243
ID_107C36DE4E,0.063009575
ID_913F80B405,0.324515
ID_E0C6FE033A,0.024348957
ID_F5B46C6901,0.009180933
ID_11392CDC0C,0.06154544
ID_AD7ED1FD58,0.025096253
ID_08C62AF61A,0.025246445
ID_3DBF8843D9,0.005318104
ID_83EDF4009C,0.013986941
ID_58C5926057,0.023895575
ID_1BF5FA53A3,0.01736336
ID_417A2067FF,0.37014356
ID_EE27439595,0.018059857
ID_364A890066,0.045945045
ID_2BB6D581F7,0.02879241
ID_CA5A15A3DE,0.16284975
ID_9BB53EB19E,0.051439047
ID_C4C8A3B2C3,0.0027743832
ID_FD0950ED40,0.01247595
ID_5366624C2E,0.08970747
ID_64AFA35485,0.5357372
ID_BD81F94E69,0.033833314
ID_6763658CE1,0.018783242
ID_8734B22A2A,0.045103755
ID_CEE0855231,0.34615192
ID_1E638EE508,0.6756099
ID_42D244EC92,0.035184313
ID_7A50092246,0.22195807
ID_002990B9AA,0.6417818
ID_DFA402F6B7,0.033857126
ID_B343B6E188,0.06027425
ID_8B448AEC3C,0.43424377
ID_112E97D07D,0.061740417
ID_F17A1AD7AE,0.039210133
ID_39B750EBCC,0.3097752
ID_DEAA234382,0.0056418437
ID_1FFCA1F85A,0.09911101
ID_7DC9A9E31A,0.0050967066
ID_C6288B1CA6,0.041953877
ID_791168E213,0.054370552
ID_BA4764BC5E,0.029794907
ID_ADF4723643,0.008956028
ID_DBFC0707DB,0.008951471
ID_2FB4540DF5,0.036205146
ID_94C23D2336,0.08310875
ID_EFC6E89148,0.025574997
ID_A9BF1BE992,0.13573508
ID_95473D1E89,0.03679869
ID_B97C09567B,0.6196828
ID_9CDEF1F3D8,0.012343974
ID_A77431AA34,0.019533772
ID_1731697B16,0.0752168
ID_4CCCCBC291,0.018198855
ID_206808E63B,0.024923552
ID_5523A71195,0.41272053
ID_DA6B65964D,0.060988348
ID_C4FA717E5B,0.004366149
ID_DA172D6F7B,0.022704462
ID_62B830C6E5,0.083799005
ID_ED7F148727,0.03896445
ID_A83E95F18A,0.05531348
ID_D9888578F0,0.13089009
ID_57DA8DC908,0.92597175
ID_EDD3BE0D97,0.075793736
ID_4B72A46FB6,0.042237986
ID_D843514F5D,0.6671258
ID_5520F383FA,0.111267015
ID_1FB11F4858,0.59874415
ID_96AC76FFED,0.99640644
ID_C92C1F76D3,0.10615337
ID_DEFD059502,0.9623576
ID_A77D9D6376,0.72970015
ID_55E23E9D8B,0.0055215033
ID_045B38A1F6,0.03984779
ID_7111F43AA0,0.062306393
ID_4A74FDA3C6,0.026699597
ID_91CDE2C31C,0.009958528
ID_4A3DF84D3A,0.13940716
ID_FC0A26D6CB,0.015499859
ID_388B0A5076,0.010811278
ID_01D3874808,0.049512967
ID_C89C61C4E9,0.006393188
ID_AD79FCCF37,0.0063870456
ID_728FE4D1A8,0.009158165
ID_D3276FF8E9,0.6214192
ID_7539B6A48B,0.01353753
ID_9043B96593,0.010965705
ID_D209E841E4,0.09288414
ID_734D5DE465,0.6661591
ID_D477923C0A,0.7928674
ID_C6538AC585,0.030794227
ID_1BFE28206C,0.057126313
ID_DBEAF447E1,0.026532264
ID_89BAF307C6,0.027920587
ID_F23283AB61,0.028394299
ID_B1DEA4B627,0.009779653
ID_1B3D760C11,0.26953116
ID_598D622AE5,0.6939168
ID_3CB7486B31,0.7416255
ID_4C781F69D1,0.46672374
ID_1D6CB980F3,0.0074384576
ID_64D740E44D,0.0077377046
ID_58663B96D4,0.012552639
ID_2602F14A8E,0.0067208866
ID_EB7706DA92,0.305654
ID_2FF4A797D7,0.61602575
ID_F3C379BE76,0.7839359
ID_92CE4ED92E,0.16516653
ID_2EC9309533,0.03675081
ID_8E1D55601B,0.10888562
ID_BFFBF62066,0.058940373
ID_F9975F9CB5,0.24084754
ID_D06A2B5B05,0.88788384
ID_731AD6BC40,0.6306477
ID_E1605A8347,0.10629306
ID_7D4799C816,0.039132047
ID_172646114A,0.0820462
ID_BED03C3678,0.3261955
ID_663E4051C8,0.115137555
ID_B94DFC637E,0.20895796
ID_9DCBD029A9,0.14533432
ID_3AA7C8A83F,0.010238382
ID_44E0A5FAFC,0.6029584
ID_276C31ED74,0.15133207
ID_A8B53BE330,0.011008639
ID_FC3B0E5B68,0.17108062
ID_F8D116FCC5,0.071578816
ID_9CD77F4FC2,0.033279307
ID_EBF7011697,0.12526806
ID_9D5AF24A3F,0.036411878
ID_F9AE4E8106,0.014536793
ID_EB822E4C05,0.8913589
ID_F704887820,0.99265313
ID_E0CE089C96,0.021479007
ID_C6458F37F5,0.93944645
ID_230877E063,0.009199954
ID_5D5ABAD2CE,0.5516233
ID_9F0E2A12EE,0.00921472
ID_18518C22FE,0.008468242
ID_9B7125CD5D,0.021286966
ID_04989FB947,0.0062097907
ID_C4A85545B0,0.08121713
ID_A300D4BFB9,0.008719354
ID_140C60EC60,0.13617139
ID_9DF4B3D176,0.16783766
ID_68DB06EA31,0.014844792
ID_80D685BEE9,0.14963622
ID_3DC1DDCBBC,0.1999611
ID_E1DDF6F997,0.0056997743
ID_0A8B4367EC,0.031269625
ID_7DE1D3429C,0.058929913
ID_17BFCB356E,0.064297594
ID_9C84C4FBBC,0.6140685
ID_EC5E6F1771,0.9383351
ID_CD7118FA2C,0.021168645
ID_8E7F377EA7,0.031671595
ID_0243D481D8,0.008284744
ID_FAAF5A6310,0.03133302
ID_548D9DC7FC,0.040501285
ID_52BFCA87EB,0.012187084
ID_C93BA159C8,0.3924992
ID_9F81A41624,0.022267777
ID_649A7CA930,0.006924907
ID_3D1D916687,0.2843398
ID_ECC5F69009,0.19386913
ID_A993DBEC0D,0.020922083
ID_130EDEA15E,0.019056793
ID_890184F33C,0.03323825
ID_10569810AD,0.0150570385
ID_5C7D666531,0.009914881
ID_3E37B5D9EB,0.25913677
ID_D18B8899E0,0.011005427
ID_34E1B4DAA4,0.03742703
ID_001CE61828,0.7684838
ID_FA72B940AC,0.12350843
ID_657AAD0D07,0.01900624
ID_A2FCD41390,0.0076508783
ID_A79821BF1D,0.104254566
ID_9418F7CB22,0.90962017
ID_F9029C8287,0.20144585
ID_DC14DD9773,0.060463738
ID_C66ED47464,0.011552019
ID_D8A602CF95,0.30788916
ID_37924705FC,0.43544552
ID_BBCE51EE2C,0.2833775
ID_2D6F03D8AB,0.032153606
ID_15D1CF2EDD,0.019317439
ID_D6A9CD1FE0,0.4985613
ID_54F572F2F0,0.023716671
ID_C485846C48,0.78154385
ID_D1B99D950B,0.025539009
ID_FCA997FDA5,0.1915014
ID_C1A78B01F8,0.112064734
ID_34C8438104,0.7082484
ID_A2021A6F9C,0.23428074
ID_698CB94B1B,0.012937043
ID_789D4BAC19,0.09909945
ID_C42CF4259E,0.729039
ID_4E4D0E1D86,0.19625401
ID_A5008D7147,0.42791948
ID_4308B939F1,0.17067015
ID_42AAB24060,0.067084275
ID_6302523743,0.007341818
ID_FD0447F8B3,0.12791544
ID_9A297CFAA6,0.069663584
ID_FC6627AA31,0.5049066
ID_1EB801FEBF,0.12398115
ID_C2AA035E7E,0.0250518
ID_DF0D720788,0.6010145
ID_43D665F710,0.019177353
ID_5AF165BBB2,0.24812517
ID_20E9DD2D2A,0.13304184
ID_82932AE984,0.0077959835
ID_3D8C480820,0.19756572
ID_DF86894C99,0.06446825
ID_822D19C901,0.10075875
ID_87D5151A03,0.03477509
ID_6A0392900B,0.8984498
ID_DD862F5834,0.038276374
ID_2FD2F55E11,0.021617064
ID_882B21351C,0.011793559
ID_D48373CFBB,0.018967861
ID_D37B34A8EE,0.12581077
ID_2586AF602A,0.18889368
ID_DB05E5C6F2,0.0055512474
ID_A34A804191,0.45529357
ID_8E80D514C9,0.011485871
ID_E7766E76C1,0.17179957
ID_EEDA6DAC58,0.16060996
ID_8B3A3B3335,0.008428473
ID_86CCBFD7AB,0.035371773
ID_52BD2AC565,0.12372111
ID_7D54F80A84,0.017327894
ID_BCA8FD6F30,0.013911367
ID_520099D5FA,0.07352903
ID_B1D3EA90B8,0.038536433
ID_8AC424CF7B,0.012695962
ID_69F60BEA23,0.011333504
ID_EB2C36739A,0.012152068
ID_F2023F06C9,0.39513087
ID_749DD701DD,0.13212046
ID_5F9E2A8559,0.34231558
ID_7AA0E22A2C,0.15750474
ID_B7FAF44883,0.061896827
ID_AB6C21DFD0,0.7816363
ID_5F1307059E,0.20984429
ID_6A665CD909,0.013821743
ID_48D23F5293,0.20907904
ID_3333FBFAAD,0.13417514
ID_98E010BD10,0.16246873
ID_166E11A6E3,0.022279875
ID_90CE431202,0.04246392
ID_05130DA1FC,0.54422843
ID_5B231ABC4A,0.024420084
ID_BEAF31B5AC,0.09906253
ID_C82DCBB48F,0.055107012
ID_0D1B8326EF,0.16008398
ID_6DFE82B702,0.6787503
ID_88E478A4E1,0.012553753
ID_016C5AC11B,0.1542281
ID_7AAA7EE74B,0.38861287
ID_6F84F66521,0.2287612
ID_D996CC5C8B,0.98690575
ID_074B8668F6,0.08587196
ID_1DBEFEBA76,0.008116925
ID_E93704F312,0.1293672
ID_5384CB2402,0.011075771
ID_17CCFF5AAF,0.0774694
ID_7A35F1AE92,0.012373445
ID_6736E4C9F2,0.008604173
ID_0E1ADF31D4,0.4257019
ID_B8D786FA8C,0.011164949
ID_EB0089A8DE,0.05210894
ID_7EC54BAB82,0.005500412
ID_B4B029A3EB,0.039213743
ID_B9CB2D37E1,0.006443695
ID_D2547F55CF,0.040035017
ID_9BA903020B,0.0048648934
ID_A1032370AF,0.06528275
ID_F82116E0F3,0.023874627
ID_006B1CEA96,0.021805327
ID_36B4EAC24E,0.048419718
ID_6058509C59,0.15860967
ID_F99AA4756B,0.060237274
ID_3D23856DCC,0.018256787
ID_D1DEE9C0E5,0.031504687
ID_7F745C801C,0.388581
ID_09716C1483,0.02994716
ID_7AC4F3C437,0.08476596
ID_4979EC57DB,0.3566134
ID_0DF1279638,0.16686279
ID_253558B629,0.016271845
ID_7896C7FE26,0.00844846
ID_B789F0CC6C,0.009967747
ID_B4ADF9AF32,0.02202257
ID_8DF75AF42B,0.2414994
ID_70CFCA3E1A,0.016814213
ID_A84FFA9887,0.094431415
ID_DAA715A6EA,0.037110806
ID_DC5D3CD877,0.026175033
ID_BA12687582,0.036093883
ID_B67697DA72,0.004005586
ID_E9DA5627EB,0.02320672
ID_93B2FC9697,0.04587799
ID_A398032B4A,0.009359847
ID_ACBA8F29E1,0.9667856
ID_59C832A7E0,0.033420224
ID_12EF715B2B,0.007336218
ID_996642D530,0.41435206
ID_03E4C03BE7,0.015666462
ID_00ED193FF0,0.067072004
ID_BBFEA15881,0.030807415
ID_05B9E48432,0.014297558
ID_B0EAEBCF17,0.0141652515
ID_999A75463A,0.028851788
ID_6EEB13AED0,0.049525548
ID_59E937E1E6,0.11629432
ID_584D23CDBB,0.059851192
ID_7B43E29BC4,0.02577711
ID_67FA22C800,0.1499952
ID_22669BB3FF,0.031001536
ID_A832C3E830,0.11090795
ID_4F094342E3,0.01649957
ID_C5036E5430,0.018332986
ID_017C195DA6,0.26688108
ID_097B602CDC,0.11287396
ID_565CF50F4A,0.030727813
ID_886390D550,0.36507636
ID_F103C9C255,0.0528252
ID_9EB6906993,0.0859951
ID_B6B780172D,0.011882102
ID_2C80476F90,0.28292572
ID_1DBEE73F5E,0.07548332
ID_A5C3229081,0.029686056
ID_35AAD87C04,0.014127493
ID_7DA4BEA794,0.042616773
ID_CBC67381A4,0.020752307
ID_B7161152D7,0.008646888
ID_6B8C0BF341,0.010115891
ID_E3F0280DA0,0.0175901
ID_A0DEA897CF,0.45731008
ID_D561498DEF,0.029939847
ID_13CF506622,0.014196535
ID_B026F830BB,0.11740491
ID_C9FE16AC15,0.14627849
ID_36AB302401,0.009892196
ID_5610292821,0.055154182
ID_3BD1241A8B,0.29154503
ID_300FE8B5EA,0.0092412345
ID_9A9F684D7E,0.35870168
ID_FE716F1F14,0.4252544
ID_F1C50A50B2,0.048170835
ID_CDBA2F9976,0.3425734
ID_BBA94DA18B,0.93706894
ID_5C7A9F8E87,0.011958359
ID_87C2404BFD,0.91734946
ID_1C1DD78284,0.0067984876
ID_4127C59AA2,0.06970435
ID_F323B15B25,0.022688173
ID_FF4D2F00BD,0.018543484
ID_BD4F84CD94,0.007748918
ID_0783E5C059,0.018340835
ID_636B31C5A9,0.078810096
ID_57E22832D2,0.010319922
ID_59C37F8D6C,0.4758308
ID_6B2AEDBB8A,0.06940384
ID_55FE2EF90A,0.014920073
ID_1800613985,0.010176989
ID_A2F5693BF3,0.019116148
ID_DC80D926D4,0.18464307
ID_B958905E08,0.008942048
ID_A8C3093B1B,0.011061021
ID_C11F560792,0.012633479
ID_9CB42718F1,0.14471743
ID_7002F1BF4C,0.038369704
ID_4C1F4EDE3C,0.027403971
ID_68DA32959E,0.011022711
ID_FFCCD74E58,0.29719844
ID_579119E376,0.046196472
ID_07789EB071,0.44272807
ID_7466A7D13D,0.029293686
ID_5FC003202F,0.038088918
ID_1D0F0746CC,0.008072614
ID_4CF857B85B,0.04451268
ID_51B0AC2B71,0.6402072
ID_08C54A446A,0.09426325
ID_0F661C6377,0.05922572
ID_9C3A8A79AB,0.008675592
ID_D3F5B10B1E,0.0059370203
ID_EAEF0A4A2B,0.115148075
ID_A341071171,0.027066598
ID_F105FF83C8,0.019593893
ID_C205A958B4,0.011563961
ID_A49FEDFF7D,0.07487969
ID_12670E5723,0.008346701
ID_8B112F051B,0.029953599
ID_0EED6DD199,0.7715995
ID_5FE45BCF86,0.11791531
ID_BDBC317345,0.0119688595
ID_0D4054093F,0.6046012
ID_BBE86CF65F,0.24391744
ID_9EF2DEAE68,0.5881895
ID_AF19A67E27,0.015028812
ID_17D7CDC1A7,0.010725488
ID_60BC63AFC8,0.105190866
ID_E0CE430CD1,0.029282551
ID_85445D6240,0.16738832
ID_82D247A960,0.03255395
ID_9E324B9577,0.04360983
ID_EE61DDFB83,0.12635781
ID_A1BBA494E7,0.020664064
ID_BED3B66E1E,0.0058219777
ID_0DC86231CD,0.0258365
ID_B9188C4979,0.00825232
ID_F5A2BF10A2,0.6856692
ID_549A5BD8A5,0.010855178
ID_525E2EB168,0.025106326
ID_B88116BB77,0.088992275
ID_9B6A5896D0,0.022460407
ID_213B5D3D7E,0.019189252
ID_DF05155695,0.1501886
ID_288EA0731A,0.35929918
ID_97019876C4,0.34788066
ID_71808A44B7,0.01018864
ID_BAD999436D,0.10074352
ID_2F5B50EE7D,0.035646163
ID_6B665D3D3A,0.09026266
ID_D44CD8503A,0.21563195
ID_F4C2D20062,0.14432399
ID_CD7C68FD39,0.033634827
ID_6570C7EE1F,0.23408224
ID_BC14A58BAF,0.26305416
ID_86AEC67634,0.013671276
ID_1E4B7AA2BA,0.020489214
ID_C7E1316052,0.026634697
ID_5F3D21C53E,0.1694464
ID_D6BEF2E211,0.016854215
ID_D4A441A99E,0.24487512
ID_71DBCE677D,0.23893055
ID_34B27A2EDC,0.0609
ID_E2BB745622,0.042398304
ID_AC9FE3A955,0.01718631
ID_05E42DAB6E,0.10656229
ID_3C23CA2FCA,0.018752126
ID_D94EB4F012,0.013712093
ID_3416AAAF44,0.04229606
ID_F0EF5E5955,0.03181502
ID_7EF60D6CAA,0.5321196
ID_4E63FD1EDA,0.08913945
ID_A17EA9F59E,0.076109834
ID_DF7436CB68,0.05886092
ID_0ADC2A84BD,0.47266936
ID_35FD91FB85,0.06778554
ID_DA5CCE7406,0.0085885925
ID_81BEBAD381,0.006558431
ID_4CF9B3CB70,0.7088227
ID_C7407A1EE2,0.0059212567
ID_6FCFD22380,0.011875192
ID_EC43138F63,0.8297426
ID_0E3D3F0768,0.065600105
ID_CE5577B32F,0.07328392
ID_1BEE26647E,0.10619361
ID_D0D70C80BA,0.16315117
ID_F781F6B94C,0.4765749
ID_7F322FAE00,0.021036977
ID_805CB3DB2C,0.078185365
ID_395516A22C,0.012964641
ID_8D15F6914B,0.34397256
ID_ADEAEF4F5C,0.58383906
ID_466CE21902,0.78470725
ID_FBDCFB764F,0.1557792
ID_B9FD9126F7,0.010548081
ID_DA0407A7E8,0.01655649
ID_3F8DCE5D78,0.7128563
ID_5C2DD25C36,0.009310686
ID_AC83193DEC,0.021984046
ID_CE71A91D76,0.11532722
ID_5989C10FDA,0.020193322
ID_51404D1293,0.0978366
ID_044D9A4065,0.035438705
ID_847B4C93F3,0.030993707
ID_30563376E5,0.026426043
ID_1C4DA44A14,0.12906341
ID_85FEEB6070,0.032318592
ID_76554F67E4,0.37723786
ID_B0D937E729,0.049029488
ID_06C19D94B3,0.072191246
ID_870D08ED0C,0.020397468
ID_5BEA42DC62,0.2677861
ID_E18D2CAACB,0.17566606
ID_672BAE9ED0,0.09161245
ID_C109CB8474,0.008015063
ID_25B094944A,0.008404883
ID_92FD2BC0BA,0.14261073
ID_15A624744F,0.032613054
ID_234A306FA3,0.009988828
ID_CB17DDC9FC,0.027923422
ID_BF28A50B36,0.0938094
ID_02144F6B0C,0.21150576
ID_D05B7A90C1,0.037551384
ID_606A4EBB5F,0.055478405
ID_4EDC4A47F6,0.6990027
ID_AA99C957B4,0.8718822
ID_663B6503D1,0.0061267046
ID_E8EA3CF7A7,0.011217697
ID_FB0A23041E,0.008343685
ID_C11B0A88E0,0.03213673
ID_07291F1D80,0.12285413
ID_FB819A9A91,0.02601373
ID_3756F0579C,0.10749633
ID_356BAD2452,0.009644676
ID_450C72C18E,0.17298134
ID_C0F782E311,0.044137303
ID_1A36FF4CC8,0.055733565
ID_B1C06A033A,0.089736715
ID_E5CE9F49B0,0.045723673
ID_43B431BA24,0.012879979
ID_2FC59013CD,0.0074393405
ID_B32FE7A416,0.13724574
ID_84869A885C,0.0077644372
ID_94D62E2D0E,0.01741574
ID_65B79CD43E,0.014171365
ID_E3D95B381E,0.02832567
ID_67F381161F,0.02027169
ID_00C74170A1,0.037774228
ID_2169ED29E3,0.29485214
ID_9DA35B0921,0.238984
ID_FF3EED925D,0.16982096
ID_FE5EAC23BE,0.008116022
ID_2F86C388A5,0.031639494
ID_AC69C4B7C3,0.3659411
ID_ED80316F65,0.093278915
ID_CB43D900E0,0.03136141
ID_858E4FBB70,0.008567955
ID_A674A37949,0.025652459
ID_BD0A443225,0.37072933
ID_D91E5BA7E4,0.016430108
ID_B57A76B5A8,0.16575171
ID_0F49CBABEE,0.01606258
ID_09FFFF54B4,0.15971838
ID_41BBECE595,0.2970925
ID_89A010B678,0.16969413
ID_DE6824C164,0.08372105
ID_F871EC2766,0.02180592
ID_D2D3BD66E6,0.017111814
ID_7473570D76,0.013566589
ID_E3C2CAA1BF,0.32049274
ID_396B4D2C41,0.019074945
ID_DDC6B1FA51,0.0084629515
ID_F236257B42,0.30323598
ID_450934ED84,0.1315295
ID_061544CDAC,0.011773688
ID_257565B77F,0.54174346
ID_B66A9BA49E,0.007857818
ID_451ACD2BB3,0.075245045
ID_4E46CE57AC,0.014554805
ID_3C184284AC,0.008910614
ID_2E9B16AF01,0.06524363
ID_30C47AA997,0.15666464
ID_33040BBEDF,0.00718167
ID_0F19D82507,0.01083844
ID_D68141C640,0.055077076
ID_C389563559,0.09493639
ID_940B3A3C9C,0.23761085
ID_F5E1218894,0.014262989
ID_F4E0FE38F0,0.05734082
ID_43C903B823,0.016349701
ID_609DC60B2C,0.017712144
ID_A7962165AF,0.05070392
ID_5B9EA9880F,0.007626957
ID_17DACAFA9C,0.030263375
ID_9B850C71C1,0.011921887
ID_9BDE18EAC9,0.05880234
ID_0614A27DEB,0.012978191
ID_EC6C9BAAFC,0.11075688
ID_71F064DEF8,0.053492613
ID_33A326DDB8,0.09373022
ID_709D14BA04,0.032192968
ID_573BA2F224,0.0068481774
ID_BCAB60275D,0.059510548
ID_74E22F559A,0.0581715
ID_367270DEF4,0.006568144
ID_25E4663A21,0.033703335
ID_05ADE914FB,0.010599237
ID_46C1A92693,0.007898941
ID_6B4340460C,0.082621165
ID_DD84FFC379,0.5458386
ID_1CAA9FC539,0.0177032
ID_517DB005D7,0.17349908
ID_4247EF70F4,0.017942516
ID_6CB15FB64F,0.1484463
ID_3DFE7E7FDF,0.078357354
ID_9B2A41C2D1,0.005064599
ID_5F969047D8,0.844359
ID_A0785EDE91,0.0358244
ID_D4E2A174CC,0.009462591
ID_07ACE64392,0.08623435
ID_3CF98B7E6B,0.9746964
ID_1A4283D6BD,0.014276793
ID_DD8A56EDBD,0.059885185
ID_1E788CF8BC,0.01963602
ID_43FBF36101,0.007534573
ID_4A0D96941A,0.030879447
ID_C3D94C044A,0.024159413
ID_3A5E4F03C5,0.10223224
ID_2981E289D3,0.1354941
ID_5CEA661C68,0.14215937
ID_5783A9A9FC,0.046576075
ID_FC36204E65,0.0069606146
ID_73CCD5B124,0.035678346
ID_F924879BC8,0.117427744
ID_D53192B310,0.05809385
ID_B5F1956E3A,0.3091336
ID_80F2BFA01C,0.018136367
ID_859ED07935,0.12975836
ID_6668FB1D65,0.42339334
ID_A79CE9B59E,0.18709667
ID_B3AF61526D,0.028818764
ID_8DE749A928,0.009029423
ID_10082BC986,0.011014226
ID_0058F05B71,0.01871906
ID_2EB1DE307D,0.6827766
ID_472662D4D3,0.0123672355
ID_4BA7ECAF5C,0.012694374
ID_CC823ECC5A,0.00786751
ID_36414FCE75,0.036574237
ID_64632C17C7,0.2380589
ID_96421A53F3,0.9703805
ID_E9799CDB40,0.09453639
ID_6CBC1BFD49,0.06516259
ID_6DC83BEA2A,0.0041233604
ID_83F42D1050,0.017532617
ID_47AD25E7CC,0.0049569826
ID_F64AE84FFF,0.009624421
ID_68EFEC6925,0.051141508
ID_86B23E0AFA,0.12559369
ID_77E0A74066,0.9508933
ID_CB9F190F59,0.69053304
ID_19CEF26B83,0.046105877
ID_2A17942003,0.010655845
ID_A5EE5379BC,0.04418498
ID_0D7294A326,0.80084133
ID_2778ADD2D2,0.04480991
ID_FB4285998A,0.09233608
ID_BC12FC21B0,0.5087444
ID_9D98315E98,0.3209614
ID_44467A0A7E,0.032782264
ID_DDA4B5BA8E,0.017847033
ID_A26CD8C7FA,0.26415685
ID_0B62DCF993,0.09394528
ID_DAA42452B3,0.032318905
ID_8820776B99,0.6872815
ID_51DC90A614,0.07753016
ID_1498F68E8E,0.005834959
ID_BBF098390F,0.011600453
ID_562B86C625,0.015239563
ID_09F4730E20,0.017796746
ID_77C53D824C,0.1558257
ID_6CA396D595,0.09844453
ID_C5FAE6407B,0.044684373
ID_1B4187A044,0.3040328
ID_D2188904A0,0.0056789997
ID_18973E5589,0.08692061
ID_39EE5C156D,0.023702476
ID_5B985F21D5,0.022023115
ID_3A28AC67E5,0.10918432
ID_C1B4D57781,0.05965662
ID_27AD82237B,0.16845591
ID_866B146470,0.015553624
ID_583F74E68C,0.19110543
ID_2DBBAEABAA,0.0073123705
ID_53C067D43A,0.034820512
ID_96019ADE8E,0.10520066
ID_B2D216DBAE,0.4549721
ID_5419BE432F,0.249473
ID_A2DDD5FA9E,0.12622401
ID_968A7003F4,0.32462227
ID_29E9284FC7,0.006145905
ID_35AE4F9FA2,0.005212028
ID_42E4323021,0.01491285
ID_C8663F8035,0.1139654
ID_DA6AC977C5,0.013304293
ID_07A138C767,0.01990782
ID_CBB4CDCB81,0.048074335
ID_73ACB63C24,0.014936756
ID_760F966790,0.031740062
ID_1F718E2EF1,0.015319287
ID_C7C614B3D2,0.39386487
ID_166664906C,0.028951768
ID_2D87D99F59,0.23929857
ID_A53D8D62F8,0.05101086
ID_01A6E9A58F,0.21552578
ID_FAE1E09303,0.010279995
ID_64447A9F4D,0.12993844
ID_CB0E7AE38F,0.22655371
ID_73D727D4B0,0.007907383
ID_E52699C3CE,0.09264723
ID_FE42A657C1,0.019917488
ID_EC12481B49,0.0058935843
ID_27AA7BB92B,0.019011457
ID_BD3E2EC304,0.09246663
ID_CEA2771E62,0.02197698
ID_7896BBCC82,0.06753163
ID_71FFEE10FC,0.73866117
ID_344CB9C282,0.0076762727
ID_36C3FF77B2,0.033196677
ID_9AE4BBCC15,0.045056477
ID_CDF23163FF,0.009070404
ID_7C59A23B29,0.39346102
ID_399FB92F1B,0.007798356
ID_C522D4CFC1,0.012159107
ID_8435B0ACE4,0.24338965
ID_A294AAF9B4,0.075710215
ID_1764ECB9B3,0.08394715
ID_7CC1156FC4,0.054624144
ID_BD743C1C8A,0.0076929284
ID_F48E81313A,0.17575328
ID_FBDA2D4533,0.23924324
ID_D71AC4D0F3,0.0058281813
ID_F3E2AD1E90,0.015811855
ID_36F77A66D8,0.7870749
ID_D7F13884A3,0.008252334
ID_43024EC445,0.11711227
ID_E30F80284C,0.5788207
ID_E478A06FBE,0.034685437
ID_C49676F7E1,0.016172173
ID_117F8F5DFD,0.29257885
ID_89075EE910,0.035842862
ID_4FC6DBA5B0,0.027306648
ID_9A9C2CDFED,0.031213889
ID_76F73FB3B8,0.008639656
ID_450B1F647F,0.01243255
ID_2045778C01,0.004897506
ID_09A84393AC,0.23618148
ID_CEBEBD2FCF,0.01988261
ID_4B42C85ABD,0.030029938
ID_A6524A6335,0.047963995
ID_E987E36B6D,0.007827355
ID_1D4613C8C1,0.030693023
ID_4D9558CF62,0.026706003
ID_4FCD51F031,0.0072447993
ID_EE115F200A,0.010246824
ID_D4AF20D15C,0.009742687
ID_AC07351E73,0.015114577
ID_54505E341E,0.25311652
ID_DDF7463365,0.056667875
ID_64272EC233,0.034650285
ID_8A9A5D93EB,0.3356554
ID_C08A19DC39,0.03727431
ID_4B4EC55895,0.004227133
ID_99C1E4F5A5,0.07068514
ID_EDBF4066DB,0.052443024
ID_05CA426D99,0.08928992
ID_7D882E0162,0.0034282738
ID_0BD23B17CB,0.662515
ID_101A8F7D94,0.06418701
ID_E256EBF9FF,0.12651736
ID_186A957628,0.23053212
ID_09AD05E2F5,0.025084956
ID_245F36A6DF,0.06816001
ID_5C0F7FE53A,0.18017681
ID_0F4FD1DCA5,0.2933896
ID_383542F3D1,0.012627861
ID_3AF06D7BF2,0.041018836
ID_A9B14A1AE7,0.10215083
ID_92563F3C2E,0.054329347
ID_A22C0EFE7E,0.0090647945
ID_AB36BA1EC2,0.6883158
ID_4CCAF85BF7,0.016776526
ID_C001262281,0.3661657
ID_CD371D2931,0.010103676
ID_8E4D85B60D,0.017970912
ID_67C8ECB83C,0.011008512
ID_0254964E0B,0.16855617
ID_DDD8945785,0.019523416
ID_5C86E684FE,0.09533651
ID_26C117D50F,0.009438685
ID_7EC9346572,0.018641148
ID_221B856F33,0.75500184
ID_98E9D792CE,0.025953695
ID_98A8E5E267,0.009539475
ID_2D2978EE80,0.029892122
ID_5D77484A4E,0.029828815
ID_B2E14C028B,0.10494144
ID_78DDABC757,0.007021512
ID_25EDD8E6BD,0.15113227
ID_A0757B4FE3,0.07572244
ID_909F541DCA,0.02691532
ID_BB54447114,0.023520177
ID_0C6E6E8526,0.005491237
ID_D956954120,0.01838484
ID_75B2E21A93,0.122743055
ID_1CE5ECEA36,0.045050927
ID_34AC6855BA,0.09476014
ID_CC9737A0D4,0.0196973
ID_378F219A8C,0.07095815
ID_361C87DFB8,0.019064987
ID_1F811A9BB3,0.12146569
ID_1B842EA976,0.007979938
ID_4E242C1A80,0.18050984
ID_43A8B1E6A7,0.05276685
ID_BA8C2D401D,0.38160515
ID_7AC2E367AF,0.14141981
ID_226DA5B8C9,0.0075601176
ID_5FD13947DC,0.01706535
ID_72F81351CA,0.0054078912
ID_6ACFD1871B,0.021437675
ID_A0C756EFA8,0.34584966
ID_6BD3DB88E7,0.0073211174
ID_DC4DA22224,0.018051649
ID_0C83403C19,0.15348142
ID_B6B984DC2D,0.066407666
ID_CFE05E36C9,0.9152157
ID_A24A47F7B4,0.094198264
ID_2628D9402C,0.039852597
ID_E535688E7F,0.88561326
ID_8F9234B9F6,0.019865949
ID_BC7055ACF7,0.108876884
ID_20491911C4,0.010906519
ID_11FAB104BE,0.013450372
ID_C68D25DC34,0.013003528
ID_E72BE57DE3,0.08874106
ID_E7C793023E,0.008027038
ID_083D9E0B18,0.29445824
ID_478241108E,0.12326533
ID_750FDF8E6B,0.013967393
ID_119E00FB3F,0.010284786
ID_D5B3A36099,0.082951054
ID_7001D5C06F,0.32257617
ID_22C6D6167F,0.055108435
ID_736464028E,0.008382468
ID_0520701640,0.010755943
ID_383D8ED0A9,0.20373389
ID_3E770623A3,0.049077515
ID_D05FD5CA66,0.010210309
ID_79F1D8B874,0.047021065
ID_9F4DAC1318,0.2545345
ID_EFF8326481,0.99248976
ID_B5B23421AE,0.16753136
ID_8E84B4D6B6,0.10933024
ID_F3E6321F4B,0.0070098643
ID_9442BE4113,0.0972117
ID_7A1EF37336,0.018253194
ID_4BC6B39838,0.44842964
ID_1322AF3371,0.06980169
ID_CAFE4C2505,0.08948022
ID_1301C92F48,0.08340015
ID_BB087D2A8B,0.06125281
ID_54605931EE,0.14395566
ID_29733366B8,0.056758158
ID_B1DE28BB96,0.07373245
ID_3C4F1494E1,0.062498413
ID_0D7591BADC,0.14050229
ID_AE21AA4BB1,0.02874266
ID_2FFDEFE095,0.03665574
ID_799994A0E2,0.2611272
ID_295F3AE68B,0.5375824
ID_E1F33799AF,0.04390802
ID_CF3E53022A,0.09477963
ID_68B27E0284,0.8570098
ID_B3721BD291,0.0131266825
ID_C0F44B22B4,0.4791381
ID_DB005342DB,0.3207622
ID_9EDA5B772F,0.022201147
ID_FA908F7AD8,0.026202675
ID_6ACBA2EC3D,0.20634799
ID_9EE9529222,0.008574119
ID_E71D4F12C4,0.06132768
ID_796771910E,0.14815399
ID_CCF6C70301,0.64381146
ID_DBC1C90B75,0.64876705
ID_7C32D5FA96,0.027636865
ID_A7EB6F9694,0.08800805
ID_F5241E83C8,0.060782786
ID_0B3D73A077,0.01418027
ID_C74068D5AC,0.372888
ID_6D603CDDE9,0.023950731
ID_AE3F0968D6,0.08837802
ID_15828D236A,0.025799884
ID_022A54DEC6,0.014780492
ID_AE0624011F,0.004003689
ID_B437D89C77,0.009917894
ID_5EB8744DFE,0.033703893
ID_F730D4F928,0.020598266
ID_7F7EC19A9E,0.07630833
ID_2B5C88E956,0.045424342
ID_0E394B0A25,0.30566946
ID_6674D40251,0.004306928
ID_5D2E205A49,0.02064876
ID_D757F1FD0A,0.07429562
ID_892D2CDDDF,0.023854392
ID_5BAE00BC90,0.19476521
ID_A0AFE66FA1,0.022572014
ID_DEA7464EC7,0.034356188
ID_265257DA4D,0.0050663585
ID_5F3C841202,0.097043574
ID_23852696F4,0.120426156
ID_AD1FCF884A,0.010320295
ID_4C20B0F423,0.9518885
ID_C0E59D9947,0.15133348
ID_94FBED6765,0.007967645
ID_6181C04B1A,0.008972843
ID_5E11A62FEC,0.111434646
ID_93B42F7459,0.018785907
ID_3B7457FC34,0.18180142
ID_0CE5D7E3B9,0.019804703
ID_005E97B847,0.07238
ID_331CE8F218,0.23011248
ID_64D92BCFF1,0.04469947
ID_FF2FD12291,0.12285302
ID_E9C9175A4F,0.03649729
ID_79972E19CA,0.016610127
ID_8B953BFC74,0.05719483
ID_F75A0639B4,0.19771782
ID_2D0F6AD29F,0.060557052
ID_F8F825A7D4,0.012290902
ID_C728A534C3,0.021449411
ID_03B4A8D028,0.010652058
ID_212B2AF3A1,0.016216861
ID_BBD214DA6B,0.08206959
ID_AEED26E83F,0.013960254
ID_5BE8BE0D13,0.012421496
ID_7DC991C67E,0.010632779
ID_25A77D3562,0.012579637
ID_8383E34B6D,0.014197407
ID_E6984B3EB5,0.15835455
ID_C1DA673FA1,0.24158762
ID_8B90CC3573,0.010957808
ID_D9FEBF15E8,0.023534063
ID_A5762D9237,0.031099465
ID_498CB276DA,0.22515939
ID_F65D2F4D41,0.46453658
ID_26584A181A,0.019886648
ID_DA683E8221,0.10799598
ID_921667E5F0,0.21728778
ID_AA301FF383,0.015746355
ID_D2EE1D298B,0.02649506
ID_4410A864B0,0.081056595
ID_F9FE52D466,0.05497174
ID_70F535B502,0.028060619
ID_E14B6B444D,0.05190747
ID_CE9B742ABE,0.00783839
ID_B488C97CA1,0.005603849
ID_BD3229F94F,0.008086314
ID_14149BCB31,0.028492726
ID_DF5B15D819,0.01444808
ID_3537EFDD1A,0.30332196
ID_1C9B52C31C,0.9491654
ID_7F7ADC90B8,0.022928176
ID_16D522C07E,0.0067844675
ID_693AEB1E14,0.03604141
ID_CCEDED1DAB,0.03960037
ID_CD091C722F,0.71480674
ID_F6387E21DD,0.15656877
ID_E2D5907EA6,0.007509877
ID_A1EF405EAC,0.048832837
ID_D146391E57,0.015109241
ID_0348A20DE1,0.050286036
ID_6CDF06C198,0.017103184
ID_04B4FF77BE,0.09040698
ID_558BA584C4,0.044742163
ID_15507C1639,0.017847355
ID_9B9C2841E8,0.33168942
ID_97DEE3140A,0.03580202
ID_9F22B2B721,0.024238693
ID_335AC1D5C4,0.5500353
ID_D0E63116DD,0.006531681
ID_E4FC540C0F,0.01932135
ID_C39D84EC79,0.014337018
ID_7DDC346D6A,0.08589143
ID_B57B8CC5C7,0.6318406
ID_0EE45C4007,0.19962035
ID_9F88EADD60,0.49227405
ID_603E8246C7,0.065683156
ID_CF4B34E24A,0.79856133
ID_28F64628EE,0.024774894
ID_ACA97D744C,0.23527728
ID_BBC1297480,0.06611866
ID_487937EA0F,0.028994868
ID_C7F6332AA1,0.03018139
ID_4FB701FAED,0.09942642
ID_ECF7F67A72,0.06120624
ID_35C776995C,0.0058470243
ID_62B4A2C510,0.0064746835
ID_00907C2806,0.08977388
ID_7FFEDD2E2F,0.12185185
ID_E85CF38091,0.056021377
ID_8E3E898B4D,0.022828996
ID_0EF6A5BC60,0.122882254
ID_4C257D6B17,0.6654639
ID_884AD0C6EE,0.16082606
ID_5D4674689F,0.0077417567
ID_A3FA945C18,0.31988484
ID_4E5D7238B1,0.050356477
ID_1A3D3FA997,0.1813506
ID_8946E2DDF3,0.4666831
ID_DDB02C1FEF,0.019779999
ID_FFDD62BB23,0.013556938
ID_7D3DF0F5B4,0.013723645
ID_7D8FE2C447,0.2958391
ID_B2FFFEA334,0.31163982
ID_0A5169CE79,0.16591987
ID_DBCBB295CB,0.016808832
ID_CA8BA6CA1F,0.026669433
ID_6C98ECA414,0.15859246
ID_C9F8852E2D,0.25001943
ID_B4DF5365A7,0.01315975
ID_8A5C11AFF2,0.044126075
ID_6EEA808DFD,0.16864811
ID_DEA6AF05C2,0.045580134
ID_8208114204,0.16680135
ID_26594642AF,0.07496585
ID_27CBBFD6BF,0.005424433
ID_B091283187,0.044875808
ID_F4BD66CDC1,0.25010368
ID_96A4C3D334,0.0063255257
ID_F73721BB6C,0.021018244
ID_7755C61212,0.019854674
ID_DB790D2111,0.009896114
ID_973D2D7A36,0.07507188
ID_55A82AF135,0.013739714
ID_372839150D,0.022853723
ID_C5140A3E27,0.020663023
ID_BEA987C1EE,0.037316844
ID_1612BCF555,0.006371848
ID_5D5A4AE408,0.09301918
ID_1D7F44A9A6,0.3384612
ID_ECC19EC8C7,0.23310491
ID_5C4B7F5DCE,0.017679805
ID_BDA5517FF7,0.17022164
ID_2E32029B8D,0.028536575
ID_2E37143987,0.0070866346
ID_CF615AA236,0.03629546
ID_70375ADAF7,0.017427651
ID_AFA7837954,0.008560906
ID_D7CE7AE392,0.016563717
ID_DDC4FDDF70,0.019459048
ID_1026005AB2,0.023925966
ID_2998CF5D4C,0.08712668
ID_6EFBDA31B8,0.6671341
ID_D9C9A67178,0.0085221315
ID_21408E5E4F,0.052204072
ID_2BDE591AC5,0.082092516
ID_DCDFC2EAC9,0.020018393
ID_BEBF6DD404,0.006250055
ID_7E88B833A4,0.016595239
ID_414B778514,0.053298607
ID_AF6C63EAA0,0.020594245
ID_A5551D3E7C,0.009746439
ID_9388006013,0.42197877
ID_5C8091E175,0.19617106
ID_AE48B17511,0.99621546
ID_3BDC9E56C2,0.7664922
ID_3E01C8A2C4,0.18190858
ID_3CCC9D1583,0.44547966
ID_9047954E7D,0.10060089
ID_267B132870,0.020838426
ID_88BED14C9D,0.053343784
ID_6C5C440E35,0.08222504
ID_6BFCF0391C,0.101863846
ID_6FDAE5678D,0.019373834
ID_32CD4D0CA5,0.019981785
ID_9C97B008D0,0.06255698
ID_C56FA44AB6,0.08396028
ID_5BBDE2E830,0.012119163
ID_C80F3ABCB0,0.017992727
ID_82FCAF42E3,0.86854595
ID_EC05C63F9F,0.031520873
ID_D5B49308BD,0.012525636
ID_CD14F68913,0.019734096
ID_A9B2710D00,0.30941606
ID_8CEFC01CDD,0.36293712
ID_B91FAE6B8D,0.015432339
ID_698EB1AB8A,0.0081290435
ID_6EB30CE33B,0.20713268
ID_D610645DFC,0.007321862
ID_052EC6C0C5,0.5501402
ID_DE6A54D5C3,0.11569002
ID_23C4611BBE,0.08307551
ID_B96B79D511,0.021916697
ID_C9B7AF5616,0.33583623
ID_D6AEDF4620,0.0073396107
ID_5A0B680B43,0.050049827
ID_6504EEF537,0.0076923757
ID_ABBB8B8CA6,0.2094763
ID_C8EC8FB225,0.0960242
ID_E7AA17AC80,0.04697111
ID_BDE13BD0F6,0.4319881
ID_AD0F060CB4,0.041330036
ID_F6E663290A,0.24828206
ID_39D99B365E,0.021689672
ID_D416E9FEBF,0.01716954
ID_EFD34E861E,0.17069525
ID_22C317D976,0.034777664
ID_AFE4D26DC4,0.017347742
ID_35125C60C4,0.10920311
ID_F46DA59B72,0.018317759
ID_26C3DCB468,0.30405617
ID_8A56F33DD2,0.72608864
ID_F36C439B0C,0.69486195
ID_92B21C3BCE,0.01686578
ID_E3E7E64B42,0.009523819
ID_4637F93E9F,0.98637336
ID_2854840EE0,0.014654473
ID_316EF6ED46,0.6153387
ID_ADC0DA60DF,0.030818949
ID_31C2546F4D,0.42806104
ID_6A4775715E,0.027562004
ID_04B052EAFE,0.12302451
ID_93E71F2454,0.04264084
ID_941C1CCFEC,0.018776376
ID_B010F763D6,0.103508465
ID_0390CD84F2,0.69797033
ID_CF35994ECA,0.16135241
ID_CB131FFB40,0.06050941
ID_67D15AB572,0.018662972
ID_B156F16730,0.004765021
ID_B63D62F6D4,0.07374066
ID_66D383661F,0.037278213
ID_66058D6EB2,0.09765349
ID_638D128714,0.038937036
ID_BE3B32942D,0.27220005
ID_87B75F8107,0.38186246
ID_8799B3A166,0.103121385
ID_26185ACD76,0.2800524
ID_9BEE3FC6B7,0.015007104
ID_100147DFA9,0.2508912
ID_CFA5C46223,0.008365772
ID_45CF6118ED,0.04198068
ID_0CE9E77A15,0.11179037
ID_507F20763B,0.035690937
ID_883D294183,0.009486728
ID_C0A2307F70,0.17888227
ID_1AD2FC964A,0.16329984
ID_2C8F1257EA,0.03266409
ID_CFD2BA9ED2,0.19852053
ID_08C60DE21C,0.048153304
ID_1AB9CDFC52,0.11430867
ID_1ACBB9DF85,0.037947085
ID_A39228D75E,0.009114289
ID_371F0FC078,0.007466724
ID_421DB543CA,0.036726028
ID_371168E253,0.2854106
ID_30319220C2,0.2510661
ID_D1253BEF02,0.26794603
ID_6ED285081E,0.00785381
ID_CD7251907D,0.31523752
ID_91F9827714,0.010973715
ID_AD57EE98F2,0.0073084002
ID_D417806814,0.012089814
ID_8B7EF1A2DE,0.008414929
ID_996AC95522,0.0068639903
ID_4A01118B8B,0.074049704
ID_07428CC756,0.0808332
ID_F25FAAD960,0.0504985
ID_04F3ED5A58,0.2510718
ID_19B12285E4,0.092340305
ID_D246201CD9,0.13470846
ID_EE47D4D940,0.024158921
ID_8081BB9411,0.09255565
ID_767962CC98,0.012922791
ID_B27E290739,0.11798341
ID_AA91566A39,0.02236707
ID_8AF41D36AC,0.006472526
ID_57408DAA23,0.009119492
ID_846FC58C0A,0.026800191
ID_98CAE912D2,0.021083092
ID_49E0257950,0.9660387
ID_087441C71F,0.017303389
ID_8D9966476A,0.022708375
ID_70A97825B3,0.4241567
ID_F570359364,0.15238881
ID_29E22E93A6,0.3491892
ID_E200595A48,0.12817988
ID_98B59F1BB4,0.0694513
ID_00C64DF8CF,0.016948827
ID_58AF4BA445,0.32192865
ID_DE57C82E13,0.04133448
ID_D277B12834,0.0105387615
ID_26C53CD4FE,0.050826263
ID_EB0F5EFAFB,0.013161442
ID_CFAAA60F15,0.019851934
ID_610C60E384,0.03722527
ID_FFF884ED07,0.04229912
ID_6E84F2C498,0.0888971
ID_3D5D1B79E9,0.94270647
ID_E2EE0B55BB,0.0130402995
ID_A6094DDDFE,0.028198786
ID_44F813DD8B,0.03993747
ID_D8327FD337,0.21577686
ID_C0A747AF78,0.016503397
ID_B1F86AF7C0,0.027296703
ID_1C53303EB4,0.048315257
ID_C27FF056F8,0.9244964
ID_4A5010AE4B,0.47861955
ID_01E2B5D8E5,0.012809861
ID_560AB6BD5A,0.009130576
ID_E8258B0C44,0.022238279
ID_7A40313C36,0.12780347
ID_4B4A28DF0D,0.019403499
ID_E62C989A97,0.3618043
ID_48584CBA23,0.12764372
ID_1BAC46B90E,0.2634981
ID_BE76EA6767,0.009845712
ID_7AE3C2C71B,0.2701719
ID_64FFEF1CB6,0.021183323
ID_279DFE825D,0.023320954
ID_54ED69C03B,0.2461992
ID_1B9C637FB5,0.038814
ID_C3D81C03A8,0.014941644
ID_0352F0B656,0.07505964
ID_B945BEA819,0.012495279
ID_2DA9CBEF12,0.67859674
ID_5BBBDB13F7,0.0048442194
ID_2D4067DDCB,0.025705198
ID_D70FC7D0EB,0.005781626
ID_404B5A861E,0.0052444125
ID_53083A8990,0.008331464
ID_AC7E3B23A2,0.037815522
ID_E7F7080342,0.012182474
ID_C87C464632,0.010767583
ID_60533DD053,0.015173051
ID_CC676F8FE8,0.009292399
ID_872D592C6D,0.34431595
ID_D20384C711,0.01187441
ID_0DB157833F,0.012730763
ID_D72EA537A0,0.018266654
ID_E4E0A47ED4,0.015426643
ID_7A9D5C09CA,0.019029913
ID_5C2A04F9C1,0.0048768846
ID_37360457A7,0.03223235
ID_19CC368905,0.010796571
ID_F208C312C8,0.6652943
ID_CF08CDA9DB,0.036986094
ID_3DFDA52033,0.22168633
ID_C69245B08D,0.34629038
ID_EE7545915D,0.008347893
ID_5CF266D0B5,0.08745951
ID_A981C82652,0.015542207
ID_3CA26B7C5C,0.038306504
ID_5ACD751C91,0.41236782
ID_9F25193912,0.12609126
ID_D4D2C0B93F,0.08127947
ID_AD78CB5420,0.070334986
ID_60703953DE,0.03150328
ID_87617CAA80,0.048292477
ID_AF9E779E0B,0.5651393
ID_FC7F225401,0.013179896
ID_DF2E860755,0.008287311
ID_FA3C47F1AB,0.5536838
ID_D58A81E34C,0.046141528
ID_77179D0CD7,0.027741926
ID_85A62264EE,0.40146717
ID_AEA400BBD9,0.21226312
ID_645395A2AF,0.0069207367
ID_3791830757,0.42979407
ID_8D94A7AE1B,0.037473604
ID_3CC24AFD58,0.015581452
ID_C8D27A4D9B,0.010563438
ID_7EC72CBBE1,0.01422935
ID_DF7AC56C08,0.0064976877
ID_31970CEBF4,0.061626755
ID_63EC8C796F,0.052720916
ID_1E413E3F4F,0.07061368
ID_DBF3D7612C,0.55124307
ID_8D8300004C,0.38318163
ID_5AE83BF9AE,0.46730426
ID_E972ADC6BA,0.13309006
ID_1C2ADC1236,0.010078979
ID_66FFDEEEB5,0.03932434
ID_2A3871883C,0.03620876
ID_B1E119E0EF,0.011326006
ID_57FD90E006,0.028541347
ID_95751FC491,0.019024478
ID_E6AED7D379,0.16285205
ID_439B4B8EFB,0.09779473
ID_0304D50115,0.043383986
ID_5BCCDC6ED7,0.21915
ID_912833B36F,0.01370091
ID_10BC050B1B,0.31286335
ID_0DA7788AB1,0.13592593
ID_0A8C542D88,0.019671593
ID_D3F0AEBE14,0.035165194
ID_76211D5C6A,0.041344956
ID_E1F3518929,0.008365165
ID_2DD50424C2,0.014438226
ID_1FB2B5DE70,0.50187916
ID_ADF6B14D4F,0.13331819
ID_CE904129AA,0.08262472
ID_ADF557D6B5,0.2936041
ID_B37EF7ECA4,0.025815252
ID_B0AB4EB7D5,0.13105534
ID_D6B1EA6E0A,0.01768407
ID_BD3FA6648E,0.4839281
ID_0B349004FA,0.017875874
ID_019D47F48A,0.016679067
ID_3BF517802F,0.013995552
ID_7813BAD256,0.09369311
ID_A9A638FE44,0.23592491
ID_34FD9DE723,0.045026015
ID_A1DAE2861A,0.8081088
ID_5E536CA115,0.008176172
ID_26F6080B6E,0.032021143
ID_CE3DDDDECA,0.12212646
ID_887061606E,0.5037321
ID_C86B2C533B,0.01882241
ID_E11E7BF678,0.0057954644
ID_43E8EFE389,0.029075472
ID_BDF7AC3E58,0.013699493
ID_36E0B1320E,0.14058733
ID_DDF0489B9A,0.010553695
ID_6ECE30F446,0.040760815
ID_DEE3CBD4AA,0.022789557
ID_984476ABF9,0.00751418
ID_E63EED401C,0.13595432
ID_8FBF2FA64A,0.018892953
ID_8FC94794CE,0.010023988
ID_BAE9593ACE,0.051259793
ID_90B116A6DD,0.8560284
ID_EE87802125,0.66290224
ID_EC5CB47894,0.08657142
ID_2C50F334B9,0.05350053
ID_96DA2BAD17,0.12651972
ID_EDA8754534,0.025593143
ID_57A33AE4D5,0.004349501
ID_D058A84EB8,0.24387284
ID_F28AF0F0F5,0.070529155
ID_FB0EFED69B,0.137052
ID_C59B0E2FD8,0.020496553
ID_E52BA9EB92,0.13873953
ID_B75F02C844,0.36708337
ID_0F6F906D53,0.31971407
ID_C22675D052,0.22051148
ID_892E26510C,0.03242843
ID_53BE8215A6,0.367361
ID_AB8599A325,0.86197
ID_476E3E8725,0.061548814
ID_EBB5B06F05,0.3067985
ID_B6C1CCEF9B,0.06598373
ID_384EC422E5,0.4159107
ID_D338B55720,0.8465973
ID_AD02866BBC,0.41969797
ID_1209903F8C,0.07388421
ID_2B00E5FB78,0.21771261
ID_64E6BF5692,0.019219674
ID_6BE64DF7D9,0.06079872
ID_84B9A854C0,0.009935465
ID_5FA63C3B27,0.007478323
ID_EF482B6832,0.055735886
ID_D901F758EC,0.14351316
ID_72FB9931D7,0.05965498
ID_B1BB5BF088,0.1546615
ID_D24D17B7AD,0.14393675
ID_1870075AF9,0.008111471
ID_4FEBB6E82B,0.042646676
ID_CCD7FEBB6D,0.7564471
ID_59E4873181,0.011107543
ID_E596BEC7A5,0.012537358
ID_AE23071F41,0.098817594
ID_8CBF0453A5,0.006401126
ID_07E2DF552B,0.19387709
ID_09343C9513,0.42402446
ID_E79303FD17,0.019793488
ID_DAC19A0970,0.14748776
ID_0A85D36A38,0.008401943
ID_B48418BF36,0.020836726
ID_8F82CBE0BF,0.45299307
ID_16ABD9397A,0.01847903
ID_296D3B7BB4,0.018957637
ID_256485905D,0.10890747
ID_ACBB18D9B4,0.018102277
ID_3715A9EE7F,0.52987653
ID_A05E9A08FF,0.025425814
ID_74502F17F3,0.020605084
ID_3D085B9EAC,0.030300774
ID_1BE76021BB,0.033678733
ID_D4E093BA64,0.008274781
ID_A9DC95A63F,0.06878604
ID_1ABACCAAD9,0.21450657
ID_E744E63270,0.0063293925
ID_C430EF88F6,0.6258739
ID_79F25064A7,0.06661543
ID_1201D216E1,0.05031146
ID_F9BC722835,0.005707594
ID_59DD2C87FB,0.058015224
ID_510F5E752D,0.034442265
ID_0FF548A840,0.014372567
ID_301F11DA1C,0.015887376
ID_3BDD6F9F54,0.037443437
ID_B410CEFEFB,0.097082965
ID_AA6BB57628,0.034646843
ID_6B758B8DCF,0.007446288
ID_52658B378F,0.008877903
ID_F2B61FD38F,0.06799359
ID_CF1FF7D444,0.010327052
ID_B5185A8741,0.88768977
ID_02AC9626DA,0.09464527
ID_FD8E5FE6A8,0.024680074
ID_981DD55518,0.008622645
ID_A2DA9F3C99,0.014527268
ID_0893CD21F8,0.2867007
ID_38B256FBA3,0.22040088
ID_38DEE3ADD6,0.58503616
ID_83490FBC3E,0.030877803
ID_5DD7CA2ACD,0.02681358
ID_41C1488193,0.020168778
ID_5ADBC27B8E,0.058181256
ID_3BED911323,0.31753412
ID_7A073D831C,0.017394863
ID_7E4ECFDBAC,0.04812065
ID_63564B5F93,0.022271946
ID_FFD960060D,0.09268425
ID_423595B1C9,0.13430502
ID_F800C9B819,0.005846585
ID_08C550355F,0.1375253
ID_A3901DDA32,0.039824083
ID_E5E920AAA5,0.3518538
ID_D8FB0B0103,0.007395523
ID_54F9BFAA50,0.15108542
ID_1BA3440FED,0.78997093
ID_AFCDB7178C,0.12307357
ID_525B09AD35,0.06489883
ID_7BCD362634,0.009889891
ID_EF6FD17D40,0.06477263
ID_F5E66FA0FF,0.17780115
ID_593EED8431,0.026540771
ID_A994CC0616,0.046039972
ID_41A2564672,0.5512328
ID_6418552640,0.009993087
ID_AFFE709956,0.17247538
ID_255C16CE33,0.047043197
ID_C9A4AA2E12,0.20579633
ID_1B1226C9C0,0.010289401
ID_B754A85C27,0.008590077
ID_82F27C7BA9,0.13724332
ID_4CD899F50F,0.018821651
ID_678DD569DF,0.32244956
ID_44EB450472,0.21875243
ID_6E2648FB76,0.93754965
ID_7938F7A266,0.027254164
ID_8A550C67DD,0.3861375
ID_4B5AF9A07E,0.009733219
ID_DB67F30394,0.04745869
ID_FF1D7CAE5F,0.168713
ID_29B7C4B16E,0.11241554
ID_DEC6092736,0.03384776
ID_33EBFC14DC,0.66493344
ID_DFBDF39B97,0.07047203
ID_5F02571F99,0.1742111
ID_0D46413719,0.013923091
ID_04EB741FBD,0.004660659
ID_607E781F1B,0.010383752
ID_715E0413A8,0.15996587
ID_9361444B82,0.29044867
ID_CC50B21650,0.01398486
ID_1B3AE4A2C5,0.04954491
ID_1A6578A50D,0.19427788
ID_73BA1F358E,0.72325736
ID_C9C11D0D1A,0.5323266
ID_1496F0EC5B,0.06274779
ID_C77B52F9AE,0.29507434
ID_3C9B24D614,0.010829618
ID_A9804716DE,0.01279182
ID_A27665F318,0.5866017
ID_5286C52509,0.090859756
ID_253C07FC72,0.72122496
ID_D0937EE89E,0.12165817
ID_63BDAA5A7E,0.08607896
ID_CBB8E54720,0.15656881
ID_AE5B0AF10F,0.27054763
ID_DE8FE2CC75,0.06888438
ID_C1834B82AE,0.021243542
ID_D638E75A13,0.21464835
ID_E60FBBF8CB,0.053824786
ID_9FE4D36198,0.042875595
ID_875441F32C,0.012109577
ID_2E33478AC4,0.012535823
ID_865A607A83,0.02553417
ID_B2DE00E6CC,0.013301996
ID_A341A61E20,0.5508651
ID_C2125622F0,0.009445544
ID_F96E4C5082,0.0054117707
ID_2CC951470E,0.014453611
ID_14AA5FCEE4,0.0046129534
ID_62C57AAAFC,0.046603724
ID_16B029FE79,0.3390925
ID_A38E196852,0.54044574
ID_9CAB33D3AC,0.111890346
ID_46C30FB4BE,0.09972827
ID_FADF649B56,0.07374965
ID_53B4AE4A1B,0.9226913
ID_A8778729D3,0.10209446
ID_53498C19A0,0.03356558
ID_C79EDA6FF1,0.16240257
ID_DB42D09E1C,0.32970917
ID_B72157B072,0.06485579
ID_D7513B13E6,0.0106550725
ID_3CFB0618D3,0.0069351727
ID_4FF7817CAB,0.006597597
ID_C7355A8709,0.11619942
ID_A8534CCF40,0.10894432
ID_26AA447562,0.07045353
ID_4D731E0813,0.0077864346
ID_12BD1C4457,0.1290471
ID_D6B01CA824,0.11615156
ID_DA5B07714F,0.013339906
ID_FA039A00EF,0.08709334
ID_045E74FC20,0.016663974
ID_25BCBEB315,0.45207778
ID_B04A39AE5E,0.013789282
ID_057000EBC3,0.34240332
ID_06D584646F,0.03330272
ID_A13B306062,0.013615893
ID_F266659BC4,0.015947698
ID_A53E9786D0,0.0074265897
ID_428843E469,0.53996307
ID_0A9E33CE8F,0.008586974
ID_9C3EE2F57A,0.09446389
ID_E760E7A5BB,0.013885581
ID_0059655966,0.5400132
ID_9BAA4C55C1,0.0058014942
ID_783E807C39,0.018734472
ID_07B8FDA156,0.0051099095
ID_C08AFD7068,0.265567
ID_1B08DD5446,0.010434203
ID_7063322E5C,0.024019549
ID_A43ED26C37,0.006252344
ID_D989C9320D,0.23981243
ID_B1DF57D818,0.20786008
ID_2CBEFA77F4,0.011567648
ID_49EBF66193,0.046975523
ID_C9485AC0B0,0.25845924
ID_C8A8146125,0.5435953
ID_08E5460147,0.014204105
ID_154D113EDF,0.14767402
ID_CD05561CAE,0.06712716
ID_E0AD154E01,0.012107443
ID_D31EA80515,0.010114972
ID_27BE5F1AB9,0.109258965
ID_29AAF252A1,0.5848743
ID_911B04912D,0.20185784
ID_A2B5ED0ABC,0.005428877
ID_3EC14B1D45,0.15249704
ID_AACE1681C3,0.065193124
ID_780BA42516,0.019188354
ID_4C453EE791,0.053584155
ID_FCBE7C97EE,0.007529979
ID_46FABEC940,0.3691969
ID_A58DFB2B91,0.030615509
ID_C8AB768E05,0.04470529
ID_E7B7E0D549,0.015732389
ID_8356FB8F7D,0.014504826
ID_B0A76B83F0,0.70118
ID_EFF359F561,0.85541475
ID_85CD8A0739,0.06648729
ID_E4AB102FC2,0.8949511
ID_1955D48AB8,0.057679795
ID_9B8FAFB4CF,0.16867599
ID_836549D6DC,0.7496979
ID_FCE920A1C6,0.064089164
ID_5BA12DEB7A,0.0334065
ID_5B6977A8EE,0.012634013
ID_6D1F1232ED,0.007970006
ID_0A741572BF,0.33578604
ID_A1936F29F3,0.009773852
ID_EA9E32255B,0.099148594
ID_65F808B793,0.05355185
ID_6E6ADA38B7,0.27052465
ID_8213CADACB,0.25993666
ID_0CADEB6401,0.027211446
ID_3FFD682F48,0.048766803
ID_8C259DF270,0.3360479
ID_12FE04639E,0.049634367
ID_EB630361B8,0.023647478
ID_115A48234B,0.021438284
ID_5923E44FF7,0.17142689
ID_1FF31D41CC,0.31186995
ID_A9B906EA47,0.03299256
ID_BA56906BEC,0.029650949
ID_731B9C7F43,0.07106894
ID_A167F9E248,0.0061449977
ID_93F32549FF,0.005597595
ID_1CA08876AA,0.021353636
ID_1D42FE9EBF,0.01415743
ID_00F27C1156,0.0587141
ID_6C0F7ECC20,0.1044924
ID_55A446BE7E,0.58469284
ID_6568118886,0.018587481
ID_79C2F834D6,0.10826047
ID_452986BF34,0.01847137
ID_8A461B1EE1,0.0057364744
ID_B994BE1C20,0.020137407
ID_B196615ABA,0.4971474
ID_CF51DBA610,0.05151783
ID_3CFE48DA7B,0.015517305
ID_72085AD3BA,0.011513639
ID_7F82A0C182,0.018267779
ID_57760F4AC6,0.0081412
ID_471E37A38D,0.02074042
ID_61D9F034B0,0.030132053
ID_0EDC8BABF2,0.42870054
ID_6FF7AD03A4,0.015679855
ID_D6164B679B,0.059692476
ID_BA4643A074,0.01667923
ID_A6D281F004,0.026576336
ID_57F574004A,0.017704416
ID_B51B391318,0.099216215
ID_116CD59A4A,0.0052743424
ID_DBCCAD285E,0.067870595
ID_90CC146F09,0.32655728
ID_977B024424,0.008655597
ID_5B058765D0,0.07784505
ID_A41DDBDA33,0.074942574
ID_E7DBD9D343,0.6909351
ID_A710B07A0E,0.0063353265
ID_28DE216FD2,0.16732001
ID_7FA3202100,0.020721352
ID_34E9D9BDD8,0.03920059
ID_B759403E4A,0.03726496
ID_261E0E5572,0.24969457
ID_56B331464A,0.021478524
ID_FE2333310C,0.08327073
ID_709D35A651,0.009056798
ID_C6E6483406,0.75414443
ID_73FF8B1CD4,0.0566351
ID_4DB73C6632,0.0066047646
ID_FBE7F094CD,0.011672084
ID_62B455B90F,0.006938674
ID_6470E242E5,0.027807185
ID_35ACE5C173,0.33448744
ID_BE841FF3D9,0.24292237
ID_7EF16F6288,0.14050211
ID_9E4E545256,0.31259525
ID_AC4444F0FD,0.22157557
ID_073FBE7B05,0.08612841
ID_D9474C4054,0.007540145
ID_2200B3FD75,0.0150605915
ID_06FF1F5E25,0.45935965
ID_A6568D86DD,0.026779767
ID_9E07347E2A,0.005777965
ID_AD5E9BE09E,0.008750356
ID_E06992D996,0.24158646
ID_D355D92E6A,0.649997
ID_8EEEF67028,0.08873965
ID_4CCC0795C8,0.008635366
ID_45569C4767,0.16617191
ID_3D457A2B12,0.3401329
ID_E0709B94DD,0.17360526
ID_4A69881870,0.052838165
ID_D09EA83855,0.09244571
ID_39B56BF51C,0.29484984
ID_AF1F7713F4,0.8450279
ID_BD02C49360,0.11293216
ID_FC7A9F9D51,0.3596755
ID_3564C4CD73,0.010260324
ID_B946F5D457,0.3154766
ID_0086EF9E85,0.20146438
ID_9A75DB0606,0.31798962
ID_6278828896,0.40383902
ID_50E46380DF,0.0330629
ID_FA55B0E2D9,0.010061457
ID_8F522D20E8,0.03745663
ID_577146722E,0.4008968
ID_BB04C4D079,0.20995255
ID_E7A4D33CFD,0.41434494
ID_CD7151FD48,0.39559984
ID_7CD37891A0,0.036399595
ID_0CB474AA34,0.022386458
ID_C51D94E54C,0.020784179
ID_CBF54BFD61,0.10517182
ID_4BB4197E32,0.028824925
ID_EAD9413F05,0.019995904
ID_9B698A62FE,0.17116293
ID_6908146649,0.037271857
ID_EC99FAF5C0,0.058509696
ID_E7FF523774,0.54936767
ID_2AB3EC931C,0.008914493
ID_231780B7E7,0.023341535
ID_95AFEBEB09,0.038277656
ID_72B7E99DEA,0.30071613
ID_1AB4032AEF,0.5798481
ID_544385FE0A,0.011706117
ID_57CD8FB0D7,0.053459372
ID_1172470C34,0.10661536
ID_144F7FA144,0.25192097
ID_0F6AAF35C9,0.45880923
ID_7911918512,0.32264698
ID_11417C4EB5,0.0110710105
ID_9824C22A72,0.28113124
ID_8BA0D39D64,0.5966875
ID_19E0C1215A,0.5920709
ID_3A8C2F17E6,0.008478338
ID_F9FA9B61DC,0.013048159
ID_1450349E22,0.16693537
ID_F992AFFCA4,0.08065855
ID_952D177298,0.006675718
ID_47012AAE35,0.2706566
ID_FBDD445734,0.043824386
ID_13D8D739DD,0.020772625
ID_86CC6FD231,0.48597282
ID_3FDBA31187,0.8146205
ID_820251024A,0.11187353
ID_C4C7B031FA,0.033086684
ID_9E69E78BD2,0.015319624
ID_E7BBCEBEAA,0.15097636
ID_8949E584F0,0.96139145
ID_08FB66A3E8,0.012675409
ID_22C5B6F14F,0.029011887
ID_9B40FBA919,0.0089911325
ID_FFAA61543B,0.2378601
ID_10E05A1739,0.068734184
ID_D5AAE5DBCD,0.01493258
ID_2727895F37,0.120706595
ID_38D380AE54,0.14684899
ID_68CD2A7E28,0.50511223
ID_BCD127C4DB,0.025992457
ID_A7694D733B,0.13221057
ID_FBF9ED324F,0.73126465
ID_F0A8B17D82,0.7119334
ID_19C761B088,0.017868917
ID_56808B3C7A,0.012400698
ID_7FC906224F,0.5141249
ID_B35838A8A5,0.33771917
ID_2A94F35AF3,0.039082307
ID_9764E529CF,0.16730927
ID_6C3B4573AA,0.0867227
ID_CEC5CC4695,0.12972054
ID_62F3FDF636,0.035692554
ID_8E35FF4034,0.51661503
ID_5DBFCA4EBB,0.059705853
ID_E776C3ABA3,0.0072018136
ID_EDF224D9F0,0.33371264
ID_87A35C855A,0.8344275
ID_5803517615,0.3152077
ID_0F670DCB4D,0.021978961
ID_6668D15960,0.969111
ID_7302BB9E4C,0.035535656
ID_62A48E0013,0.12061146
ID_9013FD5A4D,0.0090170875
ID_29F967DFB6,0.27690995
ID_0FA29F39EA,0.08008314
ID_AF6B8A7C55,0.01703259
ID_80A72A77F2,0.05231391
ID_8E03C17187,0.012356998
ID_E27F2BF143,0.2094243
ID_2285CC0760,0.04666579
ID_5EC41CA6C2,0.058314066
ID_540BCEA59E,0.049756713
ID_3F2E277C18,0.059720796
ID_23E79A38EB,0.014673348
ID_27F3D377C1,0.18820757
ID_4AE76CBAD2,0.069121175
ID_5970276945,0.034230992
ID_654D6CDC37,0.10120995
ID_209D2DA52B,0.08097852
ID_08209E7635,0.03262242
ID_2FB99FD68A,0.009107762
ID_03D8BC3775,0.27376696
ID_55A571FA90,0.7273367
ID_A034DBC5C9,0.5355126
ID_70E05D743A,0.05944888
ID_72F8D78DB7,0.014075059
ID_C245EB3967,0.009681516
ID_17B6AAE7FF,0.01470066
ID_8A01DC74F4,0.9911495
ID_5136F04712,0.010880508
ID_83E4D2D767,0.07938839
ID_17BEEF6193,0.06483942
ID_9DE16813B0,0.044299237
ID_0F43CFB12E,0.016778251
ID_153148F885,0.027463423
ID_88915F9084,0.024388736
ID_5F41D290E1,0.04802921
ID_84E19E386B,0.016373182
ID_12D90BE034,0.01155986
ID_3F96C8C5E3,0.04906562
ID_4E57874CE2,0.17547597
ID_ED132C1A99,0.9444347
ID_AB46DC9EB0,0.009614488
ID_D64C846AAD,0.4137851
ID_69BF2BD178,0.7140731
ID_AF47FD25E2,0.11609193
ID_60179E8CE8,0.02081298
ID_2A33ECCF7F,0.015517103
ID_510F6067C4,0.018394185
ID_7FF9C7EE95,0.046321876
ID_212BBA1EDC,0.55041754
ID_A98A051B39,0.098502025
ID_172ACC1967,0.009365594
ID_D315A2629A,0.008361927
ID_591B17D5EB,0.25780976
ID_1F39539569,0.06281771
ID_6D536E0676,0.111706436
ID_E8EC9F132B,0.016010547
ID_11CE74CE71,0.17104426
ID_C1F170FD3E,0.112045325
ID_D778133312,0.15860392
ID_A73DE69329,0.9343909
ID_6ABC35D3D6,0.004536341
ID_F8E3550B30,0.18853374
ID_5793F6AA01,0.03609798
ID_F39DF8C7B6,0.04788651
ID_0481DFDB50,0.058004934
ID_8C73D6944F,0.1357761
ID_14B474ACC3,0.09070018
ID_8759092D0F,0.01145745
ID_7BFF5FCF66,0.006958824
ID_80D25BB6BB,0.050685864
ID_513AADF008,0.71491194
ID_7A8E5C73BA,0.3464201
ID_5A42D900E1,0.7232799
ID_889041520B,0.5691156
ID_0518649387,0.49463317
ID_216C8EA119,0.010873343
ID_14DC7D7455,0.6802839
ID_C349CC2833,0.10303577
ID_CD17D6478A,0.038656764
ID_581D8BFEFB,0.02499453
ID_C9B859714B,0.062291164
ID_FE5B8B314B,0.044693194
ID_F1F38AC3AF,0.018499672
ID_C14B9E1ED7,0.038670983
ID_B509E7DE37,0.04455009
ID_9EA1C1F3D7,0.024468409
ID_180074DB73,0.0427577
ID_35CC1D7967,0.07371168
ID_FDD0E47153,0.08883297
ID_87FA7278B0,0.06083487
ID_17BA5FEF99,0.017777432
ID_6867FDF9C1,0.099160045
ID_1F00EBE62F,0.07602498
ID_06799296D7,0.022631204
ID_ED7AB65818,0.14593281
ID_A47B6AB2A7,0.29389662
ID_9BA0AC8A3D,0.015943702
ID_C198232667,0.03311559
ID_C75C19BD3D,0.010990536
ID_02A03C591A,0.34525377
ID_7B70D75127,0.1739654
ID_3E2DC62D30,0.935159
ID_E18E7D212A,0.20171401
ID_276473D963,0.005872916
ID_C913DF4F8F,0.03436041
ID_7E2E408E1F,0.05414316
ID_8237BDA633,0.018032193
ID_7439EEE1CE,0.12368797
ID_E9808AA9A8,0.01814852
ID_38DB14C21C,0.03285776
ID_8058E2D39F,0.18844225
ID_185C3624ED,0.049037408
ID_AA3691FE37,0.007896191
ID_F0764AF4FC,0.016557228
ID_320C957A89,0.018197438
ID_EA2F004057,0.029509556
ID_F9EB730417,0.0073510245
ID_12236D30DE,0.033643756
ID_9112002F6D,0.11112572
ID_B56919E465,0.41564035
ID_075303E6C5,0.041160006
ID_F9C10AFED5,0.1414323
ID_D81B7301BE,0.055016562
ID_50D9450EC9,0.057157643
ID_D3B3421497,0.007370213
ID_96145299FD,0.01571464
ID_9723EB113A,0.019086372
ID_90DCF1F958,0.1667805
ID_26B07257A7,0.011601656
ID_28164B535A,0.007999219
ID_E0E5E5FA23,0.023883436
ID_823FB00448,0.029390661
ID_FEC9C69B27,0.015596927
ID_582BF99C3D,0.17955557
ID_B607B8A1FE,0.21260239
ID_F2FBE7F4CD,0.033225354
ID_BE43255F40,0.0095106885
ID_35EDF3E8F9,0.013440948
ID_62F58CB4E6,0.009747748
ID_F7AB219396,0.61371887
ID_851AEB722E,0.014130105
ID_906B8FE743,0.06960981
ID_7B0391C49A,0.029548159
ID_6160E32C3C,0.04640244
ID_0CCC43445D,0.26089403
ID_76299E46E0,0.009988738
ID_FC0FD5040F,0.023092167
ID_587C343F33,0.04599105
ID_3EA45C2A4B,0.01977748
ID_8538249A8C,0.121904574
ID_7FB26DF3E9,0.1170815
ID_18665E9436,0.005906382
ID_59CE9C0EE7,0.2948666
ID_F77AA59851,0.007897621
ID_44AFC6DDDB,0.33761385
ID_83068E6E32,0.22381864
ID_9C58565B62,0.0063204323
ID_95EEAB07A6,0.008224469
ID_61C9696174,0.18537426
ID_E25F4BF446,0.11270776
ID_BF88654E76,0.059497915
ID_C22F3A4660,0.03844005
ID_A510BE548C,0.20483743
ID_613A65C478,0.025751712
ID_8966442333,0.021058155
ID_B73AC36FD0,0.015475438
ID_5F147A719A,0.011309209
ID_01EE613D6F,0.01556951
ID_C1B76496D0,0.011714914
ID_A1B6F6540B,0.038480934
ID_7405AF3727,0.035518114
ID_DFB84F13CB,0.035196207
ID_F612D5B67A,0.027901787
ID_3A09BE8ECD,0.66517115
ID_9D54035FE5,0.17931998
ID_5AAC190C4F,0.3613349
ID_7E39196880,0.0076507865
ID_8F241A320F,0.018896848
ID_A3DD58E279,0.03758676
ID_CB287B4788,0.011008656
ID_A8E4808115,0.0125916125
ID_378E26452D,0.023613255
ID_3BF68DEEC5,0.03708006
ID_6E5B643610,0.008807201
ID_B3187BB5D9,0.15972072
ID_9E5E9D5EC9,0.01786721
ID_718BAE8F97,0.01673504
ID_327B120CF1,0.04534214
ID_C4E075E279,0.008543814
ID_B98F3FFBF3,0.77210975
ID_1F24A5CB5C,0.052837744
ID_256AAE50F8,0.020544278
ID_AAFC62D362,0.0063404045
ID_647ADA969C,0.3608215
ID_7AF4023F86,0.42807695
ID_496670D266,0.1581828
ID_B7B1FD966B,0.024699545
ID_7A2A396841,0.016024513
ID_935E9EDC75,0.070048094
ID_AEE720F0BD,0.031819154
ID_678ACC0C76,0.1719189
ID_87C4298A44,0.16159195
ID_714A6D1D66,0.53456837
ID_E5600C268E,0.015151264
ID_05430054B2,0.24384218
ID_A59780A28D,0.09582757
ID_25A1ECE38B,0.0171849
ID_A9024192DF,0.039250843
ID_CE20BFEDA3,0.0995307
ID_14958D8639,0.020112647
ID_19BB6AEE89,0.038694624
ID_FF421E3783,0.34296378
ID_B181CD48D4,0.01862631
ID_46971671DB,0.6078252
ID_947E24F58D,0.0053114835
ID_B72D8F5BC6,0.9503831
ID_652BDB48F7,0.004941138
ID_F89795A594,0.008225972
ID_B684F5063E,0.3328254
ID_2A451E8D63,0.17423795
ID_9E631437D2,0.054642916
ID_454C77B634,0.0109612215
ID_5F34AAFFEA,0.025530579
ID_BF26CC60A3,0.013476058
ID_29497B8381,0.12704319
ID_678A63E146,0.04474888
ID_BD0221E1CF,0.15738496
ID_0552ED96D6,0.1366945
ID_3A8BF0C159,0.1266098
ID_C105093555,0.114083275
ID_8EA6E64530,0.00903476
ID_E91FEBDA3F,0.6722835
ID_E8C50C7EA4,0.4881534
ID_5CE93590E7,0.050244093
ID_8D937083BC,0.03017987
ID_008304EA2D,0.5431876
ID_DC1A1B5C61,0.032006286
ID_48A982E4EF,0.04366153
ID_156670CCA3,0.024031421
ID_7B45A0F3B2,0.115667656
ID_6D638BCDE1,0.012783893
ID_5647E9647F,0.007660942
ID_B1FDF2A071,0.010451872
ID_2C459CD53C,0.23281366
ID_5675A352BA,0.15698469
ID_4DDECB3566,0.03907401
ID_5AAC4CD652,0.08555113
ID_1A9F3F09F0,0.20792712
ID_7DBA24D072,0.024744779
ID_F524A4BFCC,0.10056527
ID_43A84EAFA4,0.007322232
ID_CE6A62610E,0.0052540847
ID_1F137AA1AB,0.011872618
ID_C4384E58D3,0.029709516
ID_9336872473,0.09020168
ID_386AB7D6BD,0.14792322
ID_33B2ED0546,0.06694001
ID_5DC7B41AB5,0.05808032
ID_4C26560C10,0.011929176
ID_1F2CEA706F,0.08739711
ID_3BCDE19F53,0.02598031
ID_CFEFE691E2,0.06213197
ID_49D4020527,0.44822922
ID_04BCE4CB5F,0.005986157
ID_7E136FE5A3,0.35348555
ID_5C53F6AD2C,0.02244297
ID_65AB9F8EC3,0.0056131887
ID_23BBE145C2,0.12125654
ID_AA07CD2488,0.91723007
ID_15ABCD76AD,0.013634051
ID_C0D0DACE65,0.013904042
ID_A48486BD52,0.3476235
ID_DF5B0599BE,0.09531676
ID_A926591FF0,0.8506077
ID_E2F059D8D4,0.12063882
ID_F975929934,0.2615964
ID_2C88B4A749,0.14868896
ID_110608F582,0.09055758
ID_5C2CDF95A8,0.01451189
ID_46834C7DD5,0.061311565
ID_FEACBD0A42,0.41876405
ID_2CCE2473F9,0.09383893
ID_3A3266304B,0.009331963
ID_15174F6078,0.0074622226
ID_D1F2D8C2ED,0.11145327
ID_B7775702B9,0.16808222
ID_799B0320D2,0.03199768
ID_CC787B9CE6,0.5144282
ID_1948D9FE3B,0.5195576
ID_A134BA88D7,0.49395853
ID_F17CBF4403,0.03840685
ID_0A76FA030A,0.6673446
ID_6E142F77DA,0.008802863
ID_9ECBE18D77,0.12730673
ID_264AD72BA8,0.29207057
ID_9B05CCC566,0.61362845
ID_0201E8C92F,0.022723744
ID_D6C6600BBF,0.027076224
ID_D89AF51D6E,0.39184776
ID_B750404219,0.20061493
ID_5936576CA6,0.33573395
ID_998259C5B5,0.0041768476
ID_EC1532CB30,0.23321293
ID_56E19F44CD,0.45362198
ID_CF16C9FA1C,0.04860631
ID_32932630F6,0.016341453
ID_CA443537AB,0.020558538
ID_0B735C1947,0.07362449
ID_2CF185E178,0.46838915
ID_290DE09A30,0.1315314
ID_CFD9E27FCB,0.115221374
ID_E1CBA4C2FB,0.1361346
ID_E113EE6C24,0.06526019
ID_FA8B3F1475,0.38413665
ID_775304956A,0.057312153
ID_B8BEE77A3B,0.11936442
ID_7EB5313185,0.017976481
ID_DB249091C5,0.107958876
ID_1EF196EB20,0.025359394
ID_9A089F2633,0.014713132
ID_02A161B882,0.009804506
ID_6346C636B5,0.034840766
ID_E40140C6E4,0.8666966
ID_7666727FC8,0.2319333
ID_0230938A51,0.026629895
ID_975E51674B,0.040852834
ID_3D130CB394,0.58816755
ID_3E5F069BC0,0.471716
ID_68530C0067,0.28280708
ID_7A38BDD9DD,0.56915355
ID_FD48B5FFC8,0.43792772
ID_71E561F3BC,0.99043745
ID_6FDC449F6D,0.13115416
ID_8E4816B1F3,0.5794697
ID_A2B395823E,0.23705679
ID_1E4B2568A4,0.02690589
ID_618C8BAFE3,0.038715232
ID_C45A8462B4,0.86141235
ID_158E1AEAF8,0.023938261
ID_62A4BDD2A8,0.010444605
ID_9E6A9F7F24,0.3524079
ID_5B22A65CF3,0.36437136
ID_990F870C80,0.029651303
ID_D01535E8ED,0.14457606
ID_71773F98CF,0.007624078
ID_3D4C2D79D1,0.008824775
ID_6C9A17DA91,0.01584788
ID_4141D79DBA,0.035204027
ID_32E37713F0,0.7335312
ID_1131A67898,0.006220391
ID_3FA8C3B126,0.14037636
ID_4734455CD8,0.73767346
ID_195A2FBD27,0.0041477573
ID_31914D057F,0.028472334
ID_014418E0A2,0.03378752
ID_E95AD85CB1,0.18403246
ID_DCB101BCA7,0.0096333055
ID_1E435AA2D0,0.2296319
ID_C578A284D1,0.47851485
ID_E2C2B4D44A,0.034886353
ID_B77FDA483B,0.91595036
ID_E4AC29BF1D,0.016240234
ID_745EAE990E,0.085643955
ID_8DC2AAF8DF,0.043128718
ID_94780D4BCA,0.16955547
ID_463D6BA80A,0.114271544
ID_BA1800220B,0.41565505
ID_083339CBDE,0.09037195
ID_94968C5087,0.10311485
ID_1E60E0EAE0,0.022442315
ID_A56B1385B8,0.008026866
ID_9086369AD6,0.07223018
ID_A4EB3B6CCC,0.23017144
ID_66C880D78D,0.03689595
ID_1C5BD50815,0.025820563
ID_8247ECCD2B,0.950054
ID_FF50B1ECDC,0.04851103
ID_BAA2928D67,0.007759474
ID_A015DEF485,0.43747061
ID_75BA0EE7AD,0.5687137
ID_5E834BBAEB,0.016455276
ID_0D815E0CF1,0.012436329
ID_08077057D4,0.0068691904
ID_8E985752FB,0.008278865
ID_C121716CA1,0.037998214
ID_D242ED01E0,0.018158156
ID_E7C4323508,0.017385414
ID_59CF1414A8,0.74622405
ID_C96919238B,0.06301711
ID_AFEE051E23,0.5604632
ID_B7D81BA360,0.16754888
ID_F1DD4B2884,0.03690181
ID_2CFBE68785,0.110773124
ID_9CADC243B5,0.19177797
ID_27339F1B21,0.04042551
ID_AA14637C90,0.0365353
ID_8719497113,0.019804602
ID_C580B954F2,0.037698783
ID_BAF64C0525,0.01457516
ID_1F27DAEB3A,0.28005445
ID_EB8AF7426E,0.06934409
ID_7C86283084,0.24137838
ID_44AFC8AA6B,0.010059687
ID_73BFE74FE9,0.022120718
ID_BA6D105883,0.012415194
ID_609C402A77,0.08337996
ID_70A2CB33F7,0.7279874
ID_8889D90075,0.36321107
ID_C2388AE194,0.052470997
ID_FFC387300C,0.021275379
ID_0FBBA08109,0.018313922
ID_5986868FE1,0.0656979
ID_21BD9414CF,0.006368743
ID_4AC86E4904,0.03437307
ID_37C4D51E67,0.008832827
ID_64EFD8E0B9,0.025392177
ID_EFEECA18F4,0.9348085
ID_83E5A65443,0.13941114
ID_2C9748797B,0.0076808208
ID_8665BBDFF4,0.010611719
ID_EB1BECDB59,0.011538865
ID_452A88DB3C,0.115922734
ID_5F0EC44C8E,0.016123295
ID_B22C3C02CE,0.62714076
ID_1396119916,0.64158285
ID_8A951FF732,0.029793287
ID_BCE01B08C5,0.031345386
ID_114825D9F3,0.012959795
ID_07C748FFF2,0.014457804
ID_AB25028B46,0.11636595
ID_376C7ADCEF,0.07564956
ID_5BFDDD32A5,0.5959314
ID_3F0EA81C75,0.5879569
ID_EFE33D1663,0.5009597
ID_534F236895,0.025593651
ID_6F58ED0EDE,0.011861563
ID_F008EFF18A,0.00516041
ID_B2A7953B93,0.11725495
ID_1E29A40815,0.036476288
ID_5348F45331,0.05430913
ID_A6173BDC19,0.016918594
ID_AB0F6AF3AB,0.009508177
ID_7FB1FED8AA,0.07253128
ID_661EF97FAB,0.0885957
ID_B7FE25F8E7,0.025345325
ID_160D876E03,0.0071012517
ID_19933DB6A2,0.13399044
ID_7CE0315175,0.005530612
ID_C3BE91C777,0.037233464
ID_C3C779EE3B,0.4317922
ID_A3DE19C0BE,0.00786033
ID_599CC9A9F8,0.011841832
ID_7E26994DEF,0.12096153
ID_BF664FF427,0.9910958
ID_641711F71A,0.069291115
ID_A4FBE7F835,0.22475062
ID_9DB2DFE700,0.04417772
ID_252437C4FE,0.055055972
ID_5E0D8B5697,0.41289788
ID_E6598198AA,0.040117446
ID_8B39AF19C5,0.041783378
ID_3ECCB76F06,0.34663713
ID_20EC9DD96C,0.099552885
ID_2403887ED4,0.20226465
ID_9E1B2B635D,0.009496276
ID_AAFDA6CD6B,0.0058442485
ID_AC6AAB3DC7,0.26916128
ID_10ED35B6C4,0.60948575
ID_93D7ABE8A3,0.0077796667
ID_951D7ECC02,0.6322867
ID_B295C9BA59,0.13194488
ID_5977AF3D58,0.048607357
ID_0079DEE10F,0.11858047
ID_85421E396A,0.007118844
ID_E5C727F23B,0.010860985
ID_238BA66359,0.007721397
ID_6A8737C2D4,0.0063227424
ID_4580D6472C,0.4597486
ID_48730A72D3,0.01384472
ID_2A8899B2BD,0.008620228
ID_F39C7FFD48,0.08129661
ID_EFEF0E19BA,0.04579623
ID_0101B1AA97,0.22462375
ID_287E70EE66,0.054242328
ID_7AA4B81826,0.005122278
ID_900CC922E3,0.036459673
ID_0DABD55EC4,0.5871054
ID_8381420D8B,0.010320188
ID_F9056C7064,0.0837318
ID_631970E2C1,0.07390295
ID_9D1B776542,0.24394406
ID_4DF9CCD039,0.027360067
ID_239A4BD35B,0.06816119
ID_1F30201BD6,0.2891674
ID_E7600848B2,0.32346275
ID_13FF2E6056,0.07525918
ID_CC0A92211D,0.06048618
ID_83A2E8997D,0.045902617
ID_833DB26C43,0.0153447725
ID_79AC965697,0.00452984
ID_6DDBD1ADC2,0.04651911
ID_B213179E06,0.01195693
ID_94406100AC,0.029106379
ID_DC811CF51E,0.008569529
ID_D14EC024EC,0.0057943724
ID_C17BBA612C,0.041233227
ID_EBC12F125A,0.15094356
ID_6E1D54E14C,0.069487326
ID_028BA380F2,0.05388772
ID_127828EE5A,0.025566783
ID_249EE2C868,0.74542147
ID_5A233A83D7,0.44175133
ID_1449E47218,0.011310069
ID_1F77A9C90E,0.022781964
ID_E822198B63,0.0072462205
ID_E17BBD18D9,0.026232243
ID_80CBB5AE53,0.044833
ID_2CF00EBA7F,0.5659953
ID_ECB4FFEEC9,0.01259601
ID_B576C26580,0.46838173
ID_034CF60D5A,0.1983254
ID_9B56FDC2D1,0.030688763
ID_992DD71520,0.04652872
ID_AEF582664D,0.027746893
ID_8305446FF5,0.51656693
ID_9CBBEDC1B1,0.25306794
ID_A39721C7B3,0.44912738
ID_814BCD3E27,0.0076952633
ID_3AC72FB401,0.09665813
ID_44AB64201E,0.0055170935
ID_4D6E260349,0.28033662
ID_2FA7DCFFC6,0.7119445
ID_32FAA71DDA,0.019724013
ID_66AE350B6B,0.0052850493
ID_C324CF81F0,0.26066175
ID_F8B16DFB2D,0.009057784
ID_72823077A8,0.0413752
ID_68B227B9F9,0.28090402
ID_DE279A639D,0.017163787
ID_A655389F89,0.034530133
ID_A8A369B388,0.8199527
ID_C2A987BC85,0.063029855
ID_E097A17CE3,0.17941967
ID_BBD4D89267,0.20397075
ID_E4045FFE7F,0.006492796
ID_D1946EDE50,0.15194198
ID_F45055B8AD,0.016682697
ID_24F2B6E983,0.4827444
ID_B7EB80CF4A,0.024384608
ID_A729AD9DB0,0.01769711
ID_42CB0BEB4D,0.4058739
ID_C8D92FBB7D,0.23848179
ID_44DEE6D54F,0.025616879
ID_3816593427,0.05499963
ID_61C434BBF9,0.30990225
ID_4C99DA9758,0.021982716
ID_9310955051,0.7688774
ID_874AD1E03E,0.049245276
ID_7F25EA069E,0.009975851
ID_50444EE68B,0.9383097
ID_B790E7E4B3,0.011206374
ID_49BF1D1282,0.030389765
ID_A96DD98DEB,0.016179228
ID_924ACBB077,0.5056687
ID_41C92C2DF4,0.17124355
ID_D778B63D72,0.6054548
ID_104ADC73C7,0.00719135
ID_42A9F410E7,0.014799818
ID_73D6C34B60,0.03878217
ID_A40EFD47B3,0.09105675
ID_B13A2FCA3F,0.19081774
ID_1C9C8F8517,0.029425025
ID_2B9EDD6E7A,0.03297797
ID_102B7CE72B,0.06878538
ID_4FDF7D7CCA,0.019498121
ID_69BAF0070B,0.8066885
ID_4E00A56933,0.037393786
ID_E0EB0EB82D,0.0471544
ID_36A3A46E8F,0.013468584
ID_2717716C13,0.007972718
ID_F12F26E104,0.030944018
ID_D969EB4A9E,0.7138511
ID_6F98888787,0.052737217
ID_AFCB42DF57,0.008849113
ID_9CC5F1A99E,0.0069787707
ID_CF491102BA,0.20819087
ID_AA7EA39696,0.009095813
ID_AD89A0BE4E,0.033896696
ID_A34E135316,0.011752953
ID_AE7473669C,0.008587654
ID_2E70B19DE6,0.0126009295
ID_398D6B8592,0.013051933
ID_6C41A2F318,0.30360302
ID_5DF71E6357,0.012213844
ID_A7D4B3AB7C,0.2551131
ID_8DAA97E3B4,0.03715198
ID_0E8C25DD26,0.046281483
ID_AC8556BB7D,0.20517665
ID_5146C6A64E,0.028982012
ID_625D572CEC,0.021916386
ID_D030F71042,0.010792793
ID_D451C436AB,0.007165515
ID_9C71778772,0.0067772223
ID_A763CCF491,0.0063729025
ID_7BD562497D,0.008830373
ID_7B794BBBAB,0.010475733
ID_B0CAE503FF,0.0058810855
ID_147C91263A,0.07996579
ID_47964D276E,0.10199074
ID_8019FFE12D,0.024065886
ID_D49A21E110,0.055389985
ID_E97A560BCB,0.061551478
ID_DAD3C2E953,0.10935771
ID_33B16D5AA9,0.042508278
ID_3FE56070C1,0.011886326
ID_FE7EA88F07,0.58108145
ID_585CDA1703,0.019406725
ID_76CF95A604,0.0069828215
ID_5D9F3D9CBF,0.46448946
ID_C7ECEC1C4B,0.01608072
ID_3B9E5437E8,0.48645484
ID_6A854FF917,0.012958896
ID_2B096A7C81,0.34829602
ID_F80D2F1C26,0.040713985
ID_358A9BE268,0.059223343
ID_1B6DA2EB03,0.02761736
ID_BC9F7016E6,0.17620188
ID_89BA45C6B5,0.025530728
ID_445F5B40D8,0.08911044
ID_30FC965CE1,0.018905608
ID_99206A7892,0.13640195
ID_C05C53AFB4,0.17266628
ID_2386D76616,0.03558519
ID_4FCBC27DA7,0.026453335
ID_B354CC6D08,0.21317606
ID_9460A8BA53,0.073483005
ID_AEB2714A31,0.025925761
ID_8F0C07E94A,0.14292641
ID_6A75F54AAC,0.7641648
ID_104EAA7935,0.4526374
ID_78005C2EF4,0.010816025
ID_59792B30D8,0.0050673597
ID_B72CE13B28,0.035062876
ID_AFFE47B4B2,0.63703537
ID_3146DCF64E,0.035690792
ID_D8396CB5FF,0.2747332
ID_E41FE922BB,0.022994787
ID_E13DC90DD8,0.018510949
ID_9E1AB0D3E8,0.1598595
ID_1BBD20ADAE,0.77870995
ID_CC930D5433,0.029540315
ID_4C471380BE,0.44223785
ID_1C9ADB5BDC,0.12774256
ID_B63C0E5879,0.013891482
ID_10FE32DD83,0.07328376
ID_C1858DD01B,0.04206408
ID_7E5CA770EF,0.026489127
ID_4779E8E3D8,0.0061188806
ID_B6CC2B157B,0.022598686
ID_2EB5F485AE,0.06705999
ID_B42BE7294F,0.02124437
ID_221EA9AD96,0.054694764
ID_0AA76CF102,0.013261239
ID_4AF3581A05,0.50071996
ID_2E284301C6,0.15305811
ID_A51A359D2B,0.012104353
ID_B587C1C43B,0.00935131
ID_8046FD12DB,0.22254774
ID_B3DF2E2C48,0.01392508
ID_03DE43F61D,0.019333769
ID_54D8D3E946,0.077985324
ID_7D52C1BF24,0.069350496
ID_219ADD5C44,0.11581618
ID_3B9D9037E6,0.024859173
ID_80CE6A2347,0.09000497
ID_881BFA2736,0.028452007
ID_DB91A376E9,0.3587651
ID_BCC5567DBA,0.036581907
ID_AC050A0897,0.020380389
ID_3205FAF180,0.007996043
ID_2CCFE309B5,0.15224192
ID_EF73E073B0,0.102876455
ID_E0F755405C,0.008298578
ID_129F0F714A,0.09923258
ID_D92871D08A,0.01136785
ID_BC53A82D7A,0.0041168043
ID_61533C67B6,0.08206099
ID_0FF626A33C,0.94391567
ID_5B38012434,0.7516373
ID_1F13A6B339,0.03316026
ID_2C36F5587A,0.2626536
ID_01FD0F041F,0.54267997
ID_A3F6A1B60E,0.16650046
ID_33BD3FF3F1,0.94330937
ID_9C158B844B,0.1633926
ID_2E6986C3FC,0.4598984
ID_126008E2A4,0.060977563
ID_B4941683E2,0.07222313
ID_64B0BFF393,0.1461658
ID_5D7709C279,0.004838596
ID_E7A5B97F8C,0.3084109
ID_C8C6442255,0.32309973
ID_5868EC0695,0.010286861
ID_DDCBD13BBB,0.44009075
ID_288AB435D6,0.8046961
ID_74BDFF014E,0.063310966
ID_DF2BEF90AA,0.014901519
ID_ACECA66E6F,0.023168853
ID_6855179A7F,0.08543871
ID_38887C2248,0.009002628
ID_E4FF1F6DEC,0.48817903
ID_6829D1C78F,0.046659254
ID_955095EA79,0.036642313
ID_6C13FB6684,0.2637855
ID_4F76CB4A03,0.13623798
ID_67699B7BEF,0.024698932
ID_4BCE0F3B6C,0.5347077
ID_8ECFB670BA,0.008224562
ID_714DCE92CB,0.22994564
ID_7D02C94953,0.023056423
ID_884E97BCD5,0.29866403
ID_434E9D8CFA,0.055782516
ID_498D26D53B,0.5181251
ID_07E19F4C53,0.2331672
ID_94A6B1AF4C,0.1015077
ID_2B2AD060FD,0.023130221
ID_5EEC3854BC,0.008747449
ID_5AFE9DBF2E,0.240134
ID_3841110310,0.016852923
ID_4D5D762AFC,0.02445672
ID_CA98858659,0.98834395
ID_7E564A3B86,0.14892848
ID_1EF4538B9B,0.014251439
ID_2FFA39F99B,0.019818855
ID_495AA81109,0.39963096
ID_4FCE8710B3,0.079399906
ID_9B84ECECA0,0.020775868
ID_EA72CBEBF7,0.083243564
ID_6C08742783,0.05703149
ID_D7E7C1DC5B,0.00720585
ID_CB4DEEE13E,0.8715907
ID_FA4C840F50,0.014241539
ID_A981D48BF6,0.026685098
ID_0032DD55D3,0.14440511
ID_0ED14034D4,0.28441262
ID_37D57E097F,0.014056777
ID_01344E6A8D,0.13672096
ID_D97DA6CAAF,0.029319728
ID_F6D6D3770D,0.9979125
ID_15E9DECF15,0.49478203
ID_D96278FE70,0.02728015
ID_8F39BE9AE6,0.24740727
ID_4BD64E1BDF,0.046400007
ID_A0D3A1FE3E,0.014678842
ID_4DC3DBCA91,0.03552932
ID_A0C8D4C09F,0.23319969
ID_4D9CA042B5,0.3864488
ID_37F24DC060,0.030832462
ID_31322E5B53,0.32968214
ID_5C25E92B4F,0.033185884
ID_C8BDE9BE0E,0.051795974
ID_403A1DB727,0.17313257
ID_3F06EFB315,0.27384034
ID_913DCD651E,0.011601465
ID_09F82964CB,0.028821772
ID_BF3E27CD74,0.09677818
ID_66D04AA895,0.11207598
ID_C01CBF9CB0,0.14290714
ID_7AD41C9FD9,0.04542265
ID_6C88D94C2F,0.16373554
ID_365C7BB13B,0.024314214
ID_B2FC461055,0.043781847
ID_446C6DBB5E,0.046158943
ID_8823AAE236,0.024262195
ID_232C08B962,0.0106036775
ID_94F2568133,0.20795712
ID_ADCCD27805,0.011608466
ID_AB0D8053F9,0.13830774
ID_7482E4DB83,0.15916418
ID_658FE2C1AA,0.34293348
ID_DC942556C7,0.10351892
ID_97938F8F13,0.017304828
ID_6F49A9C3A7,0.2557199
ID_E5DB23C44A,0.18514042
ID_4042C0E27A,0.19551642
ID_6117A4BF0F,0.01670023
ID_930CA361D3,0.008958337
ID_B585002169,0.01103254
ID_6CA31F7FD9,0.011367601
ID_2866E2F966,0.112283215
ID_CD3548F6DA,0.029999597
ID_EB2876DA3E,0.03787302
ID_09CA462220,0.02214373
ID_2FB5684834,0.011597955
ID_69007C6CFF,0.19753803
ID_CBB2E0039A,0.023165295
ID_C9E0CCB69F,0.42842433
ID_9418A907A0,0.08383249
ID_B79563AC20,0.006574577
ID_55A01CAE37,0.029047055
ID_E317A2183A,0.014700978
ID_4F06EB6176,0.013206773
ID_389826174F,0.0392839
ID_FC306D4193,0.3366397
ID_6C1FC91A4D,0.06975711
ID_74BCF2FF6D,0.15229654
ID_AEA6792159,0.006607495
ID_8128AD86B3,0.021467231
ID_DEC7C9022A,0.20316717
ID_1AB9E7E9D8,0.008646939
ID_C8D9764151,0.2560085
ID_9EF93210B6,0.8981211
ID_F6C42FD435,0.9885444
ID_69A771E906,0.39959356
ID_8DABBE5AF8,0.048414215
ID_163A50083C,0.088399924
ID_4A3D672A24,0.17734993
ID_20E1E4245B,0.006132229
ID_69F6C45658,0.6573102
ID_7CB8900691,0.08628852
ID_381900BFC5,0.12427785
ID_98C5F4205C,0.77059805
ID_FDA2B0000F,0.014155035
ID_78C86B5937,0.0402623
ID_6FF233D732,0.06587719
ID_3750C7C0A0,0.051211465
ID_830E16C10C,0.16414395
ID_CF087E0808,0.014624896
ID_0B1C59C07E,0.030392416
ID_AA8F0AF174,0.012633666
ID_89B9B12684,0.0063554267
ID_E0B62FA4B7,0.031366438
ID_1EF5BCE2A2,0.0158793
ID_D2E9F2DEBB,0.0064516375
ID_E0836C164A,0.0125493435
ID_DED3D9B680,0.96827805
ID_A15B5B86F7,0.032275375
ID_8DF53C552C,0.0050149183
ID_4830C59206,0.026007205
ID_F05F549533,0.04110649
ID_49E74CF23D,0.006813888
ID_AB23EA3B94,0.035601925
ID_1F1DF338B6,0.29635188
ID_CBD81B7361,0.01484493
ID_F8C590B57C,0.07907869
ID_02D745F47F,0.022002771
ID_192F73ED8D,0.60788614
ID_619DDADC20,0.085433245
ID_D45A3E89BD,0.9876078
ID_45D8B3E57A,0.33790326
ID_89F58E9A2C,0.195992
ID_FC4D39DE08,0.033358082
ID_FA79036956,0.006772914
ID_5FC977E0EC,0.049093284
ID_3C89F5C2CD,0.011167473
ID_1EB21E4B3D,0.017153723
ID_11FCBEAB7B,0.08382772
ID_53C92816B8,0.06383087
ID_2770318358,0.030771438
ID_A90D896357,0.04251048
ID_AAEBD0526E,0.05053729
ID_CEFFC39A7D,0.004943676
ID_AB1AE58AC6,0.09939113
ID_F715BA0915,0.007717819
ID_071EA723D5,0.022134177
ID_6E63E0FEE7,0.49950987
ID_FA2B05703E,0.065833814
ID_A24CB15A48,0.8838576
ID_E2B971604A,0.4459998
ID_2F3B4B3447,0.18118586
ID_84535ADA67,0.99166834
ID_74BCB5FBC9,0.045308035
ID_022BB27432,0.011491043
ID_32C01F6350,0.0068771574
ID_A5E29F9462,0.018994125
ID_3E669A748F,0.0071387948
ID_CDA0746E9F,0.006718763
ID_1CFFB12384,0.02544071
ID_5A89DFF49B,0.0073444163
ID_EEC57E41CF,0.013674372
ID_BE3C8E276B,0.76547384
ID_FDEA6FCF28,0.028732883
ID_3487D98019,0.008927746
ID_EBA4E42900,0.1780791
ID_841E351F3F,0.0067353025
ID_F90D58CAEC,0.01546196
ID_2F546042A3,0.020145481
ID_33D299B1D4,0.75823545
ID_481B036ABD,0.1798881
ID_DDDFD03272,0.097377464
ID_EB4259AEBA,0.84987444
ID_82885EC313,0.01027666
ID_05CFF5393A,0.035033535
ID_93FAD7807F,0.01935078
ID_09795E416F,0.15124583
ID_6D0C319E4E,0.042632457
ID_3135408E0F,0.030813647
ID_200B15291C,0.07343334
ID_5849C2C90A,0.26142526
ID_B27225F357,0.027467884
ID_ECD6D9109F,0.015947482
ID_E217740C82,0.18358825
ID_EEFE4A7535,0.05946584
ID_65F3C3EF5E,0.012621437
ID_1EAD7FEC49,0.09400925
ID_687F9E06EC,0.019581588
ID_B1A1B09B8B,0.048455846
ID_A022A4A416,0.51768833
ID_5D7936FB7E,0.23415612
ID_6BF6FC1444,0.2264754
ID_DCEF39C8CA,0.09661856
ID_35DF49AF03,0.18319282
ID_755D05B687,0.31272805
ID_FFFBBBB6AC,0.022802219
ID_0A1F84231C,0.04697748
ID_6E36ADF7E9,0.022319008
ID_07A63BE37E,0.41246665
ID_0E80073BDD,0.24234024
ID_848DA791FE,0.25045818
ID_885E9EBBB8,0.07705443
ID_F36F62C17E,0.030238891
ID_49A07D0F1E,0.9252747
ID_931A3F7612,0.0075825816
ID_7DA854092A,0.078534886
ID_E2FD16315A,0.037568606
ID_E274E1A10D,0.017215915
ID_E4A1BFDE46,0.033928152
ID_FD3EFBB7F3,0.052704588
ID_58996DE403,0.014818382
ID_FB14673591,0.65075445
ID_64F1FC34BA,0.010079192
ID_D9FC10CEE6,0.009341812
ID_72C93EC17E,0.0042208913
ID_65EDC60A7A,0.03275928
ID_22EA9AEE14,0.009698659
ID_9C19BEB7E6,0.38916516
ID_0AEBB800A4,0.029438714
ID_02FB7C93CF,0.1903504
ID_C576C6F0DA,0.020293714
ID_7EE4295F44,0.00548152
ID_EAFEAE9DCC,0.013233094
ID_B3FACD5E2C,0.053082872
ID_A4CCB80FA8,0.07816994
ID_401F9EAA1B,0.2289902
ID_FFC6683A06,0.15961725
ID_3F476C5FE2,0.07285382
ID_098423200D,0.10865582
ID_C04BE4608F,0.09543649
ID_93A4DAEDC4,0.13838951
ID_736A2F4841,0.71363515
ID_FAF86E3C9F,0.08204022
ID_42055B6C0D,0.16169204
ID_A9F8841EFF,0.19782351
ID_E7E4A454FE,0.04743085
ID_C614BECCAE,0.007462666
ID_40918819CD,0.027796851
ID_0C138E5AA9,0.26762423
ID_066A319EE1,0.22946703
ID_7F46CF2609,0.1316981
ID_5BC4894B90,0.004127653
ID_ECB8311A70,0.02557303
ID_6B17F0BF2A,0.011136788
ID_DBABA054D3,0.13868381
ID_AAB9D9B60B,0.0705941
ID_79D5238821,0.67664367
ID_D26099305F,0.9838239
ID_DC2BB2551A,0.38967663
ID_BB5758A1AC,0.24743916
ID_698B9A0A74,0.20800422
ID_BD8D3539DE,0.24112347
ID_EB80718E04,0.006166509
ID_3C3259FF9F,0.20485455
ID_D6CF6C15C6,0.21541712
ID_4FB8049DD2,0.082399525
ID_A6298CD21B,0.0065658772
ID_8E1D67B3B6,0.27477625
ID_0814B5EE9C,0.9239788
ID_4007317392,0.03709629
ID_2F803BA520,0.032205444
ID_F7E9EAE520,0.028620066
ID_E9C279C1DC,0.0052051316
ID_4CFDDD0B6C,0.01823504
ID_966D7DC360,0.013330157
ID_5A4195811E,0.32942355
ID_98D9AF369F,0.01070013
ID_DD13CD6BAE,0.006877937
ID_7E173CF786,0.0136478515
ID_500AA7384E,0.31190312
ID_A7171219F5,0.10535754
ID_E8F3530952,0.010758693
ID_505A587357,0.018607052
ID_A14FCE0EF9,0.021217326
ID_4307BE851B,0.08133444
ID_AAC274FF2A,0.022459498
ID_CA67D4AE9D,0.0041312785
ID_CEA4B209F3,0.015526854
ID_A46146374B,0.11483305
ID_2844EF0143,0.049448255
ID_E92BCDD737,0.097892284
ID_ABC7CF8DCD,0.008467923
ID_2C2D2C4F03,0.06568613
ID_75214D3CE8,0.007298352
ID_7776A3D822,0.94148564
ID_2090F6802A,0.007051935
ID_C3BEAEC683,0.028945893
ID_1A9A85CD3C,0.010463241
ID_59BCE59E70,0.081527315
ID_D112D3BFC9,0.022753008
ID_26AC8D0CAB,0.58367985
ID_A1F6CF8625,0.008292065
ID_B365DBCF3D,0.009847371
ID_9CB163271B,0.017104823
ID_CCDF0B391E,0.0353552
ID_042A771E3F,0.26007554
ID_3C68A1A42F,0.3865573
ID_648673D557,0.11537036
ID_2BAB7A054A,0.07462895
ID_D8378A48F1,0.014166665
ID_17B145128D,0.03628809
ID_06A33A0A7B,0.25674862
ID_E6C1EE61C8,0.0119216
ID_00CB6A9D34,0.00799388
ID_6637FC41F5,0.25409353
ID_571F462F77,0.012532925
ID_EB235EC154,0.016653849
ID_3D61E6B3E1,0.054155823
ID_74DFA4C131,0.03981599
ID_38FDB031D8,0.014219371
ID_0891821C3D,0.009912539
ID_731FCB0B8E,0.10416245
ID_9439BC4FE1,0.12999824
ID_31127B06EC,0.2122211
ID_3673470BC6,0.031693168
ID_C8B08A881B,0.050277065
ID_263B05164A,0.2359756
ID_B24C254B63,0.14099272
ID_E4D6ADD197,0.017411124
ID_46716FA976,0.18728682
ID_0A0CA53988,0.02105517
ID_5214B58742,0.57813364
ID_61866C672D,0.027806638
ID_850575AC8E,0.14837864
ID_EECF890B25,0.017047295
ID_7B7AFD4D40,0.13012074
ID_E1A4665A0D,0.5258562
ID_2C59475702,0.013690641
ID_5AFFEDDB70,0.03537365
ID_60541DBF5A,0.020973023
ID_D326C92C51,0.7607858
ID_505DB3FD6D,0.010384814
ID_33BC8206B2,0.011249399
ID_B244DC9D3E,0.108759455
ID_0C6B661BC0,0.05545256
ID_E11B53758B,0.02297863
ID_A29438E051,0.8144026
ID_14C4564763,0.028433885
ID_0CDA7223C5,0.025770178
ID_20377FBF07,0.2812743
ID_87F8796830,0.028666237
ID_0DBBCC362E,0.057560273
ID_E87A8598CB,0.019062944
ID_BF13DDAB78,0.44535407
ID_CD4C7C56EB,0.011828103
ID_5F304DFB8C,0.07183531
ID_1CE4F2F808,0.009370065
ID_6B22605AED,0.019633694
ID_4AC2E9B142,0.5094654
ID_6FD2F40EB3,0.0075317435
ID_FFD7A1E001,0.07819889
ID_E40ACEC2F4,0.02691945
ID_734467CE93,0.005002075
ID_C31605B373,0.038178865
ID_EA8F076B42,0.014622824
ID_92F805DCA5,0.034243513
ID_4BF8E18723,0.43013823
ID_60A8058F4A,0.020516997
ID_1BBB550B3C,0.06614093
ID_6A0DC9F0E8,0.0076607103
ID_0A688C476C,0.009160654
ID_D85991A945,0.50970316
ID_86679F4AFC,0.027943073
ID_546B7BF44E,0.03430231
ID_745943AEE5,0.10407083
ID_16C4C42463,0.026986988
ID_FDDACD4164,0.046888232
ID_59D8B9EAE2,0.022543468
ID_6F2C7D1E7C,0.009288847
ID_8BDCD34D46,0.015685178
ID_5304E3FAFD,0.8491527
ID_1055B90C4B,0.08627141
ID_7D01A4C5E1,0.09252501
ID_E95D190DC9,0.13597082
ID_456ECF5B4C,0.14247741
ID_A2B9C016A9,0.5703674
ID_0E4FDDFAAE,0.26141307
ID_7CC6439051,0.010545735
ID_F768D93E40,0.44819245
ID_862B4932E1,0.0087423455
ID_2C218B41C4,0.3541374
ID_63F3A790BA,0.16465253
ID_AB16157BCB,0.007571071
ID_BE834F0BED,0.17089236
ID_50E43ACE1B,0.010234259
ID_700974CEA4,0.9799721
ID_7B05712AEE,0.36642838
ID_BED1FBA0F6,0.021524446
ID_22DE331594,0.041565858
ID_C9B5AB1BC1,0.015311863
ID_40029A9A6F,0.046680834
ID_7F0492D6F0,0.35156715
ID_BD293EF4C5,0.065270364
ID_FD9E30B8E8,0.41254216
ID_9CCD93F9E1,0.07046632
ID_0723E41842,0.065616325
ID_6665C92B4A,0.052484255
ID_332691A8E4,0.025321757
ID_6189DE7D22,0.4086009
ID_23C4B69E5D,0.041595366
ID_17B3D8CB15,0.119352326
ID_C31C3D1261,0.006971101
ID_D3F623CC84,0.11467648
ID_12E75594FA,0.14362155
ID_84246ADA20,0.010164444
ID_E790BCA222,0.011611558
ID_ED8BC9B5CA,0.016222702
ID_1C7CD1B101,0.9801307
ID_86E1B30BBE,0.028394092
ID_4780FC07ED,0.04967459
ID_6E3ECD88EC,0.100055166
ID_C06ED74056,0.77184796
ID_09F9371BFE,0.34247854
ID_3D60564314,0.017724954
ID_D5BB28BDF2,0.023067852
ID_BE05441E82,0.10744901
ID_154FC70559,0.19068725
ID_E51F38390B,0.9783085
ID_6851298D6D,0.061902814
ID_BA87F9B3B9,0.016447518
ID_145D4C3314,0.026191331
ID_F653DE69C7,0.025032312
ID_17339B5D74,0.89746875
ID_DF66EA9F13,0.10757558
ID_2F335EB0BA,0.18428071
ID_9829B58302,0.21447718
ID_010552C824,0.01850399
ID_0085B4CFCB,0.009505363
ID_D202161E37,0.15058208
ID_DF5AF2CBCB,0.004424315
ID_0DDC01B446,0.14705434
ID_C465B4A9FB,0.47950268
ID_03F4391FEA,0.008770903
ID_40EBB91AAC,0.049017288
ID_7DFEB0F47F,0.13754058
ID_5ABC33049B,0.5845661
ID_F4E57BFDCD,0.60451204
ID_EFB9081641,0.03036401
ID_2091F3B6D6,0.2257879
ID_92979CFB64,0.009168304
ID_937DB880A8,0.1382543
ID_27ABF0E19A,0.03296266
ID_E1D759DBAA,0.6989141
ID_41525100B7,0.9834416
ID_83B3DC4B7D,0.042375483
ID_8A318B1EB5,0.11007662
ID_EB896ACF21,0.012473739
ID_B846B51703,0.8328818
ID_926AD4C1FA,0.061566375
ID_6F2625B5FC,0.030866142
ID_85B13041FC,0.38174745
ID_A818B2A845,0.03186545
ID_E929613FAD,0.019918133
ID_9E793D9CD7,0.0769821
ID_0B0C3B3435,0.024629608
ID_4A781D9DCA,0.07477564
ID_7521003E71,0.8270826
ID_105025BBD3,0.44269314
ID_22CF1D4E75,0.14215422
ID_1137844B45,0.091372
ID_A2EF254599,0.38390818
ID_566C11E4DE,0.09700766
ID_25D0A428CB,0.004812331
ID_1528BBF91A,0.0064963503
ID_9A5F872E06,0.010449708
ID_B43274267A,0.07919077
ID_67196DEBB4,0.06063142
ID_AA1CFE81C3,0.036432948
ID_0A5359E61B,0.023424802
ID_FC025FB916,0.05775955
ID_4E6F572402,0.030704593
ID_F67D45B03B,0.16596837
ID_4F967A05B5,0.025623173
ID_FF9D907501,0.0065345895
ID_0136ECB1A4,0.008716404
ID_7F3AEC49EA,0.016962651
ID_4B7856A5DA,0.03189183
ID_5E3948961B,0.033890825
ID_73548BEB88,0.06841547
ID_511CB5AC07,0.024367182
ID_E2E68804F8,0.3279028
ID_2B1E7FF6F4,0.027481131
ID_724AD07F22,0.046850044
ID_1D1D7AF9CA,0.049109478
ID_C2389AB450,0.04281789
ID_B1E0A6073E,0.019058695
ID_61CE67AD5D,0.074501775
ID_869BAA07DA,0.43063244
ID_5BC5A4F1AE,0.18063767
ID_69199ED6BB,0.036551338
ID_DD3F90BB9B,0.009984611
ID_1EB434908C,0.009457297
ID_30FE9661B6,0.64354926
ID_F30BA6AB8E,0.0349826
ID_F93716B5CD,0.013740843
ID_4BCD9581E4,0.037850335
ID_6FDF3079D6,0.21180762
ID_15F5DF4695,0.52500105
ID_8EB6646A96,0.11042459
ID_B7383F9F4C,0.05157635
ID_DA36E21CFA,0.7091109
ID_39D61B84EB,0.07694606
ID_677E868EE4,0.016897723
ID_637DD69726,0.010723636
ID_02BFC639CA,0.019202067
ID_C968409571,0.18080835
ID_018C1C470B,0.025140021
ID_672D7CE288,0.075491734
ID_AB3ACC0484,0.0693747
ID_FBE5B5069D,0.012185364
ID_8BD7D9D2DC,0.03097708
ID_E053B4736F,0.64310163
ID_D7D2E7142F,0.033493537
ID_40DDCB9430,0.051879115
ID_A2B12B4660,0.20535979
ID_328CA20B59,0.020502234
ID_9F83D2C36C,0.15210801
ID_0F1CB76D1C,0.080675684
ID_80F03494B3,0.20494537
ID_5148853744,0.52895975
ID_638FFDD0C5,0.07943998
ID_7AAD088D2F,0.01976847
ID_2476941E5D,0.057907294
ID_915D25C54F,0.7948634
ID_0AA0431B8C,0.11295143
ID_FD35298326,0.080946416
ID_8A5269861F,0.029512009
ID_B90DC36AF4,0.02501838
ID_C290649BA6,0.14068197
ID_F79293AC7F,0.020107904
ID_F0AF149706,0.32542488
ID_43818823B5,0.0787014
ID_C3E216905A,0.52829194
ID_CF92B8BA30,0.501152
ID_9438A5EBD4,0.012579599
ID_8FAF311E41,0.04145179
ID_FFE90C4E10,0.017339325
ID_136798E54B,0.69743705
ID_6D921E3713,0.07377364
ID_DA2087EAD7,0.027118236
ID_EC6E31FBA0,0.03563962
ID_8BA18F2B83,0.048203237
ID_6E302B8591,0.04499196
ID_5D3D54A799,0.4607323
ID_5DF0128498,0.34066272
ID_5EDE3A9E8F,0.055639584
ID_61E68322CE,0.020563146
ID_4FB9FC9154,0.063195646
ID_21481385E1,0.5781912
ID_304435F9E8,0.043908734
ID_8C57F90E27,0.14393242
ID_21317A0BD7,0.2258754
ID_D6E7642AB0,0.016431727
ID_FCD7FDAAA9,0.006902521
ID_D57B618525,0.34711432
ID_D8978C9F45,0.04036105
ID_7FA9BD7E76,0.35749614
ID_D020E40BA1,0.34285596
ID_1851C4C181,0.758605
ID_85D8B4D8BC,0.079603314
ID_EEA07AF2BA,0.11988157
ID_7ED331E9AC,0.02403785
ID_5573F27D71,0.014012248
ID_DE9227F69B,0.1436046
ID_094DD2B789,0.029317746
ID_F7D29CB11E,0.25707826
ID_12E99BD178,0.037649594
ID_41F16993FF,0.13131832
ID_3D2CB41CAD,0.007341193
ID_9C8960E083,0.0061968286
ID_A8EBD83734,0.034056585
ID_328C871275,0.022512184
ID_4DA233E409,0.07931472
ID_A572073652,0.032800723
ID_C15DBE8B4B,0.09579111
ID_99E74D79A2,0.009428062
ID_2EB4B609E3,0.087155156
ID_6459FBA2C4,0.026299894
ID_4B902F9A6F,0.046107676
ID_2274230A7A,0.010415548
ID_F11DD5CE62,0.5693101
ID_D7A3F33AE1,0.2714797
ID_42ADC12A92,0.11876853
ID_1F49149C15,0.024662836
ID_5945D2E870,0.009109241
ID_1D5F62A42B,0.0431004
ID_69C0340CE6,0.032130677
ID_1B84C88FA0,0.008565137
ID_641475D9FB,0.7581376
ID_73A3606662,0.19688742
ID_1BD9A48E2B,0.012107809
ID_BC321460C2,0.0059499163
ID_0151AFCB9B,0.02308227
ID_E71A4747F6,0.017530395
ID_E946D24704,0.6497774
ID_152931E88D,0.008297756
ID_98FEA5F4B9,0.024222028
ID_D82B49A9A7,0.7828347
ID_41FFE5385C,0.35189486
ID_A50CDD96CA,0.013575136
ID_6464D9CA26,0.010957518
ID_A74A32730B,0.07281643
ID_87FFFE8EBA,0.12653644
ID_8E66BF2690,0.020883016
ID_EB87B0C80C,0.031144565
ID_92DCABEF9F,0.056126285
ID_A7283F5E80,0.017756179
ID_5D824E093E,0.06502477
ID_75938E7514,0.24532329
ID_61635BC1C6,0.09108468
ID_461E00DE2A,0.004080758
ID_DE85ABC5F8,0.0580123
ID_2D121943FD,0.12159846
ID_4D83F5DCBB,0.015294694
ID_1B8A585D70,0.38070273
ID_9868B99CEE,0.012812506
ID_C52727E743,0.009330442
ID_563B7B2AF1,0.35122344
ID_A5F89E8D47,0.014121251
ID_04DDA88FE7,0.23776054
ID_FEE42B0AF5,0.041828368
ID_8D0EF1B25B,0.17836197
ID_BCF286A538,0.19646621
ID_9E552BEF18,0.035567194
ID_57A478EE68,0.47674677
ID_442DE0E151,0.7413294
ID_E6A229CBFE,0.0069962633
ID_33B288A5C4,0.009685683
ID_5A5CF7C81C,0.80661464
ID_9F08544240,0.057833865
ID_8809E8FA90,0.016464518
ID_77121296D6,0.019955518
ID_426E4BB426,0.019902859
ID_E60F527B7B,0.54552174
ID_8691DD4A42,0.93972725
ID_7EAEE0CB92,0.847628
ID_A40AF032AA,0.5534579
ID_453E710A17,0.026450267
ID_25AA45F577,0.019560687
ID_1A65FF1B16,0.010913625
ID_57BF45ADEB,0.028520415
ID_7FCC6F9147,0.2176927
ID_4A48AE7946,0.015820183
ID_510B487E7B,0.015310931
ID_2B806A5982,0.4633174
ID_D7F0A78BCB,0.004655705
ID_D0E2CD96F5,0.016317707
ID_1BB3EDBF39,0.01704108
ID_C8FEA5F8D5,0.5814237
ID_C9A4D36E9C,0.09210061
ID_03088BA23A,0.017533883
ID_E4A4A6E926,0.100420624
ID_555530B596,0.02392108
ID_8CDD3FC69F,0.0074427524
ID_A6B6ED6F3F,0.013920648
ID_E47D92D9A1,0.6567858
ID_5353F1B392,0.014628905
ID_6D1D3C774A,0.03472104
ID_BD37BCA3FB,0.035222244
ID_523C374285,0.017520892
ID_A498BC2B7B,0.010195556
ID_1E677A23B9,0.014422913
ID_FBCCDF06C5,0.01951591
ID_03BDBD57D1,0.051487792
ID_5F0CA3A7E8,0.034561723
ID_0950D975F0,0.22463228
ID_C728DE6951,0.17799114
ID_17567FA2A6,0.026306557
ID_9626E01E9C,0.7170322
ID_2EA67D968E,0.026118334
ID_BE84B001F4,0.071691364
ID_E9B33B85BC,0.13313517
ID_42432DECB9,0.2574232
ID_EE40F80781,0.35726637
ID_E228D85E69,0.017447285
ID_99E7BE89BB,0.014863584
ID_44E8EBD6A7,0.010614243
ID_D00DEDBC33,0.07352171
ID_D4A92DFD38,0.12682785
ID_3FB639A7E1,0.03030407
ID_A4B11BE31E,0.1410978
ID_88370CF12F,0.1612843
ID_5AEB6EA6CE,0.20865539
ID_4FE390E617,0.011508327
ID_B335F90CC1,0.034761563
ID_E6FAB1CD9A,0.041112937
ID_B3874B4B48,0.059986096
ID_64D7B93149,0.40850183
ID_7F65BF50A0,0.0082667945
ID_BC32E47698,0.0777368
ID_A6CEA144F5,0.009178523
ID_D948B5921D,0.024639472
ID_39C089674F,0.011130361
ID_FA2A477493,0.03630501
ID_0F622BA24A,0.16735396
ID_3C22F60305,0.006745784
ID_5BFC7808C4,0.025975594
ID_0B930E0C1E,0.024881847
ID_0D9D9A8CBB,0.21576427
ID_E9D488BB0E,0.01650261
ID_ACA11EF475,0.014581766
ID_A53E9BC746,0.008561101
ID_5AFD815BD7,0.016478704
ID_5369AE7188,0.0062406007
ID_47EF4FD03F,0.2098305
ID_D62E82DF96,0.60539496
ID_00EF4A6878,0.020834006
ID_3CFFE7132F,0.004799881
ID_8D33FCB99D,0.020086274
ID_EAC7ED002F,0.03522752
ID_91713C2509,0.023036217
ID_AD9059C06D,0.067133956
ID_5630A3358D,0.051745176
ID_E738BD83AF,0.009031871
ID_0055893FED,0.017613415
ID_73F97FA2FB,0.06876158
ID_A1195D295A,0.008858472
ID_5709CE40FC,0.04040861
ID_EA173E9709,0.07728795
ID_980EE1E4D1,0.028001072
ID_3B5C48AAEA,0.074140236
ID_AA1E9701A0,0.28582788
ID_4144955286,0.720639
ID_0533E39DB2,0.098528475
ID_F018699EA3,0.06156965
ID_683434EEE6,0.75839067
ID_F0D6700EBC,0.008794934
ID_3E08B5ABC4,0.41278812
ID_623296E17E,0.120193474
ID_54C502EE17,0.07580386
ID_68C1F73C62,0.028363299
ID_326EE11A4B,0.16343601
ID_CB45CC1ABE,0.28137136
ID_45A2A5CC80,0.102649815
ID_5391A81E79,0.006983694
ID_5883569F6A,0.054251056
ID_8DA8CFF975,0.41504714
ID_EEFAFD8A65,0.04137706
ID_0C76725F37,0.00745948
ID_CA218175C6,0.014307384
ID_CDE3797EE4,0.062020928
ID_6C15C8949E,0.16937499
ID_B46164E6D7,0.033108324
ID_18EBA15115,0.017024714
ID_E3BC60F83F,0.009550846
ID_74B5163ACF,0.50022703
ID_F780D406A4,0.048153892
ID_AD00142861,0.0044459756
ID_94A1EF25EA,0.050743517
ID_4A690957E4,0.07136996
ID_077C97682A,0.81627184
ID_6A0F311BB9,0.22032316
ID_6E248CC238,0.22695068
ID_33BBF56DE9,0.009655615
ID_C3429ED3A8,0.008602832
ID_09EBA4145B,0.0134016285
ID_803475C464,0.012741957
ID_2F2FDD9F9A,0.010645504
ID_0500B85B04,0.010277435
ID_7547221193,0.014331351
ID_5B379A47FD,0.02229827
ID_D036E19E22,0.36093906
ID_C3A3DF940F,0.043496214
ID_5F040D60DA,0.16013518
ID_04A64289E2,0.8298289
ID_8E88171C8C,0.008515007
ID_4EBC33A898,0.031299267
ID_383AC34AAD,0.16896053
ID_2A0B119EA4,0.3500093
ID_A04863ED18,0.01860329
ID_EF2A2814D7,0.021302367
ID_DC18DAE31C,0.27552456
ID_D4DC2EC035,0.026398582
ID_38753A1083,0.010392498
ID_BC77971493,0.072760336
ID_C7C5C7A0EC,0.06946145
ID_19BAA5C257,0.33288142
ID_D21631EE7E,0.016415441
ID_6F8617126F,0.14546041
ID_1F635D23DF,0.018172672
ID_9A1196E485,0.03570447
ID_CE635BCDF7,0.49658754
ID_A09821F072,0.042172134
ID_62727200C0,0.02089613
ID_94BC3F0BFA,0.07312496
ID_3C4561F987,0.10163695
ID_0F6C2ACF14,0.03273929
ID_0A8AA746E1,0.017163532
ID_41C7B400FD,0.41870913
ID_B1C2E303E5,0.075889826
ID_A189CA20C5,0.006532347
ID_067A62C36C,0.016741231
ID_5EF8269AD2,0.07622938
ID_490F2D0EB7,0.0039788084
ID_5EB38A58BC,0.0072008255
ID_42A7F7DAD0,0.40297914
ID_0004484A7C,0.02819711
ID_D6AB729144,0.008969139
ID_01377A5428,0.3015944
ID_88B37BD0E6,0.00938337
ID_81314680C8,0.08302143
ID_C5D87D45A3,0.3077638
ID_84455B5275,0.25378573
ID_277D3747F7,0.05874814
ID_821B13F754,0.0550067
ID_C1B6ED488A,0.034075543
ID_77630AFB18,0.009192811
ID_6C2D908EAF,0.05546824
ID_E9BCA0677D,0.04623142
ID_6A1E307EC0,0.0070228353
ID_01516D296D,0.43082228
ID_63614CFE67,0.22777255
ID_D2372779A5,0.014538492
ID_8AB340ED99,0.08880368
ID_A2342EAE3D,0.006834098
ID_B4DA4AB203,0.0602838
ID_AA55B7ED5A,0.3052247
ID_F7FBC0F495,0.26962918
ID_9FCF059901,0.0099242935
ID_699599EE82,0.07050314
ID_C076AFE851,0.06728675
ID_7C21BB9EBB,0.009145547
ID_FDA9281301,0.22625229
ID_2543C09965,0.3319261
ID_A6FC755D3F,0.11707796
ID_D0E9ADE721,0.018500319
ID_F8CCA039A2,0.0221421
ID_8BB15C2D56,0.02029815
ID_8FA68EB719,0.03327609
ID_544E94A7A2,0.18245068
ID_B5AE180E1B,0.8080304
ID_3DA6C93281,0.13225074
ID_896199999F,0.011269838
ID_93CA187767,0.0050774496
ID_A14BF1819B,0.06297871
ID_663951C49D,0.94778514
ID_69BF5A1DDF,0.04206099
ID_AC090E15B4,0.35435522
ID_2AFA33F16A,0.38530597
ID_560213ECD9,0.0213038
ID_A0679B761C,0.06334857
ID_BAE425DBAF,0.089042775
ID_588EE562FC,0.021268526
ID_36D31AFC33,0.035975363
ID_CFF30968A9,0.012619033
ID_A0EEDF217E,0.56380254
ID_5CFA067C03,0.054079544
ID_348AA0C57E,0.010596982
ID_156ACD6206,0.14937174
ID_6EC3189D9F,0.15280686
ID_F6E1621736,0.04944428
ID_4C25A9C7EC,0.009126189
ID_A16C638293,0.67020637
ID_E405941E92,0.2487054
ID_EF37067BD9,0.050077494
ID_24FB52E797,0.045287818
ID_82A4568A24,0.04962781
ID_CA04D3C5D2,0.010402978
ID_6085D7CA88,0.05825908
ID_6AB7AE2ED4,0.02154084
ID_D61EC6C031,0.02371526
ID_5BB39D5FD9,0.047234796
ID_502B5E87E5,0.0156119075
ID_D061C76918,0.024134839
ID_6569C5B0BE,0.018285863
ID_C166C342A0,0.00806035
ID_05207583BA,0.009980268
ID_8465E571FE,0.28580597
ID_54A0836DDA,0.21397758
ID_308DD8BE0A,0.17375368
ID_ED7511B52D,0.031244248
ID_E42AAC11C8,0.0052699465
ID_B70A4C0DF2,0.22760165
ID_2C16C73C62,0.008583403
ID_8D46AA38E2,0.0065376805
ID_9E04672884,0.43773496
ID_007C18C6E6,0.044576433
ID_B50C852305,0.04840688
ID_C5DA3546F0,0.32410654
ID_8928946D65,0.37439492
ID_D93D0CCB97,0.017517207
ID_C2375EA6F1,0.14892529
ID_BBE3053AEE,0.021525845
ID_12C4C3A96A,0.07415419
ID_9B7D90BC8F,0.029178608
ID_6B06618F9B,0.012943489
ID_F4B43D03B0,0.9831826
ID_D7F367D33A,0.40297544
ID_BFF323A948,0.0059536644
ID_8D44ECFC11,0.025193188
ID_88E65B5291,0.0106114065
ID_ABBDC2E1BD,0.061583504
ID_37DCEDD711,0.008790076
ID_E3CCC9C12C,0.21856134
ID_CBCA96F88F,0.6497038
ID_BA99DBDE5B,0.61687434
ID_C140706FD2,0.0073503284
ID_24E816474E,0.08913259
ID_69E6FA1A89,0.32548532
ID_EC17B6E661,0.39270833
ID_D92014E3F2,0.03065344
ID_0728BBCF5A,0.06629262
ID_E7C1409446,0.0510062
ID_1D7600897D,0.008554671
ID_8AFA57F08D,0.020613257
ID_3F6AA2880E,0.013392647
ID_F5DE33C0C5,0.016908746
ID_D91B69D72D,0.008505624
ID_90946879AD,0.009676347
ID_12EBDACD17,0.006003858
ID_9C183CD2D4,0.09587075
ID_F772D1BBEF,0.013495221
ID_3F2A34286C,0.06536219
ID_1045C72E0D,0.16759813
ID_2570C9EB6D,0.0068948707
ID_F700937BAB,0.06631697
ID_7216126565,0.035995558
ID_0DB7B7F79F,0.152223
ID_8038E0ABAF,0.0115522845
ID_D124ABF023,0.04435356
ID_7589B590A0,0.08979685
ID_7FED85A462,0.05696024
ID_53514D3CB7,0.0063973214
ID_7AC4458A7D,0.013656883
ID_157A49311D,0.09422202
ID_648FBFE879,0.2334482
ID_E399712C55,0.23585746
ID_2CE30BDA49,0.11723411
ID_0B1E98CD3E,0.008502496
ID_BC879F4E1B,0.042411823
ID_9C0A566E10,0.07991576
ID_853663FD8A,0.28900492
ID_0C9FB93CD9,0.4611627
ID_04007219FA,0.080238916
ID_C4F5386DEA,0.010058287
ID_5C783A19DC,0.03462972
ID_908575DE1D,0.018143563
ID_DA7331B72A,0.03811528
ID_A56BCE8658,0.052113272
ID_DBF54D0F2F,0.07695867
ID_AB8CFFF5E1,0.48481658
ID_4FB1097650,0.649732
ID_B966E08F9F,0.012575881
ID_96BB9E8999,0.07557951
ID_780FBAB542,0.75300306
ID_70E4449B31,0.14968732
ID_9A04615203,0.048789423
ID_ED239DBE56,0.08589696
ID_A943886A67,0.021093938
ID_0157029CDE,0.8796668
ID_1512FAC1BB,0.026934136
ID_117F917792,0.04061931
ID_90AAD99989,0.19723503
ID_9E502CC62E,0.0054724575
ID_D709941C8B,0.1719958
ID_B08AC5D654,0.031100178
ID_319C6CDF43,0.0504013
ID_598BE3E8BC,0.013897996
ID_9294ED8AA2,0.011387196
ID_6D248947C7,0.00919794
ID_97D523B2F7,0.056547474
ID_F19813A7DB,0.028567389
ID_326881919E,0.014024036
ID_9F3FD6C8C9,0.030422613
ID_6005511BD7,0.019789567
ID_C3AB3CD0D8,0.7591844
ID_C5C133E2B6,0.90309936
ID_38E98DBCE7,0.030287769
ID_88D5FD2312,0.027721563
ID_5D23404CBB,0.031654686
ID_5FC2654D91,0.043853767
ID_4098965926,0.009141082
ID_4449E51723,0.018899772
ID_3AE61B5190,0.99250925
ID_232B753054,0.31740102
ID_C0DAFCA579,0.012725913
ID_EC609C2A62,0.01064779
ID_93361757F8,0.96315014
ID_3CE03530AF,0.005767164
ID_7EC18A6AD3,0.020456692
ID_225F553ECF,0.75753975
ID_6ECF0AA3E8,0.033324387
ID_E3068B4CF3,0.36515793
ID_4A14BEE8D1,0.7475507
ID_E153A17F4D,0.048486456
ID_3242516841,0.15534331
ID_5CDD222B12,0.064454325
ID_39C97A9CE7,0.018577917
ID_023101027C,0.013105288
ID_CE4B0B79C5,0.018433796
ID_417989CF64,0.90307975
ID_2922A2B995,0.5038727
ID_5D26A84989,0.0070246984
ID_814CBCD27A,0.4108475
ID_8783A46D49,0.14682625
ID_E1B606BC97,0.11446474
ID_B67DBACA0B,0.010398106
ID_C9C9260711,0.081914485
ID_64BE22A910,0.19289556
ID_7CBE9D8C64,0.046458628
ID_8FAAC53494,0.13361393
ID_8F9CE669C3,0.12928867
ID_6DC29E1D40,0.09407641
ID_62BAC2E3B3,0.9551216
ID_E902AE8847,0.13913918
ID_F346D25F76,0.04794105
ID_75C2B1E7D7,0.44268665
ID_76BD0EE31C,0.009809629
ID_324EBDBEBB,0.73056895
ID_B9D151D5B5,0.003942239
ID_2624C6F738,0.006934609
ID_33B15002E4,0.20110096
ID_22E6D4A43C,0.008216064
ID_A2CB4C3A7C,0.062556945
ID_3E4A44E45D,0.017220438
ID_3CD2EB95FD,0.16365063
ID_BBB3D05AAB,0.13844977
ID_D50370D0A8,0.01043544
ID_D392DBE4BB,0.011450691
ID_1403624777,0.10827259
ID_FF21C17C0C,0.11756883
ID_6153BC12E3,0.006379701
ID_AB395FCA51,0.13949493
ID_EE15317A7F,0.023666015
ID_51B133AA4F,0.011933228
ID_301FADB81D,0.49527636
ID_E9FB9EE198,0.012484956
ID_BCAFA47F53,0.16659996
ID_50CB669B8D,0.020752724
ID_E1CE924905,0.1446814
ID_40AE7ACBB8,0.24069192
ID_636F0800D6,0.046843916
ID_2CCC67DED1,0.03153243
ID_D12F91EB4E,0.3806491
ID_C8258B3E70,0.007604833
ID_07A86C0E28,0.43769392
ID_C3B4D4D454,0.014069925
ID_B30700B058,0.014970585
ID_0481479737,0.394673
ID_2EF3CA9062,0.8542869
ID_9C310E89D8,0.013946841
ID_4337EB4CF7,0.016376246
ID_3878854B1A,0.052860484
ID_2CE3087658,0.028891401
ID_31882608D8,0.36668998
ID_6EC7C2FDDA,0.040492386
ID_8DFD7910EE,0.037780464
ID_8554DB5085,0.033815984
ID_DA08DE7D96,0.073698886
ID_83A921087F,0.008336354
ID_ABEE4F65D1,0.047274802
ID_C8C112B156,0.20433335
ID_ACBB777EEC,0.03944108
ID_6A1D3C2336,0.17201866
ID_BE8CAA99FE,0.054725427
ID_C9389BD3C1,0.21017385
ID_A75BEF1F0A,0.47647563
ID_6BE2B92178,0.8655788
ID_90EA80D3B0,0.027643966
ID_655C02E2C3,0.028220465
ID_F43B2CF3A2,0.13890055
ID_2BA8E54761,0.3879464
ID_4376B424C4,0.23817617
ID_35B8117392,0.025470773
ID_02CB22F690,0.15858632
ID_6008D3FB2D,0.00776514
ID_B82B3483FD,0.079396516
ID_7E75A6EFEB,0.21414141
ID_24BED887A9,0.009655202
ID_3B567C87FC,0.35350657
ID_F55FC25446,0.5329818
ID_C3743CF4AD,0.1092541
ID_49D85EA2BB,0.05472934
ID_A031832E10,0.021632262
ID_B1F63D440B,0.036747947
ID_994834D348,0.009479774
ID_9C281CB065,0.009194947
ID_200623207C,0.1726572
ID_51F3C67E74,0.0257434
ID_0CAA598C23,0.68020153
ID_CB83C4BB57,0.01135746
ID_08586F63D9,0.1546401
ID_A422B004E9,0.05901943
ID_3F5065DE9F,0.07882163
ID_2BD7C55E6A,0.018897362
ID_EA9C4AFC1F,0.15128005
ID_822058C80C,0.010717582
ID_FE7FC345F4,0.04860758
ID_AE47B50940,0.113384396
ID_74B8200814,0.06531885
ID_708CD9EBB5,0.018779555
ID_F1225DCB05,0.025839414
ID_70CF6D2F95,0.33329725
ID_20B24F1A78,0.009210672
ID_518E592F87,0.47808245
ID_320C565468,0.019032208
ID_CDC36B1D94,0.013197412
ID_4F9754F3AE,0.022249576
ID_4956A7D126,0.22866143
ID_CC893FAEF1,0.96985257
ID_9A3A056F1C,0.06363349
ID_BFEE2B4B21,0.10578923
ID_42E457DB48,0.101768255
ID_B828863E3E,0.017594902
ID_C6E41513D5,0.040044226
ID_F048EA9966,0.36808446
ID_10BB8CE404,0.1052498
ID_4EA71E84B0,0.13825566
ID_0AA597C2DB,0.05958977
ID_54CFB9AEDC,0.40006003
ID_5A4C08AF2E,0.084405825
ID_8100711478,0.016891398
ID_227A24012D,0.41494545
ID_6C94756816,0.10635068
ID_582EFFAC31,0.015431016
ID_9848F118D1,0.035463452
ID_E325E7A5D6,0.011051142
ID_96E9064240,0.23120512
ID_8F04BB5B16,0.69802415
ID_5314F28952,0.021403821
ID_FB1EC9387A,0.007319353
ID_1EA0208A43,0.05756169
ID_0E6F2B1140,0.28667912
ID_222990F285,0.043240964
ID_7F9A741906,0.21394406
ID_10C2D7500B,0.03985908
ID_137F1F7445,0.7142964
ID_899C1B2F01,0.07232141
ID_51A3DEF3E8,0.010760392
ID_DD410B9106,0.35145548
ID_F59DD2CF60,0.010417287
ID_5E257BCDC0,0.11098281
ID_BE2736491F,0.5362172
ID_A95A0E121B,0.13391607
ID_D832447874,0.08402996
ID_2DECF7CF78,0.08143846
ID_74F1801DA4,0.028595187
ID_2C26080F70,0.009399357
ID_97AFB62D07,0.01462046
ID_BBBC044DB1,0.8443877
ID_5B34B37A6F,0.09338918
ID_FFAC44D0FE,0.17478956
ID_3115F1C1CC,0.8033878
ID_E8DB013CDF,0.0107751265
ID_8CC4656407,0.031410925
ID_EB71B8174A,0.33523032
ID_E87D58A93B,0.017524587
ID_5E1ECB3994,0.4569015
ID_313C280C44,0.0067713503
ID_D690EB2C9E,0.15085432
ID_A448EE1A76,0.045811974
ID_80808B752D,0.066095114
ID_501A2D4EAC,0.018605538
ID_0359ACE198,0.010543708
ID_408769F8C8,0.20161164
ID_5FECDDF473,0.3896239
ID_B244CDC6CB,0.028803747
ID_664DBEAA98,0.015246974
ID_E648F789EC,0.7138308
ID_738E942997,0.023578856
ID_8EA1803216,0.02341299
ID_14A3CC1AAF,0.007640206
ID_0EDBB3519A,0.096351326
ID_B8B7F48584,0.22918919
ID_42EE9F43C2,0.12604591
ID_DC47261522,0.4058644
ID_D5A8DD062C,0.010883134
ID_47E3031150,0.03891169
ID_20F9F0D135,0.01795379
ID_3151E645A6,0.03953018
ID_3B3359DB12,0.80816287
ID_69B6289717,0.13318107
ID_CAB26D7919,0.033751056
ID_2CBF5B4BF1,0.016460191
ID_82C9629CCE,0.95278513
ID_E537A21F8B,0.045753706
ID_C603F3022E,0.011031808
ID_9D67317D65,0.4503473
ID_EDBA22060E,0.45308542
ID_45B254C071,0.03050126
ID_5CFBA3F4BA,0.006399186
ID_E51C566C61,0.4527254
ID_0448A7D7DE,0.102771044
ID_81F6F65283,0.07022471
ID_8B8B8E915C,0.009115456
ID_BF1AB0C58B,0.85560334
ID_8151A4408D,0.8163283
ID_7DDE5A5E35,0.03054846
ID_1F9ADC93F4,0.019278837
ID_3D68EA598A,0.056760807
ID_74D962E57B,0.8620881
ID_E34496001E,0.031298213
ID_1FF978A158,0.0046591274
ID_EF8E36EA13,0.22675836
ID_33F789001B,0.0146678155
ID_AA16537EE8,0.0071019996
ID_970A7F2745,0.68513703
ID_8C69AE4F4B,0.09909935
ID_CB07B3BF13,0.19436683
ID_9FA006CC77,0.15104823
ID_A6A264EFCA,0.046570987
ID_4C8C402B0E,0.022719165
ID_460C9E1B5C,0.19602095
ID_1A5CDA5208,0.29011786
ID_9CF1DA40A0,0.68854725
ID_BA7D5D03D3,0.030382276
ID_83DE693E65,0.032585487
ID_790F00D698,0.010475498
ID_ABBC0B3F7D,0.45927924
ID_08285AC8A1,0.023343906
ID_9140F4842A,0.04450308
ID_855E72D2D4,0.05249096
ID_01A27B84DE,0.029290197
ID_3086DA96C5,0.018492218
ID_E7C38FA49B,0.45836765
ID_37B98FB3D2,0.50313824
ID_1CEB92D065,0.052232224
ID_0CC68A9970,0.12869285
ID_A0501A3567,0.6847153
ID_97C92C8873,0.1020609
ID_53AC4864DE,0.6877365
ID_7EE4603FDB,0.075981654
ID_8B88169FE9,0.74683523
ID_463FE7BA9C,0.0730874
ID_7822E5B0CE,0.04782797
ID_978B3BD2DE,0.80046546
ID_68BA955857,0.5398595
ID_E7D3E697B8,0.050281074
ID_E2851C3D87,0.09252534
ID_883A96A012,0.29169303
ID_79F4DED0F0,0.033546507
ID_72369EF3CD,0.06635324
ID_F2FD3FE3D5,0.18516314
ID_F1F985010C,0.15731803
ID_BB4F4601D9,0.25424537
ID_64B9420C6E,0.014290213
ID_5DDBA34001,0.031808868
ID_78BD4951F9,0.6786678
ID_D96B201673,0.019518135
ID_F9A9E3CD5C,0.021118756
ID_0B25A4ECD7,0.02530238
ID_FE1C0C52D8,0.01619196
ID_B52D223502,0.06520983
ID_06BC55D635,0.11565962
ID_D602E4CE3C,0.14005996
ID_3622099289,0.018105399
ID_C185ED41F0,0.047655266
ID_3F2B8F0286,0.07037009
ID_16BB0AFDD0,0.1702526
ID_458F7BD83E,0.10497247
ID_18B66B1D6C,0.06014149
ID_9F10C02273,0.010714795
ID_2CC4369CBB,0.043443818
ID_E2F555079E,0.16021699
ID_BEB414D74E,0.107724346
ID_1DF74351EF,0.013509042
ID_90DFB7416C,0.0803459
ID_C2C1E40CC4,0.0110192895
ID_7DAC8637A2,0.017790668
ID_9614BD50D5,0.01654488
ID_DF7F2A106D,0.21221454
ID_A6F287E77D,0.113305464
ID_79035ECE42,0.026718173
ID_2CB5515A8D,0.0059569613
ID_601EB649E2,0.03238071
ID_B3C0CA65E9,0.14061211
ID_A883E5559B,0.11737901
ID_F8C3F7E7D7,0.054751117
ID_E68EBCA774,0.07490104
ID_5ACAA88552,0.023704495
ID_7C81D41200,0.069794156
ID_8F68CB6878,0.28931174
ID_20577D2960,0.25868818
ID_40E111C4A8,0.01330002
ID_4D9F895F7D,0.33303612
ID_085B3FFF71,0.22435752
ID_5D883035B2,0.023113806
ID_7CB5388A06,0.014387783
ID_9E8386306D,0.07170665
ID_AC4AF45EA8,0.601552
ID_3FBFD9F963,0.009646766
ID_A58A99FA0F,0.023200715
ID_E210FEDC32,0.008154291
ID_4578754421,0.0059483177
ID_C2BF4B811E,0.005807899
ID_8511B7B4C5,0.008476572
ID_2EC7D5BAAA,0.042118654
ID_7EA3DB019E,0.28546315
ID_562F8C5B87,0.007293081
ID_8599609336,0.044278454
ID_05F6DCF878,0.014650133
ID_11CBD487AF,0.0910577
ID_75E68E4A4B,0.20350017
ID_616E3D623F,0.011016678
ID_DE2CFA31A1,0.19495043
ID_275FE65830,0.013373638
ID_7D02EA2D94,0.97262543
ID_31BC07EF3A,0.46817634
ID_56CA23373F,0.041442122
ID_D5D60A57F0,0.115901634
ID_9D473A40EE,0.43032232
ID_D089FF3704,0.022790615
ID_F0CCDF01CD,0.97173357
ID_841993F45E,0.4899726
ID_BA46ABC4F6,0.12930766
ID_0EFCB7A941,0.056618985
ID_D05F5A8C85,0.0466369
ID_046261869B,0.93356043
ID_DC2A1E8AF5,0.008123391
ID_77C34B5BD7,0.009407796
ID_661FAECCD1,0.043563716
ID_E3F2312A06,0.050833944
ID_D2D0DD8B74,0.7822459
ID_D698EAF2EE,0.008850293
ID_F7DE54B66F,0.94842637
ID_BE70FB2529,0.025223063
ID_0D7B56A8F9,0.121941775
ID_1B1C282B30,0.20142843
ID_4A53C86EFA,0.26527512
ID_BD7A698DA7,0.3219872
ID_285F3AD3FE,0.45234317
ID_95B35D3D24,0.0068486272
ID_93C3517974,0.065091655
ID_F328A7FE15,0.010152874
ID_4BE1F16267,0.7199212
ID_19A4B552A7,0.41732165
ID_21ACDB35C2,0.011755932
ID_FBD963F911,0.024032967
ID_91A9949662,0.007612452
ID_402B8C4A87,0.026790503
ID_C46DC693F7,0.01597429
ID_D65F36ACB7,0.49866503
ID_E935D5EDC0,0.69891924
ID_CEE515BB7C,0.10372069
ID_D9DE8DE1FE,0.0353608
ID_1956DBDA22,0.043999758
ID_351F3F633F,0.0110122
ID_0F330678AE,0.044266846
ID_65FE0602DC,0.010657282
ID_C1727FEAC2,0.019382883
ID_78AFE2FA7E,0.012367009
ID_32C37CEB0D,0.044861842
ID_878F6EE47A,0.05538586
ID_24F345BAC1,0.011030035
ID_E8D8F9D3A6,0.021836752
ID_AF9739C57B,0.1375328
ID_0097536DCF,0.014087046
ID_95B751F53A,0.008171513
ID_DAEF474261,0.006873975
ID_C213F91658,0.0070950966
ID_CEA0F8918F,0.034092367
ID_A45BE79522,0.4843236
ID_3D06420A3B,0.25356448
ID_B5B6E13E7B,0.6213618
ID_5B06EFB3FF,0.21380754
ID_80BC05E268,0.35816756
ID_F027D89389,0.011825233
ID_1FCC209B8C,0.062389933
ID_10170E9DC5,0.0057033217
ID_B3723E2324,0.10704586
ID_B60071264C,0.12059293
ID_87C4E8D4F0,0.017580068
ID_DEBBFA2F21,0.023630546
ID_9A75AFC7D8,0.2714872
ID_36FD7B7C9A,0.039549984
ID_DAA03F5756,0.09941871
ID_83153D3F03,0.021114849
ID_A68D464A1C,0.11157332
ID_B4DF713DAE,0.6144113
ID_EC4FE882F0,0.0052254954
ID_9F813A84FE,0.019517625
ID_25EA681B06,0.035495367
ID_94CEF0907F,0.023754878
ID_A804061537,0.017413
ID_ADFF9270F6,0.024079109
ID_71C6866224,0.045162283
ID_66D6F43875,0.021049635
ID_C47C9B6A76,0.008564209
ID_80C21E11FD,0.033134982
ID_7E40FEC7D9,0.5662411
ID_0E8BDA7125,0.013154073
ID_C8D2807C53,0.9979587
ID_9D16D8330E,0.50378126
ID_FD44934EEA,0.25152054
ID_22F68E36FF,0.020631284
ID_09221065A6,0.0117965415
ID_D43866F555,0.014152428
ID_4F6C141A11,0.12288444
ID_B882AF31C3,0.018097697
ID_9A80D48E97,0.0067348112
ID_2B395F4FE5,0.01465517
ID_8587C1F49E,0.013126991
ID_84100CC36F,0.070664376
ID_D3EF181428,0.01761152
ID_1F1926B9D7,0.006283939
ID_CB2F843F5E,0.0071416604
ID_160CA3C439,0.04348755
ID_FB22F3C2D5,0.12601086
ID_924290EB3F,0.11204361
ID_90E10B9686,0.9834831
ID_4BAF9545E4,0.22083694
ID_B2789AFB78,0.005598187
ID_48392A37B5,0.11167739
ID_5EA34C348A,0.007182256
ID_467CB2DCF2,0.14207388
ID_B107B89F32,0.0073862597
ID_13F977DFA2,0.11655738
ID_F3E754E5A6,0.08014891
ID_DB3618C9BF,0.010236643
ID_D659C9FE03,0.95666134
ID_2CF8E4C5C0,0.5101904
ID_C1C518317B,0.009477804
ID_1CDC5DDBD6,0.011013271
ID_C2DDBCF650,0.017769702
ID_5D8745D2E9,0.0071023847
ID_109EDAFDAA,0.10308084
ID_E24E11E97C,0.1917359
ID_E2F3C0BA4E,0.3729655
ID_3F405F4CA9,0.93184435
ID_B32F11314D,0.43844008
ID_15936E3B2C,0.16655603
ID_34E87806A1,0.061734967
ID_36A1F30760,0.15795857
ID_5A9BDC9DC8,0.12153926
ID_BFF294A897,0.058147818
ID_BB6E56C74C,0.063972846
ID_B91211C8D2,0.11142953
ID_81F68A0ABA,0.048181873
ID_B79A40DB8E,0.031588558
ID_FD01F4BB8C,0.024327548
ID_E3329D149B,0.016301485
ID_37D796567B,0.43195167
ID_0C838BE992,0.44152227
ID_2F6B52D40A,0.0857475
ID_6C283E6483,0.060670733
ID_7C8E0A9DED,0.12418215
ID_5C702EB677,0.8156928
ID_4C0ABB3A18,0.040583503
ID_E9EFE60D8A,0.05693935
ID_D44D9373A5,0.0071313647
ID_DF9886117C,0.6969032
ID_1BE59540B4,0.9954042
ID_D9DDFCEFF1,0.0077001667
ID_A4B0AC2537,0.0053299563
ID_198D38C371,0.010494355
ID_D3CDEC2308,0.010583304
ID_D77F34A1E0,0.6511993
ID_D8085B8C4C,0.36978394
ID_AF85DD0F79,0.2750352
ID_52344FB662,0.070817225
ID_254BDAC104,0.021468977
ID_39BEB2EF96,0.41462255
ID_EED67EDDB6,0.2592273
ID_4C6D2D4A01,0.12613422
ID_82C5E8B930,0.02869569
ID_4EDBFD945E,0.14330839
ID_6EA86E582F,0.034289226
ID_F7522741B0,0.01839563
ID_9F29FD2255,0.030172372
ID_238BC9913F,0.68948853
ID_3BCBEB6918,0.010800766
ID_3CC1EFC03C,0.014634882
ID_1FB0B9C190,0.023554927
ID_6FC0007D4A,0.5360542
ID_63D5420C86,0.12539302
ID_1EC9041912,0.02822206
ID_CE3AB30F4C,0.023461247
ID_492AB738F0,0.5754509
ID_680F050447,0.180018
ID_72358692C2,0.035635907
ID_FEC1E01743,0.02399861
ID_72E134FAF0,0.027776804
ID_FFB9BF419F,0.17561941
ID_97204DDF72,0.00546356
ID_EBD848AF4B,0.056757193
ID_2D9984B672,0.09890539
ID_A8D271152E,0.010763046
ID_F41F7BDF87,0.3204205
ID_F00B1A0508,0.059782535
ID_C9670BDF03,0.033358816
ID_D205FA5C05,0.4072563
ID_D3764EEA05,0.18742795
ID_7758924BE6,0.60816616
ID_4AED2FFC38,0.016649486
ID_B2DC439FDD,0.006599235
ID_49EA030885,0.011994322
ID_0CB34DD79C,0.34426764
ID_20EA533C41,0.02806794
ID_509B908E0D,0.007556905
ID_BCC61E9B34,0.04204614
ID_195EF05648,0.033958595
ID_88D8F4E0EA,0.07786149
ID_E3EC46A192,0.006093949
ID_623EEFCFD6,0.025709756
ID_1E2A9871F7,0.007212305
ID_B8AF7A8733,0.014295759
ID_A553674271,0.10867957
ID_81B6AAB740,0.009635406
ID_BCA1828343,0.0094732735
ID_3288739D7C,0.032058965
ID_EFD0474E5B,0.009217688
ID_078D271C75,0.0995336
ID_4FEB62E26B,0.012817749
ID_51445350EE,0.76824343
ID_C350CCD087,0.6769103
ID_A0226C5838,0.794129
ID_77CC91B9B3,0.1850236
ID_C6E9153E3D,0.57881695
ID_3011271957,0.016494494
ID_1E501C6857,0.06255027
ID_BD9FF8B8FA,0.28805575
ID_596060440E,0.07587138
ID_F2ED4FEC99,0.55559176
ID_AA597C8476,0.809512
ID_B5DE2E176D,0.5409621
ID_5208FEAC4D,0.13981546
ID_C1FF2AD621,0.04360205
ID_A12FAAE4CE,0.006250597
ID_F52DBB2268,0.010133938
ID_47FB0799EE,0.60316443
ID_258A55A098,0.009057603
ID_75E0C93039,0.005087737
ID_B5C2E99765,0.08875324
ID_3706F9FC52,0.01333053
ID_A2F8721970,0.023673704
ID_9C6D3B357F,0.23503509
ID_40A1AB5184,0.10632917
ID_43D6B48F47,0.023479475
ID_E29B809832,0.015751641
ID_7162DBB66D,0.3416141
ID_4EB9BF8274,0.05850455
ID_0CF85D417C,0.066404074
ID_8A5264B8E1,0.08437483
ID_80740D697F,0.05997634
ID_89AC1297B7,0.32265487
ID_EC8D93EDB7,0.12944387
ID_9CE046F887,0.050664984
ID_5DA1420DB8,0.13147849
ID_BFEC77F381,0.041464616
ID_054C0CADBD,0.016930588
ID_CF224C6493,0.050678052
ID_67A8ECB56D,0.040736653
ID_0B9D37DEAF,0.07233367
ID_BC7142ECBE,0.13773575
ID_0567511A2B,0.044016637
ID_8445703CB1,0.008734114
ID_BD7508B1DE,0.07586112
ID_32C9CAA096,0.014343598
ID_A938B589D4,0.04457732
ID_F68D4C1A15,0.5713966
ID_BDCFEB169B,0.17156291
ID_6D966AAA07,0.017766519
ID_173800F7C4,0.31872842
ID_697ACC771E,0.07595618
ID_4A020878E6,0.01710614
ID_9A4C8B99FC,0.007669187
ID_27B4F93F00,0.2941417
ID_37AFA6A5B4,0.013199346
ID_4AD9FFB9B8,0.122329876
ID_F7FAC4E8BC,0.011082382
ID_70B00867D9,0.024555257
ID_C4272C70E9,0.023588765
ID_61B2F0FB70,0.060805865
ID_1D0E78882E,0.015957598
ID_2EF491FA91,0.054571193
ID_D48F5A89AF,0.17920719
ID_D2E215C86D,0.12695992
ID_5A0AE6BCEF,0.6042521
ID_91EA3A9291,0.055803385
ID_D693533151,0.020848023
ID_23D13A20E1,0.33240104
ID_3B0CD46C07,0.008282113
ID_0FB326F618,0.6051846
ID_4532895292,0.20708784
ID_2404B8DBCC,0.38486052
ID_9F82AD46FF,0.035093367
ID_0DFDC9F7C0,0.09505731
ID_5D8D35A031,0.10197671
ID_CDED49D464,0.011279568
ID_74DFE1D69D,0.008402701
ID_6E6D390806,0.028630292
ID_7DB09814DE,0.4867045
ID_5A6DCCAC30,0.0055293003
ID_7D48367B90,0.15800992
ID_D6E336DB11,0.25905436
ID_66AEBC10E9,0.014225119
ID_5FA389B832,0.21210665
ID_13067F8834,0.0115416935
ID_393BDBDAFA,0.31872052
ID_9EE43F2D33,0.1750538
ID_69756CD26D,0.012289753
ID_437AE11B7A,0.024581777
ID_D87AE9E263,0.039924093
ID_E8642CF0F6,0.004905787
ID_E645C50919,0.07777783
ID_88999E26BF,0.005383322
ID_52545DA1CD,0.0072237086
ID_E576C14DD1,0.053116724
ID_2DB459EFBA,0.04417421
ID_16E3AB574B,0.7526303
ID_20E4AFC62E,0.025352137
ID_553D92DE1C,0.024880223
ID_650B0CA6C2,0.20006634
ID_04E6DDC3BF,0.6260882
ID_11E2A53F74,0.05830103
ID_FF420E9672,0.0070997924
ID_F220DE434E,0.005300191
ID_C10899CF7F,0.02733336
ID_45BF6B24DA,0.08640385
ID_6D78012D7A,0.84682906
ID_3F17F98CC6,0.22756428
ID_9FB7E4B735,0.07025801
ID_5FB7B57445,0.65273046
ID_3DA10B1340,0.006289246
ID_16525F9F69,0.04315655
ID_4AAC1C550F,0.007165629
ID_AE2679CF16,0.017549187
ID_30417CA2AD,0.00964969
ID_756559E8C2,0.02443707
ID_2A50BD4086,0.0068141967
ID_48B6AD35E4,0.16292013
ID_5E8685EBAE,0.049628466
ID_D1DFF62156,0.28610125
ID_EF1CDFB635,0.3479235
ID_41BA0DF754,0.015459764
ID_605AFB5BA1,0.03474598
ID_C86F6C0413,0.011026764
ID_372B03ECE6,0.024312645
ID_35D2A6B776,0.01556994
ID_BB1AAFAE99,0.034969725
ID_C90C5CCB62,0.47946322
ID_4661E522D0,0.010117801
ID_ACC640260B,0.51024526
ID_23C8F8A3DB,0.31526488
ID_AD9A70D435,0.08455235
ID_93BE91DB00,0.010663002
ID_030184D05C,0.009715942
ID_8E1F333371,0.038490254
ID_36668FB3BB,0.14464045
ID_9D01152476,0.71269494
ID_DAB969A460,0.028013622
ID_60EEB3D64E,0.023935158
ID_040243F188,0.05480669
ID_4F8ADC4A72,0.046145592
ID_001EEB0EA3,0.06943857
ID_7340FA4218,0.013991116
ID_7E48302F3A,0.013498083
ID_2A1110BCD3,0.014752488
ID_091FB4F24E,0.119310245
ID_9D22279F17,0.08876694
ID_FA431838F3,0.0065248855
ID_DABE64D55B,0.8465547
ID_73D3FAE8CC,0.17745616
ID_B91BCD86AD,0.10253617
ID_7D5896296D,0.04903989
ID_6106D2F323,0.016333561
ID_FC08CF556F,0.06771146
ID_6010478CC6,0.056301013
ID_144AFAC705,0.19464153
ID_14F4F3D01D,0.01565877
ID_7AD40ECF02,0.74606824
ID_5D2B27FDA1,0.80072486
ID_64498BC5E8,0.89837927
ID_642A75075C,0.075775236
ID_A0F8C19B62,0.10573538
ID_D9C774BE89,0.018300613
ID_514A0FED24,0.6339964
ID_189CCC1B2D,0.008938032
ID_22C82EBD1E,0.44270432
ID_907E7C3E7A,0.009278749
ID_8405C01B8B,0.03475377
ID_5C6471041E,0.23687977
ID_5219B3BDC9,0.051662277
ID_7416D9BF37,0.0046517183
ID_42CDA9446D,0.057714876
ID_97C2286C7A,0.041390978
ID_25136ADA45,0.020564938
ID_8C03CA7BFD,0.09082206
ID_82FE4A611D,0.04928427
ID_EA54CD15EE,0.19120127
ID_E9F68F5652,0.010441642
ID_7F9AE77EA2,0.10163982
ID_C44AFE59DF,0.24507894
ID_D5E76B057B,0.022600705
ID_B1C85F649A,0.020885428
ID_D53C188D52,0.13630733
ID_A5D30D9857,0.083617285
ID_B5EB409C37,0.33560628
ID_5BD475D930,0.017792264
ID_B71DD335AB,0.69533104
ID_CE4C8B2F81,0.3365082
ID_233AAA64D9,0.1950922
ID_77D6B3DD95,0.037413
ID_5D1CB5B51C,0.16609012
ID_FEB1731072,0.0077038924
ID_DD950D5EE0,0.5378626
ID_820C0BB32B,0.08260687
ID_777374B41E,0.20178682
ID_2B147B3D17,0.13037096
ID_FEE33780AF,0.017985381
ID_D2DECB03D5,0.08317814
ID_95741FBC93,0.024152856
ID_FCEF72E879,0.007758911
ID_3768B03A55,0.025794603
ID_CED77242EF,0.18469192
ID_19B4A5F4FB,0.018393477
ID_2CF6E49D75,0.0348625
ID_206C359282,0.16809087
ID_EC51D6223D,0.008425941
ID_814A030168,0.008202781
ID_07F659582D,0.01654738
ID_3AD97BC212,0.07694057
ID_BFEDEA5E0A,0.007293845
ID_B1870168C8,0.10411142
ID_3B04E21B2F,0.009557311
ID_AA23F8FFB3,0.015638774
ID_758B816EED,0.009224383
ID_B1FA6FB7A7,0.23854494
ID_DF4E2A6A44,0.050037947
ID_E6559CF176,0.013057799
ID_EB96561ACE,0.09728973
ID_414B3561A7,0.0128363995
ID_F8FA6225CE,0.048711833
ID_311EF62847,0.00850889
ID_769CEF5B50,0.05911601
ID_81FF7B7733,0.55224574
ID_6F10442F4D,0.074706025
ID_35758E9FE7,0.007636192
ID_5503EA34B8,0.1084983
ID_8E2F61C56B,0.25822562
ID_9CE08110CA,0.01985997
ID_EB8239E5A5,0.54961187
ID_0B241434FF,0.17283231
ID_5A60496199,0.013444943
ID_3E5DF03D2C,0.5002126
ID_3C6303E7A1,0.17211603
ID_45A645CC89,0.008775902
ID_E6FC69BBD9,0.038664408
ID_87B2CBED8B,0.01588001
ID_A48EB5EB77,0.051091466
ID_DA2FE79C7C,0.010494366
ID_14594DC93D,0.14773457
ID_D860EE858B,0.037806205
ID_ED18797292,0.41977704
ID_AE72A249E2,0.1656039
ID_A429F5661E,0.010013413
ID_D5E361F831,0.09936899
ID_7907AB8176,0.17088163
ID_3560046852,0.09049401
ID_C5A5B7AB0F,0.008426585
ID_E39E50F40B,0.022417158
ID_C2C80C352D,0.04094589
ID_90D83E0C6F,0.0391978
ID_0ABF096853,0.046300612
ID_E816045C23,0.011225382
ID_519B23C291,0.016074188
ID_F783E9BEEA,0.0137446
ID_A143FA8D75,0.021743357
ID_659C34627B,0.010480485
ID_821688718D,0.09983162
ID_13FBE70939,0.06432273
ID_3EED480FEA,0.024300626
ID_1D9FF9EEE1,0.014748441
ID_5D0D3AC6B8,0.04155814
ID_86AB0623A7,0.0061541335
ID_2C251B5C75,0.03344114
ID_28333D5E82,0.010159374
ID_E3B68E5703,0.38014212
ID_6B7B238E40,0.58898216
ID_C295CF3F3C,0.010114594
ID_26C74B1246,0.10121961
ID_97E79305ED,0.0044747246
ID_E13E12DE66,0.031979598
ID_BABACDEEF8,0.041092504
ID_A4EA7EAC2C,0.009605517
ID_F6B5967BD2,0.0094069205
ID_925F957F17,0.014074332
ID_113566371A,0.042023983
ID_E814494AD0,0.049527466
ID_BA7717ABAF,0.107942574
ID_93F0C818E9,0.7353471
ID_37EBA0D528,0.01783878
ID_9F6B0F1F1B,0.009536866
ID_0D8C4DA514,0.21231073
ID_CA30621F24,0.02137022
ID_DBD457F5CC,0.0044144075
ID_86D9C2B95F,0.0132796485
ID_10B7AA0811,0.17652886
ID_F0EAE2DC1F,0.035267625
ID_A98ADDF60A,0.061801445
ID_A2B647C1DC,0.8868075
ID_E6106E3957,0.16864558
ID_D6AB0DB620,0.16523318
ID_70A2AA9E37,0.10484948
ID_1EC3FCC5DD,0.043384235
ID_C80B368D55,0.028428685
ID_4FEA032B1C,0.009965518
ID_45FF2F73EC,0.03380972
ID_2513770D57,0.10025996
ID_EC530F189F,0.14822134
ID_E7AAA4D52C,0.17911668
ID_E3620443D9,0.044993404
ID_CCF7F99044,0.058607865
ID_2A0C17FA4A,0.020766178
ID_EAA41A8FC6,0.0432101
ID_2F89D99DDE,0.0066477815
ID_C7DE7AAFA6,0.013281704
ID_447F6C2C2B,0.23006856
ID_8E6D92E428,0.033762015
ID_7B9B4855D7,0.02968335
ID_DEF7C7143F,0.027216226
ID_7A680C3923,0.024472734
ID_E7DA5EEBBA,0.01343688
ID_F492552215,0.0058121327
ID_5B7D48531C,0.10243327
ID_F30949247D,0.0065341024
ID_FCD342DCCF,0.026919842
ID_4081A9F9A4,0.032768175
ID_A8BFA6FA66,0.4697578
ID_00CCD6AB82,0.008770391
ID_9166BD9282,0.25421944
ID_3F94C1421C,0.046044942
ID_BE580086C7,0.08433694
ID_7BE41F1C97,0.68110067
ID_F33A67A468,0.23501673
ID_70A131E88A,0.01262485
ID_7BAEECAF2B,0.06603818
ID_3679C20812,0.016802743
ID_09FE16CE04,0.75517815
ID_E393475A74,0.32575053
ID_A7B57F3F03,0.0383059
ID_B55EDBD700,0.057406206
ID_698724978B,0.009176891
ID_A5A070A949,0.9253964
ID_39FC71DEEA,0.014026858
ID_260F87BC5F,0.22759052
ID_C27C13509E,0.013458743
ID_29B28D8181,0.010619957
ID_8C0C2FA624,0.010955642
ID_D7C94EE1C5,0.5954922
ID_44AD35A026,0.81667167
ID_CEA8BF92C6,0.10322099
ID_DFDACCFBE8,0.012070875
ID_BEDFAC324B,0.04218886
ID_028F3C5DE4,0.54719394
ID_D8DFD63630,0.37437838
ID_436C16CAB7,0.6083977
ID_F0F8DA9E85,0.03523939
ID_CBB08B2BEB,0.082048155
ID_6EE2166357,0.5529679
ID_BBE865F3B3,0.106172055
ID_7BDBE7A283,0.019553168
ID_5C016D589C,0.19552451
ID_05CA4D1DFD,0.063155405
ID_FA07C11B63,0.017150404
ID_0550848716,0.044160936
ID_0FE35C9284,0.569804
ID_43F7124FE0,0.021080099
ID_F262487413,0.03436956
ID_D3A0037871,0.010237071
ID_91B4714412,0.0066676596
ID_B22F35F1D6,0.025123172
ID_B734C5E161,0.030993167
ID_424E62F012,0.013023212
ID_D542E6C7C1,0.21213558
ID_23047FC8B5,0.8618489
ID_78475F4185,0.27048352
ID_F55CCEB6D9,0.006772081
ID_247AF67872,0.23987846
ID_7BCEDAEED5,0.019534629
ID_75DDF61346,0.00826276
ID_049612B713,0.10920783
ID_D7B82A82C4,0.00433763
ID_D9B0609622,0.021417098
ID_29F2A3F777,0.045032855
ID_1C357AC481,0.08032347
ID_298003B8C3,0.0918351
ID_FFD9CD7D33,0.11254135
ID_4A7E34AFF9,0.9003112
ID_2ACBD6F61E,0.018278824
ID_83AD1AA319,0.08327516
ID_4818C4C265,0.028596284
ID_E40C8A89CC,0.0689096
ID_A68045656C,0.5440017
ID_A57FBE380C,0.0053405478
ID_BCE58D6D83,0.010332962
ID_59A64FE617,0.036293693
ID_AB9F8E4DEB,0.09018646
ID_6F03AB6296,0.51539654
ID_2751A297E2,0.004981633
ID_F9488759B7,0.050436355
ID_3687BCEF61,0.02804829
ID_3278F3093E,0.010212574
ID_C18558F6B6,0.032947004
ID_6A75FBBA79,0.011195135
ID_67E3DAEFEC,0.00686598
ID_5B7D5BCC8A,0.028195394
ID_65AC6E5859,0.127683
ID_7F94459902,0.019223308
ID_55063244BD,0.85637707
ID_82A6051FA4,0.12358614
ID_753835E41D,0.02942118
ID_0A356025F2,0.38336363
ID_8BA8650EAB,0.013611776
ID_2F5152D2AF,0.011760379
ID_4D9104FA8E,0.08113407
ID_67881A65FC,0.025739603
ID_A8AD7EB65C,0.044243056
ID_50618EDC96,0.01132592
ID_A48FD46A64,0.5342047
ID_D35B5C9FB6,0.30372614
ID_92FF41F99D,0.013197682
ID_4F01ABA0DB,0.094661996
ID_AD5F9A011C,0.404919
ID_E726AF3631,0.017017305
ID_128A29BB5D,0.014121515
ID_AE45D868D7,0.05031565
ID_FBB53BDD59,0.016163059
ID_A257141588,0.23901613
ID_CC1EBD23B3,0.032871068
ID_DBFB87DE0B,0.4714062
ID_CB70423870,0.35324878
ID_4BBE1F2432,0.0067018415
ID_5F2CED8435,0.086011656
ID_BF2EEC1B9A,0.6219793
ID_0514A110B0,0.05962692
ID_C04854DFEE,0.06873517
ID_87D7DF8ED8,0.08378483
ID_27C2C75004,0.11693781
ID_0EA12D8551,0.020862319
ID_D78D850FF5,0.2881951
ID_C5B7DBD2AC,0.5197781
ID_9D3FDED7C0,0.018815963
ID_4FA21A6AD2,0.026789775
ID_FC2E639F0D,0.015857853
ID_15CC78881B,0.08600643
ID_36900DFBAE,0.0076151593
ID_B915C223A6,0.023225972
ID_33D1EF43D8,0.027746497
ID_1238E5E2F2,0.061563488
ID_D34B1ABE2B,0.046625245
ID_670A3B1EC7,0.016482955
ID_9BFD92175A,0.004875492
ID_204D4ECA27,0.018061979
ID_5439A61907,0.13699567
ID_590D098FCE,0.04543258
ID_5AD85CF6C6,0.007888505
ID_05BFC55516,0.20394382
ID_0E596B3C16,0.9686073
ID_6EE5F88571,0.011415823
ID_7D7378986D,0.3280491
ID_74E993D642,0.0138672935
ID_549575C48C,0.10987993
ID_ACB814B7F9,0.019404793
ID_77A2F76B85,0.14305879
ID_97C8E24C4C,0.0049872147
ID_2FE9A266E0,0.04235808
ID_0732EDCABE,0.057174046
ID_F50F7D0D9C,0.01288677
ID_BD8DA8032B,0.047447633
ID_44265C88AD,0.03577095
ID_40426A3720,0.076696955
ID_534D371017,0.049279053
ID_6020FD42BD,0.81504005
ID_75E0638562,0.021307755
ID_FD1B6A4FF8,0.0128359655
ID_4BF04A33C5,0.18835147
ID_179A3075E1,0.38288882
ID_47668D5D0B,0.020247472
ID_2985670ED0,0.010447519
ID_D7CBBAE7CD,0.018322
ID_A3148C9F56,0.06622129
ID_A1096BF32E,0.42750704
ID_AC45E0AA89,0.14665152
ID_0831C266EF,0.12698047
ID_09E36F1A80,0.006785414
ID_861572EFFF,0.8475821
ID_4716C13A59,0.21763323
ID_5F2889F55C,0.021834772
ID_BF53CF071E,0.18652408
ID_E26F18C6FF,0.037588865
ID_CF520AA8D5,0.041174352
ID_F23303321C,0.011689287
ID_90806EE460,0.037040018
ID_57B22C91D8,0.04470749
ID_989F3BE00E,0.2501434
ID_357198AE40,0.011114397
ID_CB7A721B51,0.010523111
ID_ECA6FB3AE7,0.5214722
ID_D718FF028D,0.025053982
ID_0B5F06C476,0.4563232
ID_6728341811,0.13325138
ID_09007DEA93,0.03337854
ID_EE49D63CF7,0.033612087
ID_6264715D2B,0.0066583175
ID_348D00F8FA,0.9329015
ID_FBB0754BFC,0.09103712
ID_BE9864EE60,0.1488664
ID_1221A814C0,0.039339397
ID_3AC69DE7EF,0.092691846
ID_FF272573A4,0.02782136
ID_F4ECC9E156,0.05696451
ID_735A64ADEF,0.14828238
ID_6ED51A6403,0.008360152
ID_119B2CA3CD,0.007835651
ID_F395CEDF4B,0.06431495
ID_A45F502462,0.011175289
ID_D646E5A66E,0.31089583
ID_33E4CB782B,0.2375597
ID_4F31AFDD30,0.40629295
ID_545BB650E2,0.007533975
ID_FAB28062B0,0.9223281
ID_3678E39617,0.006520966
ID_94CAE39998,0.030572396
ID_8D2DB9B538,0.5980929
ID_2C14FC2D91,0.13203837
ID_FDB2B185D2,0.14338349
ID_1491F31A00,0.009725163
ID_6E3313584C,0.0871927
ID_A234726669,0.00694737
ID_2DA6094202,0.017127091
ID_F4D1A23A6E,0.013453087
ID_5D60F4E0B9,0.014189865
ID_AF9F888464,0.010698156
ID_9537B6F996,0.21972999
ID_E451E30E08,0.36122504
ID_08B6CF1C99,0.08110482
ID_68AD548803,0.008886593
ID_CCAC066F42,0.99236846
ID_E914D19EA6,0.028913155
ID_648C6A6C5E,0.08788508
ID_9E57BA036F,0.39540315
ID_F0D4CF4019,0.08291971
ID_2F189DBABE,0.2635696
ID_60EF2F62D9,0.14526315
ID_F3BA7BCAD4,0.025117917
ID_C68279BB34,0.017124575
ID_5ED826D680,0.013282319
ID_E1B8C6F894,0.0076492094
ID_FC298F3DC8,0.009824961
ID_B77488935D,0.031839233
ID_CF50A9D262,0.1213654
ID_9051297D2B,0.07070869
ID_F6B9F422C1,0.1137509
ID_514E2722A9,0.13241512
ID_623ACAADD6,0.022403313
ID_8395B9DEC4,0.0599474
ID_1085E84CB7,0.1473817
ID_88A66683AE,0.8778532
ID_C53CFADE29,0.0064314744
ID_86FAE85E43,0.017020892
ID_06E48EA223,0.021745961
ID_787750E0C1,0.090586126
ID_6877AFA049,0.007005573
ID_FCF11343BC,0.017093182
ID_C1E4AD51D8,0.05864795
ID_4606146243,0.15900725
ID_0664976201,0.34176219
ID_53DFEE728E,0.0090642795
ID_E8DE269884,0.046054125
ID_5FDA49FD52,0.38535267
ID_1798A65712,0.29194307
ID_06B46B8D68,0.075002864
ID_1A5342CE0A,0.12296761
ID_2CBF18CA75,0.2766881
ID_58307BF5A4,0.7719135
ID_7F6CE2604C,0.1624195
ID_6D934BB835,0.9215498
ID_E93B260EA2,0.020919805
ID_FD3365E3D5,0.40401015
ID_AB62E00D44,0.05635134
ID_3CFECB6E80,0.17739719
ID_6DBBC1AD5A,0.0077457493
ID_606E13FBC0,0.0090722935
ID_9435FB3102,0.0801033
ID_A1344B628C,0.2122851
ID_EAB045A5C3,0.009167159
ID_481EE16857,0.3637735
ID_B6479CAECA,0.37235638
ID_4231B80BF9,0.063308805
ID_94B4C36907,0.006596114
ID_B0784C0458,0.016158564
ID_993CB011CE,0.33221394
ID_5BAB18C790,0.36255336
ID_F79B7AFCFD,0.0074378327
ID_EC4B67AB53,0.04689387
ID_B5F1135121,0.28032282
ID_E28E9BD0D3,0.49392742
ID_0A0A8E1B72,0.026813198
ID_9ECEEBED95,0.04974763
ID_72CCDBF225,0.23757604
ID_B3B596C8AC,0.49583375
ID_27E85B1B32,0.007103711
ID_41B2DE40F4,0.0127035165
ID_6265B7C648,0.0129465945
ID_BD6989A5E5,0.006422264
ID_9727E46A14,0.02709964
ID_D16765E28C,0.12326495
ID_A5DD6C86F6,0.014292205
ID_40E8CFA832,0.35309505
ID_3E53EA2C17,0.09117812
ID_C7E206EAF8,0.083739914
ID_B9666A739A,0.008895436
ID_E2E10404A9,0.05422148
ID_ADEA185E2A,0.046765886
ID_9C4826A97D,0.5746408
ID_CFA685B42B,0.34621537
ID_5A15AAF058,0.21821031
ID_FC00CBA03D,0.058898818
ID_A2C4A5BE2B,0.021310061
ID_FC180CC570,0.01055243
ID_97896B996C,0.010568095
ID_3A630BE107,0.084751576
ID_05BCDCAD84,0.024410233
ID_7FD2B6F5EC,0.049122214
ID_263D3C83B7,0.02580375
ID_58E3304DEF,0.013812655
ID_56D942FA6B,0.14501831
ID_E023D0E931,0.017960565
ID_311531B57D,0.045705564
ID_AD1EAEC736,0.006846333
ID_F722B767C1,0.053221412
ID_886F44EDA9,0.14172654
ID_FE98FCEA8A,0.023988254
ID_2E804CFDB7,0.006143572
ID_DF9AF9EB9D,0.016002825
ID_9CF578B076,0.30523282
ID_9E324CB1C2,0.17465591
ID_433782D5E2,0.0051112045
ID_9D98ADA9C4,0.1390654
ID_9D9BCE70AB,0.058079395
ID_21F369A262,0.016711483
ID_E2AFE3761F,0.12642515
ID_EE11014FEF,0.0435546
ID_1E313987F0,0.8541425
ID_404B62289A,0.13155279
ID_45D9AA206B,0.057337005
ID_B0FBC79F04,0.07800385
ID_32694875F9,0.407017
ID_5D48A528DE,0.104500264
ID_386F9C9625,0.028758213
ID_34F591270F,0.024022333
ID_5BDAA8CDD6,0.014669497
ID_7891023229,0.008516428
ID_2D4040C755,0.9298409
ID_392BCFF741,0.015959002
ID_A7ED2122EE,0.055921316
ID_810A8618B7,0.017293563
ID_819A76CB24,0.013851245
ID_F8FB73968F,0.05451985
ID_1E66C9CD4E,0.9785929
ID_39C56254B0,0.5284223
ID_A3F1B21108,0.0107555175
ID_D6BE9EE829,0.010920698
ID_E0963F95B1,0.010908832
ID_953ECCB4C1,0.8699091
ID_7B73353011,0.009600938
ID_32D67F756A,0.010274666
ID_82C28DA058,0.009621747
ID_E68DB3A475,0.020115113
ID_ECE75C2E8A,0.09144809
ID_A29FDC11A7,0.27777368
ID_8120DEFB35,0.027703954
ID_166E98ED90,0.0066605085
ID_23A04B9016,0.07658578
ID_AA3EA90DB6,0.012070634
ID_24A64F24B0,0.9627953
ID_3F06BC7789,0.03478019
ID_A45B7B146E,0.11923975
ID_4026DBC2DB,0.01593785
ID_E2B425311E,0.043653607
ID_F9EAE19D57,0.016698088
ID_19DFE3D2E6,0.32685584
ID_1A5B3EC2F8,0.45959836
ID_FA8B097CD5,0.48917055
ID_60D42A9FE4,0.08553419
ID_6C329273EB,0.031748842
ID_78576F4FF3,0.026387205
ID_F3D58D42DC,0.46395797
ID_6D340D9908,0.83618474
ID_7DC5EB3B17,0.70603997
ID_7B28589488,0.06371943
ID_DD5029C11A,0.022841137
ID_A97FD424E1,0.048469406
ID_A9259DB7F4,0.49696606
ID_F73185CAA6,0.21171163
ID_E36D27EC19,0.063250914
ID_8E7E390E92,0.04902466
ID_472456460B,0.033605065
ID_35DF708645,0.18335786
ID_3DAB879650,0.014096211
ID_3934CC19F9,0.021801958
ID_D1028D16A7,0.20665027
ID_AD283A0051,0.012121755
ID_DCA84FFD5B,0.7389818
ID_BE9C861C05,0.008525153
ID_9E45F17605,0.9351672
ID_E77E2A284B,0.041435916
ID_BB9EBD647C,0.01557474
ID_12264D505D,0.02452749
ID_862BC1A013,0.9297627
ID_E6B7B5F6FC,0.095641464
ID_A104C407D8,0.26354074
ID_3C95E3B4F5,0.17465734
ID_26DB5CB205,0.014250112
ID_BCD24550AD,0.00878225
ID_9C526DD4EB,0.008906853
ID_90778A38E7,0.030958362
ID_212759133B,0.011275879
ID_68D1854D18,0.006149277
ID_2DFFFEA228,0.06721312
ID_E81994BEE9,0.010229325
ID_A9B012CF21,0.26921782
ID_A4A387B96E,0.6038061
ID_B79FEBDD37,0.20969574
ID_5F27C340C7,0.58432096
ID_C9628871F6,0.022434082
ID_943D635BEA,0.04990025
ID_934E0447F7,0.6311206
ID_1B88009ADD,0.006824365
ID_E471C72C2B,0.20492679
ID_E197AED217,0.023965413
ID_A64032AACA,0.12030885
ID_B055C3DEDC,0.052960098
ID_AA83E95F26,0.047947932
ID_3D3AD067A3,0.029317306
ID_0233677580,0.04296477
ID_366868F77E,0.16609024
ID_7E61BC1D7F,0.017875822
ID_66C6027808,0.12045421
ID_9855AD5B02,0.006208022
ID_69E79F2367,0.013776509
ID_0826F4A28E,0.019810772
ID_E384DB6C5A,0.49601123
ID_ACEE34A5CD,0.014330221
ID_81464E5199,0.024870388
ID_D9733BBFD0,0.40405223
ID_059364336C,0.0061788373
ID_508E0A87E5,0.24183555
ID_4F55F167EB,0.36945555
ID_2E44501424,0.026339838
ID_1FF5D6C140,0.0525138
ID_A6D2389712,0.016026558
ID_169889D276,0.12191011
ID_157171D692,0.02769407
ID_8A06597CE0,0.01468903
ID_63E26E259D,0.06369639
ID_090FFEB31D,0.03495731
ID_1252932591,0.028179573
ID_592B7AA8F0,0.014672508
ID_95CB7258B7,0.0306386
ID_9480CF9067,0.09597518
ID_4C6F49847D,0.070602395
ID_D12CBD4668,0.37044218
ID_BA99A6BF57,0.085661046
ID_81CA71F11B,0.046232536
ID_69AA6AC903,0.004940303
ID_43A1BACABF,0.49634784
ID_0319342A33,0.011604665
ID_CAE0DB8C95,0.023450876
ID_57C92483B4,0.02437783
ID_0D5AE10383,0.007296789
ID_A2E97BE258,0.0047352114
ID_111E01C0D0,0.01616454
ID_107BDF7AB3,0.015175391
ID_35DDEB7D02,0.22808322
ID_47CD89B345,0.013437247
ID_F207EB1192,0.042872943
ID_E5B8A084FA,0.01735789
ID_AEAB2B209C,0.009974129
ID_1BE7E16C36,0.62318087
ID_90973FD419,0.015116329
ID_E13A7D89EB,0.85183525
ID_419F89B8DA,0.029080695
ID_5F7A3372DC,0.28026462
ID_D70E8F3633,0.009092404
ID_87A3CD6243,0.122333124
ID_6B688CBCE4,0.035488274
ID_AD6E026E2E,0.056100924
ID_2696520D11,0.008579636
ID_D068577EBA,0.014448126
ID_3F7BDFEBFE,0.35860544
ID_14C1468E1C,0.25475577
ID_73970416D9,0.4582285
ID_EE02A7198C,0.1356034
ID_0C4B51DA6D,0.033471815
ID_33360890AE,0.022306295
ID_C00198BD6B,0.012533265
ID_1E0C79487F,0.009926314
ID_838EAA22E2,0.68975633
ID_882DE9E1FF,0.23204707
ID_774F7E5846,0.11675615
ID_53784EEB21,0.021372551
ID_70E77DA1AC,0.058705736
ID_B5A95B7D00,0.032169115
ID_135D1E6EAF,0.035313074
ID_0C28706537,0.3159427
ID_26FC382AD1,0.038854808
ID_01C7B87FBF,0.027722256
ID_9F417CF1FB,0.012916596
ID_7BC49A7683,0.0789887
ID_29426AE215,0.09210462
ID_CCCD4C2036,0.22354555
ID_32877759F1,0.03198006
ID_8D7954C3DA,0.008504639
ID_D60FA08B63,0.37825778
ID_078CF2C0A3,0.0065738945
ID_7B2CFD9648,0.12362899
ID_208A1BDD09,0.35707662
ID_13F56A2C02,0.9708167
ID_4483F6C00D,0.13348545
ID_BDAFAC8CB3,0.22724184
ID_5587BB8DF8,0.012294716
ID_530B96ECA7,0.049221005
ID_7CE8EB6A50,0.030096568
ID_D9DF83EDC0,0.67744726
ID_969F3A4176,0.9901329
ID_5200AEE953,0.012516916
ID_48E57A0D7E,0.0107849585
ID_F6B9081358,0.06359276
ID_A33B73F0F0,0.028374255
ID_D1F6FB3796,0.21135433
ID_8A667DCB7B,0.7558795
ID_C6616A70DC,0.103296846
ID_B65150DDE2,0.20455158
ID_0FD6E8CEE3,0.17265473
ID_74D4652F8D,0.034437425
ID_A1DA5325C3,0.0095025245
ID_1DF6874580,0.018036416
ID_D967A42785,0.25775734
ID_5571F74A52,0.15169996
ID_0CF1221FC1,0.10735186
ID_0B2C8E10E5,0.1894588
ID_B31C057239,0.028186351
ID_1DF887D11F,0.029055063
ID_2F5BAE93E0,0.055077113
ID_3859567103,0.6121743
ID_0DD1F9C86C,0.011057939
ID_E98B0893E4,0.15121178
ID_0D1B3792FB,0.50952536
ID_4423EC1480,0.013634683
ID_34D03DC325,0.012701959
ID_98B7523AB3,0.13101506
ID_C788F6542E,0.006163142
ID_532F0060FB,0.2423083
ID_ACE03D4484,0.036465686
ID_757F54B795,0.03511704
ID_6769352846,0.49626032
ID_B581CA6CEB,0.22641177
ID_7617CD27DB,0.7350815
ID_3FE8033D54,0.18334122
ID_A77E3C6A88,0.09559678
ID_6859742D14,0.1359939
ID_D3221692AB,0.033272892
ID_8B1006FEE8,0.054495648
ID_7D32124043,0.8961268
ID_0296FA453A,0.79794365
ID_40A7364C7D,0.17447408
ID_2EB4BCAA53,0.021100378
ID_37CEEB2F74,0.06574983
ID_C91E9BAF9A,0.84572595
ID_F4C5F2D884,0.03153959
ID_44505787C0,0.008442863
ID_1F6D736326,0.01941535
ID_E87089D38C,0.13673517
ID_504B19F70C,0.19575027
ID_0417D7763E,0.038916145
ID_1332AB9C8A,0.027515845
ID_0DE18FE95C,0.083109066
ID_15396D44E3,0.037103195
ID_15DFD937A8,0.48067972
ID_0B845823A5,0.06762292
ID_C7B63F6AFF,0.014801421
ID_689B08558D,0.82594675
ID_2D5C9054F9,0.033880197
ID_BABF682B85,0.02475865
ID_6017CFB3EA,0.02654778
ID_8E5019884F,0.01994591
ID_4C7A796CDF,0.6114412
ID_D48702BC45,0.028367978
ID_FCE4C0FE1A,0.012305175
ID_CD2EE77719,0.016056886
ID_4055DE3DDD,0.040396944
ID_666F056E6C,0.27993557
ID_5017DA0ECA,0.007574813
ID_644DDF9FD1,0.0061700055
ID_779D636524,0.02078382
ID_A6F41CA71B,0.035468522
ID_6D3DB56CFD,0.013333239
ID_CF4A77B094,0.13341078
ID_6D24C3DD47,0.06535595
ID_772703EFC2,0.052033674
ID_4CB454CA0B,0.0078723645
ID_585ECD7204,0.014120004
ID_EABD4CA817,0.006411366
ID_6DF5F83907,0.030237848
ID_8DB5DC614F,0.019028952
ID_20E7EC767F,0.045757532
ID_FC64E694BA,0.007999034
ID_6F42FBDCE9,0.011482029
ID_0749876A95,0.01012411
ID_5BCA88AAB4,0.6417387
ID_7B17BC316E,0.54666525
ID_40309D6844,0.23368633
ID_D90754ECD1,0.016031131
ID_732B6FAF65,0.65413713
ID_41319A53E6,0.10007612
ID_0DE50A99B1,0.015024509
ID_614ECEFE30,0.121789396
ID_BC1C7DCAAF,0.23538446
ID_8ADD91B68D,0.37149236
ID_2634E7BC07,0.07699924
ID_B8B5CF4A23,0.026546637
ID_584A9C8196,0.009886646
ID_D44D7E0D5F,0.01065735
ID_824F469884,0.011074971
ID_0ADDE037A0,0.423907
ID_51164EB5AB,0.18293555
ID_0DA1D41BDD,0.73458856
ID_9E393C3281,0.0077738455
ID_334DB035E5,0.32618383
ID_6585401EB9,0.023846988
ID_320C93E9D4,0.008288677
ID_F26F91F99B,0.008341816
ID_FFC390A9C0,0.11185348
ID_0DA7B11ABF,0.11674687
ID_A858E1EAFB,0.27018225
ID_2A38CC731D,0.010866236
ID_62DB5BAC6C,0.007857377
ID_088D40DB6C,0.073491156
ID_EA896947A4,0.14775872
ID_24116E63D4,0.06661466
ID_D25F109E0C,0.0056330776
ID_5D4947B0C1,0.014653612
ID_E3F54D129D,0.004815909
ID_25D37D775E,0.112571836
ID_88B6585B42,0.011488449
ID_E4357EB3A1,0.11339962
ID_E688FCF1A8,0.16607988
ID_4DE7BD8129,0.00932798
ID_DCEED69AA7,0.01663062
ID_71C16840B1,0.09150165
ID_BEDA0A2ECB,0.024503238
ID_D2178BEBBC,0.07398667
ID_288D71E747,0.2117413
ID_A2A4332727,0.010137445
ID_BCE42852A2,0.030449321
ID_159C6F00D1,0.0072969943
ID_0F9EE28361,0.014487499
ID_BB4EAB3818,0.05424958
ID_C62112F886,0.07352629
ID_C8EC13E1B0,0.008914354
ID_26435E26A8,0.010488631
ID_64266D2C75,0.39351237
ID_9BCD253A6B,0.03391368
ID_D9BAD1605C,0.041571572
ID_000606FF89,0.009658098
ID_E5545AD8D4,0.057732984
ID_7FD95883F0,0.08149993
ID_AA29D25174,0.016198032
ID_DB5852F11E,0.04794136
ID_CCC98CA118,0.028190931
ID_45E2F2EDB9,0.29949722
ID_7A29611985,0.061392598
ID_52CEE9B816,0.069712825
ID_F405E53D6F,0.089472294
ID_D2110F94D9,0.0781625
ID_8E05641A3F,0.15978678
ID_8CD3452555,0.06479009
ID_A9AB7A0DA7,0.007966445
ID_7495542B9C,0.12625885
ID_4C095F7023,0.4518943
ID_244DEEEDA9,0.04749421
ID_6B9B6D45C3,0.02786052
ID_A4AF760837,0.03457665
ID_9C1FB64843,0.52963257
ID_6B523F9EDF,0.029032433
ID_0C5F17463B,0.012177025
ID_E0D70F83F3,0.017564436
ID_BBA90424E6,0.009830385
ID_9AE2F1323E,0.010160042
ID_CFA4BBCC81,0.7611708
ID_3AF0D78CB7,0.12109001
ID_F87E265344,0.005526312
ID_045ED7284F,0.22374229
ID_18CEE7FCE4,0.01971061
ID_5B2D287D8C,0.03661577
ID_499DEE98B3,0.0056224163
ID_3680C2C6AC,0.6626041
ID_FCE7CB6F3C,0.040105052
ID_B43C04AEC0,0.05448032
ID_87FCF1A891,0.055264484
ID_EB898F81A4,0.28630254
ID_B0C86101F4,0.020349111
ID_4FCA4F2FA3,0.05434397
ID_3AA4C06FBD,0.0305776
ID_94B661FC35,0.0065879757
ID_ACFF4E6ACA,0.0069553736
ID_9E8DBB3A1A,0.014491092
ID_1D014E4B54,0.005785182
ID_01BC77970B,0.36140585
ID_5EAE86D162,0.009603284
ID_CD00D5678B,0.2582099
ID_8F23144316,0.2837404
ID_B51F8824E3,0.11293562
ID_631C1DA41A,0.113725536
ID_B0E2F6D063,0.04730846
ID_073AD123DB,0.1917579
ID_50664B6128,0.006350414
ID_BD7F7ADF48,0.009806734
ID_1DA896478C,0.6819025
ID_CCEEC52F66,0.013655543
ID_1E5ED72ADB,0.42747614
ID_709D6FA512,0.8071334
ID_27570954AB,0.022451593
ID_15667B714E,0.11612553
ID_2F4CA17ACB,0.045945004
ID_412B0DC055,0.06469623
ID_8324B8B660,0.0077347397
ID_EA26B49A4D,0.015446919
ID_04F87138F0,0.090102285
ID_2F992ED602,0.0054837177
ID_EF58CCFD80,0.12967351
ID_F65CB6522E,0.012107236
ID_98CFDE1F09,0.30729648
ID_458ED3D6E6,0.021721464
ID_33397E261C,0.016333582
ID_25D7CE689D,0.5348369
ID_8B4C7F7126,0.028437829
ID_D66B5EE94A,0.026891937
ID_F78A6ABD51,0.8650262
ID_80871CE069,0.007264518
ID_5B085BB494,0.04924465
ID_112127FC27,0.14796409
ID_AE1D217998,0.02163801
ID_148725CE13,0.22364092
ID_3ADFCE83F3,0.042142414
ID_39F689707D,0.05835757
ID_7B9294E1E3,0.016651459
ID_DD1602D312,0.4305749
ID_78377C9165,0.06622219
ID_A9918E6134,0.038775533
ID_0FDBE6747A,0.02003919
ID_20DC6A819A,0.06540657
ID_E8FF94CF21,0.6972036
ID_83672E94F3,0.04548237
ID_D89DE8C9AE,0.1997174
ID_675F5580C2,0.007700888
ID_457A1F078F,0.029585902
ID_E21DE55CBA,0.058008447
ID_174B89DED6,0.017179163
ID_500BFE65ED,0.013407261
ID_3DA2115F26,0.25435832
ID_61B5C8B5BD,0.04376751
ID_B710D317C7,0.029012205
ID_B53D834BCE,0.18383531
ID_ED41E5C4CF,0.91458666
ID_C216CE5F59,0.03381275
ID_7D83DC7CEC,0.1704282
ID_D13DD0BFDA,0.009661458
ID_3B556CF261,0.0077071544
ID_36EAC7DCCE,0.009119773
ID_B069835BAE,0.947222
ID_E17037B1FB,0.07555566
ID_267286151E,0.49995506
ID_160C805900,0.05279222
ID_166B802DAD,0.022537572
ID_64C84C150E,0.016639385
ID_5E69BFFC01,0.02611915
ID_9C84DBDC1D,0.016091013
ID_8FA7992F39,0.014638732
ID_4B78F86E17,0.007620047
ID_146D3450E2,0.55625147
ID_7820B1ED07,0.040817015
ID_F44BCA2800,0.012688417
ID_6D4E229A83,0.017864589
ID_8A008EEA10,0.18703099
ID_3D5850257E,0.050205562
ID_5A6D503BB5,0.011073257
ID_EC164A9D0C,0.09055383
ID_2269C08A38,0.008975808
ID_981D042321,0.08988262
ID_B7B9C54F77,0.04123024
ID_960A02584A,0.06859027
ID_D22C71F8F0,0.23374656
ID_894BDB0690,0.46703348
ID_21CF9B6804,0.12397238
ID_FADF936156,0.024069062
ID_DBF405CA8D,0.04294556
ID_DEF98FEFD4,0.02120669
ID_98DDA45B37,0.008361746
ID_57CBB00719,0.12610072
ID_2377C564AE,0.24328966
ID_D7CA65F42F,0.01167051
ID_ED4158D702,0.007909957
ID_52A68FF911,0.008381352
ID_CB600398E6,0.009528379
ID_6CB5308D79,0.015879607
ID_3E91DF2B31,0.050483473
ID_45C0ADD5ED,0.0053562643
ID_FB1822FDA3,0.09484934
ID_AEC24F218A,0.44421428
ID_278D8DA1F1,0.19862397
ID_3F4855FFA6,0.13185708
ID_151D395EAD,0.006366479
ID_85D50C3A73,0.08946678
ID_B9AF55C5F1,0.007308841
ID_6513C10347,0.2019943
ID_17FD771988,0.11637588
ID_F9F5FE2C8F,0.2527719
ID_7D859DD510,0.06705472
ID_928511F199,0.1764118
ID_07EFD499B2,0.84803057
ID_3B83BA6C6F,0.16456945
ID_916390D3DA,0.0655786
ID_B5AB02C213,0.024164574
ID_7802655D75,0.0682717
ID_C82A32F893,0.8704054
ID_9A606996D0,0.3408936
ID_9E324B24D6,0.15821494
ID_0FBB812479,0.034316815
ID_D4CD7A366C,0.018956479
ID_2435307429,0.2430171
ID_42EA47D60C,0.0926523
ID_AF511A19E2,0.015418553
ID_84FAF23350,0.7158372
ID_5AF08B71DE,0.43196037
ID_EA14F1525A,0.2529509
ID_C5A72A2447,0.14208072
ID_6DCFAD8329,0.07582588
ID_08C3B59FC9,0.1857682
ID_653861FD18,0.009192896
ID_536BEA1801,0.07359546
ID_3D72F7B1AE,0.20131007
ID_835582CF95,0.38538757
ID_22D6925883,0.42199573
ID_F0DD412EE5,0.028403284
ID_9BB855FBD0,0.016932385
ID_845556C11D,0.010285283
ID_094562AC6B,0.04300552
ID_C4FFE981F0,0.01088887
ID_EFB1E23D5E,0.0125356
ID_9A122E01E3,0.022065151
ID_9177C6D9F3,0.10257483
ID_1B0746EAD1,0.015735162
ID_FBD8769DEA,0.007983719
ID_3D9F050D45,0.02204609
ID_4BA992AB68,0.0134463515
ID_CAD5FAA3F9,0.46657312
ID_9678B91025,0.040450606
ID_91F7140F78,0.021960534
ID_8E7F28F1A5,0.20837095
ID_754D67B0C9,0.008212409
ID_C88B222BC1,0.88516974
ID_334CBC8DEA,0.21154065
ID_5655ABAA33,0.017259708
ID_ED59C406FE,0.014679606
ID_E83770D7EF,0.13025331
ID_42A6E359C2,0.12663057
ID_FD9AB9E8CE,0.20610902
ID_53F1569A6D,0.01189286
ID_5813A0176F,0.00904876
ID_1E6D2A3FB5,0.036419217
ID_64CFF10C6B,0.15087812
ID_8518438AF3,0.43030342
ID_88117F5C5E,0.049758855
ID_2310D39B8E,0.029515855
ID_D56DA60A4C,0.028407143
ID_D273C1C3E6,0.09633278
ID_F29F297780,0.008011039
ID_F2C7D9F93A,0.52560383
ID_EDF19136F2,0.018111128
ID_836B2975E7,0.044486385
ID_2B8643B95D,0.1900577
ID_CEBD636266,0.57066655
ID_18B0CF21FA,0.023957003
ID_C33D6A4C25,0.024668306
ID_CDFE351C83,0.022208642
ID_A3380B3675,0.014045989
ID_D3B8F0FD80,0.049444743
ID_BE20C3AA7A,0.063896835
ID_BB170175F7,0.12371138
ID_5A0A3B0947,0.017345436
ID_75D19A1803,0.008037261
ID_C5CF5DEE35,0.5806838
ID_4839761BF0,0.04240039
ID_4FB811169B,0.0052645323
ID_5DD07221D6,0.112091504
ID_FC16D754ED,0.8000193
ID_08CCA865F5,0.47709408
ID_12F938A8E9,0.008500222
ID_072705D8DA,0.039236907
ID_4B466B2DB3,0.0963733
ID_D7D5CCAE72,0.30621502
ID_729A28F714,0.009908382
ID_ECA81B4547,0.27397004
ID_BBEAEF3E04,0.08017091
ID_3CD74C53A7,0.006291587
ID_737265100D,0.00870422
ID_E1F4E8E7AC,0.8302387
ID_7BC1D38837,0.06821087
ID_4B6BAF682B,0.020774938
ID_F258EC6126,0.122352555
ID_4E8C4076E0,0.09652584
ID_D59B224F45,0.05010116
ID_D9602E0294,0.24883614
ID_5B2358280A,0.3165443
ID_123F5238D3,0.009552702
ID_59280A48B0,0.1347693
ID_D514B201DF,0.032399103
ID_456D9DC3D8,0.057698503
ID_1FDB9861DE,0.061483253
ID_1926790798,0.011801044
ID_7D770AD017,0.14825332
ID_36B71C5F40,0.6723769
ID_468C5ED49B,0.97790277
ID_BCBF2A1F31,0.01637386
ID_78FB15FF75,0.23822984
ID_AE0EC1C53C,0.49794734
ID_6A516497DD,0.010102274
ID_0CA3C860A6,0.035503957
ID_52CCB80BA1,0.008263766
ID_4EC4F1F7D0,0.18642284
ID_14B94A0418,0.15914503
ID_B51763856C,0.63880974
ID_1FDF4561B2,0.04886122
ID_F8D7149E4F,0.105188034
ID_FD804A7DBF,0.008742715
ID_6C4CD37A2D,0.020301394
ID_5AD44A89DD,0.55957884
ID_B0B7DBBA6A,0.12157174
ID_7E7175810E,0.017885841
ID_77C3B22139,0.037573025
ID_E7D5E7F94D,0.018901255
ID_FC714D2D63,0.44506583
ID_911BF598D0,0.084409416
ID_F25DBA697F,0.31812173
ID_4E1325AC78,0.03354675
ID_77946DA34E,0.43461284
ID_818934CE05,0.040107347
ID_43ED778005,0.16278791
ID_1CBE098AC4,0.7925093
ID_ECC7EF37BC,0.017420663
ID_C0AEF54A67,0.27131638
ID_FFD85AC831,0.19861162
ID_FA6CB9AA85,0.06699122
ID_75F210FAF6,0.92609274
ID_07B4E9DA8D,0.11003743
ID_E49A83F26C,0.14368461
ID_372C765BAF,0.726271
ID_C75A09B5FB,0.03714297
ID_54E6F6E7DE,0.0071838666
ID_2047DF09C2,0.35645032
ID_4AF7395C53,0.0166489
ID_9E155238E4,0.1663558
ID_765C5C2193,0.057016235
ID_974FBE3C95,0.031319205
ID_F307D39845,0.1136148
ID_960183FC8C,0.03727729
ID_F09CDB3842,0.023692545
ID_63294F2590,0.010503868
ID_27EAB6ECBD,0.020245766
ID_DAA8E0981E,0.030216858
ID_EC12627212,0.012866581
ID_A27E9D023B,0.19185828
ID_5B9A9F83BB,0.006452043
ID_A19EAF9B89,0.014389059
ID_F9958CE795,0.104256935
ID_2343354F7B,0.37205666
ID_30CF854131,0.005930769
ID_9CBB93ABF7,0.17354105
ID_E35BC3A062,0.05333904
ID_68BCF825A8,0.013526284
ID_EF2EE6D142,0.023733735
ID_9FA83D7790,0.020603402
ID_89A4FBB631,0.07536259
ID_C389FFF69D,0.18881834
ID_B6FB30266B,0.113609046
ID_424279B294,0.11814209
ID_880BFD5F17,0.2662355
ID_B86B21DE58,0.059592403
ID_4E1838C8C3,0.12281391
ID_71B910CB0A,0.008033812
ID_6993650994,0.5102889
ID_357B26E67E,0.7247733
ID_D71E14D268,0.32690483
ID_41217C54AF,0.020976191
ID_9DD8229DA2,0.34049565
ID_CAE6F941CC,0.030263742
ID_AE51D1DE4A,0.34390447
ID_36E33F88A2,0.026765198
ID_E9D3EE89A9,0.05516366
ID_71966A7F7C,0.007814754
ID_F598A66A5F,0.25936952
ID_AE3934035B,0.013607494
ID_F72547482E,0.011831371
ID_AF979C5EC3,0.270234
ID_163C06764C,0.08305175
ID_AB7647F5E0,0.008461419
ID_15FB25AFC2,0.010868886
ID_F584C5449D,0.42830878
ID_05BA84E119,0.26566994
ID_6D9CA838CB,0.074145555
ID_F96754BF7C,0.041999172
ID_CE49527249,0.30489996
ID_CBC99D95CE,0.017309524
ID_B96815DF03,0.6326649
ID_14F17CDEBD,0.013404108
ID_D26CFBA497,0.021411985
ID_332C69DCFE,0.13516197
ID_06187BF3CF,0.020956306
ID_31A87A98CC,0.58608276
ID_8ADB49127F,0.056997914
ID_6BD15F8409,0.10344704
ID_571A90BBBA,0.08946841
ID_BAFC01F164,0.05548412
ID_A490D909CC,0.87577075
ID_6C33C17CB2,0.019914942
ID_9898475930,0.7243923
ID_5A424B06CA,0.29811257
ID_5F98DFB9B0,0.989121
ID_A6B2DE8F04,0.400191
ID_E0D12B91D6,0.012723605
ID_476F105DEE,0.09417043
ID_AC61DC03FC,0.0211194
ID_3589E599B3,0.055823755
ID_CA4346B2F2,0.20347905
ID_19F74026F6,0.09583298
ID_49D2318297,0.095844135
ID_7B9710B18C,0.01324102
ID_3B837A8797,0.008994906
ID_9701470B50,0.016899105
ID_18401168DE,0.17793193
ID_E7BD202FB2,0.49145722
ID_5A6A91889B,0.023272289
ID_F42BA9D9BD,0.8048413
ID_7AF88BA0FF,0.009319088
ID_B99DC96343,0.16719154
ID_11E712DAC4,0.02390842
ID_C47F15AA38,0.024639817
ID_251E69FE71,0.15763927
ID_4C80F3614C,0.7655067
ID_3E918FD764,0.091110215
ID_2D5B6A95DE,0.07749236
ID_37AAC6A739,0.61087567
ID_5D9CDF27E6,0.036172442
ID_C153652943,0.02210762
ID_FC2F0BAAE8,0.5826683
ID_22F6CCB9DB,0.0479851
ID_C660274B3B,0.012725091
ID_08C00F0FCE,0.029795093
ID_FE3B5AFA09,0.0072920127
ID_1AFD864DCF,0.007605073
ID_207DBB320E,0.33729142
ID_712F595531,0.55095345
ID_E67321FFFD,0.009382428
ID_87D4A109D2,0.4411391
ID_E52DB64DC8,0.021433927
ID_E93FB2E676,0.062019583
ID_C846558BEB,0.0135913715
ID_C72C22AE58,0.0064911
ID_1206794DB4,0.024723927
ID_BA669DB631,0.017008828
ID_0535DD3F42,0.059235334
ID_1B92A94C3B,0.315852
ID_F2215BC917,0.005424497
ID_6D7019F1FF,0.010202808
ID_DDBF10C817,0.61885023
ID_573E1AC0C2,0.007834889
ID_38D35E328D,0.9215875
ID_87D12BF6FE,0.016501045
ID_D1F4DD3DE9,0.0061038826
ID_13D02F5B36,0.053327043
ID_9FC488BD1A,0.043231774
ID_31B033A5AA,0.64615434
ID_5625F48CD6,0.009396801
ID_B63ED49D88,0.54504323
ID_579D6BF722,0.009490285
ID_EEB2CB8F4F,0.0279479
ID_8392F636D0,0.043805506
ID_F62AF4E6E9,0.09100129
ID_ECD797C8CF,0.21356441
ID_636B9F42FD,0.19552036
ID_B2C6654523,0.01197157
ID_B6399875B7,0.009606689
ID_41260B7C26,0.21786578
ID_09616E1B1E,0.053111114
ID_94E550CCA3,0.008678446
ID_C15BA67508,0.04931063
ID_337555C253,0.78345907
ID_16ADF0BE02,0.020222982
ID_BD4558CA76,0.029767636
ID_BB30C9F849,0.1912336
ID_7194EE6396,0.008293079
ID_85A1842311,0.05095153
ID_1BEFC00767,0.09644232
ID_F77ED0C355,0.1696924
ID_2D5A129162,0.007551553
ID_3B18894809,0.016566062
ID_1D8EF8FE9D,0.015473276
ID_5074156EA5,0.008793179
ID_D15D3AFD7C,0.07162489
ID_3E4B5A698D,0.08532078
ID_3854BE8186,0.008357112
ID_5002B234B7,0.0073291576
ID_FD8222F2E9,0.63187385
ID_0049739CE4,0.010710385
ID_4634C67A46,0.26717523
ID_367E3729E3,0.2120308
ID_08F8FAA2BF,0.032569263
ID_5AB6CCD6BF,0.18472928
ID_A5C1076D60,0.03520774
ID_13704497F3,0.058146115
ID_2CF9BAC28F,0.31599656
ID_FBCD84FE24,0.19636036
ID_82FB1C17E7,0.007869539
ID_4CEBCFE342,0.47810987
ID_E59C7628EB,0.015878553
ID_DCC7D629BD,0.0519408
ID_CCDFB94288,0.0194866
ID_14D4F97541,0.056221
ID_4C0757613C,0.0049826247
ID_D84A6B1898,0.35792464
ID_3FE50DC477,0.019807499
ID_EEBB499021,0.7544784
ID_BA9556F6F6,0.010761867
ID_72CBCE069B,0.099188976
ID_DE305E70FE,0.040895138
ID_1AB36ED7AE,0.012838854
ID_A14075397D,0.3764259
ID_29A00B60F7,0.23603077
ID_28CC6CFE87,0.011764486
ID_6D981E8C86,0.6861849
ID_A18D51C66B,0.52591807
ID_E006602F95,0.09950533
ID_AB2EE70F6F,0.010614902
ID_C23801C78C,0.039464913
ID_F730001342,0.07404456
ID_0A113AFCD0,0.24956818
ID_AACD112CCA,0.4719844
ID_AC138D7624,0.008625145
ID_A35E34A0C6,0.038027104
ID_AC8F06E9FF,0.23577353
ID_A251CC613F,0.20610699
ID_D9A82BA5BE,0.22502987
ID_B9A4876ABE,0.19455189
ID_54448B1F49,0.011061433
ID_59E0A0688C,0.054245252
ID_0A8E7F7E6F,0.009314196
ID_DF8E54B633,0.1869129
ID_08BE49D8FA,0.012390909
ID_ED51B70739,0.05936748
ID_952DD82347,0.0405763
ID_195904CF61,0.010147056
ID_D0ABD743B3,0.05420427
ID_B94BB14012,0.010858359
ID_ACD4BA63E9,0.1303604
ID_B8C3101A18,0.16088842
ID_3421873776,0.6047315
ID_DB3A36DC49,0.008321856
ID_9107DF8E58,0.3512045
ID_AB0E31DE1C,0.049676683
ID_1C9D76E5E7,0.026123308
ID_C710A5B7ED,0.107982635
ID_6487ED9BA2,0.7805123
ID_BF7B387B90,0.19938222
ID_098592D351,0.038266942
ID_A4EF967BD5,0.046788868
ID_E22628151A,0.0957125
ID_2EC2872FC7,0.51918435
ID_B295949140,0.7784373
ID_60F774670C,0.07244588
ID_DB85BE7CFB,0.049738195
ID_C040123BF3,0.16415563
ID_0BD357CFD7,0.09285715
ID_3470887972,0.91623867
ID_F12D8FC1BB,0.1528116
ID_691D56F0A5,0.018113289
ID_2D8B58521C,0.009336096
ID_3E42FA7D83,0.03109216
ID_8C76354C3B,0.06548257
ID_9B0A99FF59,0.021346746
ID_8F9FBD28D9,0.0069639934
ID_9F6CB94265,0.039870173
ID_5A8369379C,0.024019687
ID_4AA9CE297D,0.015802616
ID_E18AFC076A,0.28332958
ID_481E559C2E,0.28831026
ID_2CCFE9E420,0.6557286
ID_CEC4049EA0,0.11400402
ID_4ACA774D45,0.034074724
ID_10286D129E,0.33467832
ID_1F99E67BBD,0.028846372
ID_9298184251,0.021905277
ID_8A1C79C0A3,0.009989353
ID_CB0F2AF306,0.010066016
ID_1ABB5E99F4,0.00915847
ID_C3D0257137,0.14476125
ID_5FF80CE9C7,0.09927437
ID_8F1573E4A9,0.010625394
ID_17F915C02F,0.0356448
ID_8FFE3197BD,0.054851063
ID_C26D5CAB72,0.018390123
ID_4E1447D301,0.75938374
ID_2F6EC40B4F,0.057494853
ID_784DC7AE24,0.9681434
ID_1E3EC58551,0.019520734
ID_0CF26DD3A8,0.046593845
ID_D5C3D7B9CE,0.06911516
ID_F8E39D5F44,0.039538518
ID_E66CA3E185,0.00840768
ID_1969FCAD4E,0.103419445
ID_795B081EDE,0.40251026
ID_7D7036D263,0.06977909
ID_3D0EF1EFC1,0.012360146
ID_84A9FE988C,0.010414457
ID_34108E9C95,0.12102298
ID_2D39651470,0.036938272
ID_083F53E096,0.05613881
ID_2EB8690E49,0.41782764
ID_1426F127A5,0.009937676
ID_38108994FB,0.13040154
ID_A7B4025B7E,0.023459094
ID_690300865C,0.29227415
ID_5457F038F1,0.17533134
ID_1F32F1F3B0,0.025797006
ID_BC004E7AF7,0.006228237
ID_DBAC11E89F,0.05654594
ID_84AE8693BE,0.20204481
ID_550517BFAB,0.011597356
ID_1CB55B7661,0.012910633
ID_B7D244C9D5,0.047752276
ID_1F15D3E82A,0.82836556
ID_70BC5C9694,0.033489704
ID_278E78655A,0.08944125
ID_33483E6768,0.081412375
ID_6ACEA4F7EE,0.67761135
ID_36C72C9D0F,0.17318775
ID_88F6ECEAEF,0.3660048
ID_2061A01107,0.21327373
ID_953FA7D386,0.008315226
ID_8CF9FA0A27,0.046835475
ID_DF061E69F6,0.01832562
ID_826599D524,0.04758539
ID_B859AB7BFA,0.08714296
ID_FFE26F2652,0.09220592
ID_C3B20A695A,0.0048316005
ID_D381C458BA,0.085104175
ID_8B607DB786,0.016306788
ID_6DFD477569,0.026660644
ID_E24170FF10,0.062324982
ID_8F6B639677,0.2697503
ID_3D3188FF0E,0.011557643
ID_10C758F3EE,0.016400503
ID_4BC513E0C7,0.03242283
ID_53F9F7395C,0.013169667
ID_837341EA1D,0.107893914
ID_741F9565E5,0.01736746
ID_9D52E49795,0.28328106
ID_FBF941094D,0.53886443
ID_C5ED06DCBD,0.3073854
ID_A00203C432,0.42822945
ID_D220771087,0.8397253
ID_DEA7122E55,0.13998516
ID_EE91BD4508,0.059528172
ID_5571512CD2,0.10983033
ID_5166DBB832,0.04781676
ID_E8F456DF94,0.051656675
ID_24C47C645D,0.82905066
ID_9539D859C0,0.02244234
ID_C2C24E6E8C,0.26290032
ID_10D1702842,0.5755603
ID_A5B16331B6,0.0052579967
ID_B234044B20,0.031141981
ID_B20D0AF6E0,0.004783198
ID_B85D230527,0.8713873
ID_2DEF6E6F30,0.024289576
ID_3325A3B7AF,0.11543766
ID_F15846A3F0,0.012670743
ID_1925F0EFB4,0.07333825
ID_3518B0DDD9,0.01885649
ID_1FD8B0BF8B,0.008664393
ID_7CEF90D261,0.1684615
ID_D17E836B1E,0.08942014
ID_56A2DDFD35,0.03705914
ID_21DBCAB945,0.008480508
ID_6B60560242,0.023844482
ID_37AA580967,0.007481928
ID_739A8E4664,0.022308031
ID_F0DE710C4C,0.92584884
ID_3CF1AAF90F,0.03234414
ID_9545D1349A,0.017252514
ID_8B5BD55844,0.35067117
ID_81B7164DE3,0.014009226
ID_C4636B6365,0.010642853
ID_426C7BBDCA,0.0995258
ID_A82B4BA618,0.004904117
ID_62FC736C28,0.8040304
ID_8836B80305,0.3733923
ID_9C02530B2B,0.015032518
ID_4DC64D6B36,0.8381692
ID_1976DCD6CA,0.6638538
ID_FE4DA53CE1,0.026998507
ID_B84094B6A3,0.010355558
ID_291DF34DB7,0.0075625735
ID_213060295A,0.0055067297
ID_2D8FF25583,0.052296396
ID_A75A7E7DB5,0.0063655623
ID_63073C5421,0.0060152053
ID_2D67AC36C7,0.014522152
ID_4991D4017B,0.1915669
ID_6B23C30018,0.08009892
ID_87988921B6,0.39840925
ID_85D3CCBDEE,0.007366312
ID_8A15588031,0.77971417
ID_D87DB06B5C,0.10206187
ID_77DBD8C9D2,0.06435684
ID_6BED3470F8,0.1888139
ID_9CCB77984A,0.041845124
ID_C896B54E38,0.038248062
ID_AD1D2CE45D,0.9632959
ID_98F9216423,0.056444097
ID_AC73ABAE13,0.30488893
ID_4698679831,0.08614331
ID_604A8BE61D,0.55172795
ID_60A9DAEFCB,0.0084807305
ID_8482BB2F78,0.08567042
ID_A2E2DAE915,0.028812429
ID_75CF89712F,0.07510996
ID_CF30ADA0FD,0.01647037
ID_D21DC429DA,0.054411903
ID_F655CA3DB8,0.0530351
ID_844BCBD4A6,0.065768085
ID_414FE4DED8,0.010378193
ID_A35078F1FA,0.0113509875
ID_4AADC2CE5B,0.015205895
ID_919E076CBE,0.083318345
ID_FA74B74E89,0.74175483
ID_92056327F7,0.017266894
ID_5EFBD54ACD,0.012465583
ID_AA5875A964,0.098636165
ID_C527B763EE,0.023639252
ID_4216013E05,0.030254638
ID_D9E15AA96F,0.7943237
ID_7A2A7DEBFF,0.032486092
ID_FBDABE39CE,0.6750128
ID_5057369422,0.635452
ID_44C6F8A12E,0.009873379
ID_5550DB16A4,0.11689702
ID_1BCA169236,0.07637076
ID_CBAFC00524,0.08325313
ID_33A4AF14EB,0.01810583
ID_CA5E3F548C,0.04402003
ID_35A798E91E,0.039747793
ID_D6E8126BA2,0.0918826
ID_1295B65CB9,0.03675052
ID_83DF6541BB,0.21970272
ID_2182F5F37B,0.17846587
ID_F5684980E8,0.05112527
ID_928B89F9A3,0.07589576
ID_B22BD12D88,0.07288091
ID_CEE5033CC5,0.24753767
ID_F1A890C348,0.14521287
ID_C95AF40AF2,0.0057581463
ID_B0F95866F8,0.014635207
ID_EB35527EFD,0.09089585
ID_142D01C22E,0.07697953
ID_F80F9F8802,0.18432736
ID_53D098337F,0.08007289
ID_067CB0DA19,0.7508175
ID_389A68543E,0.044429436
ID_DBA0CB5D64,0.0104178125
ID_6A14798258,0.013069086
ID_71C5810EA1,0.002980187
ID_821389E0EC,0.064024754
ID_8194499C46,0.018539635
ID_F499B3DCD4,0.09978171
ID_6418710A82,0.020036848
ID_15A1772EFB,0.21429892
ID_B88FB7F7C9,0.010638013
ID_60445AE808,0.006189531
ID_34C667751D,0.022618497
ID_6596C0DC6A,0.028836329
ID_054F85A410,0.0069664866
ID_46E129EF66,0.058193862
ID_2304A4D405,0.025280753
ID_E6C487F642,0.07943823
ID_D000AF171F,0.32797512
ID_AADF7C9380,0.5438436
ID_FCDE2A4D04,0.019496977
ID_F1C72D0744,0.033884987
ID_9F35D28D7F,0.0072555705
ID_44F782F654,0.0072848457
ID_C069F23DCF,0.16875112
ID_BDD61849BA,0.01273792
ID_DFAF28EE0F,0.007115711
ID_3F8B5F655E,0.008131366
ID_09D3469783,0.9799342
ID_05EDE8DA33,0.015734628
ID_2E9A61CA43,0.7105343
ID_C1DD2FFD0E,0.04265614
ID_9CD75F7384,0.02315569
ID_1B0FB320A9,0.008232637
ID_BB2EB89E1E,0.51549745
ID_8BBD57A91D,0.014336509
ID_609A90FB60,0.0059104203
ID_8FEF70D887,0.01812308
ID_1B26965477,0.16835654
ID_B8915B0CA4,0.026388003
ID_B755ED7AA7,0.024034498
ID_3E3B553540,0.011946202
ID_6778778006,0.5626983
ID_6A1142295B,0.019929968
ID_0993ABEBAA,0.010604431
ID_133D16B755,0.06311018
ID_010A5E1313,0.16714512
ID_F0DB6EAFDD,0.02823627
ID_08BEEBB262,0.20579427
ID_0F81C5882D,0.7792221
ID_2E9B8C145D,0.006469448
ID_B2FCB1A29B,0.32816198
ID_BF825199D2,0.008801255
ID_D1B5F80B34,0.005228319
ID_67DB9B574B,0.050350852
ID_90EB28F72B,0.09648195
ID_22D884C7B9,0.008768687
ID_1CEC754302,0.20245823
ID_E90CA41EF0,0.0060661184
ID_3FC01ED7F3,0.07289079
ID_18ABBF61EE,0.28762686
ID_94CB7E31ED,0.3544379
ID_D16BDDB974,0.20714927
ID_15D3ABA498,0.023385525
ID_2252DC15DC,0.11706423
ID_2FB057ADA7,0.03416864
ID_344852F2A5,0.12973149
ID_018BB08829,0.051652137
ID_47DE686137,0.0070945355
ID_F8A4D5857C,0.005926387
ID_5856C49317,0.15806058
ID_7F3478F3F1,0.004987945
ID_FC2ABAC3A5,0.046177298
ID_34D16ED844,0.34534466
ID_1DCDD960A2,0.031369574
ID_FBB0F1B98B,0.39710662
ID_ED64F02170,0.04966044
ID_60F0E21E27,0.32592335
ID_F4E68EB189,0.0333921
ID_C77CA7B22D,0.07169443
ID_A4D8FFB25F,0.0064335926
ID_7F17F26E41,0.012119655
ID_4E6FFF0566,0.037633758
ID_A40E0F12E2,0.020121519
ID_9519C80E9B,0.04892398
ID_8E33B84FB2,0.046490517
ID_77C24C6B49,0.015469257
ID_69113B19E6,0.014348064
ID_F0DDF552EE,0.03996182
ID_78F5E93E94,0.1725855
ID_1B1AA1117B,0.009010947
ID_C0622B0608,0.0334767
ID_0110A1E900,0.3902091
ID_53E0D0B32A,0.019764941
ID_2727385480,0.28041816
ID_F41B5E78F0,0.004492028
ID_E9798C96EE,0.38392928
ID_FA49A27550,0.0077002915
ID_E61F9F8091,0.6464703
ID_6A0684055F,0.05610734
ID_8B51D1118D,0.22865123
ID_DF588FE3D9,0.10323197
ID_E7C8DFB66A,0.042757615
ID_9673934A22,0.011691501
ID_7583E2B347,0.019208318
ID_AB8233347D,0.014044289
ID_376BD30E5D,0.010494039
ID_339FF5D213,0.017771333
ID_470FD555AA,0.46514812
ID_EFD2670553,0.06560229
ID_FCB6CE315E,0.05078037
ID_9CFD7FB66E,0.2724373
ID_BEABCB0760,0.050045323
ID_434FF6CD40,0.7706918
ID_42AAFD73DD,0.008485135
ID_50DCE7F1EA,0.006761393
ID_2D6C7DB8FC,0.2840747
ID_253DD3DBF8,0.22522847
ID_8FE26013A0,0.06896438
ID_F765E7CD76,0.2116087
ID_8F7521BBF5,0.20789847
ID_1FE9076823,0.60978305
ID_7B74660FC1,0.008341333
ID_91E698E033,0.730397
ID_B144E079E4,0.07137726
ID_3496006F41,0.19887061
ID_104813D809,0.27431816
ID_4FBC3B4D94,0.18018082
ID_C45271DE2E,0.016531564
ID_B26DF84E7E,0.025548069
ID_E9F3D21CE2,0.1977875
ID_D2D61EA3F2,0.47964665
ID_F313BEDCC1,0.029268213
ID_325A48739B,0.5234838
ID_F83A74B1C5,0.2598536
ID_2B3D5B1E08,0.18777569
ID_37F0EA82E8,0.0234397
ID_B56CEB0174,0.0075005475
ID_6E069CD223,0.053077117
ID_B4471599BF,0.0062206346
ID_913272AD85,0.06984353
ID_04A1AFEAEA,0.1023768
ID_4299D52409,0.022160426
ID_48E84D56CA,0.08613336
ID_E2E07B1F81,0.2119196
ID_800EA76A47,0.011214795
ID_8C83D92DA7,0.47616965
ID_6E537D63A4,0.14628717
ID_75B5887FBB,0.016039746
ID_1568E3C38C,0.046714555
ID_FE1E3D6431,0.3167345
ID_B395619A7F,0.025804278
ID_A887D93393,0.042672805
ID_019797FB95,0.076082356
ID_AC760A42F2,0.027818158
ID_ED53F1E193,0.03557542
ID_054A30D86A,0.032165274
ID_F715CAE9B9,0.011142445
ID_37FAA795A7,0.31941745
ID_E47412B843,0.64689684
ID_399C0C799E,0.006441999
ID_153FEF1780,0.3577842
ID_71D10184BF,0.0076902206
ID_0AB0749870,0.019672383
ID_21CCD43D5B,0.056334518
ID_6F28097B5B,0.45151174
ID_EA15BED911,0.068488546
ID_42EBB1773E,0.70843816
ID_8A00449033,0.040296815
ID_A110090694,0.11676193
ID_0AED4641A4,0.009432521
ID_F135F51D6B,0.019989574
ID_680D4E07F7,0.05401305
ID_48F141EBCF,0.16190156
ID_F0031EA232,0.026847856
ID_81275D6CC0,0.0054683867
ID_5105E34C14,0.012582565
ID_25CC18B4A6,0.03574225
ID_EAB3D05713,0.008142125
ID_A4C6774B40,0.117339
ID_D23ECE6A86,0.09774507
ID_D5B68D1CEE,0.27257988
ID_DFAAD4E208,0.1372989
ID_027DEBB54C,0.00815935
ID_1BDFBEC5DB,0.6739814
ID_F345CF639E,0.12889194
ID_6F27DB723A,0.21234772
ID_F6D01E8FB2,0.029156942
ID_921DB3243E,0.0622948
ID_569FF1856B,0.0076258415
ID_0DE30A61F2,0.019556414
ID_0761C8EACB,0.6736492
ID_76FFE81FC0,0.104963236
ID_D53BBA1BA1,0.76558197
ID_CEEADF777B,0.7908439
ID_5342E1EB18,0.07944313
ID_9DBF254093,0.0069208047
ID_B09E68E06B,0.31452203
ID_7FA9FF45A6,0.5130325
ID_026C4B5C23,0.011185267
ID_B6D2E2A07C,0.30854928
ID_94C3C288EF,0.011054201
ID_B491848A33,0.010364295
ID_2D5281F4A3,0.5171097
ID_CB24092C91,0.09875652
ID_FFF89DFF29,0.01195368
ID_B2C22C97BA,0.9712881
ID_85EC458EDA,0.51962847
ID_B7E203D00E,0.039956663
ID_3E6315ECF3,0.23344626
ID_4515EF6A10,0.009298396
ID_501C3DF64B,0.008001566
ID_2A745245BE,0.015419846
ID_7BC60601CB,0.020690875
ID_62C5614AAF,0.052887853
ID_D3113C6E3B,0.07455863
ID_002A70DAD9,0.68305147
ID_DC5E131FA5,0.011323118
ID_C21204C2A7,0.09829996
ID_C703B61F1D,0.9669121
ID_EB57A33451,0.011262944
ID_497B0517FA,0.6470287
ID_3ADD72B45B,0.4576379
ID_303C959009,0.09214366
ID_888001D163,0.6648361
ID_63244139B0,0.2139124
ID_8544E398F8,0.03823763
ID_8967D210AB,0.053368147
ID_B162FAE2FC,0.055877656
ID_71BF27E620,0.022710692
ID_2A1E9F2F82,0.01817205
ID_D649605D15,0.038844727
ID_4F7A30EFAB,0.34637004
ID_08BD058C2B,0.1273791
ID_F42B8C5748,0.29865065
ID_34B7A9DD38,0.7130245
ID_5A881B5252,0.18020247
ID_771D5EBBC6,0.06891138
ID_308C318B0D,0.095020436
ID_35804C39B8,0.1430529
ID_6B8AE497BE,0.09926334
ID_4BA099FC7C,0.32031468
ID_DB49085DB3,0.3093599
ID_D49302C295,0.080211535
ID_4B99816124,0.60876745
ID_4E57D91A2B,0.34837565
ID_3EAF689B12,0.6180237
ID_52C90A8EDA,0.12751
ID_ED4E608B58,0.010958492
ID_69AE3B8D57,0.6351924
ID_18AD6D14FE,0.35588765
ID_6DF08CEC6F,0.04256487
ID_AB8B32F826,0.027388645
ID_BDDB3BAA8F,0.020510172
ID_E3E06C3CE2,0.022562781
ID_74F50EECA5,0.7573304
ID_22EF24DE98,0.016122296
ID_8C3E59D33B,0.13827784
ID_5DD32006FB,0.010655163
ID_F6DD040169,0.2031611
ID_72B611F73D,0.0130481385
ID_20B30ED664,0.01997159
ID_DA7172C80D,0.050850313
ID_7B9C2819A0,0.22362624
ID_47DCDE4DFC,0.40528297
ID_9EBF2108F4,0.06669443
ID_4E80DF850B,0.6034881
ID_2A0A68901D,0.011191989
ID_41E222AA9E,0.018845456
ID_C0491C54AD,0.027174808
ID_FBEFA1BA7A,0.58179414
ID_C61404C7E9,0.24050021
ID_0EB47D37CA,0.011281154
ID_A6DBED45AF,0.007336799
ID_5D25E7851D,0.01488414
ID_12BC08EE65,0.6553795
ID_D6C8B44610,0.013657723
ID_6918D894BD,0.041283883
ID_415D1DED1C,0.19876271
ID_2A8784C63C,0.09582176
ID_0407A2C355,0.040811554
ID_0741FDC84A,0.00960093
ID_F51B7329FF,0.00988435
ID_3073B55007,0.017043032
ID_DACAFD51D1,0.008317646
ID_80DD52D4B3,0.30397445
ID_E457940FBE,0.9542627
ID_1C6EACEBCF,0.22369505
ID_B8CF017256,0.032697536
ID_4D2F36D00F,0.19332144
ID_C2C0EEEA52,0.6070306
ID_1384E93F43,0.11889582
ID_5DB432AFB6,0.0062256968
ID_5439CC3072,0.017728705
ID_2C6E2A0F41,0.006659099
ID_87DA05B77A,0.02117791
ID_D1B5527FB1,0.02770008
ID_68C0F03837,0.014099953
ID_303968FCF6,0.3315413
ID_069A5613C5,0.015547985
ID_D9448C8A1A,0.13697839
ID_FE5F13ED34,0.07463429
ID_16C193E092,0.007219512
ID_6D9FAD8F48,0.4335593
ID_06A638C160,0.033875924
ID_93479BB870,0.01721258
ID_C75821DF62,0.18279783
ID_64D387C8A9,0.12369383
ID_A4B7A7DC03,0.014521776
ID_5DEA529EFD,0.36037427
ID_3BB2C4A7F2,0.3154451
ID_8E8B1FBE64,0.011855118
ID_FC3EB8F7A5,0.1284473
ID_222A9754DF,0.044385873
ID_63A2155EEB,0.6720427
ID_77DF9D4C9A,0.8277785
ID_1E775956DD,0.12514034
ID_F696482C32,0.042911705
ID_F3AD53672E,0.1342867
ID_1030BF6B87,0.03164069
ID_380EFF6BBD,0.013226675
ID_2D8091A6E6,0.028903535
ID_CC0E2E4881,0.040407304
ID_9FDB4103CB,0.09593578
ID_1D84049BBD,0.57281375
ID_5EC9D2A077,0.2027453
ID_CD2FE1EC02,0.006441145
ID_7C5CFB2B48,0.028434709
ID_9169ECE70C,0.6026247
ID_AE888D2681,0.01166001
ID_D3284B573E,0.0448325
ID_CEBE5522C6,0.015206485
ID_A1F13DE853,0.2899428
ID_5C5F3E1375,0.023535453
ID_3CDF5681C1,0.41495526
ID_F51D9DA885,0.27302143
ID_6C2C4CC3F5,0.0061284383
ID_8EF35B4AD7,0.11225953
ID_F72419296A,0.011777569
ID_8A3DA25B10,0.5072925
ID_ACBECDDC87,0.008330535
ID_37B7228AF4,0.31814063
ID_F59D1154E6,0.13824813
ID_6CE927E2E5,0.37795475
ID_FD4BF3AF79,0.0056592673
ID_F31D0D8B7D,0.0068365578
ID_7CCCB2E22C,0.21100223
ID_994D92AC2E,0.014741719
ID_D0AF01CA5D,0.010773005
ID_ABBCC91B32,0.07715343
ID_F4CDFA0015,0.49198794
ID_2C1BA2931F,0.16735223
ID_F2BB2AA8EE,0.08354112
ID_6CFEE62F89,0.6255707
ID_49B0CACB0B,0.27261138
ID_F4D3542EC4,0.007968209
ID_5FC82A229D,0.1912595
ID_4968358B24,0.00821312
ID_5647F35BD7,0.033682436
ID_126CA21E7A,0.16174345
ID_B8C2252DA6,0.0472423
ID_51E449DFA7,0.08833465
ID_029F4A1124,0.016657483
ID_FF9C3C1872,0.20956282
ID_540405B317,0.1250533
ID_B20CA0BD0B,0.021639282
ID_3009AA37DC,0.9992818
ID_1BCF5DB926,0.006390714
ID_7C4637761F,0.009867355
ID_D6E1A9A21E,0.8104315
ID_885EE71E69,0.03095434
ID_68D98714EF,0.20402873
ID_B8D6A5FBB9,0.061625876
ID_6342204591,0.5047809
ID_4A75265BBB,0.3693227
ID_3250193B84,0.0062303045
ID_A131DDC9A9,0.046975773
ID_9424E10762,0.024060411
ID_F2AFD9BD36,0.074234076
ID_09B52FA5F8,0.64355534
ID_031228D631,0.83508897
ID_8A575AC005,0.007046175
ID_A17CF1822C,0.101263
ID_869350CF68,0.013232702
ID_F475343CBC,0.010437207
ID_37FCA14059,0.9973083
ID_A111B2552D,0.03455935
ID_E6900DD342,0.5014207
ID_A4D36D9D1C,0.8197331
ID_E2CEC5079D,0.011070157
ID_DEFE6B36FF,0.016170675
ID_92BCD7583A,0.24866131
ID_7C6925163E,0.05719559
ID_CD910F1C3D,0.02540647
ID_AD10C08142,0.07577904
ID_B0CB716A9D,0.006854774
ID_060FEC6866,0.011195714
ID_6CD276EF24,0.007871298
ID_A7725A5753,0.012753509
ID_9EC3673758,0.0067427596
ID_8CC8B9FB99,0.15632625
ID_7B224142E3,0.19621055
ID_D89C3BA50D,0.09345913
ID_E0060B6D38,0.015788693
ID_204B4027F4,0.15626085
ID_301A824ED5,0.16038279
ID_622643E142,0.02148523
ID_F35DBD6C28,0.2102075
ID_B7C8A12E25,0.005762178
ID_3577E6054B,0.06380773
ID_4C936FC7D2,0.014538872
ID_CD988DEA4C,0.85381544
ID_AE318D0F8B,0.75612676
ID_BC88C97ED5,0.007833446
ID_46146BB106,0.21943218
ID_6FBE49DD7C,0.039422747
ID_72C19507D4,0.15100645
ID_DCE731F7F2,0.08324982
ID_C18755D0DC,0.56967765
ID_21E5ADECC4,0.038483895
ID_7A91116863,0.6702652
ID_DF48CDCB0F,0.06942716
ID_81188885AD,0.038590107
ID_87E015C79F,0.35149512
ID_5EC6F60C4A,0.042597
ID_8E49EA6DAA,0.0087624425
ID_CF0AE73FD6,0.017185565
ID_5B6C4F59C3,0.012150112
ID_6F38CD2AAF,0.41645953
ID_09396D97A1,0.33871374
ID_E2C6C7D826,0.1667082
ID_E392397664,0.009721474
ID_D216810066,0.063983686
ID_5114466C1A,0.024845438
ID_6C4E892FFE,0.63859797
ID_1DD7E09584,0.019165665
ID_5475E9A339,0.012882043
ID_06D8D3B1CB,0.0863573
ID_50FCFDE563,0.32924637
ID_E22E84262E,0.03532061
ID_10CCD850F0,0.014576406
ID_720C7BB99C,0.010385954
ID_193B785EA7,0.011005878
ID_E62895E9FF,0.023141498
ID_C662A342A0,0.0141264945
ID_06E3B54360,0.021797154
ID_0A47C5FB30,0.0090533225
ID_CF908ED7DC,0.093111
ID_D823F96BAF,0.046601526
ID_4C06E5CF12,0.05914756
ID_0B968D8DBD,0.11537497
ID_8790ECE4D1,0.24054565
ID_6302AF6AE0,0.007991188
ID_DEE40D6995,0.05676596
ID_23BDF9EC50,0.019341538
ID_8FD94827BC,0.06710819
ID_60B2A94C7B,0.039473135
ID_4D233B7511,0.074033536
ID_DBA5873D07,0.016698716
ID_48592D5304,0.04072549
ID_DB159D9337,0.04587706
ID_C10DE46CEC,0.97321457
ID_A6FC994FC2,0.10710311
ID_2286D4650E,0.09375485
ID_197F12811A,0.0053117867
ID_2FA55399A7,0.12197101
ID_9EE00BD18D,0.096387625
ID_8E51BE5757,0.00651921
ID_BA9BFD3A6C,0.117286034
ID_0A5C33E75A,0.2514186
ID_FECA1859C7,0.10710531
ID_13E333A487,0.37134054
ID_CEC285DF89,0.031752948
ID_3ADC15679D,0.008607361
ID_07D9EB3A1A,0.60606855
ID_2717DC8B47,0.011734542
ID_F78268E88C,0.31187728
ID_231F67D445,0.3665659
ID_E1D7579F34,0.013302465
ID_8009F38E87,0.018463142
ID_9FDC35A17C,0.3152748
ID_11B7EEC4ED,0.04296867
ID_6AA45693A0,0.015408839
ID_9696EB66A2,0.21316874
ID_C490E50732,0.009302146
ID_50C41FFB45,0.03352804
ID_3238D0093C,0.32126987
ID_58037A9C19,0.012158511
ID_FD39A46EA4,0.04565812
ID_D01B0649F7,0.26973298
ID_EAEAFAEA8E,0.021973502
ID_470E9A6DCA,0.2895511
ID_AB98DDD73D,0.12579551
ID_E27172AF42,0.25261074
ID_02143B2F84,0.17050822
ID_6B3E6E89A0,0.022960227
ID_3AEA080743,0.050416388
ID_DCD5D77221,0.13701284
ID_6AC823FD28,0.022919385
ID_369330559F,0.02377487
ID_F92658E913,0.03504196
ID_DA8AE1C169,0.007467473
ID_DAC14E060A,0.0067054867
ID_6E4E1249D4,0.008219103
ID_2CDF6B8CD3,0.17371616
ID_302DFD78F6,0.015898205
ID_A871A534BB,0.009195189
ID_92FB5B5ABE,0.032201756
ID_DA113811B3,0.0072064535
ID_CBFB603FBA,0.023284612
ID_B3110879C4,0.050410345
ID_9EB8344E10,0.0363017
ID_403907998E,0.0074970806
ID_F735BDDEA3,0.024528781
ID_3E5017DFDF,0.8902227
ID_28758729C0,0.054878388
ID_042C608FDB,0.11650058
ID_DCE31AFB7C,0.0044357777
ID_1873780F56,0.15398195
ID_DBBC646506,0.007912445
ID_DF87D84C46,0.011727815
ID_3C6B6C346E,0.0138932625
ID_24E3AC045F,0.020761203
ID_0CF9B8E8DA,0.05412249
ID_3A4A207C1B,0.009794073
ID_36B52AB228,0.029196637
ID_F767D7622E,0.06614294
ID_DB8A16C067,0.02114453
ID_5513D1B47F,0.20047334
ID_E365949B89,0.025928643
ID_E75BA66449,0.009896487
ID_BEF788A734,0.009606023
ID_E35D78CBCA,0.043621827
ID_8F3EC0F84D,0.73830444
ID_DE4E9694A7,0.4743779
ID_C318490704,0.018582417
ID_75EA4FCCE0,0.13215554
ID_BC5D67C822,0.41243258
ID_96B46CCF70,0.056877747
ID_37FBB86209,0.06912714
ID_F633C5C701,0.04340861
ID_19C244C979,0.059892684
ID_F1E4140D8A,0.4931343
ID_B8FC357D98,0.0117938295
ID_294EDE445A,0.0090369005
ID_6AB08C4587,0.07651574
ID_E96C4A3677,0.24238755
ID_95AC04DC31,0.005873721
ID_9B18F7FC25,0.34620667
ID_95067D5897,0.0065180366
ID_1FAA8B486F,0.0075743254
ID_A4DA936306,0.012268058
ID_A3F48E24E0,0.51479024
ID_91BEAB16C9,0.3049305
ID_E9EF3B754F,0.015554178
ID_41C2022FAE,0.10003639
ID_E427920DD8,0.29887536
ID_FC61D6B321,0.010617316
ID_A11145C29D,0.039665833
ID_63CDF132CD,0.04077535
ID_F531AE6071,0.035652313
ID_93CAB131A5,0.02747964
ID_E87F2E2974,0.011440447
ID_6DAC01F73C,0.05420515
ID_9F9C02993E,0.0052342704
ID_04EF3D239E,0.019166568
ID_9B3094AA0B,0.025734937
ID_E25A1AD426,0.1996976
ID_5F1527C9E9,0.068823226
ID_3FBAF2C55A,0.021707196
ID_572D9AF8E5,0.0052449927
ID_EE424F8D4B,0.32203424
ID_837AB80A39,0.014461382
ID_3572810A41,0.29371583
ID_0B1E7EBA12,0.03444638
ID_3AAB89CD51,0.29570347
ID_DB2CE30BF4,0.00643005
ID_9BD8EB4C0D,0.19297285
ID_B41F7D7A02,0.2342815
ID_96E0BA2943,0.023260685
ID_4BE4E2A6E1,0.01502923
ID_5A67D9916B,0.054617163
ID_C1FCB9C69B,0.049630333
ID_119BD8E146,0.17596664
ID_60A4EE6397,0.40202558
ID_85DE7F3EAE,0.036925677
ID_1093B3DAD0,0.48655522
ID_5B3E65805D,0.10489905
ID_8D44CF1BEA,0.028405434
ID_E6B55C4D64,0.0091688
ID_EFE042BD43,0.012874004
ID_68C2476CFD,0.090402275
ID_30B43AD669,0.13268171
ID_D58AA8A105,0.005715383
ID_9C390D3CC9,0.049276203
ID_705673D02F,0.0074740495
ID_49F75A680A,0.045745123
ID_95DB6090F0,0.027764875
ID_CC37F3A18F,0.08318755
ID_C698B7D5D6,0.01074341
ID_9B67125F89,0.006694899
ID_E5D25360AC,0.8048126
ID_9C71F8071D,0.11182838
ID_5D1ED089E2,0.4873158
ID_3B8382E0DA,0.015477874
ID_713C3CE602,0.013028216
ID_72104C4C8B,0.018187152
ID_C95C9640F4,0.18539308
ID_256BE0EA23,0.15409899
ID_824EEF18CA,0.8265737
ID_5897FCC474,0.14287771
ID_7E5CD71441,0.14778809
ID_99508E03B6,0.016386688
ID_2F570E02E7,0.07718742
ID_95A7520459,0.006055004
ID_CAFD1515F2,0.024256976
ID_E98C6A3814,0.13506846
ID_745EBDA00B,0.16012932
ID_25FE60A152,0.47604513
ID_EC3D83119B,0.35877758
ID_7E8ACAE235,0.18106256
ID_26635B6362,0.15771267
ID_20D26065A3,0.020481763
ID_2F9E9B2A3F,0.008795898
ID_EDE034237D,0.14858226
ID_F6BC78E712,0.033635847
ID_C8E252B9B7,0.053229813
ID_16D4235B86,0.07486736
ID_5CBE3DDB46,0.0080038225
ID_C208783AE8,0.053302176
ID_EDE12CF10F,0.16223036
ID_0BF96E44FB,0.011733566
ID_2A082625EC,0.006649013
ID_14786EF629,0.009538258
ID_5D3BA2F8A9,0.0075317095
ID_E4C83F25FE,0.03368808
ID_085E72ECA3,0.032594
ID_1AECD89BF6,0.01434826
ID_E30AC87810,0.075106435
ID_CCB0C27E74,0.06713871
ID_825127AE70,0.49249235
ID_2172ECE986,0.009632871
ID_76631B1B2A,0.7684617
ID_60B85D692D,0.16785032
ID_F0142D7519,0.02511913
ID_E3A7CEDBB3,0.075494215
ID_4EAAB6712C,0.079933815
ID_BFF41EF8D8,0.011016795
ID_2C418B4F64,0.016447278
ID_54B517319B,0.43174
ID_18CA96E561,0.035278622
ID_6C99C4D3E5,0.0151617685
ID_A9B2A74455,0.0673823
ID_F734EDAD0B,0.022559656
ID_0881609084,0.24312994
ID_A8E21DE99D,0.014613719
ID_FF4F8338C1,0.027390292
ID_558FEE55AF,0.6130022
ID_243E13671D,0.07074105
ID_E5A0C4D7BA,0.0051865773
ID_1EA8CC27B0,0.9044515
ID_77A1963A06,0.16016778
ID_651082DBB9,0.098293655
ID_6F8EF872CB,0.22932854
ID_2E03B040FB,0.07089347
ID_9D91D48F6E,0.04642434
ID_352F40609F,0.02238621
ID_A6B51D2CDA,0.77162963
ID_A1420684BD,0.006064029
ID_BDB88ECACC,0.05975794
ID_3A6E0A0FC1,0.008150357
ID_AEA974B14D,0.004490904
ID_BC9D4C859B,0.029661857
ID_14B07E3C52,0.054591358
ID_3A4FAEFB8D,0.04588709
ID_C5B7E1969E,0.14279439
ID_BEBBD35E3A,0.6735221
ID_B4C2D2AC62,0.10017613
ID_D7CDA77441,0.019140426
ID_BBBBA7E947,0.014085228
ID_AEF443AE74,0.15321715
ID_07EE8F1934,0.00919405
ID_12C2F03052,0.010918606
ID_0850E9DAB5,0.049212277
ID_CF3172F48D,0.41864675
ID_D94AA8A0BF,0.008360477
ID_A367814A59,0.022319954
ID_876652659A,0.15621175
ID_D85DB77BF9,0.02172301
ID_903FDBB055,0.08506492
ID_BD99CEB836,0.08746107
ID_57340B8BEA,0.27800724
ID_4732AC7135,0.005367008
ID_7E61F58052,0.011300692
ID_7ECFD926FA,0.054853294
ID_4FCB7A8CD6,0.035195652
ID_3A0D0EBBC6,0.9068776
ID_B4F8256336,0.0146394465
ID_0BF90CC97C,0.061148502
ID_74BE350605,0.75178623
ID_9525CA7898,0.3298867
ID_39F54FCCC3,0.8278472
ID_22D19C467B,0.26887906
ID_0790F11062,0.005731087
ID_26BDEF42E0,0.009723237
ID_3A993944FC,0.04950234
ID_9BC5F5AE9F,0.009767883
ID_966242F0B1,0.69164985
ID_70741D88ED,0.0048399162
ID_992C10FE94,0.13267334
ID_6A87252AE7,0.2545481
ID_3593521A74,0.031130312
ID_C4FE5F4277,0.17422907
ID_EE01AA4CB0,0.36769944
ID_A5E2BCB20D,0.2069765
ID_EEAFE3394F,0.029537639
ID_4F944A9161,0.033908203
ID_849321A1B5,0.05795694
ID_29B8AD9C4F,0.63502353
ID_5A3788D653,0.289179
ID_0BD99DAE8B,0.020304646
ID_60C0519211,0.015919302
ID_C40C777FC3,0.36956257
ID_6EED612A13,0.008562089
ID_4717F9430E,0.04329931
ID_14D8628F4E,0.037871584
ID_7D6A6CE509,0.024056157
ID_88C708D488,0.005999174
ID_FA7AB8CB10,0.53127384
ID_DBFB8CE483,0.05335928
ID_F3DE4C6D6B,0.4101541
ID_1B744D73E1,0.24343479
ID_3B39FF2953,0.06039705
ID_C5CB0C5958,0.057637136
ID_7377EC0235,0.35548592
ID_51DBB48600,0.0061763236
ID_3F33EC3921,0.008395777
ID_4A89E6BFBB,0.0074348566
ID_4CE310B998,0.47900996
ID_A13AE1BDF6,0.072815515
ID_5EA873B68B,0.0074984105
ID_35BE0C5B56,0.27890623
ID_D97C015C40,0.13355356
ID_37ACAD327C,0.23518449
ID_F6F331A002,0.043716967
ID_5A998C147A,0.013330727
ID_7E2D332250,0.19253445
ID_AD7CD9C2A9,0.06343215
ID_21B38C4818,0.45678332
ID_27ECB1B3A0,0.06262778
ID_911D87B9F3,0.9758587
ID_3D6A9CD125,0.023888957
ID_1FB04B4563,0.5156912
ID_D6D69577CA,0.038078737
ID_4E4ECDB84C,0.4991788
ID_2F8D905A6C,0.013970344
ID_D621A6A100,0.026623707
ID_4CF88B3D71,0.014963568
ID_49DB7D8C62,0.4698451
ID_6EE973E179,0.021328134
ID_91136EE677,0.007496153
ID_8194CF563C,0.16844156
ID_70B585B5E0,0.013346332
ID_E9D37B4196,0.027192028
ID_90E776DFD2,0.11476002
ID_6780CE7DE8,0.008473095
ID_7F5CA571A6,0.047598824
ID_1EA1840C0D,0.016027553
ID_142BBEF5DD,0.08624298
ID_A863418441,0.0045045936
ID_5A111F2C02,0.0077517484
ID_F80CA200D7,0.00872166
ID_438C4967D0,0.025530316
ID_C6EBC2D626,0.008000009
ID_DD3B94349E,0.12290228
ID_9A8E7956BE,0.019257456
ID_FAC32D7330,0.027438072
ID_2C2A1031D7,0.015374105
ID_577A5DDD01,0.039513387
ID_23805118A1,0.6514372
ID_D3EF85D3B0,0.015002503
ID_622D1B96A1,0.25998268
ID_8762D6A4F7,0.07701839
ID_F4D0D3C5B9,0.0060993587
ID_78D042733F,0.009817894
ID_31502BBF94,0.017519731
ID_0A132C6BDF,0.02660176
ID_5CA45C178A,0.10717638
ID_F77E8BBE75,0.0399596
ID_E3F66ED0A9,0.090607956
ID_D574B1ACC4,0.01088946
ID_6A8A25AF7F,0.08955871
ID_0454AB5A15,0.014664578
ID_F220DF349F,0.6840581
ID_5E077AC12B,0.7304772
ID_4CFFFE8110,0.053442433
ID_7A0419C8CF,0.012127361
ID_1865192F4E,0.0492954
ID_D02BE3F850,0.048412286
ID_12E3733565,0.017566955
ID_D8D19BA4C4,0.0122379195
ID_DE87B67014,0.0059665437
ID_C72B138274,0.0105214305
ID_90546AB919,0.009540753
ID_5D06F49762,0.031029603
ID_5E6FE6A11B,0.25273892
ID_329C9142DC,0.015931223
ID_E55DC2AAA8,0.008386235
ID_670731E193,0.051613078
ID_42AAB1D2E9,0.5588816
ID_DABC4E76A3,0.0070118317
ID_A065D050EC,0.07925709
ID_C8B2379ACB,0.30065724
ID_3AE05569F7,0.027683657
ID_701184D9A5,0.5499242
ID_48FD4959B3,0.059116956
ID_FDAEB758C6,0.008255509
ID_55766C9D39,0.23751768
ID_4B054964A1,0.007437908
ID_1D4CBC3C34,0.030935694
ID_9E18415595,0.08043313
ID_FB2522BFA9,0.009350288
ID_FCC19B1179,0.046839394
ID_8EF8B3C1A4,0.0152982315
ID_6E95DB2056,0.006574905
ID_BFCA819119,0.008939441
ID_63C5314965,0.005802307
ID_9F701DA06A,0.0068426975
ID_BADCD33D14,0.01342849
ID_AAFD31CCE4,0.07349648
ID_511D25620F,0.017540386
ID_66776993AE,0.014962006
ID_383056F74D,0.006824123
ID_743826361D,0.024044886
ID_99FC9D8D3D,0.010177179
ID_DD1A3A582B,0.41846493
ID_D64BCFF47D,0.12798229
ID_5FE1DB7684,0.082953155
ID_5D0623D103,0.016822917
ID_4F373A4D65,0.014905303
ID_44D99EB40B,0.007393595
ID_A00FE824C5,0.03617009
ID_AC47246D34,0.024471754
ID_503D51E425,0.29042554
ID_3BF7FD1B40,0.20564277
ID_4DB896360D,0.19369796
ID_EB2DB7EFCC,0.1121342
ID_53C0A0E82A,0.0056077344
ID_4EA4485FB9,0.09078093
ID_F94C0B9D6A,0.009502744
ID_D33A8BDD6F,0.7914507
ID_59A81B8CED,0.030842291
ID_56511E0F79,0.031733904
ID_21A37623D7,0.51099455
ID_B58F974CF3,0.04278738
ID_529E6F4850,0.5921516
ID_5CD42ED419,0.014695684
ID_F2D0326C5B,0.37099758
ID_D1B17BF4E6,0.043734383
ID_9175C9F397,0.042833917
ID_63507F0031,0.12735827
ID_F1D411B752,0.007383578
ID_EBBC6306C6,0.3443799
ID_CDB6D7C04A,0.38493028
ID_ACCBA7E9B1,0.011742332
ID_EE97D0316F,0.021709172
ID_5CE6D3397F,0.0150152035
ID_EA2D807320,0.15937023
ID_84A7D32875,0.029595876
ID_623B6EA602,0.006694213
ID_5531E567C4,0.46311548
ID_456B8479DC,0.061532356
ID_5BE1410EE4,0.79631495
ID_2CA0EA4481,0.03700845
ID_AB30066F5D,0.009239753
ID_BD54E1D236,0.2687838
ID_172ECC8E06,0.04142656
ID_C410806500,0.05735478
ID_EEFB5588B1,0.016522098
ID_ECBFD9EF36,0.10420124
ID_18287FBD60,0.1450992
ID_268ABD52C4,0.011837623
ID_6545E24D5D,0.008678839
ID_62EFC4872F,0.32578385
ID_C517850004,0.7919734
ID_B7C27D3EB6,0.018361518
ID_C2AFBAD42D,0.009625999
ID_AE01859B58,0.1862513
ID_E073BB1A90,0.21060961
ID_9FF2E89E3A,0.71791965
ID_0CD074F309,0.009431585
ID_60075A1A10,0.36014506
ID_2AFFEA837C,0.03707653
ID_0FAE206137,0.012080081
ID_B0808761B4,0.062241767
ID_08C7F75828,0.07659184
ID_A5E056DF65,0.023731971
ID_B3805923D0,0.12923144
ID_A4D9C8EA6C,0.35963088
ID_EEBBD3089B,0.03335934
ID_8D38E61E89,0.011511278
ID_33CB03DEDA,0.09443948
ID_6C81F71B88,0.030301537
ID_5033BFB84A,0.039688908
ID_23081E06B5,0.04945949
ID_4FB2CB3815,0.0074545084
ID_4D307BAD56,0.29856858
ID_E988774889,0.03143941
ID_3AD53F5DAB,0.9839005
ID_D20582F9EB,0.03326364
ID_23D6B9EBBE,0.09337333
ID_046321341F,0.005593397
ID_035FF41C92,0.007165604
ID_A5CFA51D87,0.055347625
ID_E53B996F21,0.03332918
ID_54BF5BE80B,0.05342879
ID_0D532E41DE,0.11828447
ID_98C140DBA5,0.032249592
ID_484B86188B,0.025574272
ID_12BA8EA42A,0.03237449
ID_E4C1BD32D0,0.019094886
ID_F2DA53C6C0,0.015379653
ID_5D2D272080,0.008746166
ID_706A7D613F,0.080555096
ID_C7EEE1676F,0.0060910624
ID_BD46D8C5B0,0.008299843
ID_431EBE28C4,0.108515285
ID_7D5339D4A8,0.007063363
ID_0088B14089,0.08451527
ID_938BACB922,0.13565463
ID_6FA856F3AC,0.22297506
ID_5AA1FFCBD5,0.63375133
ID_174D9B23BD,0.14266439
ID_54FB4186E1,0.023529341
ID_1899AD804D,0.057527598
ID_DFD33E15E0,0.04627458
ID_0D891CE0F1,0.053457465
ID_07C978D358,0.06362616
ID_27FD8FA3EE,0.015104606
ID_AC6DCE9CD7,0.005608147
ID_2A435A6872,0.09056945
ID_03D1B1DDAB,0.014815814
ID_84C6659E3E,0.029430574
ID_F3668DA68A,0.021259135
ID_1C6522E364,0.06884486
ID_AD540C6A3A,0.4703034
ID_C303E1AFFA,0.2824052
ID_1C85379C37,0.110594414
ID_1A5E061089,0.06552768
ID_AEADEDDFED,0.047652364
ID_94023D196A,0.054348078
ID_D5747A52EB,0.057787266
ID_F533CAE726,0.20590289
ID_BF0ADC43DF,0.006909139
ID_2DC436DCC2,0.015278952
ID_3742DE310F,0.10575844
ID_D776D8432F,0.08123818
ID_98A48F1812,0.06241223
ID_184105FEDD,0.22772484
ID_2EA2EEF188,0.09288776
ID_2A416ADFF3,0.22961071
ID_2844850E90,0.04405716
ID_FCAF58BD5B,0.09877897
ID_37DCA13914,0.10566097
ID_DE180A3840,0.61086136
ID_058E9234A8,0.085510135
ID_A745B59744,0.27393112
ID_ADBAC7C51C,0.02261422
ID_FDE2EE4BF2,0.024116093
ID_288D2929B3,0.2747996
ID_DAE3ED292D,0.008512686
ID_21F5FBB43A,0.0137241855
ID_FD7E1B9713,0.7817827
ID_C52C261278,0.6843945
ID_0C161C4ECA,0.15636124
ID_B6FD75AD1C,0.064832896
ID_7DD7587BF1,0.025609143
ID_B5781E4DBA,0.8169133
ID_6E73E1F99A,0.15006304
ID_2950B18D06,0.029201647
ID_9120F3B3F8,0.10364649
ID_7B15EFD2D2,0.0467997
ID_B5A7FBF239,0.072886646
ID_BE73E1EF19,0.33821976
ID_8AC87E7FFF,0.2714194
ID_6162433499,0.011610878
ID_7C5357AAB9,0.016822413
ID_2254697CC7,0.080136955
ID_47528C108F,0.019770764
ID_3BF6291207,0.7528084
ID_F4195F4808,0.041520547
ID_7523A3C22E,0.4086281
ID_B2CA8F2E1C,0.00739138
ID_4EB7263DE0,0.16262215
ID_F2D078EEF9,0.055221055
ID_5DE870AEF3,0.050709162
ID_8AC1A4EB5A,0.18696848
ID_C5A52C0D3E,0.033564046
ID_6879EC6BE6,0.13829248
ID_D9B01D9769,0.39415637
ID_BD34BF54D6,0.023605134
ID_5068C7FC7A,0.53193307
ID_753E6598DC,0.0062260213
ID_6E4FFF0B9C,0.8385014
ID_03D5EE8865,0.56681365
ID_EF41CA3C00,0.031658486
ID_AB2B9F9505,0.094936185
ID_D29BB3A9D6,0.7352718
ID_F769835BA8,0.049871884
ID_28139C76F5,0.72801006
ID_5BF70227E3,0.8855224
ID_329C9369AE,0.012880502
ID_805F4A1EE8,0.030144766
ID_8455E1FDA4,0.025804803
ID_1F79A4FF3C,0.0067935325
ID_F7F26ABC44,0.071786925
ID_F6FC102048,0.006813971
ID_B20BB43C1B,0.033600826
ID_FACB329F52,0.11784985
ID_1CC96E12CA,0.3474905
ID_0BF13F8FC1,0.011616113
ID_A6AF695D26,0.082257785
ID_3AA1906C75,0.020449162
ID_ADE89077F1,0.6847264
ID_8828A3761A,0.022201769
ID_9BCDC7B035,0.28088903
ID_060FBCDFBC,0.008802462
ID_9878D2925B,0.01408368
ID_D017A7FA89,0.014498393
ID_615D2BE9E5,0.17342006
ID_A4B873982C,0.12886488
ID_1141345BCF,0.80469286
ID_DAE234B3D2,0.6423054
ID_2E060CA076,0.018423265
ID_F93B85D955,0.026566632
ID_0A14DF4E28,0.007889344
ID_586F46F3A1,0.014624301
ID_28C4A6DEAD,0.036895785
ID_D7D48622F0,0.040761426
ID_32635D08A3,0.018240292
ID_45BFA52141,0.45369452
ID_165EA35992,0.69580525
ID_A513E41578,0.2205982
ID_A5E3D02A17,0.0145911705
ID_94E8CB718C,0.013172512
ID_EA1BDA0D57,0.050843693
ID_ADC865DE23,0.042372
ID_E9AFF0DF3E,0.013485816
ID_8D66594807,0.20812331
ID_6129B7A380,0.20970796
ID_0E4682941D,0.11261303
ID_3BA09F971D,0.29705882
ID_D1ADFE7E88,0.018628871
ID_955C9A7045,0.057452034
ID_0122B5E97E,0.060197376
ID_1318FAE677,0.22594783
ID_BCA06D7FE2,0.100853495
ID_FE8CF8E93C,0.68835497
ID_68BD6135F9,0.26828936
ID_54C7FF7BFB,0.030185545
ID_C3FBAB22A3,0.023855135
ID_90606A35E5,0.17398752
ID_ECFD58A845,0.2899196
ID_3E1346BE56,0.010841604
ID_54C82FAC03,0.05589236
ID_254AEE27DA,0.026690997
ID_FD7C68E0F9,0.16934702
ID_F016CE14BD,0.20218492
ID_73D9754D75,0.35887498
ID_04F52C3A32,0.23987469
ID_AB11C1A237,0.5290726
ID_1C65E66F0F,0.053271327
ID_DFB06C7F81,0.013216604
ID_55DD83015F,0.03853981
ID_F974502C47,0.006193242
ID_0A1ED1E86C,0.5446669
ID_2E2374DFEA,0.009650224
ID_1C84A5C6EC,0.18374807
ID_217315D147,0.055330027
ID_1ECD6AE338,0.14482053
ID_FBE9B92487,0.05573516
ID_8BC0BDC0D7,0.065836824
ID_50E7FD2802,0.012600805
ID_D0F6815DFB,0.01817168
ID_5DD743DE28,0.09557608
ID_61FCF7970C,0.010473924
ID_77D52C93AD,0.03945093
ID_899C3A0920,0.11792373
ID_813F2FDC22,0.023836732
ID_EBFA0D6992,0.008663326
ID_E35CB4FEC0,0.04305571
ID_278D747D59,0.045241617
ID_187B260047,0.017631404
ID_4CB0F85FC3,0.008218121
ID_322521201B,0.023727998
ID_078614B8DF,0.036392823
ID_753447C248,0.5277385
ID_EF04AB7E6A,0.014888446
ID_436002C4EF,0.0079203565
ID_E2BE34579F,0.03869348
ID_12E869826E,0.39226314
ID_014B9220B6,0.73510253
ID_544FD71CCC,0.20088527
ID_68628B60C7,0.30510852
ID_0556AC3498,0.06453939
ID_C73C7B3C6A,0.046209414
ID_1CA46D3474,0.085970975
ID_81E1F559A4,0.004924551
ID_4A8FA5CF78,0.87870264
ID_7534E48D92,0.027560346
ID_75A93641FB,0.012624648
ID_73BCAA15F7,0.029825196
ID_B1F7988A26,0.13813289
ID_F5E87A8D45,0.03925141
ID_84067E4B52,0.2892721
ID_2F65390A8E,0.0068210256
ID_2C06699BA7,0.068483755
ID_9C6BC10EA5,0.3112484
ID_15CDC3DFDA,0.008066134
ID_3F1B314CC9,0.21282752
ID_8AFA315EED,0.12876692
ID_A3C5C1B9B0,0.008650256
ID_052E274DFF,0.011305013
ID_BD259B8FF0,0.044544727
ID_E914535BCE,0.39974764
ID_E06981093E,0.2712057
ID_7C163AAEB0,0.36340067
ID_53106D0C19,0.056507878
ID_F81E1B363A,0.021113897
ID_A6A22A598A,0.026330214
ID_FC06885642,0.011924959
ID_01252107E5,0.032592148
ID_A230581FBA,0.013989991
ID_260C744AE1,0.010586009
ID_2CF5A421C6,0.25722936
ID_88E1431BEE,0.03263345
ID_F20ABDABCD,0.013787536
ID_9C9B8177FC,0.792034
ID_BD8CAE06E6,0.24804528
ID_5ED2DABD97,0.030986166
ID_0B72827019,0.4967942
ID_84461487A0,0.1073034
ID_1D15D05AC1,0.005739324
ID_671C5F9956,0.10389617
ID_7510E8A5FF,0.009921379
ID_C5487B554D,0.06637665
ID_113844FF88,0.3452157
ID_DE5CFB3778,0.019087452
ID_1F12D2CA6D,0.9021279
ID_A27401DF49,0.18924119
ID_758700FD4D,0.09778827
ID_F19A2CAA6C,0.19769707
ID_BE8F585456,0.71750164
ID_4A2222B75A,0.06182037
ID_2934B6FC4B,0.04810189
ID_544ADDCBB9,0.021011623
ID_4570D75FC8,0.69380486
ID_9552608D21,0.27708617
ID_5E640B64F6,0.019895015
ID_CBBDD3D8B0,0.019098343
ID_D2BC0987BA,0.00597433
ID_8944E9CED6,0.003953783
ID_96BB3DB513,0.07929772
ID_B9CC2B900A,0.34661248
ID_00F789D595,0.01904008
ID_443137CE66,0.19421469
ID_E2A8954E2C,0.0766817
ID_7B5C75669B,0.110535435
ID_216B8C35C6,0.05830561
ID_BBF54B8078,0.022484396
ID_01A84524E5,0.11432253
ID_4502305CC6,0.7783477
ID_217CA8CAB6,0.02667781
ID_87281A2B86,0.03263734
ID_4E4D43E62E,0.892304
ID_8B8581EE1F,0.01902969
ID_C022457E9A,0.115847535
ID_B791AEB0AE,0.10360309
ID_C35BC4C0F1,0.012690254
ID_74A50C8CA1,0.01361698
ID_971F11494A,0.42313594
ID_EA7E436EAE,0.0817643
ID_AC4D78A91E,0.021991085
ID_CCF21AC8CD,0.02299608
ID_2009CEA7D1,0.072503366
ID_B409AFCBA8,0.018648174
ID_D7B6795DAB,0.016094396
ID_9A5BE0B06B,0.02521589
ID_C92120C2D8,0.040096562
ID_935441D299,0.008515885
ID_0110AD1DE6,0.011716094
ID_79DE0E9BF2,0.02946413
ID_43D02CA23A,0.026326478
ID_89C99AAAFF,0.07359892
ID_AA40E14AE0,0.105712354
ID_1EE570B5A8,0.016653225
ID_276F0B0350,0.30412588
ID_18B888211F,0.112933874
ID_1B1E3A7507,0.018194642
ID_9F3B9B57E7,0.08238728
ID_627DB28161,0.01645484
ID_71E5746C24,0.10436889
ID_3D46175CDB,0.019699417
ID_F1446AD83D,0.16115126
ID_0818C8C35E,0.061515503
ID_8968C93ABA,0.006147565
ID_FE0D9495A6,0.009195491
ID_A6A4395246,0.08663394
ID_A00D69F253,0.08244039
ID_EFCCABB24E,0.21783514
ID_A9AD53EE87,0.01094648
ID_24A6701B14,0.007024052
ID_4045E0A157,0.045243513
ID_DB23E9EBDC,0.007935239
ID_152E92F7E7,0.009968722
ID_22572FC2F8,0.12941061
ID_05278879FF,0.008008984
ID_5A3459DFF6,0.25407037
ID_656D8E1035,0.39882743
ID_D95B396268,0.015919361
ID_1B19B34B14,0.8832903
ID_A8B19AAC9F,0.061667264
ID_5D63D4D286,0.2617111
ID_BB212BB065,0.050928
ID_1DD3C70914,0.090759225
ID_12928BA3C0,0.94745374
ID_8867201192,0.11721277
ID_44E6FB9413,0.22928992
ID_49A6E16F9D,0.6668495
ID_C40E9D4F63,0.17391177
ID_1C180187C7,0.057945628
ID_16FF0ACCD4,0.02280808
ID_566342347E,0.011604312
ID_3019F25953,0.074578285
ID_B8365FA44B,0.07959129
ID_5D49601A16,0.023985712
ID_5034C893D2,0.38963532
ID_547B351A4D,0.37118393
ID_EAD4A19CFE,0.061483108
ID_6D31507E6F,0.009608925
ID_A677C10044,0.28171313
ID_54E6B236D0,0.12100047
ID_62456473FE,0.02093741
ID_8FD57617BA,0.00985673
ID_F77891A75E,0.10119995
ID_B27E1095B2,0.1697146
ID_3CA5FD2F77,0.052811705
ID_519BF6D678,0.04100791
ID_571EEFE4A5,0.27286276
ID_74467A13BE,0.032818563
ID_A9A218AE2D,0.018294396
ID_42A4026529,0.28194568
ID_00D3B00034,0.02559296
ID_5ACBCDC0E7,0.377133
ID_F298DEDBF3,0.013391935
ID_4ABFB5D98E,0.06818193
ID_DA4EBDE548,0.056630187
ID_0EB46E6222,0.20202482
ID_48C82CA62A,0.02399859
ID_D16C10FE68,0.06300157
ID_CF736F1B27,0.023833573
ID_5F31D5B95B,0.10087433
ID_5D8707B97C,0.17980465
ID_5AB35D3698,0.13651939
ID_BA1FEABB82,0.4236616
ID_22CB248B06,0.22337537
ID_EB25298718,0.025875425
ID_18B6AF8655,0.005564614
ID_57496149E6,0.016311457
ID_58FE23D88E,0.067839034
ID_190687447B,0.014299507
ID_9FEB3F2B01,0.023791466
ID_08D94BF98A,0.036644615
ID_3BCAAEB49E,0.12770209
ID_4EBB89E7CB,0.015661824
ID_917E2493CA,0.022162931
ID_0D9D94587B,0.040677596
ID_8D832FBFA0,0.00895094
ID_E40AF472EC,0.012037517
ID_52B9DFC136,0.22490911
ID_E5D7226B1B,0.10640897
ID_4B652E4C4E,0.012648564
ID_47D06F9639,0.7421337
ID_3C18146E0F,0.021470547
ID_51FB50AE7B,0.026136164
ID_00925904CC,0.014184692
ID_4CA55B81AD,0.059960324
ID_387708C3D6,0.0068410924
ID_93C475259C,0.057533484
ID_EF7CCA5CAC,0.06877543
ID_28386113F4,0.7823849
ID_907BE9A3FC,0.019207785
ID_0F5E5AFE03,0.02939591
ID_C7DC350DF7,0.112218276
ID_5388D7E369,0.15384808
ID_7893449B31,0.013745192
ID_667B7F14F3,0.120497406
ID_7ED811E9BB,0.06708976
ID_94E2804629,0.027951095
ID_DF97D0F623,0.0684108
ID_63096DF581,0.066991985
ID_742E72CBC0,0.48638135
ID_FBAC3030D6,0.061517805
ID_3E454A8484,0.03176126
ID_04C07DE5BD,0.028305884
ID_27FD84E4AF,0.1508866
ID_85BC3625E2,0.011610466
ID_92650626EC,0.020350477
ID_2429C3F371,0.2923422
ID_090D9F8D60,0.012097362
ID_4FDB5D6A0A,0.06435117
ID_B53A7762ED,0.019920867
ID_6EB5D34A84,0.007617584
ID_0FD1884249,0.3920252
ID_A7AB718197,0.037261315
ID_46285264CE,0.5905401
ID_6B8DD70691,0.2419445
ID_6193658172,0.048768684
ID_AB4AF53C90,0.24468143
ID_485316B76C,0.04255756
ID_B52EF55C27,0.7016554
ID_CF60C81B95,0.22989783
ID_7D932DAFF8,0.07116433
ID_729814DDDA,0.25334108
ID_D1563D909E,0.08239778
ID_53D4EB7DF3,0.039145634
ID_EF5F3A9D5E,0.020347549
ID_CBFC6279E7,0.78778833
ID_1C3D14F808,0.22067647
ID_6D331BF304,0.018954748
ID_637B62C121,0.037867814
ID_4C3008F5F5,0.09131605
ID_E189EADB5D,0.028479792
ID_475D64A52E,0.011498261
ID_E551AB7C6B,0.09996062
ID_AE9BF52DE3,0.020951644
ID_BA4E465EDB,0.045117587
ID_B43B1FE05C,0.3995925
ID_23F810436E,0.15469381
ID_10E881087D,0.11173919
ID_47A5964A36,0.040364068
ID_63A1D6DCDD,0.016676126
ID_2C924BE791,0.17273757
ID_AF07DF5AD7,0.1866594
ID_544396F2F9,0.04502667
ID_2E5F5B9F7B,0.78056514
ID_D2453A5BFC,0.1141358
ID_13B375FD86,0.014471111
ID_DF289E211A,0.010542087
ID_DE27AB87AB,0.09033188
ID_019456DF4B,0.00489774
ID_D71CF6A923,0.026057454
ID_8BA0B96537,0.41330618
ID_24DDD97735,0.02782348
ID_5E0E637D1E,0.03339368
ID_29C518A695,0.010507119
ID_B5D13E49CC,0.93655854
ID_7720861E94,0.06301186
ID_BA2CBB3A7C,0.0112394495
ID_2E2FF45FD7,0.049265753
ID_983261CC8E,0.19884153
ID_EB43A74B59,0.4289155
ID_9C76501AB3,0.32446447
ID_16D297F31D,0.016542338
ID_7A067EC425,0.03178824
ID_2AB877F40C,0.008123452
ID_78A2CF1DA1,0.00651638
ID_88A3076488,0.010320888
ID_3EF07C0995,0.11619022
ID_7912354DED,0.009388787
ID_231CCAD77F,0.023072045
ID_1C16C94195,0.8657214
ID_4C9D361CCE,0.016863542
ID_08E88B4295,0.29502204
ID_C81DC637BF,0.03080306
ID_B07D80B5B8,0.30793062
ID_7958455808,0.6406789
ID_945619DE84,0.019321496
ID_9C222EF4D5,0.006327348
ID_6B0D464AEC,0.025841812
ID_B632DF5E4F,0.101946235
ID_7590C0F04A,0.016605422
ID_39A27375AD,0.015177434
ID_DD5074449C,0.97829396
ID_9EB354F559,0.015251235
ID_D87C3D53EE,0.29215166
ID_9C3C6F16FE,0.092229836
ID_E6CD94141D,0.018181251
ID_939E414EC3,0.045138706
ID_8F24F97CD1,0.056515153
ID_32488D7A45,0.017573964
ID_EB5699D36F,0.015630417
ID_B11ADE3358,0.08267561
ID_5E34D95401,0.068691164
ID_C2B8957CE3,0.018042319
ID_1A5FC09BF5,0.24550882
ID_3AE81B8221,0.0067968974
ID_933B59442C,0.007595726
ID_391BA53333,0.036955178
ID_6D2A4DA194,0.04876648
ID_27B263633C,0.008111989
ID_EF25B7065F,0.10045621
ID_A9FD64A50D,0.03954556
ID_CE352F7153,0.010607299
ID_50C713A205,0.03490949
ID_AFFCC013C2,0.029850446
ID_28462BFCB5,0.030255498
ID_3318D82C2E,0.05212973
ID_96A8E67906,0.008639997
ID_31C301F2E8,0.009522571
ID_285A0AF834,0.00874656
ID_176CD4C12C,0.03644501
ID_FE897D6CB2,0.023637816
ID_2AC1630229,0.35863587
ID_6B3C068C28,0.06373718
ID_6D3CAB2B3B,0.7403738
ID_1C2AC67175,0.23693846
ID_A2202743A7,0.03644834
ID_4EC441FE3C,0.012251218
ID_03C8111DBD,0.018556379
ID_6B81F9928F,0.02404089
ID_E59873916A,0.014063431
ID_FBFCD5E012,0.030257398
ID_CB2909F12E,0.13038108
ID_7FC5A83145,0.18140255
ID_0461592500,0.107174546
ID_63AA67A614,0.037709057
ID_CB9BFD2C61,0.014357174
ID_6EB69AB28B,0.029147048
ID_DB59FC9328,0.115641445
ID_ED2E91D331,0.19726819
ID_AF122E7E31,0.049094137
ID_ABD4A06985,0.1220421
ID_4F6E07D121,0.02790471
ID_9ED84C4314,0.057788197
ID_55C70D197C,0.0075692106
ID_1EE979CA9D,0.37437326
ID_3642891CEA,0.031806387
ID_61294B57E0,0.2004133
ID_42A48FA53A,0.07900923
ID_9D8DFBF32B,0.08771127
ID_33DE0E3EE6,0.35526377
ID_8518910C12,0.040584687
ID_0CED6E528A,0.8895588
ID_8F92842FE2,0.008697153
ID_A09551F9D6,0.1861178
ID_32644C0006,0.05389241
ID_2D66A2273B,0.010349128
ID_6F5558B011,0.024167493
ID_AA2A915FEE,0.07663991
ID_A44D819A6E,0.09078219
ID_A15DEA48A1,0.24194367
ID_1AE66E5704,0.01074919
ID_08013E549D,0.032585077
ID_4952FA3D77,0.5056842
ID_F6A0B51358,0.03470134
ID_3AE3B71BAA,0.012902865
ID_DBFE955D7E,0.022714816
ID_842BF16027,0.5225334
ID_9325C42C42,0.00697231
ID_53FBBBFA64,0.6203234
ID_AF1D757039,0.06881855
ID_B90D674D38,0.12393299
ID_BF8D996E8A,0.11768628
ID_46F8310EC5,0.060239118
ID_F282F9BA23,0.051602375
ID_70A805251F,0.034459505
ID_8C95BCCE3E,0.27376577
ID_6745A69F21,0.042569067
ID_D2436F4618,0.1162404
ID_0C0903D5A3,0.025505485
ID_184A5F4C13,0.029047739
ID_A04A162357,0.112343915
ID_EA8C118F3C,0.013993031
ID_16740D3CE6,0.110484645
ID_494ABFA91D,0.14952652
ID_90C45729AA,0.20816661
ID_F9504098CF,0.013705642
ID_CC09D02FAA,0.033244304
ID_C0667B3A30,0.058012106
ID_160445D086,0.3030644
ID_C728CAD067,0.027275374
ID_5F89692CDB,0.004284107
ID_BAF5A6AA5D,0.009753643
ID_50845CBF01,0.24123865
ID_E89414B3DD,0.10264456
ID_D2A8131492,0.01613356
ID_1592161F41,0.48730025
ID_02D71C73BF,0.35183328
ID_5996F612F6,0.06375191
ID_8BCE5D0FAB,0.14763236
ID_AC31E592A8,0.008979795
ID_3F8F924258,0.031647924
ID_022F7EF934,0.0075490973
ID_FBED360AD3,0.0076911836
ID_372B569A9B,0.33698857
ID_6EE1B2822E,0.058336023
ID_8FA1699CB0,0.48902434
ID_1B134E3894,0.18111056
ID_49C94E7D3B,0.019277176
ID_D87037C270,0.2456502
ID_314758D733,0.015249801
ID_EFDD4C2FE1,0.36067823
ID_D374D7DEA1,0.45295084
ID_47AB014E32,0.014186782
ID_99D558E02A,0.010364646
ID_D165FFC904,0.7068724
ID_FB3DD2D9B0,0.011456492
ID_BCFA76975E,0.0076843025
ID_AACC917C69,0.26834837
ID_D01589E74C,0.09178085
ID_BEC9FC2D9C,0.22832605
ID_112A1BB783,0.11987532
ID_B6FB358A93,0.5447842
ID_32F469FC6F,0.10684337
ID_E8A4EA90D3,0.10916242
ID_9996D37EBC,0.17185754
ID_AB3CEB2B9E,0.36913088
ID_5507C6E183,0.011759862
ID_B6436C1EA8,0.03508731
ID_E9B3C70216,0.0077075027
ID_95BE266A30,0.038137615
ID_DD12FBB7D0,0.008436956
ID_C2BE6362B9,0.034592878
ID_DAD1B260D8,0.052791964
ID_82501A6AC4,0.6707821
ID_FC0593390D,0.0065309587
ID_2F809A42D5,0.025618358
ID_13197EFBB7,0.2218122
ID_A2FB779854,0.016058296
ID_1D9B8F2ECB,0.20805205
ID_1892A40FDB,0.036253683
ID_975841CC81,0.023730205
ID_BC33452192,0.10761425
ID_C41224386E,0.014406984
ID_F9D5B0099D,0.042776622
ID_A6149CB9BD,0.015926173
ID_B5458072B9,0.01896505
ID_927D0D0B40,0.009529869
ID_C66C7971B8,0.010050489
ID_1E0A43B0C1,0.007580796
ID_05B9F8CE01,0.63142574
ID_5544D3345B,0.16002333
ID_EFB041142C,0.38698116
ID_68BF6DDB8A,0.38383377
ID_12C57E2A6A,0.009740795
ID_250717A58F,0.02924911
ID_287CE489AD,0.00877594
ID_D3217EE9F5,0.013702678
ID_AE9E1C654F,0.34418887
ID_3B80AA0177,0.041349355
ID_36DFC220C9,0.1358755
ID_C2E4F8981C,0.06707922
ID_179D195BD0,0.33329725
ID_CE5A2BA758,0.40126398
ID_5F766F9BB1,0.017624356
ID_320A1F8D8D,0.022188157
ID_AE03349EF8,0.04361135
ID_7E07C5FDCA,0.1337056
ID_5154969762,0.012936277
ID_092B5F37AB,0.020856518
ID_F9CAFD978F,0.15201917
ID_173609B2CC,0.02034828
ID_99A4CE29AA,0.008484336
ID_335A12B4AE,0.014319156
ID_62224A03A5,0.033814557
ID_741A77CE3F,0.12514222
ID_0EC44FD9C6,0.04540923
ID_F7466E6AB3,0.043686848
ID_A27E3687B7,0.036577627
ID_852484DB1B,0.42564696
ID_EFD42D22F1,0.84004927
ID_3BDDABBA55,0.23389357
ID_0BCAE97DBF,0.024106834
ID_BB69D0ACB3,0.28995022
ID_DAB663C334,0.012517392
ID_BF7AE0BA97,0.018901784
ID_231B3A1C15,0.013537835
ID_84DCFCB85B,0.44674024
ID_4822E39BDD,0.05053329
ID_6114BA4A4A,0.025987837
ID_669B8CF409,0.028102828
ID_EA76A57C18,0.029253786
ID_8480C9984A,0.5398528
ID_0DD13C1B44,0.2701401
ID_90D46622C8,0.019955095
ID_56D5BE5D71,0.28788286
ID_0B68149590,0.052937046
ID_487F73AFBC,0.010118986
ID_4082FD3A25,0.17026773
ID_4D0A51914F,0.030836724
ID_A5CEB16858,0.14818892
ID_70D005B714,0.41517186
ID_15FAFE13AA,0.32236713
ID_0C2C91A045,0.2768264
ID_5A6DFFA6A8,0.05347918
ID_BAAE9EDAC0,0.067431256
ID_A0788E31C3,0.05948111
ID_761CE30363,0.026469566
ID_F722C92B76,0.013120674
ID_CB820C7B72,0.014074138
ID_1C6A6F0601,0.00888351
ID_00C64C08F2,0.007679929
ID_1979F85CEC,0.24488026
ID_F08D4042B4,0.05141814
ID_244AB7B9D3,0.00748741
ID_F4D6D9D959,0.00918845
ID_D027B4690A,0.007834363
ID_7E3BBCA892,0.014600413
ID_23C1E7AEE1,0.067165375
ID_A8751430ED,0.005734043
ID_00E8943D8C,0.00972462
ID_6809AE7641,0.009774218
ID_4EA56B1C42,0.008757898
ID_F97C2BC1D6,0.4400692
ID_C2D583A0CA,0.032978747
ID_FE0579D5D3,0.069140226
ID_04D092C2FA,0.1617714
ID_47B3755452,0.22079016
ID_39812AB850,0.97061366
ID_63E81CEB54,0.022744188
ID_A4E908234C,0.013273148
ID_73D991C0DE,0.026544413
ID_84AC603674,0.053466726
ID_84C0EF834C,0.020767769
ID_F9FCBCD348,0.05007487
ID_476FC85034,0.5719619
ID_7983336676,0.21671787
ID_574BA95972,0.052618444
ID_A369C8D2EC,0.007447831
ID_9C634BDF13,0.03488174
ID_3FF8DB770F,0.100536786
ID_BD3465F7E3,0.025004035
ID_F3803576A5,0.014595432
ID_A77FBD03ED,0.05011
ID_8FFABC80C8,0.010735937
ID_FB41DF1DAB,0.5219682
ID_6BB2638F95,0.007350706
ID_726F08E402,0.007875214
ID_E52BEA205F,0.083678775
ID_C58FAD609E,0.012892201
ID_DADC9A17CF,0.012637211
ID_5EF7B888D3,0.09172726
ID_A0A233C764,0.0060149566
ID_E66A887730,0.0049616625
ID_68341BC6E4,0.012529471
ID_56322C3602,0.22381665
ID_F16F60120D,0.3215122
ID_5D83D1D5C8,0.51484793
ID_20982DA475,0.10667538
ID_0BCEC73296,0.031849664
ID_8F5202ABAB,0.12033825
ID_464530A892,0.0840092
ID_3994887DFA,0.13436657
ID_B7F581C4A7,0.011482394
ID_DFB2C33389,0.58918697
ID_3E67DF4E29,0.28701413
ID_BD23E07B18,0.024763368
ID_E1BB5317BF,0.0255016
ID_9833DA813A,0.014924234
ID_31F35EF082,0.027373813
ID_CD51E20F50,0.056135163
ID_72753EFBEF,0.0047416496
ID_09DD887CB2,0.08756179
ID_58F40C3695,0.17794153
ID_0EB6875F89,0.012951719
ID_47E81D8672,0.26089936
ID_A5FC9BF654,0.025372013
ID_3DF144B8C1,0.009637429
ID_6E53A2CEE7,0.20463467
ID_F83F7C05E6,0.008142353
ID_E884361EA4,0.26830986
ID_D917662B1C,0.1634755
ID_8E6AB650C3,0.36818027
ID_1ECDF85E39,0.02336568
ID_1595503DBD,0.0156008005
ID_BE68F13177,0.021351881
ID_81F3163CC4,0.8895087
ID_B79AD943FF,0.10647358
ID_3C48B93D08,0.008781692
ID_08D2DA5220,0.014042059
ID_CB42A85538,0.13313386
ID_E81C10595B,0.021852652
ID_4F437B3476,0.07984275
ID_D743C0D42E,0.058215924
ID_659A3BA9F4,0.09689225
ID_0BDC371F3B,0.00949874
ID_1EC813D74F,0.18466727
ID_FBC678ABF3,0.2953816
ID_B8FDDF87F5,0.012278091
ID_7207F11112,0.061439
ID_96F82B4D06,0.010255699
ID_5D3043DB95,0.40143788
ID_33AA039490,0.009249171
ID_A228FB8A90,0.006904257
ID_6205CD0300,0.022718016
ID_E1A6AEAADE,0.07125537
ID_BD9E5762DD,0.029699251
ID_D64293FDE6,0.064609155
ID_239E0256A9,0.023216294
ID_A028EE9308,0.06522792
ID_5CC46626F0,0.22461127
ID_7460179CAF,0.059711028
ID_BDA475BC37,0.021733744
ID_917D3431E2,0.008390773
ID_0ECE3D2EAD,0.28511792
ID_FB92729A9F,0.04102347
ID_0C069B1DF7,0.372892
ID_4CA6CA8D0B,0.030552251
ID_0F15C6351A,0.010675008
ID_439A2221EE,0.011208593
ID_544C0AADD0,0.015486207
ID_0CE7004CD2,0.16325025
ID_EE33608E99,0.005110304
ID_6BB7A99BE5,0.05561487
ID_BBC66927F4,0.0053464877
ID_E58FB1F1CF,0.05222664
ID_E9AB6AB8DE,0.004896744
ID_0F0143FA01,0.018688107
ID_528112A33E,0.056540422
ID_7303991F08,0.011491452
ID_D4CB48AEB9,0.26692304
ID_A0DFC6E649,0.07278638
ID_E59864D5E3,0.054092426
ID_29C13AA729,0.09685397
ID_DD0CF119E6,0.113938645
ID_A346FDD7FE,0.019853337
ID_B320EA9295,0.038304947
ID_9A47AA4176,0.20081179
ID_73675B8735,0.018179394
ID_C13CE14CED,0.09162913
ID_39D38F296D,0.0061708903
ID_C2A3DE2969,0.007904672
ID_F97C4DCF75,0.0052380357
ID_25C66E5697,0.10462317
ID_9B59B14A63,0.040193427
ID_34845DDAC4,0.34671897
ID_BB7289DFAC,0.032651477
ID_D41EFAD2DF,0.18422133
ID_ACD250068F,0.01888244
ID_F38F56B992,0.025930367
ID_26E0BB07ED,0.9911701
ID_6053456051,0.8043624
ID_B7F29F1780,0.039100442
ID_D1F66EDCD8,0.04268472
ID_0B905DFAE7,0.07293069
ID_154B4BF6BA,0.038816422
ID_4BF2B68F18,0.47446957
ID_0450F9BA44,0.051139664
ID_E9965F032E,0.044426408
ID_03843C56A0,0.015718933
ID_06299F1534,0.014026117
ID_A25909DA78,0.009980204
ID_1564A9ABD0,0.045407474
ID_17C461F822,0.2453018
ID_FF8E6B7203,0.123641536
ID_5B4671B3D2,0.2522006
ID_248F84B2DA,0.19559515
ID_23D062BC82,0.012984389
ID_78ABC0F142,0.01431192
ID_F185E8EA07,0.39117178
ID_6FA5AA745C,0.42743117
ID_13A03893A8,0.67091817
ID_E447C1E71D,0.018129654
ID_EB2025E309,0.22199611
ID_ED686177AE,0.02626866
ID_7D6F0370D3,0.025536658
ID_EFFABB0219,0.013716363
ID_D06CE866E4,0.008070848
ID_1442948FA2,0.111220755
ID_D34A0F8A8C,0.082834065
ID_9A4EDB84F6,0.051586974
ID_D5CF11D0BE,0.0067016226
ID_71AC1BF158,0.037197467
ID_4F7A79E4A8,0.012159669
ID_374FB86F11,0.011484701
ID_5651F32D17,0.046026476
ID_4AD176A5CC,0.024924237
ID_132FC7AF43,0.018507378
ID_4883B4E920,0.055576876
ID_FD8418C328,0.8663878
ID_89A2CF1E5E,0.86728764
ID_6F8AAEE1A4,0.060949683
ID_47F531BCC9,0.31246272
ID_274C2C664B,0.50080514
ID_7E8A5066CA,0.021116933
ID_639AE45AB8,0.018854318
ID_9BC159055C,0.118157156
ID_D621FEADAE,0.11614138
ID_7E49812204,0.120739006
ID_DCA4A96EC9,0.006832957
ID_D4B41816FB,0.07679096
ID_0195E321F1,0.104655184
ID_55BA878AA1,0.006960251
ID_6D83038E07,0.29463878
ID_C25FBDEAFE,0.8681539
ID_76C12037DC,0.118544504
ID_B792E57EDC,0.14694186
ID_003B712D45,0.017943008
ID_E820B3E7E9,0.42138928
ID_AB24C89299,0.023582533
ID_7B824B4E21,0.21694754
ID_953EC6A348,0.046718854
ID_471DE950B3,0.9101792
ID_79440DC0B8,0.06392856
ID_C801DA829D,0.032205123
ID_EC9249B6AB,0.06973944
ID_2B70272AF3,0.020294983
ID_7C52F75406,0.03981213
ID_E349EA199C,0.013090287
ID_43B46D3C08,0.008586372
ID_36A07F2586,0.0116146775
ID_8775237C53,0.85150224
ID_12FCEB243E,0.240211
ID_93C1EBD988,0.01608864
ID_77499751DD,0.021971082
ID_25427B306A,0.011097589
ID_9281459183,0.50727457
ID_AB7A639487,0.06377282
ID_69306AB6D6,0.12363528
ID_87F9E095CD,0.036255382
ID_9F56249A53,0.15454468
ID_1563104352,0.27081224
ID_F3E538E490,0.0076178825
ID_43713C4FFB,0.08478117
ID_9D4C808069,0.0156583
ID_56EC8F4CC4,0.006863249
ID_EC8CCD7FC9,0.12749372
ID_B09BEEF03D,0.01939847
ID_BDF5D12A6A,0.26779836
ID_9F8E15E83E,0.05869263
ID_ACEAA427F3,0.00816531
ID_9894C58ADD,0.00832411
ID_517785857F,0.39614028
ID_1381A20D5E,0.30608192
ID_237626186F,0.006627314
ID_025DF3713D,0.028217211
ID_7E46DC86B6,0.30611762
ID_C193DEA189,0.07027974
ID_80F6D272C5,0.007591793
ID_6F7C864983,0.4695163
ID_6C258D099B,0.19921465
ID_784E7AB218,0.0838158
ID_53FB17DDA9,0.0094346395
ID_BD6DBCC1F8,0.24031627
ID_A4116A7902,0.6583727
ID_6DCC374A1F,0.23114088
ID_9CF8AB50AC,0.17319116
ID_EF6E56263A,0.20364626
ID_AE307387AF,0.008279833
ID_2C81E0CC7D,0.0046585817
ID_880C53E59A,0.007063259
ID_7730E593B4,0.006213196
ID_DF1E9B037B,0.097509995
ID_9005973B89,0.056982443
ID_0EFE07274F,0.011135118
ID_AB3E5593BD,0.0793778
ID_08DDD855FF,0.036171935
ID_DF9ECB049F,0.27019852
ID_9DE6411B3E,0.5381508
ID_2C15BD2B62,0.03642665
ID_EB2113E82C,0.009640025
ID_D681112A18,0.34238988
ID_23B3B45F54,0.04583545
ID_9B1D5DBB15,0.18321109
ID_D842B3AC30,0.22047618
ID_0C7E4A3817,0.3930727
ID_C1631FAFFF,0.008357642
ID_1DF43CBDF7,0.027972711
ID_3D787A9F1C,0.013326609
ID_E863A835A6,0.30911458
ID_9161A8110F,0.61917937
ID_19225BC632,0.34426084
ID_F4921B2685,0.024262117
ID_DBDD5AF73C,0.019409552
ID_A051322754,0.010831064
ID_069AEC3EDE,0.009342857
ID_9A9D84A490,0.19468775
ID_F58B048F47,0.12630016
ID_1BB1854FEF,0.07535682
ID_4D03DA0E86,0.036949802
ID_5C6387EFE7,0.01107383
ID_F623AA5EB3,0.86101234
ID_07EE548589,0.030387392
ID_A1F1D36CA1,0.2660668
ID_92E3679673,0.12730569
ID_A85939CD86,0.0096991435
ID_D7FEF03485,0.14223622
ID_5554401A31,0.0055831363
ID_0F30BC01EA,0.23197687
ID_485E90E1A0,0.0107325995
ID_C21172C1EC,0.016813455
ID_8B9CF3E844,0.009356948
ID_057CBA1709,0.10711771
ID_54B7B81FC1,0.99211365
ID_F62B461E48,0.5251556
ID_3A3118DE20,0.6162496
ID_64CD7375A5,0.0481055
ID_055CF0506D,0.030045746
ID_65E33B75C4,0.9781659
ID_79733B3606,0.89999264
ID_6FF5A63A49,0.008833436
ID_FA5B9373E7,0.015989447
ID_DDDEED5A69,0.015244655
ID_61C2128CC4,0.013419076
ID_246CB5DA4B,0.14408901
ID_711FF59E89,0.020321472
ID_1E35977F62,0.014720249
ID_A2BE2DA387,0.4113816
ID_58610E1631,0.045905042
ID_21DFA9D5B9,0.057085723
ID_0D907251EA,0.13252907
ID_C2748F43A9,0.5449684
ID_C0F7DD8F5A,0.013597893
ID_95B298C073,0.22513454
ID_BC86E5C648,0.012943445
ID_EC0215992A,0.1072119
ID_2448445069,0.022859145
ID_9E2A0F34A6,0.07561087
ID_D71E6D656C,0.06052257
ID_32DC57931A,0.012338327
ID_5DF5487EC8,0.00511174
ID_0F11BB93FC,0.014147556
ID_56666121B3,0.074617215
ID_981081F535,0.0325791
ID_EF628459E9,0.17385802
ID_13F11A2EBA,0.05993707
ID_7FAF2221B0,0.17199194
ID_317DECD8C5,0.0944299
ID_CD8D7D62F9,0.15305556
ID_A2865691D0,0.6215515
ID_AAB3F8E934,0.01863819
ID_4D50793005,0.018388601
ID_C3241BE90F,0.013852775
ID_33ECF04F1E,0.22674371
ID_D4B047FFC4,0.19072443
ID_ADFA6122FA,0.0360854
ID_46FC9DC685,0.18010128
ID_D301CD3620,0.008567273
ID_ED69A7183C,0.36064205
ID_80B02DEFB6,0.015363423
ID_4891445C28,0.006211999
ID_3AA7B0A2D0,0.05898158
ID_45E27C9CC7,0.011906136
ID_B9303F3EC2,0.0103149265
ID_D3D4C83411,0.30501896
ID_5E7C72C956,0.7049504
ID_FD36B57C9E,0.04160092
ID_9E50893CC1,0.044167258
ID_E2359E378D,0.09186922
ID_D9624059BB,0.05708264
ID_67830304EA,0.059615362
ID_335F27EC20,0.06407787
ID_E5D9A90733,0.12813595
ID_DCB1EEA103,0.6224733
ID_A373D183CE,0.07263749
ID_09E99F4F1C,0.06579713
ID_B3FC40D075,0.088599086
ID_7F9E8EF963,0.10187618
ID_8327E191E5,0.12467836
ID_AD5D42F6A3,0.016435763
ID_9505261919,0.07735344
ID_5F37EE9AFE,0.0072087995
ID_8435337626,0.01593958
ID_F3A4FBD877,0.018109124
ID_85A3CB557C,0.20930864
ID_D7B50BD673,0.6646679
ID_D3DC0D85BE,0.34710565
ID_56EB6B67C0,0.036884848
ID_C15E685046,0.4521339
ID_73D255B009,0.089147456
ID_4F07F2E4B5,0.06646109
ID_11EBB7258D,0.046963703
ID_C412B7680D,0.012858475
ID_D14E70B738,0.99133736
ID_5E2B97742D,0.12189758
ID_C1C9D77ED3,0.013030318
ID_3137CFD1BF,0.022158954
ID_A9735F1189,0.010589918
ID_797395E534,0.3672839
ID_75BEAB1D8D,0.26290727
ID_697B50F53A,0.44560325
ID_D52F607FEE,0.013050295
ID_54ACADF376,0.11397895
ID_4888737427,0.016807744
ID_098A5AEC47,0.4714752
ID_415171615F,0.37895122
ID_9A35BCD38B,0.019449256
ID_826A25FD21,0.011463937
ID_2EA80A5DC4,0.28001505
ID_1F4AF9C395,0.013884771
ID_F1C94EA22F,0.08302016
ID_6E57F30F6B,0.6483531
ID_7809A0938A,0.027391145
ID_1121470D68,0.63277733
ID_B7C011CB83,0.025802534
ID_073E070B5E,0.03922809
ID_B2740A6883,0.0088948645
ID_D4E631A4A9,0.42487538
ID_5FEFA9F6EF,0.041080453
ID_D67F80332C,0.062424205
ID_7C0C018E7D,0.013295297
ID_113058A7D6,0.23659611
ID_61F9FCB4AD,0.6290756
ID_10FACEA5B3,0.2848175
ID_8F23FE22C4,0.31341386
ID_8530D0E231,0.050506942
ID_9DB8B899C9,0.038468007
ID_D5EF870868,0.59845024
ID_3A8DC3EC8E,0.11705909
ID_E8C3C4F929,0.025543183
ID_2A6D8F8BEB,0.017284637
ID_02AC7EB12E,0.04593642
ID_CDB21902E0,0.011202335
ID_788856331B,0.008428606
ID_B2887DEAFE,0.3831604
ID_E111B7E4E0,0.006158113
ID_28808145AB,0.01779444
ID_FEB9B2C1A8,0.040643726
ID_AA996EF8BC,0.03138431
ID_47953B7CB4,0.0052970177
ID_DD1F8B54C5,0.02601577
ID_F80206B93E,0.00875083
ID_55527C54F9,0.017027562
ID_7FA115DB66,0.2438358
ID_EA0E276062,0.07639995
ID_6958A0CB8E,0.059111495
ID_53B20BB3E1,0.036263786
ID_579CEA078E,0.36892885
ID_C343ED6F03,0.02648674
ID_E466BE3E10,0.0061290017
ID_6F966FF5FB,0.008932114
ID_B5A30E36CA,0.6581803
ID_9D7DD496CB,0.015323855
ID_FFBDBCE420,0.006890647
ID_3F7015C513,0.011484532
ID_BCA80FE417,0.015554898
ID_C621AC6772,0.006964182
ID_FB6A222539,0.19853309
ID_07C9D53C9F,0.21212995
ID_F6C49CB367,0.01610586
ID_8E147C3BD7,0.88373464
ID_70B62E69A6,0.12320492
ID_CFF68F12DF,0.050987903
ID_4B6CF2301E,0.16071007
ID_6E91157001,0.024744876
ID_8389609A57,0.021870436
ID_C5811ED46B,0.059310023
ID_C4326E5E20,0.2934583
ID_5C96071195,0.048258435
ID_1ECBFB632C,0.07410093
ID_F653535AD9,0.053957544
ID_DA52DC2F0E,0.029455528
ID_F89EB57C7D,0.006896055
ID_B60B421C22,0.044789393
ID_A82C854BBD,0.25017297
ID_9F07DAF700,0.03373589
ID_F8D180AC4A,0.17216599
ID_B3E2A920F0,0.08702325
ID_E8958CDE5B,0.081675485
ID_F6991F7AA0,0.11740507
ID_27F603D276,0.0052039153
ID_0A085B79C8,0.044330034
ID_C90BCE6936,0.016519392
ID_00D6E4FB80,0.5506837
ID_8E28A0A77A,0.008759742
ID_DD7D01D4A7,0.039730676
ID_1E75FDE3C8,0.0110818725
ID_A2D856F85E,0.014980076
ID_8B043FADF4,0.11984807
ID_0F45EFB710,0.009260455
ID_3EFC15CECB,0.03207106
ID_CE706694E3,0.12743282
ID_5C5166CECF,0.10678623
ID_624589DADD,0.8574643
ID_1604A9FD34,0.017173782
ID_C8D95B5E58,0.5072161
ID_1C090A3EBB,0.011078935
ID_20D1B80B86,0.06314363
ID_ADA9C79396,0.009308823
ID_B12C2B9237,0.06123861
ID_356537D5E2,0.19756085
ID_A9A3F43D51,0.011230081
ID_1EF4A4E73B,0.71631783
ID_4EB3B066A8,0.057804655
ID_59D73467D7,0.14273818
ID_548288C764,0.9404697
ID_111A6C99AD,0.43157893
ID_74B7659D7B,0.083675206
ID_980C0B880C,0.08393367
ID_603803473F,0.0253008
ID_0917E8E15C,0.0060534365
ID_6F0AA7C8C0,0.021057883
ID_8B44B092A6,0.1074955
ID_BFD8F65443,0.6736732
ID_4DC59C0DDC,0.0045290366
ID_911716C475,0.047439832
ID_EFDD3DBCA2,0.009012968
ID_F12A900030,0.75088024
ID_AF58E0727D,0.0049579195
ID_AEFA17646D,0.06737253
ID_D1E1DD067E,0.0056594326
ID_9728A8A576,0.008807814
ID_86560AE019,0.07877381
ID_DAEBD06890,0.25757444
ID_F79B79FE3A,0.9435857
ID_42C9B24E12,0.025458291
ID_BD93DC4246,0.039284382
ID_EC1D76E531,0.08666201
ID_99F7208EA0,0.38727468
ID_391EB878BD,0.008554263
ID_87A8F83B90,0.17891634
ID_51F080DC5F,0.008142005
ID_F65B7FEBF5,0.005627055
ID_A0BC16CE15,0.12585592
ID_E35D539C1E,0.1839405
ID_D287CCE0D0,0.022845121
ID_31AE5130B7,0.017390965
ID_0C585DF109,0.022688786
ID_FF586E4C47,0.026921818
ID_34FAFFD9D7,0.010748042
ID_5BAE339B1C,0.04282909
ID_4DEEA5A9F3,0.031401604
ID_B1FDF8575F,0.009341402
ID_7E7DCA9519,0.016770354
ID_F430A51AB7,0.016397713
ID_E2EDE619A4,0.42102173
ID_CB135FBABA,0.6333737
ID_DD4853CE67,0.08118836
ID_402E73F29B,0.34720537
ID_B59E4D77B4,0.047319647
ID_3675078E27,0.1254275
ID_CDE28F46D2,0.4115331
ID_76D2F6F257,0.016870916
ID_B37D489804,0.016062647
ID_75640416E7,0.0057234224
ID_08E6BEE728,0.049106102
ID_50451EC1AB,0.11101312
ID_10E55D12EA,0.010607084
ID_FCF97E9451,0.08308548
ID_FE271A327A,0.4433576
ID_D891D0C5BF,0.007287187
ID_799B21FAD8,0.11640222
ID_C108163FF4,0.5535247
ID_6FA678B6E4,0.011095895
ID_9C8DDE478F,0.15747912
ID_A1BE3BA18D,0.15425582
ID_E6E81C8D04,0.0059566945
ID_6E485E8372,0.096856214
ID_401A9ACDD4,0.62962824
ID_D388EA2912,0.014695291
ID_87F1A3BE84,0.03158412
ID_C1FAF5DFE5,0.007816482
ID_3DEC42918E,0.016872449
ID_6110FEF872,0.01010412
ID_05CA5BD810,0.018082192
ID_E839F5F4B0,0.265008
ID_A0686E80B4,0.6370861
ID_99C916F692,0.035296038
ID_C262AEE0F4,0.011632375
ID_5CADC37170,0.10075534
ID_DF7B9C1479,0.031566247
ID_244253E778,0.0967867
ID_B1197DC7B2,0.668918
ID_96C09422D6,0.073562354
ID_FEABE7B60A,0.0047327764
ID_E1B759841F,0.010864818
ID_729F4F8294,0.025167491
ID_97EF2B9CE1,0.14458404
ID_BF3ED964D7,0.08982751
ID_3B3F6E2473,0.07798313
ID_2B59022400,0.012040168
ID_F60BDF500F,0.06560485
ID_1C8BD3C918,0.0058884686
ID_169980B400,0.022592781
ID_DF77BF0C1E,0.04477434
ID_622E3A780D,0.042445943
ID_DF0E32B5FD,0.022154063
ID_0F8D7D2B96,0.007122646
ID_D16B69762D,0.025907366
ID_2B16EDE9A0,0.017266398
ID_81D1EDEFA4,0.013423521
ID_FC1812C559,0.7013846
ID_662467877F,0.021180853
ID_A5B09EDBAB,0.023012746
ID_B261F7C98A,0.024680065
ID_2E2052410F,0.054671727
ID_ED59EE3479,0.025479006
ID_8382C7BB04,0.42082828
ID_31B4C8FAFA,0.013251606
ID_F7C3073C6E,0.1358289
ID_874927F31F,0.036363512
ID_71FAB56551,0.026512353
ID_547FC69D4D,0.012789002
ID_E20E30E3C5,0.12514256
ID_E7819277DE,0.23975521
ID_F2D4040A8C,0.042926203
ID_38F4276F50,0.016509445
ID_D42D8D7B24,0.10860491
ID_BFE758E853,0.19679797
ID_A9F85D0C03,0.007192668
ID_9D7170D06F,0.047176275
ID_38336F436B,0.0090240855
ID_CA868DEF23,0.37111914
ID_112A817196,0.045935243
ID_65D26C1CF8,0.0076080197
ID_7A1F0AF181,0.13557084
ID_8CD819A869,0.08492887
ID_8F4BA7C8F0,0.012952588
ID_F9A2844D4E,0.0143641895
ID_4A26BB72C0,0.2128117
ID_58907A3CCC,0.09087484
ID_A00B408A4F,0.25688958
ID_027E58BD1B,0.0185207
ID_26C4F9A5CE,0.047539026
ID_770FD120A8,0.005309916
ID_87C5D09AE9,0.062224053
ID_26772E819A,0.035615165
ID_A027D0B19E,0.007276882
ID_72B4F07775,0.019409137
ID_FFBFE9E2CF,0.30743894
ID_87B8F75035,0.9245305
ID_A70C05BA41,0.006160257
ID_68801918D6,0.603444
ID_D30A90C79E,0.017955333
ID_B14759B4D3,0.009983911
ID_320B6A5322,0.0074234386
ID_65B390875B,0.022670269
ID_4299F6FFE1,0.29323742
ID_5E0774B09E,0.09595476
ID_626074E855,0.9172915
ID_B8572147D0,0.19186765
ID_17C4457947,0.63378304
ID_D4312BF8DF,0.21336173
ID_7080896EA1,0.0061862557
ID_F9B8A8AC70,0.0082374085
ID_44911C6E69,0.022305924
ID_CBD84D1EDE,0.15690097
ID_54EF16EBD6,0.0114258025
ID_915B86AC5F,0.01527164
ID_FEAA35C47F,0.030621925
ID_DB90BC62F6,0.041377325
ID_AD7D628CDA,0.023647763
ID_705D3A85D7,0.14654727
ID_EC3ED8441F,0.20966884
ID_C872E395BD,0.69736665
ID_BF21F2C912,0.109343015
ID_D2A646627B,0.94242346
ID_8F7A80062B,0.104014166
ID_DAFC25D96E,0.17544046
ID_E4D845F1C5,0.16421448
ID_248DA56F87,0.008668836
ID_34EA378A79,0.012114044
ID_CFD26C6253,0.051402017
ID_E990B70406,0.062912546
ID_FBFB89C97E,0.0066718715
ID_A475F19AEB,0.22741476
ID_2E74CAE547,0.020096662
ID_9AFB6DCAEF,0.008319542
ID_1EBC5C93A3,0.02490593
ID_E4E67AA92D,0.009061391
ID_54AE94949D,0.012303995
ID_12F12E5D56,0.9953919
ID_985764B6B5,0.027975023
ID_53F550F0C4,0.15852945
ID_70690E240E,0.114287056
ID_0D29478A40,0.7504841
ID_A96376CC4C,0.0070471945
ID_FB715F2C48,0.006001066
ID_83DA9B28EB,0.035297327
ID_61AC9C7E8A,0.0091877375
ID_FF075298A6,0.010825593
ID_3C9E48FAD6,0.11363029
ID_FB8BB26224,0.56242883
ID_F6E75762E5,0.4633049
ID_9857289263,0.1388234
ID_AB4F6A409B,0.46942058
ID_04B6530A56,0.19695108
ID_D3CC3F0C85,0.82266384
ID_F7E0F4D0B1,0.007590505
ID_699DCA499E,0.73707724
ID_94E3A5D474,0.059793983
ID_AD72BAD6DB,0.004821375
ID_A17B147ACB,0.0057062046
ID_516E30DDF2,0.011297739
ID_2702615BF5,0.0093271695
ID_34B4C7B9A6,0.006817639
ID_38099EB9B7,0.06669944
ID_42849B8B9F,0.009160782
ID_1BFA5D585A,0.861402
ID_C3B82CABB7,0.023679998
ID_1524384E0C,0.034696717
ID_B34248F566,0.042789876
ID_A241F28B61,0.0056661484
ID_7DC54A61F0,0.018507268
ID_6DA66FCA76,0.01044038
ID_D1182DA14D,0.7897519
ID_0899C84E5D,0.008910438
ID_752452DE10,0.019199513
ID_C890A59C1D,0.006806949
ID_E4A52D4094,0.010613712
ID_9847EF766B,0.004998198
ID_F5C7B5ED92,0.34542137
ID_87903015F1,0.016230546
ID_72D670B7AC,0.06000723
ID_6516C973AC,0.39376926
ID_4C132F19F6,0.24119668
ID_12AFE30CB7,0.13449542
ID_BDF99746ED,0.04528194
ID_BF337BB36D,0.019085867
ID_14EA50B910,0.07814197
ID_C77464E8CD,0.029857207
ID_F37C569334,0.020267278
ID_A4399A1FC7,0.13689764
ID_CE77189390,0.070181526
ID_49A80F701A,0.2212665
ID_DA598E593C,0.17964764
ID_1CAB6290CA,0.2760761
ID_6F1355401D,0.063675016
ID_30E43BAD3F,0.071178906
ID_C637144B93,0.3402072
ID_D7ABF3A0C3,0.5192363
ID_1EB0046250,0.20472644
ID_6F88F67EAC,0.017270066
ID_92FADA3DDC,0.030653683
ID_E720261CD4,0.2084615
ID_D5875853F3,0.9398389
ID_3DB24A57A6,0.18295348
ID_00C043A6C0,0.0750187
ID_53F9945D9B,0.0067277336
ID_13224C8DD5,0.53949153
ID_1AC2CA86EC,0.008069601
ID_9D7F73684D,0.04031215
ID_66D4098DC8,0.15724358
ID_0CAEA7F604,0.042991463
ID_636C805500,0.006898486
ID_E8266FB03C,0.52737284
ID_1961B00A28,0.046122383
ID_99F63967F4,0.6333178
ID_B87A91AE45,0.19689208
ID_65C22456B1,0.027913285
ID_12B4D558EC,0.008749144
ID_7D4FAC0F19,0.011374458
ID_805AD8C156,0.031382095
ID_8B6DAED78F,0.020997074
ID_3CB75F048B,0.018228007
ID_ECB180EB00,0.006423709
ID_C914F7C99C,0.39308533
ID_B2D69D9282,0.040116187
ID_02F754E955,0.014558853
ID_6CAF65C913,0.13699618
ID_2FEDF9C669,0.16105185
ID_8CFE9BD7CE,0.53113407
ID_812FE5FCEE,0.027260685
ID_0FE6625FBA,0.33239844
ID_8B9F99A6EB,0.008279774
ID_5B09AB6E07,0.12633784
ID_C63A2D7F59,0.5204169
ID_D00803C1E9,0.0071746414
ID_16E47DE97D,0.03492134
ID_051975967B,0.25117302
ID_D21F69FD2E,0.014635688
ID_6F6F3C0B99,0.81159645
ID_7CA47AD1FC,0.01715911
ID_C098235A96,0.008048492
ID_7F1AE85470,0.015509626
ID_665D5772ED,0.049635887
ID_300C1FA18C,0.04471218
ID_DB91D103DF,0.6944591
ID_3303EF2D4D,0.0092147095
ID_1641B7D020,0.46501848
ID_809B8845C9,0.012453064
ID_C8449D2DA3,0.24989992
ID_9451C79E34,0.038426943
ID_A4715EAF4E,0.018112779
ID_D92DD72A93,0.16887163
ID_6B61737132,0.040161
ID_A47F3C27CD,0.120197505
ID_886859E681,0.48945206
ID_3B4392E5F5,0.009887588
ID_996C5D2B83,0.36925018
ID_1F12902B7B,0.0070230016
ID_CEDCB531F2,0.013155191
ID_D70A3253C5,0.011456437
ID_377D6C3C70,0.71061987
ID_BD2EB0C700,0.17207192
ID_071CE9C156,0.032514215
ID_71C50BEC03,0.8135276
ID_9E2E67B927,0.020880759
ID_FA94BFB72A,0.019376554
ID_3A8C46642C,0.108177654
ID_84E40B1083,0.38470992
ID_4948CB39CB,0.03222375
ID_C018ED3C3E,0.06093896
ID_0513767F3A,0.13364984
ID_1787E3CB96,0.052426334
ID_AC3A1B5117,0.020147951
ID_5593E8F953,0.21612875
ID_E3F20E6DA8,0.20771569
ID_C16B2013E3,0.25172424
ID_FAAB82D7A2,0.009736423
ID_FE96E54571,0.34496865
ID_D0A05A1F5F,0.08961199
ID_779B5C3F3D,0.019788845
ID_6C800E2830,0.030969858
ID_E8B4CB5CE4,0.087499626
ID_6021A63260,0.010761452
ID_C9CC57E214,0.010789895
ID_7C989B4291,0.035794206
ID_852684E5AF,0.016041793
ID_991112A394,0.02329495
ID_C9818B5EFE,0.19266377
ID_76933C6FEB,0.19381319
ID_F4FC24A661,0.07217712
ID_2B5ECE11BA,0.45933893
ID_3AA5C6D227,0.029198226
ID_00F5101CBB,0.033900578
ID_E16EF71BED,0.07507227
ID_27AEB5EC63,0.05439064
ID_D99037990B,0.11657328
ID_A513DEA4BC,0.028591841
ID_1379BFE470,0.010442834
ID_08DE317E48,0.006482768
ID_AF916D14E1,0.049752865
ID_93E4948F3C,0.012489275
ID_E866DE9AE0,0.102481574
ID_194BFD0593,0.05258835
ID_06A420C792,0.20056875
ID_3430B65273,0.020771582
ID_6D2F148427,0.22073728
ID_808CBB9CA4,0.6523806
ID_28A266921B,0.19716984
ID_D959E38D68,0.012149702
ID_F56C4E7925,0.13876279
ID_9B7FB62C95,0.05311291
ID_EECF710446,0.007410871
ID_826F1B0E69,0.0111100925
ID_90F07FFE11,0.7698232
ID_B2CB8E157A,0.37013444
ID_079331D90E,0.01812706
ID_D7E742EA4B,0.26095244
ID_BAC070674A,0.08848138
ID_0F04F5BEDD,0.12978587
ID_8A7DF9F779,0.09574352
ID_7E130958D3,0.11445858
ID_C7F4707EE3,0.011179427
ID_0B42F9C787,0.10087572
ID_68DD53200C,0.17206928
ID_ABAE51EC5C,0.05618593
ID_A69816C9B0,0.009531776
ID_0196F2E342,0.009378547
ID_7DDFE879A9,0.060272187
ID_4BC0D91707,0.31230634
ID_899DCC065C,0.024791844
ID_7068E65631,0.6880925
ID_5498B4789E,0.074172355
ID_759B56353F,0.011909498
ID_632138D5EE,0.092663586
ID_3EE1C7C98E,0.23330283
ID_B00F6A052D,0.28542855
ID_CC1366E23B,0.009923023
ID_597FF4E3EC,0.037661772
ID_41EE96384F,0.08847105
ID_5B4BBF7642,0.01629002
ID_A998897EEE,0.6438676
ID_8B55E4BD40,0.0071850615
ID_C005C43867,0.1836346
ID_9158FC8C18,0.032515068
ID_2397DAFDED,0.92944807
ID_408D45C5E4,0.030176358
ID_965C1771F8,0.029836217
ID_4C0AEE54B7,0.061747015
ID_7570A229B0,0.52224934
ID_3EDA466C83,0.234411
ID_EA5AB90364,0.016363952
ID_001907BC2E,0.009821169
ID_FAB27FA4E4,0.14117846
ID_2D44BDFB5A,0.00935893
ID_A92F47C86D,0.13497914
ID_3E4A646193,0.054498203
ID_BC42DF8325,0.023925649
ID_B4FCA893B3,0.015405828
ID_68D6E86B2C,0.0644599
ID_990E52BF13,0.08123487
ID_EA12F15AE7,0.37617224
ID_955DF372DF,0.036691014
ID_8DEFA673FE,0.017309146
ID_4CA0ADC0B3,0.33138594
ID_855CDDCE4D,0.045270436
ID_2906FD01BE,0.034933936
ID_31BB83BBAB,0.02618584
ID_490BF884FF,0.39921567
ID_306C14BAA9,0.48172256
ID_5A3F86520C,0.06825528
ID_C35A871DD8,0.028725268
ID_3894EBB453,0.03755667
ID_3B53D02C11,0.08538074
ID_3AE8BDCF65,0.011185349
ID_C37B7BCA8F,0.8194505
ID_F6D14A3F8D,0.09538232
ID_C38CA4618B,0.33873206
ID_B7D0B21D7A,0.06371516
ID_EEFE35C998,0.18156931
ID_0286F88A31,0.015037753
ID_F104432B05,0.6536564
ID_E72129435B,0.007898255
ID_91DA54A2E7,0.051976886
ID_6EDFB47CED,0.010948987
ID_43B15B73DD,0.02497172
ID_3DADA3A42B,0.040147662
ID_45315AE175,0.12884007
ID_1D199BCFEC,0.05960347
ID_3D0F7C1857,0.02105289
ID_B742CFF35D,0.6204795
ID_838125CA17,0.014292206
ID_73807A4624,0.027515909
ID_6899C538D2,0.1457412
ID_EF79D1EAF3,0.021403879
ID_465B140A03,0.28098246
ID_D2E4CCF7B3,0.0086930925
ID_CE94792A10,0.025805019
ID_2B358FE33A,0.17156571
ID_20EB021625,0.526515
ID_5A8C403C9B,0.2953138
ID_88B52B9F30,0.14640433
ID_92AC088FAC,0.11742463
ID_A597185F33,0.0116098365
ID_A73F053B61,0.006028622
ID_EBA0676C5A,0.22061387
ID_A23AD1AFAD,0.08115578
ID_F3321CA790,0.044237476
ID_4D595CC986,0.23861279
ID_7A8A4BE77F,0.010665436
ID_B4F220A4FE,0.16122727
ID_CDA7135922,0.06282306
ID_54E61CAC64,0.14788534
ID_1F9DD8FE6A,0.042206526
ID_B34FC1D55D,0.009876585
ID_40C92569FF,0.014277965
ID_88C0C36AE6,0.011170728
ID_2848A5165C,0.0069730165
ID_D3901FC811,0.19189182
ID_3F0EFF11EA,0.009230103
ID_B55FCB2BB6,0.6254471
ID_373C68D394,0.28058264
ID_C7DAC3473D,0.007288784
ID_1049E4403E,0.011465505
ID_63E849DC7E,0.006167674
ID_2CA196FA4F,0.04429326
ID_3E1BD8DBF0,0.027156882
ID_61078C9648,0.007909476
ID_7660B396D1,0.0075184274
ID_38FF1EDE4B,0.31820598
ID_1FEB9A854F,0.008740744
ID_A5A80D0BEE,0.07052879
ID_CA06E34877,0.057217278
ID_ADD374EC0C,0.07879782
ID_E9B02594A8,0.018217754
ID_6F362133EA,0.010564964
ID_DF37A1CF20,0.03709279
ID_4F285B5283,0.37516862
ID_DF9C2631DF,0.005881479
ID_4AAB90267F,0.06925592
ID_E3FF667A6B,0.13222708
ID_46BFE571A4,0.008300962
ID_867C1F51F4,0.007506037
ID_AF7C07DE88,0.06584268
ID_D938D47E5C,0.116891645
ID_FC50B15FBC,0.01449622
ID_DD416F8DA1,0.038939085
ID_2820880DB0,0.008716629
ID_A2528172D7,0.007668015
ID_C0DC8DF9D9,0.05549885
ID_BB06040470,0.13716902
ID_48E0BEB42D,0.26886302
ID_3FD2703992,0.501889
ID_522FCF782B,0.40438753
ID_F976A1367A,0.04985392
ID_B2C77A5982,0.12077604
ID_517742A752,0.023812955
ID_80BC3C3758,0.0052721407
ID_6BCA21A194,0.0061880457
ID_1A6D3ECB58,0.04357597
ID_924ADE6192,0.020968245
ID_E37799187B,0.12559325
ID_F5B4647A78,0.14786556
ID_E71BD2E806,0.3856873
ID_B762FB97D8,0.043762427
ID_CE66D1A58E,0.01220629
ID_78A42CE999,0.35087705
ID_839E2924B4,0.14193057
ID_A91EFF0754,0.010446208
ID_06058D4161,0.41900307
ID_66CCBCA0F3,0.01192362
ID_ED25A124DD,0.006539154
ID_FB2146629C,0.019188905
ID_9FD0A62EE2,0.01141868
ID_6A67AB95FE,0.06906236
ID_848E21E80A,0.013221931
ID_A39A085D22,0.063147105
ID_E24FA7D075,0.026405817
ID_840DFF8652,0.042763647
ID_E9EC5AD5C9,0.1082727
ID_E58B8B33BC,0.016586047
ID_90260B16FE,0.41958746
ID_6F504DE6E0,0.9245295
ID_49263FCBED,0.008402682
ID_074593BBC1,0.008063757
ID_1DA7374B4F,0.07869251
ID_2BE1FBB324,0.006661643
ID_8304E4AEC1,0.005896455
ID_B3B2C7560A,0.11070068
ID_B03B965BFE,0.016398463
ID_B34C59E89C,0.012556861
ID_DF2D53F770,0.18726586
ID_0A5EB20E2A,0.5868062
ID_7A10E2B153,0.4991907
ID_26F0DC27AB,0.9873991
ID_36759D3BED,0.006690641
ID_483DA928CC,0.014237928
ID_CEAA417332,0.098701485
ID_5A41A71406,0.0059270374
ID_84FCCD4799,0.0050864234
ID_3835566EF6,0.007831869
ID_AEF3C5D88A,0.018453592
ID_C89BDABB27,0.016673686
ID_2F9C2661E4,0.0061250017
ID_64050584E3,0.30287284
ID_D8D937BB59,0.2718458
ID_301D482766,0.04771926
ID_7587A8DBED,0.0051737507
ID_98EB98FD99,0.02168757
ID_998ABC1378,0.045903653
ID_0A23DC94D1,0.7801581
ID_107C0F58B7,0.0053155264
ID_AC07A3314E,0.25999552
ID_8492743263,0.009716102
ID_E5EB40C27F,0.8530538
ID_451104A0EB,0.026373427
ID_A403B6FDC4,0.16289534
ID_69D93819B0,0.47179824
ID_23E67A1FF4,0.017122254
ID_CD05CE18C2,0.4792919
ID_61D025DE61,0.17045842
ID_3E8207B968,0.014514758
ID_C6F074E184,0.0061426056
ID_3A04A70353,0.045498133
ID_BD3CE1E897,0.15068641
ID_3CB2E5A993,0.16861813
ID_9E1E28D770,0.081881575
ID_F04C02DB0B,0.0077866344
ID_460E18BE42,0.16032188
ID_B85FD4ED0B,0.81588
ID_BA35E29017,0.0886266
ID_F9F1AECDD8,0.009044456
ID_FCF4571B53,0.0055205002
ID_40E2785362,0.008138978
ID_1F40CA507A,0.00594116
ID_4F2DF2A1CB,0.0134244
ID_999EF6CA68,0.08611654
ID_0329CF4774,0.9362094
ID_5EAC4F00B9,0.09659655
ID_31FFC6FDC5,0.49097627
ID_82EB6CC9C6,0.070164785
ID_9EFE49AF43,0.007394448
ID_CDE493CF6E,0.06734349
ID_FEDBD7CC1D,0.029261671
ID_47865A1480,0.08039702
ID_47CC8D7BB5,0.044409424
ID_64F183DC71,0.03010626
ID_14D72E78BF,0.029954024
ID_765228D2C4,0.035206784
ID_DF289DC595,0.023102568
ID_D4F788B8A6,0.011482599
ID_3A0AA6FEE4,0.5232008
ID_3D51038B9A,0.08199442
ID_2FCFF89797,0.006662243
ID_8E5801EBA6,0.022118002
ID_C455C10752,0.009454494
ID_E6F8D396E9,0.005836543
ID_404AE728CD,0.009849977
ID_99647A78F3,0.025794212
ID_4970B27B93,0.2230325
ID_9C73E6E3BB,0.020386394
ID_BFE75E755D,0.052313935
ID_D8A47AB47D,0.08740596
ID_C2FCFD51E3,0.042742625
ID_6F8709B977,0.030652968
ID_397F1E89E8,0.2554673
ID_A387173888,0.008386657
ID_7B2B5E8E47,0.034198854
ID_C52EBDDAEC,0.091261104
ID_179578EDE4,0.026149785
ID_B3CF541A6A,0.012178783
ID_5D261BBB06,0.00883519
ID_B278B0EEBB,0.57671
ID_348BA02049,0.3035809
ID_713F4D44A3,0.008325892
ID_CA7EC14D2E,0.01046653
ID_32F0A992F6,0.11159595
ID_3586A30D64,0.23912409
ID_9E3D80167B,0.040396597
ID_69A117C462,0.009455507
ID_78B9BE3B27,0.038308352
ID_0A5AC5BD47,0.01452255
ID_8A7029DBCF,0.077395454
ID_07CB0F27C2,0.3173432
ID_51234205B3,0.014974657
ID_7AF1FF7C54,0.22976044
ID_68E0B270E3,0.007944567
ID_52D8B526D1,0.06872482
ID_286212A84A,0.022457952
ID_03BFC46185,0.019485986
ID_4723EDD839,0.0040563024
ID_F52A5518A2,0.011377776
ID_047BAD6723,0.015622276
ID_636845E8AE,0.009974431
ID_5051C54058,0.13410611
ID_C9A5E58D99,0.03372667
ID_4AE305EE5A,0.019413996
ID_5ABEA22272,0.3804126
ID_F490A5D710,0.013469303
ID_7E3052C1EF,0.113753974
ID_3BD239D2EE,0.012904516
ID_E2A0716A6A,0.008468859
ID_E6E9610439,0.006712451
ID_FAB70B9D1C,0.063317746
ID_57A365F9A2,0.38409832
ID_F10917B6B1,0.6594052
ID_420CA96C7B,0.022390822
ID_D2F25DAFC5,0.037039593
ID_D539D9AE68,0.075561084
ID_6DB30A6716,0.0066901674
ID_0BC06C97BB,0.046902448
ID_F2AB0C5CBD,0.012226924
ID_722191C31B,0.037682947
ID_A6B95D301F,0.07333759
ID_C21A2861B6,0.020783285
ID_E75CB4F54C,0.011803124
ID_3417E984EF,0.0071377316
ID_83F9C35A46,0.3429609
ID_07FA98E6EF,0.070236094
ID_0890A36015,0.01206649
ID_3C510371A8,0.016867338
ID_D87872B295,0.0050122985
ID_0C5116B1A9,0.33198574
ID_CB393E182E,0.52931654
ID_8C97827588,0.23695885
ID_DE0E8A487E,0.47638872
ID_295D5FE1A8,0.03156415
ID_D820826F9F,0.05000872
ID_6F38336ED8,0.3284569
ID_1AD97C3DF7,0.10643528
ID_913559A0EC,0.021597302
ID_9EFD43BD0D,0.006945248
ID_6790D2348B,0.065800615
ID_9A06612EF8,0.043303043
ID_30D7C0C1E2,0.10730876
ID_B5855E7419,0.07122239
ID_75392DA30A,0.005496027
ID_2F5CB8D9B0,0.16349044
ID_1B9E1A819B,0.008354707
ID_B6B937CBB9,0.0063925977
ID_8CD8755B6A,0.041782495
ID_FF0E0B773B,0.017340468
ID_2626D0B9F2,0.02029512
ID_EB50004518,0.10762635
ID_DE88B7A58A,0.005929333
ID_E17BFFFFD1,0.004525429
ID_05835B2228,0.117731415
ID_8D19387FA1,0.37040153
ID_29AC205BC5,0.028803386
ID_BF0ABA1C68,0.0837681
ID_FB65311942,0.08808841
ID_CFDEC59480,0.014278108
ID_34F34BE453,0.15977135
ID_8CD046A8D9,0.023324711
ID_55811EA8C9,0.28511664
ID_E57AE90DE6,0.83120483
ID_41D5FB68A9,0.08142286
ID_0364935DD9,0.1265564
ID_54DC05377F,0.02220177
ID_540BAECAE7,0.010361791
ID_D0EA914E3F,0.009104312
ID_1B8E22C2DC,0.024066688
ID_8709347756,0.01665577
ID_415DA9163A,0.012339403
ID_392D653F5C,0.39593542
ID_D1CD4742B4,0.35536027
ID_AD90A0B860,0.0048744744
ID_3792712273,0.00582712
ID_A81ED48DDD,0.019957328
ID_A09A215C04,0.2638173
ID_2945D854FB,0.017568585
ID_1AAA42F7B9,0.062314015
ID_18A3048D08,0.15212189
ID_0B98BFB8B5,0.026274327
ID_BF5C140288,0.008625225
ID_055FD11AC4,0.23101075
ID_ADFB9044CD,0.25622597
ID_C6053350D1,0.023553463
ID_7A60850900,0.015880145
ID_84E04A3426,0.25721362
ID_7A12461C86,0.01444903
ID_EA42F806D5,0.3133555
ID_917EB78F4E,0.04386503
ID_4B2C31C878,0.00998372
ID_54E246DCFA,0.05825821
ID_4A73AD3616,0.012654142
ID_501A5DBA97,0.048161216
ID_0AFB0E8D5B,0.03211465
ID_29641D6AFC,0.042445928
ID_9494D68003,0.13040219
ID_0F417B8148,0.004600505
ID_C1C69E0809,0.23489271
ID_A806DE7644,0.05109507
ID_750D4CE0BF,0.9846413
ID_A8E48AEAEA,0.026846746
ID_C0194E0968,0.17552468
ID_977AEA21D4,0.15090802
ID_2E64DB287A,0.46300954
ID_B75C342EE0,0.0069358307
ID_121BEA9AFC,0.009362027
ID_06D8FC00BB,0.014875118
ID_2D3CC9DB06,0.11618776
ID_0FFB020291,0.271123
ID_F676F51BEF,0.031485874
ID_C65564C729,0.08172738
ID_69AD2259B6,0.09478861
ID_06B55202F7,0.02401128
ID_D7833DC80B,0.025344964
ID_04AF2C1D07,0.14215258
ID_9145F05085,0.0109351855
ID_6B5734766A,0.83961177
ID_B1E7CED88F,0.0073101916
ID_0F21A596E3,0.008285264
ID_2666C23DCF,0.09055786
ID_741FB384FF,0.6545398
ID_A9BA0C8093,0.34057444
ID_FEC5C09CF7,0.13960515
ID_D67C2253ED,0.732427
ID_2A23972BA1,0.005854571
ID_1E7FC8957C,0.09955423
ID_F05AB43629,0.12404437
ID_ABF582EF25,0.1100977
ID_6294DB27C6,0.029819975
ID_B4A854447B,0.9641545
ID_2996944D8A,0.015122043
ID_C83725704F,0.047330566
ID_EF272E6EE3,0.058532495
ID_8B3AEE159E,0.28111464
ID_52ACB04216,0.014389722
ID_5CAEEFC938,0.1289415
ID_62FC3ACB49,0.0057084137
ID_42882363CB,0.0063198046
ID_7564460362,0.10330152
ID_6CB6E3F5E2,0.19553618
ID_E7B03CEF7B,0.005660788
ID_79A9685D68,0.7125263
ID_E11CE285FD,0.086166486
ID_E5768F464F,0.015701655
ID_F5ADA4DADA,0.10049102
ID_93EAF02C24,0.7763585
ID_97792BDBDD,0.45699492
ID_6B2FF82798,0.010812709
ID_94B6174635,0.23331074
ID_1B307D5245,0.124528944
ID_3920DF2D8F,0.4729761
ID_CE814DD3D0,0.024999944
ID_3064DAFAD5,0.018378334
ID_C62ADF468E,0.014739837
ID_FA6A5AA629,0.25150934
ID_DF80ACEE89,0.003962891
ID_F828CAFE77,0.016636726
ID_0D91BD652C,0.008740501
ID_644B62B2CD,0.08426998
ID_A2F2C836B5,0.0076255496
ID_581B27A4AE,0.0060770935
ID_262CF87D93,0.014513848
ID_EBE8DC9140,0.068382666
ID_B9AB0E6587,0.85862345
ID_67BB7FCA84,0.3588279
ID_6A39238797,0.043876633
ID_1B4FA78E43,0.5780715
ID_0E9B5A17A9,0.014466549
ID_B21BACCC63,0.060998797
ID_F0A089DEFE,0.0063917437
ID_D92D8B6AA1,0.11904976
ID_E7A135C6DB,0.05319971
ID_28B9679915,0.011095598
ID_CD4BC58B10,0.51336706
ID_9FD0E0650D,0.028610379
ID_58C161E346,0.12587775
ID_361457F51F,0.027434943
ID_8546A3C21A,0.062765405
ID_EB0CBD5A14,0.009120812
ID_A6873D56DF,0.008041024
ID_3DD78338A3,0.6236352
ID_BBDA026D84,0.14181988
ID_37D840F513,0.035568316
ID_34ED3E5A89,0.3864332
ID_663A8E78BA,0.047285203
ID_A5E20003D0,0.51201797
ID_66676FD193,0.26370186
ID_9EF26D1F82,0.09251683
ID_F33DD4BC13,0.01009361
ID_9CF556F0D5,0.44422117
ID_08D805D9AD,0.078895435
ID_4D47113948,0.03386584
ID_28C8BB14BA,0.09132487
ID_C5F2736784,0.18249567
ID_736FEF50B8,0.017004622
ID_02B05DD41B,0.3026879
ID_FAB644F9CA,0.106712714
ID_D53D49750B,0.12337918
ID_626DA84E70,0.03440695
ID_8BC360B190,0.07436575
ID_B1091B32E0,0.08034156
ID_6D9DA75948,0.09421201
ID_9F2169FDCA,0.027076242
ID_6F8C592A00,0.009026491
ID_1B74B03870,0.013276605
ID_57831CE5EE,0.23191555
ID_B6A0F7A3F2,0.7122067
ID_498CE394A0,0.09654016
ID_E685F44C7C,0.03434094
ID_A12A201002,0.027093263
ID_CD760D17B7,0.011195729
ID_E27977702C,0.15319821
ID_EBF8934E68,0.1576518
ID_472F82ECEB,0.12918846
ID_4BE5EEE465,0.70569205
ID_DC181A7279,0.05242245
ID_D4AA013DEA,0.041658685
ID_51656A0429,0.08649955
ID_ADB9B9B3BC,0.16495821
ID_1C531B4614,0.016733157
ID_FE50F729EC,0.04475326
ID_0F71748193,0.0062980945
ID_390E3EB6B2,0.010103679
ID_03BDF82DEC,0.3558038
ID_5A9C3E70F5,0.05907634
ID_89E7D56E2C,0.25130975
ID_A4E8033561,0.42476353
ID_4FE93CC397,0.027503002
ID_F8853EC574,0.010876766
ID_4485BD0DB3,0.055862717
ID_DF9A2AF658,0.013031607
ID_9E0A0F1B7E,0.38497913
ID_61F44CCA3F,0.0110244965
ID_D1248496BF,0.0056182956
ID_9FD6ED5F51,0.76021385
ID_67658043A7,0.015759531
ID_444803AC77,0.029162832
ID_3538A5D895,0.017829634
ID_6916ACD583,0.03538597
ID_52A7BF69B4,0.7058645
ID_745C5101E0,0.3467967
ID_8E7DC20E00,0.025273653
ID_772E6F33B7,0.013746281
ID_FC487CEDF0,0.010696899
ID_549FE8B32E,0.101143636
ID_0992E8A2A8,0.3023771
ID_25A4899A5D,0.019584483
ID_3DB8CCB298,0.6676208
ID_89DF6728DB,0.018464522
ID_46DEBAB3DB,0.014217167
ID_CF0D16B15E,0.05961603
ID_9C10A38EE9,0.021214677
ID_EB221CF9C2,0.10077275
ID_9AD16B3816,0.019749496
ID_B9EAB0D50E,0.9294915
ID_D6DF63F313,0.00850762
ID_11FA6F8F6E,0.055269245
ID_4DA704BFFD,0.01877898
ID_7C4E992680,0.009979543
ID_E08434DCC3,0.09984675
ID_4E49D3AE9B,0.8153383
ID_B51EABD7BE,0.58551484
ID_A0AC927C32,0.9767107
ID_6662F716D2,0.38733816
ID_EDDFB287DD,0.20175321
ID_7822D75503,0.01589566
ID_C049859FEA,0.023710316
ID_B28C56A95C,0.009172627
ID_85D56F4C86,0.015457505
ID_C256CF8F28,0.027666692
ID_AA4A326FD0,0.23050626
ID_E0FF1B5CA9,0.076392464
ID_62510840DA,0.21735139
ID_2AF199AA57,0.010676701
ID_FE94A01D6D,0.095204584
ID_B6CCDB1935,0.030879948
ID_9A3CD9F782,0.2091684
ID_482783DB65,0.07599527
ID_0BA0C995CD,0.12075799
ID_294A5FF059,0.060186204
ID_0535DB92CD,0.0124016
ID_9DCBEC4153,0.9797563
ID_F901A02115,0.09378132
ID_3FE34B94D4,0.007418801
ID_DBB5CA5FE3,0.005046013
ID_E812BADB44,0.024913056
ID_9E2F693C50,0.062213995
ID_E457B51101,0.57233554
ID_C77A3EE1DD,0.63660324
ID_90F60A528A,0.012180035
ID_711892F9FD,0.0065483605
ID_EB2A95A345,0.9363486
ID_362C683DEB,0.0071315086
ID_5B2E05F830,0.025240416
ID_B0467531F8,0.06926272
ID_527373F3BE,0.10153643
ID_DCC0BCC958,0.027993068
ID_08E0184E9B,0.01444308
ID_24606516CB,0.7910119
ID_7017314630,0.1724254
ID_83F3850040,0.11578615
ID_3E8D1DF788,0.07222926
ID_FBB8F21126,0.45000875
ID_1F90F30B9D,0.02502224
ID_932C6DD5DF,0.8361936
ID_CFCC39AFBD,0.012544493
ID_A997CB6EF3,0.046020426
ID_18F4E73256,0.32443592
ID_6CADC3489D,0.1207198
ID_7A06C62F2B,0.06886057
ID_D6547CF780,0.9316939
ID_97D1C1D2DE,0.056387737
ID_8C5194E3DE,0.06646157
ID_F36A45BC5C,0.009057314
ID_1F981ECFCA,0.1174354
ID_D491FFE00B,0.03052757
ID_FE4CCB72FB,0.023365648
ID_51755349B8,0.02059569
ID_858DFCB991,0.01890034
ID_2629421E0B,0.013621137
ID_591309AD14,0.791097
ID_B6F3E78A6E,0.55410224
ID_FDC2D5582B,0.020462507
ID_471D703C35,0.3338865
ID_493206033D,0.13505107
ID_C444153A31,0.0096761985
ID_F3F430D031,0.23152661
ID_0266435BCA,0.25560012
ID_CF58AE197A,0.016305488
ID_316099AB5C,0.21799591
ID_1663D41E54,0.025476346
ID_F07AA944E1,0.027586145
ID_B6FE707440,0.018269591
ID_8DDC84827D,0.0787641
ID_547A9792F6,0.29627
ID_36C6E1C4F6,0.9250673
ID_1FE8FD96B9,0.0058608935
ID_1E0ADB6AA5,0.008120692
ID_56522358EA,0.012870762
ID_C4478317A7,0.20917292
ID_F7A16DFAEB,0.012361925
ID_406A62C24F,0.05962141
ID_B7763B5549,0.4229393
ID_97B484BAD4,0.020028625
ID_D5E906ACAF,0.7009635
ID_D4D03EE163,0.0077033346
ID_2D0BCD05B5,0.010267183
ID_1CE997313F,0.051282316
ID_62EFF0C033,0.30481917
ID_39D3225740,0.010573643
ID_A8DE2484DE,0.0057865228
ID_DC2110F3CA,0.008029528
ID_0D2082DB8D,0.07131177
ID_7DEF601DDF,0.027414637
ID_9B082BF698,0.31673935
ID_3AD2068D32,0.0067214607
ID_DDDFBD4D96,0.0126497
ID_D3B7B1344F,0.010073618
ID_7B698B40F3,0.005202871
ID_78A88267D3,0.13136278
ID_C6813E46EF,0.045377426
ID_CC8D7DDD92,0.006991405
ID_99237709A0,0.026135838
ID_9403FD0E1B,0.43984514
ID_8C952BA542,0.124958925
ID_88104F66E3,0.006421847
ID_49C0D3A08A,0.011007811
ID_3F50C67A06,0.102461495
ID_592D222643,0.2612172
ID_BE73551496,0.6473839
ID_D566DD0787,0.38031578
ID_2278BEDE06,0.14371274
ID_56C0A6D11F,0.32558337
ID_ABB0278F5C,0.017849077
ID_288EF7FBD0,0.03030873
ID_19923E3185,0.008320198
ID_8ACA9AB89D,0.033657514
ID_98BC6E9F4E,0.10952363
ID_DEBD28DA48,0.053125996
ID_823E411093,0.35024667
ID_E364C7D351,0.053682536
ID_147622928C,0.0066187074
ID_AE71E9B2DC,0.024665555
ID_9592884AE2,0.23618022
ID_59F092C691,0.03467857
ID_1C437E245C,0.01506536
ID_37061BFCBA,0.007956413
ID_698A85E404,0.04398966
ID_C101012006,0.005383885
ID_DC533DADAB,0.06359171
ID_8A08EE7128,0.021347005
ID_617FEA2909,0.020573828
ID_13389B0324,0.018659603
ID_3511EB1349,0.17153458
ID_4D0B8370C4,0.018684141
ID_402F719156,0.012482855
ID_ECF05038CE,0.36823988
ID_1E43F48E00,0.024170946
ID_BF3EE89408,0.019725159
ID_BCD5337EC8,0.008797444
ID_1C415FE952,0.009269107
ID_3EF364B6AD,0.09497866
ID_4B68FFC5AF,0.0058856215
ID_18FAAC9A9B,0.53139085
ID_FE549A1AC9,0.06873261
ID_93F0D36526,0.9455914
ID_3A57B3C9E2,0.083104394
ID_FCFAE5BC4A,0.050159793
ID_A3B9CD869A,0.06343907
ID_4CACB934AB,0.025462369
ID_CE814B4BEC,0.21818334
ID_57365AA9F9,0.031956393
ID_68FB3F1150,0.21581727
ID_97ACBE753E,0.011375033
ID_5051CDDF85,0.1694836
ID_250ED9D8FE,0.045113906
ID_106E1C7F17,0.013116728
ID_2BD1CF5327,0.04483589
ID_91CC21910B,0.08389397
ID_B83301A0AA,0.80935377
ID_1A46DFBD2E,0.49279505
ID_C19F89EACA,0.051351488
ID_F2A653B7CD,0.02021776
ID_CF35DC2ED4,0.65648913
ID_0B33BE8651,0.21290864
ID_62864EB259,0.8327534
ID_78006D1571,0.034541696
ID_6E156FBF8D,0.033442184
ID_B608994E60,0.07711347
ID_9A0E07FF71,0.014915437
ID_58AE20A63C,0.05271973
ID_6C72477CC8,0.027682113
ID_FEB6DC3D64,0.16267581
ID_6A48232C89,0.4659109
ID_D7996DB086,0.052573033
ID_B5D83E9CAE,0.03688697
ID_6357ED855B,0.04701713
ID_D6191A0D86,0.009737771
ID_38742DC3B8,0.022559619
ID_2D791F2E98,0.0046106307
ID_9EDF6924E6,0.0067151105
ID_7DBB13A040,0.45016244
ID_2400ACFC98,0.23975444
ID_4D6579E25A,0.0638212
ID_742FC1C53C,0.06653538
ID_03AE38EE83,0.00601338
ID_A8E26882A7,0.32074904
ID_71305C3A85,0.022227105
ID_B4C83CEB3E,0.12096067
ID_89AC505163,0.6377344
ID_CAF2A9B61A,0.06069443
ID_8DCA751E6A,0.27918717
ID_9807258CB5,0.026073735
ID_A1AD556A8B,0.33423722
ID_1DA50D5513,0.021428766
ID_8E3D93A7AC,0.18845408
ID_9359873745,0.21328977
ID_DEAFF5F0D6,0.017898524
ID_2452A2AF00,0.02859114
ID_C1D320BB3F,0.010105006
ID_3707881B48,0.005378877
ID_06F13C673B,0.010306186
ID_39216C39F4,0.8733977
ID_0813347C78,0.02887847
ID_B162BAD207,0.14973341
ID_E9ABA9D18F,0.01317991
ID_1FE01922C7,0.037175145
ID_46550F5945,0.03649523
ID_27803DE25A,0.08473195
ID_41B3C766C1,0.02903501
ID_53F717F308,0.11635942
ID_C5D06AA944,0.74048203
ID_E812C1FC0F,0.19478904
ID_B4D12999B8,0.015030272
ID_90A0D5EF33,0.051725894
ID_7E07329BA7,0.007386515
ID_A8011A03AE,0.47424915
ID_493BBD4510,0.5586842
ID_9485CD24D6,0.559544
ID_01C57D57B5,0.8393865
ID_8E4B3324FD,0.015351766
ID_9B74371901,0.444056
ID_1EA700E69C,0.14005552
ID_83E2BAC983,0.09585659
ID_849FDF4696,0.025219325
ID_40A32A1A90,0.46409985
ID_F4E627D930,0.034862656
ID_58F7C8AE08,0.010121105
ID_4A904F4A2C,0.109557666
ID_E15A4FEB3D,0.07652835
ID_62459FE44B,0.02390582
ID_B5131DEFCA,0.019859796
ID_C4C7BF0766,0.038264364
ID_2659AAB285,0.14389734
ID_1C6327A221,0.15290268
ID_4D844EF75E,0.8238955
ID_8F8DF72C19,0.41647807
ID_1048D087A4,0.5197056
ID_4ECDC850B8,0.3197984
ID_8C47B3140A,0.027854474
ID_1A030D5932,0.045511566
ID_FA3B239A29,0.45666248
ID_19748CFEB1,0.032996446
ID_9D41E15EF8,0.677249
ID_6A58ECB711,0.009816351
ID_04D6D8474A,0.3586779
ID_49641340E4,0.57964945
ID_13F7B8377C,0.0051833554
ID_9674E69A19,0.80493444
ID_779641EFE4,0.05052604
ID_AF47684676,0.14007905
ID_5143730CDF,0.010817312
ID_97E60AE747,0.03210305
ID_96BAEFEA3C,0.20751268
ID_332EDE41CE,0.008184277
ID_2BFC47527B,0.016977493
ID_35A9F30792,0.10799021
ID_727D6C9B8C,0.041457884
ID_1B87FB3861,0.19983347
ID_25CC4C7F57,0.6432076
ID_225BC6098E,0.052282147
ID_B61B76D603,0.027871784
ID_3A4DD04849,0.3588907
ID_A002FB429F,0.04710127
ID_A6F48F6537,0.057010386
ID_C39630482E,0.058069482
ID_A530F179E8,0.268933
ID_8A81FDFDD8,0.068169236
ID_B2B2E59F1E,0.62137425
ID_769390BFA3,0.0647832
ID_7D3EFCCB15,0.037537847
ID_027498E210,0.8412649
ID_4464FBBFD2,0.16659497
ID_BCADAF38B4,0.025877832
ID_A05CD96CDA,0.012779023
ID_3E0F8EED8B,0.030028181
ID_B6F2BD5D42,0.015482972
ID_A5B023F981,0.96105343
ID_CB18D99D33,0.010814793
ID_CA2EC95505,0.056030393
ID_3919883522,0.008578803
ID_DE92087C05,0.0961465
ID_20AB9405BB,0.028685099
ID_8D2C7CB2E1,0.1748128
ID_AA071B7E9F,0.17239113
ID_0D67113637,0.041857995
ID_6258947749,0.04292434
ID_AE91946B87,0.005856829
ID_BCAC06A198,0.011861639
ID_957EF1C629,0.040284313
ID_2DEA4A0879,0.03281211
ID_9F61C5DEC1,0.032373972
ID_375F846430,0.0060701203
ID_6EBBC53C22,0.9894207
ID_4BD910BE6B,0.022046603
ID_FF81337395,0.07345092
ID_A5CFF80568,0.039772227
ID_DF418D7042,0.008072728
ID_225CACF794,0.016375063
ID_1D31C0B8FB,0.0056594084
ID_B089A95555,0.1722342
ID_38A94C26A2,0.02155166
ID_B8980B30D6,0.99097157
ID_76943E95AE,0.07633713
ID_9A607E11A9,0.2130767
ID_B7CC36F0F4,0.10631451
ID_4AAA2B2F71,0.63561034
ID_F67D5379DC,0.08674023
ID_D6803F72B7,0.059346948
ID_DB20439C6A,0.0854756
ID_B2FE5FA122,0.014838971
ID_21406716A7,0.15275298
ID_F3A73F84B1,0.007752116
ID_0177520790,0.59426975
ID_10BFC2F6A2,0.004897567
ID_60990D9435,0.0503694
ID_047AADB55C,0.055458732
ID_EE7149CBBA,0.1197433
ID_3FA91F3714,0.031092694
ID_FA3D761B29,0.023574933
ID_BC9E645288,0.6333888
ID_7EF232FFF6,0.10524621
ID_B44E93DAE0,0.033450488
ID_9708532B54,0.03125505
ID_269C0D2704,0.059698325
ID_BC81512DE3,0.06802922
ID_7140420FF2,0.030246563
ID_1A94DB45E0,0.085398085
ID_A58B9E019E,0.006689091
ID_DD92A19EFF,0.071326315
ID_D5E2739798,0.0082844915
ID_2D12463A9F,0.9738975
ID_232F59C075,0.87620187
ID_D4CB98C446,0.28076744
ID_878DA6B0C9,0.021960316
ID_3A460D5C14,0.014997182
ID_1586868812,0.07514233
ID_C0F346C0B9,0.69140476
ID_2CAE45E2C0,0.06767908
ID_5ACBA530BF,0.015467867
ID_DC5AA91E5F,0.050107323
ID_53F0850F44,0.017848479
ID_A822BB3B40,0.21619324
ID_65006A4B2E,0.0082092555
ID_AE9DCA83F4,0.012431668
ID_1313761633,0.048609074
ID_9AA2130AAB,0.027242081
ID_5A1F387429,0.9761551
ID_FDDF7143AE,0.25070208
ID_E570FAF99F,0.04504873
ID_9D66FFEA1B,0.07739345
ID_43E132F6EB,0.10446878
ID_39DFFE9CAC,0.69989437
ID_995A5B8C69,0.07949573
ID_DF2A7E193C,0.66498196
ID_AA1D66EB64,0.09404842
ID_4F0872874C,0.04501776
ID_6BE5F26C79,0.008997873
ID_87ACA569C3,0.26390037
ID_88E344B9C1,0.038081985
ID_5FD049E880,0.015155619
ID_D3B6F9877C,0.030134872
ID_ABB3C43748,0.8529784
ID_5690BD5AF1,0.07345969
ID_CCB0D6164B,0.58971506
ID_DCEEF61931,0.020176899
ID_FFD432AE8D,0.5689634
ID_2A68B21778,0.02845629
ID_DD1C82F979,0.037115227
ID_30AFF7C75C,0.52880114
ID_01F098E2A4,0.04577397
ID_3CD5028886,0.22806308
ID_A4929A9B72,0.010825234
ID_C36410E7C5,0.12467376
ID_7912A22317,0.013921092
ID_9614C4B102,0.072502404
ID_244E30004C,0.038205016
ID_FCC74489C1,0.007858497
ID_AE60BD21CE,0.008824934
ID_5777A41239,0.0079561705
ID_6416780836,0.36242467
ID_1CB958000D,0.3540879
ID_59ECF7BC2F,0.009178636
ID_E190517213,0.007160612
ID_73E90A1B39,0.0056225066
ID_27741BD305,0.008536861
ID_C19EDC452A,0.016508937
ID_C929010A55,0.04259346
ID_234CBABDB7,0.3201102
ID_23A10581F9,0.022403067
ID_87DC3D5BFD,0.019540982
ID_7BABD81F96,0.008534512
ID_3A108BEA42,0.11432151
ID_496E06044F,0.054234963
ID_8512496468,0.08268932
ID_17F9DC06CF,0.26625484
ID_FA99781482,0.07250424
ID_4485856EED,0.007750059
ID_7CC3960491,0.21705544
ID_5970694BC3,0.013042479
ID_31D3CFEBFA,0.52666736
ID_8C0245F290,0.5307743
ID_9B2E18A449,0.5873445
ID_7A0D5AE241,0.03555264
ID_DF49A9F86F,0.01903155
ID_136BB54E5E,0.8265558
ID_EB8468B234,0.011788334
ID_D0028AF41B,0.32383522
ID_FA5845EE77,0.0106484955
ID_20C98FCF16,0.023126686
ID_4FC8DCF411,0.047182955
ID_05CFD0636A,0.0125408
ID_C02F33A237,0.06948658
ID_99BA40E8CD,0.094524726
ID_A4AAFE574C,0.033985876
ID_172C2BE9C4,0.22373751
ID_0D18C69521,0.029090792
ID_0C8AEF666A,0.01140507
ID_77AE5E31AD,0.66463405
ID_5B5921C62B,0.18180649
ID_B56DA82BB9,0.8158603
ID_F41B6F5931,0.048858035
ID_0DB45536D6,0.016966855
ID_615E31B8D0,0.1767904
ID_5D52A0BFD3,0.0051671867
ID_C295E2BD53,0.046135258
ID_07438F8C58,0.0613579
ID_2E7B5B3192,0.02399727
ID_4101285E5C,0.025091147
ID_04EAC52C50,0.32245022
ID_7385E6305D,0.026455145
ID_56102947D5,0.41578627
ID_2FA0B007CD,0.06356795
ID_3C4020C5DB,0.7813712
ID_26A4F68A9E,0.028642777
ID_18C3F6D743,0.0073589585
ID_FA7539C5CD,0.04995988
ID_323BDE71EA,0.123527065
ID_C737E34FED,0.7134797
ID_AD20C11F1C,0.72379375
ID_44AA45C794,0.18501893
ID_9EC65A7B0D,0.008796036
ID_33B91B6B2B,0.13580203
ID_B83EA2E0DC,0.027734743
ID_278BD1D169,0.12797092
ID_D348B69496,0.069048084
ID_771640E87F,0.008155046
ID_E2257000FE,0.017563514
ID_C868ADE455,0.050989017
ID_3044ED4FB3,0.011032505
ID_AD99196985,0.17453161
ID_DB10170B0C,0.6192856
ID_4FC2915A38,0.09723759
ID_8DBD31FCAB,0.021823682
ID_1ADA3A4D4E,0.037427526
ID_5253901FDE,0.024940325
ID_9F84DBE4A1,0.0058343336
ID_E8E3F015E9,0.06454473
ID_86E659491C,0.118079044
ID_7148CBD01B,0.16698441
ID_66AB93B131,0.013989676
ID_E83742E273,0.2055434
ID_092136BA5F,0.04068079
ID_5B68EBB8D4,0.0060316254
ID_171FE45D09,0.11358082
ID_ED7394392D,0.006242357
ID_3AE66214FD,0.0705439
ID_1D6931DE91,0.021410184
ID_7446B8C0C7,0.01745898
ID_553D1D1FF0,0.10350426
ID_A388E1418C,0.012551149
ID_C3B9FAD2E0,0.9190315
ID_61D32812F8,0.3832059
ID_37879E1374,0.103929594
ID_72F4ACAB5C,0.032885607
ID_40A3BB32E6,0.029099582
ID_A607A88373,0.36860675
ID_3BCAE3A7B1,0.026819779
ID_3E34D7271E,0.0725445
ID_D11314AC3C,0.518694
ID_3365AF6CDB,0.048714254
ID_7AEDC1FB67,0.010244609
ID_C93B6B145C,0.17367777
ID_F8F192F91D,0.19794828
ID_E753DBE9A2,0.02959443
ID_60AD724C69,0.5322834
ID_2C19899B64,0.1789125
ID_CDF204C481,0.01654317
ID_BABFDFF55B,0.97627735
ID_9AC7B684D3,0.2153091
ID_031A314C8E,0.641714
ID_8015131BD8,0.0095107
ID_35229C77C2,0.11867071
ID_647341BD42,0.091825746
ID_C153AAA5F3,0.019830728
ID_7FB656054D,0.8196185
ID_18FF2C3329,0.07782858
ID_3D079AFB95,0.008842876
ID_7A5D415EE1,0.023502298
ID_ABBEF4A073,0.01659244
ID_7FB4975B5A,0.039737307
ID_5DEB3193FA,0.046154637
ID_FD1E798B85,0.025547648
ID_D529E259AF,0.0074847355
ID_36B364CC1C,0.117935024
ID_2196719B18,0.016028587
ID_79D2640A9E,0.1131906
ID_A758B55CF5,0.008052549
ID_F5DCCE59FA,0.008058753
ID_237FFA6A68,0.014130862
ID_E392ABBCE2,0.030269334
ID_79E9518B31,0.07390324
ID_0DE5825449,0.066936634
ID_9F524C3688,0.021466395
ID_61EDAFB87B,0.029589135
ID_B8D5002925,0.093131624
ID_925CEB1BCE,0.065579474
ID_F484E53084,0.12424965
ID_62EDB33026,0.0136339385
ID_69E70D0D62,0.0913829
ID_4BF813AA1A,0.08646203
ID_28FCCF62C7,0.101752944
ID_76D24F1693,0.8064513
ID_4315615359,0.02022326
ID_AF36D0CD1E,0.0845094
ID_248825C47E,0.04211732
ID_DD711B6114,0.03627872
ID_A507519B1F,0.013353906
ID_51D85E99C3,0.7879328
ID_57DA3E5A3A,0.0041960515
ID_AB7AACE41B,0.28418672
ID_9CC5D43345,0.00917991
ID_756740FBF8,0.0025438522
ID_5E7B36B686,0.061276153
ID_8C325242E1,0.017673051
ID_D68F98C0EE,0.023025688
ID_0BFF50AED6,0.022775669
ID_F7473253A9,0.012332612
ID_4556D1EF82,0.015624493
ID_B85433DD2B,0.01431004
ID_C22D17915D,0.005059876
ID_3F2515041D,0.01610288
ID_91F06D9AEB,0.016570676
ID_A01DF37C8E,0.004657777
ID_C355FDDF0A,0.7308548
ID_8716CA3DFD,0.01604856
ID_21DF20E194,0.012632432
ID_F5AFF7EB5C,0.27582765
ID_7399E49B3F,0.8858378
ID_AF6F0A2AA5,0.16412677
ID_A6FA792C2A,0.56340927
ID_20AF211D52,0.012389537
ID_B39516A334,0.062536374
ID_7DEE5662B5,0.0071441173
ID_B9514CBAC9,0.35315773
ID_CAE6E4BF03,0.013121009
ID_B495F62925,0.06897534
ID_39C3D0554A,0.6919353
ID_2AE4492615,0.35873696
ID_71D16B86B4,0.07047659
ID_50EC9D2B13,0.32674378
ID_EF63938B92,0.022625534
ID_3DBACC7BF2,0.030506812
ID_F655DF2732,0.12964807
ID_51DA1A3454,0.018898053
ID_9E88E82F05,0.01278799
ID_51295BE8C0,0.3245934
ID_431DCD4B9B,0.030589504
ID_D9E47F12E2,0.10199806
ID_303DF880E2,0.006016631
ID_FB6CFEB831,0.07818411
ID_083BE4742F,0.0094912145
ID_EA25C633C8,0.010351727
ID_E9E00B92C4,0.9942504
ID_9C4B111016,0.050731026
ID_B83B83E037,0.014734344
ID_68C363CB50,0.019571915
ID_FD54F3B3A4,0.057544164
ID_00E9FB350C,0.0365128
ID_07973CC287,0.2554295
ID_A4E0BE00DB,0.24348398
ID_FB4000710C,0.023366125
ID_EB8BFEB8A6,0.007941897
ID_F993EE3510,0.11411503
ID_03E0ABC400,0.005735217
ID_7E20B02BF8,0.020746479
ID_78E5726944,0.1752657
ID_82D214A095,0.06257263
ID_DE481A7FA7,0.24828257
ID_0EA0A6A18F,0.4522515
ID_67B79F3E6D,0.03837338
ID_912CC4874E,0.11554018
ID_743BF8DDC4,0.018132756
ID_4A109F2EB4,0.023880746
ID_85C3C97C26,0.046078157
ID_0A5D3089AA,0.92632234
ID_842B36A812,0.13369244
ID_D0D3ED5B3E,0.0065386156
ID_1B013D2008,0.029556166
ID_13E2B8F882,0.48616248
ID_71FA2FE7B4,0.36037105
ID_93701A3E85,0.057057485
ID_504FCAB46E,0.07312922
ID_0F1C51C920,0.06459659
ID_39D96F81AB,0.91952866
ID_0A7B652F36,0.059383087
ID_936ECFB5D6,0.9517475
ID_4734C39AC0,0.026587404
ID_75D3CBD1CC,0.027385863
ID_1DBCE90BCF,0.13923238
ID_7B0E517A34,0.021822374
ID_4064614B4E,0.044184446
ID_25004CD23D,0.13331039
ID_FA95BEC9DD,0.07927119
ID_AC19EB3C02,0.031947598
ID_75FFADCF93,0.0959027
ID_507B3B4054,0.07547585
ID_3089222AD1,0.06681429
ID_DA5DC0DF99,0.01711579
ID_79CAF29398,0.05167637
ID_D269077725,0.21800496
ID_A8A65C2288,0.046369974
ID_244DFAF9E7,0.009620012
ID_78EAA2F7D0,0.009792145
ID_04207AC541,0.22561686
ID_0F664BAA7E,0.024421547
ID_9E5E5567B7,0.0074842195
ID_D2FD103CA2,0.015863277
ID_18738ED44F,0.04629654
ID_97AB149768,0.009248953
ID_8DFE820D3F,0.6810273
ID_10ADEFF71C,0.02747938
ID_F5B9A4DF30,0.015381599
ID_D6986808F1,0.036841273
ID_7DAA60294A,0.00667078
ID_25A938C9B8,0.04169317
ID_C3EBC05CBD,0.18338016
ID_8091CB7A9A,0.05067476
ID_5D0F1CE15F,0.011081267
ID_0A1FFA1944,0.029862955
ID_A3551D497D,0.33581468
ID_188FF2C798,0.023488251
ID_5EA3E37663,0.9894724
ID_843664B56E,0.16089562
ID_9CE052E3AC,0.032713097
ID_E4F53E1C4D,0.03421794
ID_680EFA70CF,0.21349093
ID_E4E77FB37D,0.018659448
ID_D6E743FB57,0.056694575
ID_8B731B60B6,0.0056232754
ID_FFEE203ABB,0.057449184
ID_10F56D0AE9,0.16081345
ID_99050A047F,0.011812136
ID_56FAA94B58,0.03784997
ID_85ABA9992E,0.033341758
ID_E7FFAC3F44,0.56454295
ID_ED0A61E0D6,0.009437614
ID_5E9207223C,0.00954411
ID_159CC08136,0.6857352
ID_F6C34BE7E4,0.029087462
ID_FEC6B28BD7,0.0053001777
ID_58305F59A7,0.39629915
ID_A78D9603CE,0.022634652
ID_816D517FD9,0.039418668
ID_C9A91E5921,0.029406523
ID_3065AE63E3,0.00887223
ID_1E0E4DE5B4,0.5707151
ID_85951C4B51,0.42052984
ID_22BE903E54,0.052145224
ID_6FBFAFF16F,0.2095041
ID_39130417C4,0.11728501
ID_644B0E9D96,0.6879471
ID_5E6C46511F,0.0109341
ID_FD7EA1611E,0.02096565
ID_8F08C33E87,0.05338378
ID_CABFBF56A1,0.0074673854
ID_107FE78C77,0.59550405
ID_7879A39456,0.013755945
ID_377ACA0F2E,0.38949963
ID_1A66111357,0.12178422
ID_8D0F3F22A2,0.02062507
ID_B23B85B433,0.042932294
ID_98221B9706,0.15651569
ID_256CDC8EE7,0.0067287744
ID_3152D52582,0.012811291
ID_FA11588C43,0.44537497
ID_7BEF4B3941,0.11119897
ID_4CD1A7DD2D,0.5583228
ID_7A619340F6,0.022542156
ID_B69D24E917,0.19660318
ID_4B31C833F0,0.7674968
ID_2A87FD271D,0.21621121
ID_5D31598963,0.71702206
ID_3D734F7F65,0.03801034
ID_78E149262C,0.0659403
ID_FB3C1F3A6D,0.52667564
ID_66763DB516,0.008917874
ID_D12EBDE6B6,0.041944806
ID_4DEF7EB4C6,0.008661819
ID_B074EA1926,0.036759946
ID_DD887FFE4E,0.013428578
ID_5C800D9363,0.09072896
ID_4152B65564,0.015873726
ID_70DF30E70E,0.05155875
ID_878C7D535F,0.14574468
ID_4D34725B71,0.015244949
ID_663291B3BA,0.006052693
ID_0A04A2BCAD,0.009653364
ID_ADA0349CB1,0.0430204
ID_4DC1EA6D48,0.34041572
ID_4D11D28311,0.025951786
ID_9A50DE4C40,0.18455797
ID_0B270A999E,0.008461435
ID_18D8ACCB5B,0.21824452
ID_912CB99930,0.10107329
ID_0CFEE1BFAA,0.0077737705
ID_2B1FE01E16,0.22908917
ID_6D0EB45412,0.9279967
ID_5A7B769B0D,0.0054685413
ID_056BB155F3,0.11319252
ID_F255BA0121,0.34993023
ID_04A5881B61,0.025673851
ID_76A55DAE01,0.019491475
ID_2AF74E7230,0.52336895
ID_2AC7373892,0.054639366
ID_B8679EE312,0.11245449
ID_5F8FB6B36C,0.74734795
ID_1931381E29,0.15901527
ID_40D5D87053,0.005501906
ID_C4D01DE638,0.014596589
ID_33F1EB82BA,0.022228524
ID_E3A4A6EB55,0.03130021
ID_CAD746820C,0.5781239
ID_36C411F04D,0.050538365
ID_1D7F6C456B,0.083706364
ID_3A68B2920C,0.54578865
ID_69C94D2E38,0.05611767
ID_97F4F04812,0.029541565
ID_27FEE0432C,0.021166353
ID_7789778896,0.6252907
ID_494A47CEA4,0.15488121
ID_424C5388DF,0.055369
ID_E4FA89CBB1,0.02379803
ID_23F034A53E,0.014041103
ID_2421C9EE9E,0.008119929
ID_0B0538ED22,0.0077003404
ID_285736B8CD,0.01892456
ID_345D72D0D1,0.007826621
ID_218F036F9D,0.12545861
ID_E1906B46D7,0.073139004
ID_80ACCF1733,0.9857951
ID_756E9DEB0D,0.012711101
ID_83BD254984,0.07705201
ID_786C04B679,0.26170486
ID_CCE16B5F68,0.4519067
ID_0313A1C0E8,0.044966813
ID_AED65F5291,0.026180739
ID_CD88BEBB3F,0.014535327
ID_20E569597D,0.2692387
ID_50F69B46BE,0.013335835
ID_45E182487C,0.009412434
ID_C48DB9A3B6,0.0403873
ID_73E0D85BFD,0.8197208
ID_4DAF1CAECD,0.28047344
ID_A566332BD4,0.01754885
ID_161E9ED18B,0.02908988
ID_751C214CD9,0.017565943
ID_19762F958B,0.010862476
ID_87F18A3964,0.061170984
ID_7D56A0F1C9,0.17047167
ID_671881E752,0.06589126
ID_C00A084D13,0.056116268
ID_5AB7B2DE80,0.11258045
ID_BE3A802A28,0.33697867
ID_E90607092F,0.07817185
ID_180DB895C2,0.027135262
ID_FF8AC131AC,0.021564528
ID_719C229FEF,0.007842788
ID_DA7A225C5D,0.29862723
ID_8FC668F622,0.065388195
ID_227E0FEF0F,0.66493255
ID_AF05ECDB86,0.05482964
ID_1F32506DA9,0.01639692
ID_484AA7C344,0.010715939
ID_A30D781E30,0.008225821
ID_04556CE610,0.3257991
ID_F544696EB4,0.14119436
ID_DA3B45BED1,0.015843995
ID_9329BDF476,0.31107992
ID_CE7424016C,0.006626269
ID_6A9615A0CF,0.041107286
ID_C39381C879,0.012008627
ID_1AC80CA9C8,0.2956671
ID_40825DF704,0.059193514
ID_85A8C93BF3,0.018879645
ID_86C90FC4EB,0.016657023
ID_3904EC1799,0.008690632
ID_C253BB9064,0.1448081
ID_E9406D7891,0.6895291
ID_ABF37148D9,0.6324141
ID_FA7C072E9C,0.054756526
ID_C157347D70,0.009396304
ID_3CAB3251F3,0.072063304
ID_10041C1168,0.050692853
ID_ADE37DD8BF,0.17468525
ID_B3E090011E,0.2670986
ID_037963B326,0.022862634
ID_466C9DC31C,0.012378828
ID_79BE4A6E61,0.4194612
ID_41859335B5,0.13577217
ID_A78496E023,0.007905778
ID_6E852FBCEA,0.025830796
ID_6D272FC255,0.8777428
ID_8DC9788CD7,0.11464454
ID_53C09774C0,0.021954332
ID_41EE223C52,0.010984398
ID_465EF2D378,0.11576994
ID_D4BFD1AEEB,0.009282066
ID_C7F09FC8FC,0.48004895
ID_9F07739E23,0.067015
ID_7B8B272A87,0.5022528
ID_237C2A674B,0.040060543
ID_2B3DB68376,0.052055113
ID_4D6D366E39,0.04394713
ID_DF2967645F,0.3315806
ID_B5F4BD6895,0.33778086
ID_6C6D55115C,0.03460082
ID_2427E093AE,0.00541637
ID_3EE2702CBE,0.08684629
ID_39145AEBFD,0.742914
ID_3A2819929A,0.061447196
ID_0F115AF345,0.46929297
ID_180FFA6C85,0.032580942
ID_BC68DD3A9B,0.30397725
ID_187F5EB4B9,0.008304353
ID_C60CC00FC4,0.06001522
ID_5C71A84B9F,0.08757648
ID_A888A8C1C5,0.030866826
ID_18057C2AA9,0.013205532
ID_CE17169BCC,0.0058314605
ID_9DDC256678,0.10494286
ID_7770FE11EA,0.24250689
ID_B003BB9B01,0.08043572
ID_985944A377,0.038968407
ID_6FCBC53707,0.015083786
ID_6C4558FDB3,0.08409372
ID_760386FF25,0.030495813
ID_B07E871414,0.23402396
ID_33FE618519,0.02865479
ID_9639BB312F,0.007909296
ID_387E5634ED,0.05610572
ID_413EDCC5AC,0.065562926
ID_F53D93BA0C,0.17400186
ID_CB1054D630,0.11121095
ID_CCE08526FF,0.04371529
ID_44C65C063B,0.010784209
ID_4DE5DAB39C,0.006231316
ID_9DE1D7E7F1,0.030921213
ID_DF5AB1CEDD,0.3132941
ID_626D846A60,0.54084176
ID_AA1D311DDF,0.0545199
ID_C9A8BE8FE7,0.4118311
ID_BFE19E24FB,0.040720493
ID_44F98FDB12,0.0076079564
ID_5E2A9D8BB6,0.009104964
ID_1B54E1B6EA,0.038809843
ID_08768C0723,0.07030451
ID_505064A46F,0.030498039
ID_0C57ED651F,0.0077353907
ID_F46BC43502,0.5378003
ID_D90E89586C,0.008400222
ID_9D3DBA2F2F,0.43592295
ID_0FE0136284,0.36741802
ID_A39A8D77CD,0.2841466
ID_071A9B394D,0.023664666
ID_F117D280FD,0.0059264596
ID_1C7C80D5C7,0.0087533565
ID_F451CABB22,0.34252527
ID_7371C1899C,0.0077993483
ID_806698C184,0.03539373
ID_C5640EB3B9,0.021204075
ID_CF5D84D8AB,0.021033263
ID_800A7DE493,0.016880177
ID_E95B489CE6,0.61741614
ID_B70403A77A,0.14018622
ID_1AC5EAFB6D,0.090824164
ID_C0D1044C78,0.013950257
ID_CBFCDC94C5,0.11572783
ID_82AF29E6F5,0.40933466
ID_D9B1CDD4B9,0.042266943
ID_C01F70B129,0.01717303
ID_013685BDF3,0.009806754
ID_D4C2791A1F,0.6598977
ID_5A9F1872B6,0.03212262
ID_936E8A0578,0.0065842597
ID_631718D687,0.64983726
ID_1DD56521AC,0.031446405
ID_0DE0E56FED,0.26251847
ID_1890D88F45,0.12275788
ID_75B6405421,0.036833163
ID_81EC0EB7AD,0.11547163
ID_6E1F242B3B,0.11642682
ID_0F45DA2267,0.2221519
ID_BED09BC9C4,0.35317793
ID_3683414A1E,0.02849954
ID_98BDC40C76,0.03467083
ID_25B7A2511F,0.015358123
ID_0D5B699FBD,0.07243581
ID_88C57085F7,0.07320309
ID_C0A5D0BA8B,0.020593226
ID_AC04199086,0.29629254
ID_BC3E30A557,0.7304773
ID_6CFEFE594F,0.010173824
ID_9DBA8AA5E0,0.020383468
ID_8AA165EB39,0.0053389436
ID_60DA1BF9EB,0.034511052
ID_4E4EF59768,0.27473363
ID_08F8FA0DDC,0.029677244
ID_B3D6ECC62D,0.018144406
ID_521FB24A0E,0.77713054
ID_B6E7CE445F,0.16660626
ID_998FF2D2A5,0.010605677
ID_84404C0390,0.2595084
ID_E515BA9314,0.27766293
ID_BBBC24E699,0.009012972
ID_7BC59B961B,0.0047468254
ID_32D46469EF,0.022162765
ID_8906731E88,0.02213407
ID_CC9BC96507,0.01571639
ID_35E187F2F7,0.07408009
ID_BB7B131FB7,0.98895746
ID_194A0D6355,0.61351717
ID_EF5416A17D,0.07282959
ID_35FF69D195,0.4515725
ID_2A6324F4A1,0.09425558
ID_CB1F7DDC93,0.45018107
ID_027E6B171B,0.2931433
ID_59A24BBED7,0.23393355
ID_DB718DBCAB,0.23788007
ID_0FF234DA2B,0.064858854
ID_B47CBEFFFA,0.91778773
ID_73F771B43B,0.10193265
ID_6868A1D8A6,0.013356069
ID_AC63E872BF,0.017058585
ID_E84D5A7DD5,0.18350086
ID_B66DB6E171,0.006325486
ID_CEBBE8435B,0.0071383156
ID_4D7123BC3B,0.00540793
ID_7F34AB1075,0.010383835
ID_B47DB27A0A,0.006872609
ID_32D79EFFB0,0.0076772636
ID_EF81E1D271,0.0072917384
ID_330C8659F2,0.038280897
ID_926454F3B5,0.028861871
ID_ED73BFD6BC,0.03456451
ID_31ADB46B44,0.04628547
ID_98CF7F924B,0.11056639
ID_8A2D6B5A5F,0.017520957
ID_18AA0EF601,0.008632936
ID_6DE8AE3CE5,0.059290886
ID_A2BE5100BD,0.033582885
ID_2D63F1CC0C,0.22721955
ID_93703C6974,0.23531422
ID_F1334A38F9,0.88917226
ID_75645782BF,0.089414164
ID_99DBE45B38,0.33677477
ID_13F6F87FC9,0.232332
ID_ADEDB5C69E,0.0048745354
ID_74F31604DA,0.016062686
ID_94B4729335,0.099934414
ID_4FF7CBD90E,0.3964016
ID_CB2A35DAF9,0.020048276
ID_5E5FBA1C72,0.017158475
ID_38F5FD11B4,0.0120530715
ID_3398F9A02A,0.14784695
ID_7A708AB581,0.072859436
ID_232BE0679D,0.046508107
ID_E116E296F0,0.18872179
ID_60C4CF6F0A,0.004610867
ID_0F10F9BD16,0.0066249515
ID_0887E8CFA7,0.01345977
ID_B58F9DCB82,0.046385188
ID_3D2C49DCDF,0.81970024
ID_4D45E4C306,0.81616056
ID_61EFAE3266,0.066264674
ID_DA3B61879F,0.21215509
ID_0ED7B36582,0.08055027
ID_1A40032874,0.010365874
ID_EBDF556BC9,0.19972503
ID_451DC0212A,0.121702775
ID_8729C6FACD,0.11316792
ID_DEAB3D79C0,0.008425758
ID_C6C0E741E9,0.011400815
ID_7377401EB3,0.015530447
ID_D4E7DA1AC3,0.08275053
ID_0369369EA9,0.0240025
ID_D4D363253C,0.024444597
ID_33ED0D7D0B,0.0962828
ID_913823D8EC,0.27194926
ID_A6D3C832B8,0.96388286
ID_821DCEC0FE,0.0053429836
ID_82F5FEE2AA,0.2540669
ID_C791A8983D,0.040968966
ID_2FC877A495,0.035964314
ID_B92CD0BB86,0.0043696132
ID_AD813C5EED,0.12937437
ID_2E638B3BDF,0.009104697
ID_700A1D2A05,0.07147623
ID_F84E566D2A,0.015422961
ID_41DDDACF0B,0.022704028
ID_CF97674549,0.020150594
ID_EB6D790570,0.19167863
ID_592A2DE81D,0.07299974
ID_AAE265E21D,0.010706772
ID_1E4AFC6E64,0.052626267
ID_0C3F119319,0.01670814
ID_36863E6362,0.03663059
ID_B10063E3D9,0.354028
ID_F4FB41A1F7,0.025069624
ID_187B409045,0.4553913
ID_45ABF3A8D8,0.41033173
ID_754427EAE6,0.030345546
ID_5CE2C9DD10,0.34321666
ID_8CFFCC73BD,0.008941897
ID_8484763E4D,0.0055119107
ID_170DDC738F,0.038186844
ID_88FC59F67A,0.013489534
ID_A93D4E48F7,0.05095904
ID_F46607E707,0.014118759
ID_B643C3AF80,0.008445354
ID_37B32AD1D0,0.1515186
ID_F48D7DD35A,0.13106786
ID_752577B839,0.009103142
ID_88A25C2434,0.016971357
ID_690DBCFA9B,0.55254775
ID_05C8898EF7,0.14755058
ID_BC88E92A6B,0.16399488
ID_CF9C932F4E,0.28424215
ID_DA840D48AD,0.4457826
ID_4360EC600D,0.023451697
ID_DF647CB6CC,0.014598606
ID_15E353CB8F,0.06007883
ID_7BB74C1B35,0.24659148
ID_8D839F5481,0.8026722
ID_BD67DA0DF8,0.18589886
ID_A69CBAC4E5,0.037718497
ID_A881299283,0.009864032
ID_A70DCD5278,0.009676199
ID_E66EA9C648,0.48739734
ID_CDB6194B91,0.060784098
ID_579F6FBE88,0.5547419
ID_574ABFE616,0.020089347
ID_9283D2CF47,0.017055506
ID_604C4FA72F,0.0086087445
ID_89CE99DE52,0.028642315
ID_396B18C5B8,0.00706934
ID_D6174C7494,0.0064281602
ID_E077E1E1DC,0.049616206
ID_DE3762D372,0.090791196
ID_CE01F8BB2E,0.05174592
ID_361597D763,0.25723413
ID_A562584756,0.059575498
ID_3BA84FE738,0.03200337
ID_66EA2CAD9B,0.41500583
ID_F58471EDB1,0.010787462
ID_D61BF9DEDF,0.009894497
ID_6BA5C082C2,0.017259195
ID_D3F46BFB18,0.40603662
ID_3AF6685FB6,0.047699604
ID_B9320A5681,0.09946546
ID_01A397FD97,0.23498243
ID_2B22416248,0.01824156
ID_97C75924B2,0.04995937
ID_34261949FD,0.929529
ID_352E17CFFB,0.009311092
ID_B128DE812B,0.39035422
ID_487C5A4319,0.31370994
ID_81A24A8A25,0.020036295
ID_8847C6F23B,0.016673341
ID_E619EFA2E3,0.019118726
ID_90D3D58B33,0.0076185567
ID_B0A92DCFD7,0.012552953
ID_EAD9BD4EAD,0.010096763
ID_77DED50654,0.18312417
ID_AB44703456,0.3852033
ID_950CD5E0ED,0.031512868
ID_05DE506FC8,0.007531904
ID_BF25521FC0,0.015979946
ID_39AC574AA9,0.6370111
ID_A6C4112611,0.054981947
ID_764D711984,0.017807942
ID_E4685CB0EF,0.007644812
ID_0F0021ED3A,0.01811859
ID_8D7AD48359,0.10906924
ID_16F16183AE,0.4788865
ID_3D183A4DB4,0.009736171
ID_7D8BE9BE71,0.15718259
ID_8687CE516B,0.06841067
ID_48FE49E7ED,0.5161157
ID_FD2F2A4A51,0.009616686
ID_0A50E6324A,0.06732834
ID_4B3CA02A16,0.0660696
ID_EB5B0D195B,0.064256355
ID_F7F9B4DCEF,0.7133539
ID_970AD31B8A,0.009595549
ID_3361A18214,0.07585608
ID_0A3F83268C,0.005361753
ID_569649496A,0.009247626
ID_BDBA893109,0.026457768
ID_4A726BC15F,0.1933733
ID_136BE687C6,0.06819645
ID_711FE910AA,0.012228059
ID_99E179478C,0.17603819
ID_6F2E93D67E,0.016585637
ID_78A74FA831,0.08767584
ID_7F4E0E3236,0.013635341
ID_23B1B4635F,0.38868615
ID_66224E6EE8,0.42775846
ID_C6CBA70FD6,0.013897306
ID_621E3A6629,0.047998644
ID_6306A4C4B7,0.04133665
ID_E8388569B5,0.034724683
ID_F96C2E3F86,0.15813026
ID_44C6079C1B,0.005808074
ID_58BAF3268C,0.09055422
ID_AA5144C47E,0.03558392
ID_CEC0FB417F,0.25387543
ID_415A34B214,0.3134352
ID_9D1599AC8E,0.6172249
ID_17D84CD9CA,0.09932052
ID_BF235B1F4D,0.021615483
ID_01D1AD7A74,0.0095624225
ID_6C2486A6CE,0.028503014
ID_EB9BB15063,0.2592411
ID_0659525F0C,0.33097592
ID_A5863E8845,0.24835818
ID_F449EA8164,0.06412082
ID_B385EA1E87,0.022591958
ID_29540BBF20,0.014854335
ID_A32F6FA642,0.015382382
ID_2CF98F2AF8,0.14362852
ID_4777E74DE5,0.73983186
ID_BA3621BD89,0.028536437
ID_20315BD70E,0.03478982
ID_55D70D5DA0,0.0077545857
ID_99982CE366,0.019388005
ID_DC2C9FDA87,0.006969145
ID_5F26161C2B,0.008537525
ID_060B469655,0.019351391
ID_23661C9ADC,0.021414302
ID_89348C9E0F,0.006893051
ID_A8A8CAB3AC,0.018285492
ID_1070770F52,0.01179043
ID_F7419BE082,0.011725512
ID_560333F36C,0.019407481
ID_48F18115E8,0.017378002
ID_130CF343A0,0.019143017
ID_061EF16080,0.009874303
ID_A1B7F621B9,0.2942416
ID_0C87735D0C,0.009408559
ID_59215B5ABB,0.7507129
ID_AACBB67B53,0.15737434
ID_2DB2EC6E87,0.68077487
ID_4C45D1A442,0.033703826
ID_AE73AF213D,0.046129253
ID_5E505B18DE,0.08175472
ID_099DD287E3,0.5352861
ID_33F6076487,0.8907753
ID_53D3F427E4,0.29356828
ID_0316179941,0.007349902
ID_E64BAA102B,0.9786086
ID_7A5E1D7F29,0.009881926
ID_2D54286DFF,0.71981204
ID_748646F788,0.4652693
ID_700DCA2998,0.020709468
ID_2A8C858C37,0.23869114
ID_C9D1A843C8,0.36130843
ID_767A0339B7,0.07387741
ID_84D333107A,0.26475328
ID_D1AE0BB695,0.78865355
ID_A54EA8E83C,0.01916955
ID_4DBC1161CE,0.27348104
ID_75350446DC,0.06523575
ID_E5ECABEAD1,0.016700778
ID_F5AF561DB8,0.0062392065
ID_3CE1C60B20,0.31232163
ID_8D4C66A3E8,0.011111852
ID_7BA4099AB1,0.007793126
ID_6A27BCAB5F,0.7294961
ID_37FA07768B,0.13162921
ID_336F7B9ECB,0.006728346
ID_A6A204D69A,0.82497644
ID_5157F48BF5,0.010693829
ID_2CF8BF46B7,0.020498492
ID_34A4114CE5,0.22408397
ID_980C15C5E0,0.1603273
ID_D63277411E,0.05284893
ID_DE543A0287,0.027468394
ID_DC6C28A389,0.014338582
ID_54D10E8317,0.029596409
ID_DEEF149FC7,0.9038527
ID_1ABBA10B40,0.42931053
ID_6F489CF6D4,0.38989124
ID_EB6425943E,0.084166355
ID_BFC6DC28AC,0.013743306
ID_C3D45E6712,0.030116012
ID_712801B573,0.009294968
ID_6B0FC2829E,0.014767793
ID_F7DEA22EE0,0.016853603
ID_AF2FE5CD42,0.03945874
ID_D273DD1EE3,0.121395245
ID_CAA0173633,0.10365438
ID_7BAB8643C9,0.9312247
ID_D4ADFBFCB7,0.023593126
ID_17CC5BED3C,0.007920155
ID_CCE81E0C00,0.009211219
ID_4C6C2E86DC,0.006155047
ID_BEC42C3A1C,0.011108027
ID_50F932CB7B,0.046353187
ID_D57FC264FF,0.010173514
ID_B805FE84E8,0.008570377
ID_13C72C0BC4,0.36715814
ID_62B5E76CEA,0.0063465605
ID_788E6D1F9B,0.44877565
ID_10C94073E9,0.29082832
ID_174C176602,0.05076033
ID_7F16D92595,0.0787276
ID_25D53D4AB2,0.052400593
ID_AA863A06F9,0.010215787
ID_CDD4F630E0,0.12938826
ID_DFE89619F5,0.05138494
ID_7F919AA96B,0.016090838
ID_3A8A3482CE,0.017665345
ID_303B61382E,0.15487953
ID_A8DDA76694,0.79863673
ID_807859A478,0.024367101
ID_7C27844B03,0.4327347
ID_15E674142B,0.052350476
ID_066F88D784,0.092020914
ID_F5AA4DC4B7,0.0093593495
ID_F77576204C,0.009893915
ID_D187C501A5,0.18500975
ID_60C68E2F0B,0.9595087
ID_2EA093F0B8,0.032767195
ID_DFBF42E84C,0.010046237
ID_8235378CEC,0.6623651
ID_12D1EF6A51,0.10267847
ID_CFE6DACDC5,0.00956332
ID_248E96F8A2,0.0666733
ID_4B972604CA,0.008097674
ID_2C0E06AB05,0.09322872
ID_D0781EDF60,0.46811602
ID_5021DB8AEC,0.54857534
ID_B39351AF4E,0.09368784
ID_CFF4B0827C,0.31788886
ID_D27813AFD6,0.79432595
ID_D429BBC5AD,0.05800114
ID_608A3A7D81,0.01903024
ID_686178D345,0.19110389
ID_C2C7392FB6,0.027159955
ID_9DA6EE0678,0.9607154
ID_A25954CD60,0.01813175
ID_075343D308,0.014454699
ID_CE74C68FC5,0.055392
ID_87C0B8B534,0.010089118
ID_F28B2F4B52,0.08298224
ID_7F7FAD1F32,0.06843872
ID_279DE9A9C5,0.024138452
ID_A9BB7C7409,0.55902517
ID_5D5DF94C33,0.09017505
ID_06D9E75779,0.015715059
ID_DB7C7EB563,0.06854481
ID_27A9307E4E,0.0082876785
ID_2A3232769A,0.008237581
ID_DC652DFF6E,0.018717827
ID_1FE693B59C,0.43975726
ID_FDB206C8F3,0.10202693
ID_992078423C,0.05004469
ID_89F7FE2E62,0.21569017
ID_37BFCADABE,0.01199181
ID_E896273BD7,0.0050469004
ID_868552ABBE,0.21429922
ID_D83585422B,0.14616552
ID_60B4899F07,0.7411093
ID_334CF667F4,0.4386013
ID_D412B75EEB,0.018573014
ID_88BE091F5E,0.06838123
ID_BFBA0268AC,0.3570603
ID_591ADB5C83,0.035761077
ID_B57E57F743,0.00722233
ID_BA9A686F7F,0.32104456
ID_2B6E6F2930,0.7984633
ID_66DD87D3D4,0.016746767
ID_F7F9AE8D38,0.01341461
ID_E4918EB003,0.065003
ID_A036E61CF4,0.008973943
ID_4E74BEDCC3,0.059710775
ID_949C9E5FB7,0.03301856
ID_2FE104639D,0.007995642
ID_6EEFDD9E1F,0.008404426
ID_5A5D51923C,0.36418882
ID_F7E684F5DA,0.046046697
ID_937B8ACAD0,0.032240845
ID_BD78FD8E04,0.7338045
ID_B7297CC86E,0.012050456
ID_1E3F674D08,0.0117497295
ID_C2AB1DC8E3,0.25605628
ID_1AC25A899E,0.0066236113
ID_E215BFCDCD,0.01782151
ID_2D4C8BCC1F,0.019423835
ID_4B3F5F59B2,0.10261129
ID_90309A245A,0.018612674
ID_A0211F2979,0.22456287
ID_B6EDC3590A,0.041682966
ID_96B111AB03,0.13761145
ID_5D7E372C4F,0.090799935
ID_FF3754B9D5,0.043177035
ID_9F96D4515F,0.21914715
ID_48BE2E8A7E,0.01061462
ID_95D785664D,0.61074173
ID_45CA561D85,0.03140788
ID_AC307208EF,0.1134397
ID_53DC36EFE3,0.06072845
ID_EEB5984916,0.24356036
ID_6A81E35A79,0.3299611
ID_7DDF2CB3F8,0.18865526
ID_E7E9B59095,0.47349527
ID_345E2F4DF9,0.045778733
ID_33967B9DA3,0.07186174
ID_01BC53E2D4,0.5551055
ID_F98AEA7260,0.011954661
ID_37120C71B3,0.051933385
ID_4BC3755758,0.060443427
ID_E8024BE503,0.21059966
ID_AFD05B2A66,0.1504842
ID_4412BF5D3E,0.8364752
ID_8826DEE2CF,0.05796479
ID_D7C6591D7D,0.43655485
ID_F9A02873FE,0.023953728
ID_61E61F7817,0.94178236
ID_56D98DC57C,0.122145355
ID_AE2AC933FF,0.010336676
ID_D2AE641CF5,0.9554197
ID_BEFF72C7A9,0.9346199
ID_3E7EE9D7CD,0.07939559
ID_F723AAB965,0.12357934
ID_541AC80B6F,0.17053565
ID_A477849AE5,0.9581465
ID_5D429A96A7,0.22594821
ID_A93BEAE5A7,0.26982173
ID_B843EE8EA1,0.6399846
ID_D71192D842,0.2485386
ID_9D5E79F1A2,0.031650987
ID_097C5F1973,0.092382334
ID_525DDD8E7E,0.028082594
ID_7CB9F32E62,0.017225714
ID_0905F0BAA6,0.11609325
ID_BC0B0520C7,0.28986552
ID_CDA5864D68,0.009590447
ID_1019196ECC,0.8171732
ID_5C06917482,0.05752266
ID_29026D41D5,0.04043734
ID_C5CEE8A0A7,0.12685932
ID_AB249BB193,0.85286504
ID_D7D3D64394,0.02710068
ID_0FD80AF43C,0.08109913
ID_F9FFC4599A,0.007462232
ID_5393FD19D5,0.5639671
ID_CB56ED13D8,0.005174721
ID_E8F0461D11,0.13887446
ID_3F5B70B694,0.0112366555
ID_F8D6D81EDF,0.01864135
ID_3C018BAD02,0.0068669724
ID_F589592BBE,0.012049562
ID_EC6E4B101E,0.9205744
ID_B91F41EAD1,0.07655084
ID_53C1FBAA15,0.35046574
ID_B518ADFF08,0.0638144
ID_795B18235F,0.010583811
ID_FEE97006C2,0.05769576
ID_0B96AF19A7,0.7707151
ID_CAB448E214,0.007962209
ID_98074D276A,0.005635589
ID_4BBA667010,0.010833447
ID_0E04A5AB1C,0.07935882
ID_4CA39E3F9F,0.16315201
ID_995E75C9EE,0.19029176
ID_E689E0F7A8,0.2849537
ID_5A73AC65BB,0.31579646
ID_91081FC117,0.4206444
ID_8B70B7A909,0.018582152
ID_5AD6C9B18A,0.30681804
ID_5F1FA0BF0C,0.015981318
ID_F7A4175D26,0.023273066
ID_5F2ECCF944,0.006412853
ID_742496718B,0.52711046
ID_7061C1CF52,0.86299336
ID_36EFCD56B3,0.038921088
ID_78FFBE6DA8,0.25366962
ID_A0AB87EF7D,0.009818655
ID_8371B880ED,0.4485825
ID_C7964B2408,0.21149784
ID_6650B444CF,0.94865805
ID_761E3B0CA0,0.042209122
ID_E7894D3843,0.21913017
ID_BF0AE2ECA8,0.04884355
ID_4B5F03D605,0.033788823
ID_86DC92F670,0.19159622
ID_F90123507D,0.0056827846
ID_5469265E50,0.010928545
ID_00790561CD,0.2257396
ID_AAF81FC8CB,0.059090234
ID_F54A19B9CC,0.01461169
ID_9C2318FAF1,0.3352447
ID_CFE3067E53,0.009402832
ID_764075330A,0.27743992
ID_C984A9A1A4,0.10672311
ID_F948CAE351,0.92285776
ID_5F3385EE8D,0.14774078
ID_AEDCB56DCF,0.79159296
ID_0577BC0A4D,0.33815953
ID_3CABC6580B,0.15706107
ID_0C3863BB94,0.017062077
ID_18FDD302D9,0.127692
ID_2703E33590,0.008441058
ID_E46B693CB8,0.010673601
ID_3D819A3EF5,0.006009541
ID_50A111617B,0.01442304
ID_2990AB7274,0.085563965
ID_F1E2BCCC9A,0.036665004
ID_8D4CCFB734,0.022276957
ID_8444B87B69,0.016729275
ID_93C94EB93B,0.00565581
ID_69E7756B17,0.08541842
ID_FD7616A148,0.08267164
ID_D3429916BD,0.015720606
ID_5821CE6CCF,0.07773797
ID_079D01D548,0.39792717
ID_DF9DC5F48F,0.0092004165
ID_C33580F5D0,0.4011965
ID_1291FE6A4F,0.0071175843
ID_B87456BD84,0.06255526
ID_A8D084556C,0.026226928
ID_302D25CA55,0.39906457
ID_383253CF6B,0.21041486
ID_22E5738B9B,0.008857298
ID_0894D3456F,0.0058641857
ID_DBB7B13533,0.03116754
ID_AB607707CB,0.031358182
ID_567C89CD60,0.24594389
ID_88A6B7AC81,0.36009237
ID_106963DFE8,0.01396468
ID_75018A1A3F,0.17807478
ID_3EA902D48E,0.09339029
ID_E63ED8FE8B,0.030531762
ID_5CB287DCE9,0.10992219
ID_D6BC821006,0.049736425
ID_324278B506,0.046749286
ID_B2D7E0C28D,0.009470799
ID_F6D69B5A49,0.013575143
ID_D1C46C8ED6,0.007271621
ID_C5125F1EDD,0.18088563
ID_686C22C413,0.0054256474
ID_2C59A79A89,0.033107292
ID_463B170DF5,0.07197493
ID_832294AE1B,0.7338994
ID_A0B8026F78,0.0077341544
ID_A83497E634,0.123784766
ID_B666190CA4,0.058081247
ID_AD9C082B82,0.06681901
ID_4CDC09C760,0.008162533
ID_30BAA06B94,0.020286564
ID_F534C75698,0.008167331
ID_5503ADACE7,0.07091331
ID_EA17DC7CCC,0.033418223
ID_09BFDD0850,0.0336604
ID_8262CF70AB,0.33467647
ID_A8104914DA,0.22057652
ID_9D6EB7EA3F,0.60321826
ID_24A88D7B52,0.023439687
ID_48395EF368,0.041863173
ID_A7764A6E3D,0.2980706
ID_4FF70F107F,0.05705665
ID_43AE9551EB,0.0068860976
ID_6D9D656D13,0.0854131
ID_5A19C007C4,0.037716407
ID_1407861C3D,0.01790448
ID_86B31281BB,0.27978826
ID_67EF7EA4A5,0.007602755
ID_24B138ECB8,0.124267854
ID_9DF2D90DF0,0.5185651
ID_9154F19AC0,0.014951811
ID_E819716CC7,0.02371965
ID_04EF68A064,0.028079083
ID_D50D5A0B4E,0.014120073
ID_8077C65E65,0.026576154
ID_0812A643E1,0.0062560816
ID_C43013D57F,0.0074365614
ID_5F07865CCB,0.060188867
ID_38D37F47B7,0.017335773
ID_F021DCCEEA,0.038520176
ID_2C7DA6B03E,0.33189896
ID_C59739D124,0.0392119
ID_DB9B9AD5E6,0.035756893
ID_B6B195B105,0.9158916
ID_58C4A0BF7E,0.006451349
ID_F535BBD7E4,0.09372398
ID_259ED8EA6B,0.070615225
ID_59DECE5B10,0.260573
ID_09C0C8658A,0.054964487
ID_2CB0F42072,0.03572604
ID_BE63DD2938,0.014347094
ID_3FEA2009C0,0.16758694
ID_5C590EEAC8,0.04507193
ID_E0AADAFFF2,0.022900144
ID_44D3832859,0.0063718166
ID_F36E36C590,0.21736054
ID_B3FA4544FD,0.0102229845
ID_C3DC1EEBD7,0.014384868
ID_D686721566,0.011500057
ID_C39E71B034,0.0064671203
ID_FE88B8F827,0.13426355
ID_E9C6D34611,0.46350148
ID_D74014BEB7,0.025073897
ID_73F615EDC8,0.010659111
ID_A284A4649B,0.008215232
ID_0AA177672D,0.052133698
ID_F3FA2733BF,0.01605135
ID_0E927D28A0,0.059081256
ID_843830E8E0,0.084171504
ID_15F5E3D6A9,0.09272364
ID_524E8E4560,0.029603228
ID_46E2A52883,0.017609363
ID_9C7AE287A3,0.00915984
ID_B0216E5CA5,0.036715243
ID_539892F75D,0.006962616
ID_B932DB4172,0.05190579
ID_4B4936016D,0.00984047
ID_DCA08F5883,0.17350069
ID_26D42891B8,0.009483101
ID_26741980B8,0.011854015
ID_972B3AF728,0.9476914
ID_22AB3B9F20,0.010385541
ID_51A90D4C31,0.5641254
ID_F1A36C1FCD,0.4557578
ID_FEDCE62798,0.44228533
ID_59969ACECD,0.10678013
ID_4623808AD0,0.15734911
ID_13F234E82C,0.8026295
ID_82CF41C04C,0.24072804
ID_4AD521E36F,0.94623625
ID_8D79649736,0.16910927
ID_A8299C3548,0.0320341
ID_0CE1768597,0.016698796
ID_FCBCBC2DF1,0.015070884
ID_A088D688F4,0.008840782
ID_4092DB57DB,0.008255584
ID_3737644F76,0.30194783
ID_9ADB52B81D,0.22547616
ID_27CCE901F9,0.35778219
ID_1FE82496BF,0.011572314
ID_814D0A95D6,0.57501376
ID_86E2E2DB43,0.0146444915
ID_09D5DD5D72,0.02974294
ID_D6D569F065,0.09697815
ID_B8A19D8A70,0.019769033
ID_A38CE91EFB,0.08285823
ID_1B6722BB4E,0.089206025
ID_C356111F2F,0.052457843
ID_37C6FCD607,0.017458046
ID_143A86F3C2,0.19785109
ID_AE078A08CF,0.020632688
ID_99410179A7,0.64530057
ID_ADC9C2AD28,0.008446395
ID_2EEFBB7899,0.015826816
ID_619B511008,0.2591868
ID_EC5350A13A,0.016356338
ID_4ACDDB5386,0.20934877
ID_3AE2310495,0.019281553
ID_8EB1ADF2FD,0.01997278
ID_2B23F2F69E,0.1052962
ID_BEAEC01ECC,0.18039419
ID_DB28E203D8,0.20002908
ID_B0581DC2F5,0.30885276
ID_E0B9C0B4AE,0.01701118
ID_B429BF48CA,0.008422187
ID_6435DA5697,0.007585283
ID_3F0491D8DF,0.00716526
ID_BDF43EDE4B,0.81461287
ID_2CBF04CB71,0.009610836
ID_AAC967E1D7,0.20824265
ID_82A62B8DA3,0.009622216
ID_1A72BA616A,0.7856312
ID_636B1B92AF,0.99094915
ID_377D594FAE,0.018221442
ID_00FE8DF9AB,0.12485311
ID_2EC6FE0A05,0.43184862
ID_A6515323EB,0.011518737
ID_FC45207ACF,0.05243753
ID_1638CF5DD0,0.086345956
ID_70A07EF835,0.010404282
ID_D5097DFA7F,0.00832192
ID_FD7A6A7D00,0.010939303
ID_BCD89D7F8D,0.7193979
ID_36FB0A4E82,0.011084283
ID_6CB03F4FD3,0.29527506
ID_EFAFF32211,0.042160913
ID_34D402B315,0.083819665
ID_C105A0CC40,0.05016037
ID_4663470643,0.020973872
ID_B0D098219C,0.9965139
ID_863D28A8FA,0.09203436
ID_66B7259D4A,0.09620151
ID_684274B6BA,0.045447104
ID_9140EEFFD9,0.29758203
ID_C24581A76F,0.039215513
ID_7D30F2E841,0.13620715
ID_51B2D7C7F0,0.26492614
ID_751E20DECE,0.2136953
ID_40FA80C078,0.10125892
ID_AE6B2C156C,0.014573043
ID_A3C27336A0,0.026381057
ID_184344CA9E,0.37965527
ID_E45C5FE3F4,0.03756391
ID_5855D3F796,0.012682412
ID_1EFA44360E,0.19964638
ID_DD797222A7,0.013167043
ID_819435436B,0.06544886
ID_7947F9993C,0.028895548
ID_B1EF4BF409,0.08972213
ID_5DC1FC9682,0.29058963
ID_618BA13098,0.12648454
ID_760F7D6507,0.10901923
ID_00FF8265B6,0.023629623
ID_ACB4B4245C,0.06099296
ID_EA1972135D,0.022871213
ID_A6B3EAFB3E,0.40893236
ID_1DA236FF49,0.10215418
ID_9A8726EC3E,0.17863075
ID_FA5FEE6D2C,0.42594016
ID_FFA8D10F76,0.35650614
ID_1997BDFBA7,0.5338889
ID_BAC0EE52F9,0.036764484
ID_0CCE4A25D1,0.08221309
ID_CB3BA19D57,0.0663343
ID_49C3EAD803,0.0168948
ID_3AC0ABDE62,0.08088903
ID_C50E6A9600,0.20532462
ID_2A157534A2,0.6859266
ID_8F9147BAA6,0.08481661
ID_AFBA2D517E,0.040165182
ID_41AF2D1213,0.13004637
ID_E81CA5A261,0.1342698
ID_54CD675038,0.15318435
ID_770434BC17,0.012861634
ID_0D64938220,0.9097662
ID_8DC77BA42C,0.3959422
ID_6D5DC82B78,0.012735378
ID_9657867DAC,0.08925752
ID_4640F4603E,0.04166266
ID_ED2674E0E5,0.008188746
ID_1C7B28A8DB,0.013344832
ID_5AFF388246,0.21193255
ID_90A2BA5A35,0.035614904
ID_4976F054D7,0.0057340986
ID_94733555D5,0.037406344
ID_DD5B6393DA,0.10426936
ID_724E0A184F,0.08670152
ID_6447E8BA12,0.35208738
ID_03AD14CF80,0.03498191
ID_EB396694CD,0.01878762
ID_88AD0A1A44,0.02796488
ID_50B04685A7,0.10836684
ID_47862F6D4F,0.010143272
ID_691EC851A9,0.41428262
ID_786CD36D8A,0.012466608
ID_AA65F2F625,0.010290362
ID_D4ADF3ED40,0.015146606
ID_89D33D18B6,0.09423244
ID_E256B190D8,0.06913327
ID_AA55230FCA,0.010391489
ID_E4C20394FD,0.01932903
ID_A7D8048B7E,0.017754944
ID_0C02C3C2E4,0.8738118
ID_63252B4848,0.37200767
ID_719B5BF28A,0.16224132
ID_311A9D363C,0.007345514
ID_A85EB2D739,0.32002237
ID_6A0DCA6EE3,0.01128116
ID_83BC27F9D1,0.027979087
ID_D2D02102A7,0.0059827073
ID_443D690B6D,0.43867993
ID_EB7B472D84,0.021894522
ID_79C88FAD69,0.0858219
ID_3DF42EB961,0.29067937
ID_61AA43E0A0,0.058716826
ID_BEA0DB630A,0.0065698726
ID_7337FC6D57,0.06034543
ID_0757C17E16,0.3180752
ID_546E5F568D,0.016604312
ID_D6FF86B7B1,0.10632326
ID_4D7C1E4250,0.02360623
ID_C27076DA01,0.0073819067
ID_E85DF257A5,0.036925968
ID_9441091622,0.013611051
ID_3BAE76C8B0,0.024998844
ID_0069FE7D47,0.027537052
ID_0BAAF83793,0.081812344
ID_9C517573F7,0.18161286
ID_DB380F1A19,0.25182873
ID_EFFAFDFB44,0.0118714
ID_7BF10CE87F,0.03645647
ID_CDB6B78377,0.2597117
ID_1E85D74124,0.013498015
ID_3354DFD149,0.013470542
ID_2134AC8937,0.05557171
ID_CDAA84E5B1,0.23139252
ID_34521374F4,0.11729715
ID_E5C015B4D6,0.91440487
ID_D0B745318D,0.014111981
ID_409E99D2CE,0.077569626
ID_94E1BEDDFF,0.012948784
ID_C2D91FE45C,0.01804208
ID_508F99188A,0.017103937
ID_5B66BD3B4B,0.070969395
ID_3BE8B89204,0.016529702
ID_026220014F,0.047456548
ID_168C0C053C,0.059088837
ID_2CD22132CE,0.05035517
ID_8426817976,0.06652716
ID_3BDAF11732,0.12224226
ID_5AFE18FD34,0.01599673
ID_A084497F45,0.012017057
ID_8E00CDE8FA,0.01655987
ID_0217203A98,0.75458395
ID_EA4320089E,0.041264065
ID_449A4CB367,0.21860841
ID_2F91C3AC9F,0.09845656
ID_14DCFE5138,0.01183361
ID_4ACA4DEE6F,0.005138377
ID_65ECAC997F,0.16905455
ID_5FFCAB5DB4,0.01518261
ID_5C5B5E56D5,0.0061482633
ID_914E0300A2,0.006388019
ID_0303450C2A,0.03693689
ID_835ABB15C3,0.08298189
ID_217E4977D0,0.073928334
ID_F16B88479E,0.008124059
ID_CC503CCDD8,0.008283998
ID_8443A29BA2,0.0067612627
ID_5C045295FF,0.011940482
ID_68EC2E3870,0.004381452
ID_9241C9CD29,0.015935652
ID_30B96CEC89,0.41812438
ID_1EB44F861B,0.16357729
ID_9B259B610E,0.007541993
ID_8A794B80C7,0.019115573
ID_95012EFFCE,0.11996495
ID_31FD5DE089,0.023495452
ID_F47FA24AF3,0.09452366
ID_F3A177A669,0.02735106
ID_C976055B69,0.013689568
ID_8C590F2A97,0.027955199
ID_7A67F3BB54,0.008405492
ID_A94118D2C9,0.011337344
ID_60F401D50A,0.029870471
ID_1C7DAE2677,0.79241633
ID_0608350267,0.3873575
ID_134D84AD8C,0.89386207
ID_3CE0D184F4,0.07245587
ID_51DB611101,0.070373975
ID_3759AD5298,0.0474999
ID_B764E89A62,0.0494502
ID_F56195AE1B,0.06837552
ID_2D7015CAF8,0.009866596
ID_C1C654EA7A,0.23666777
ID_1D971E50CA,0.08984937
ID_8D5202C0B0,0.496501
ID_F4AA89C763,0.007657848
ID_EEC1A973EA,0.07207717
ID_94AFBB1514,0.083660595
ID_7E8B781A6D,0.0063314717
ID_B729D84DAC,0.054219063
ID_559EFC9AF5,0.02924942
ID_DCC6103F88,0.06382464
ID_0A441AFCB9,0.09065678
ID_7E1ED8F9C7,0.015275915
ID_C73F3B7BC8,0.6702688
ID_0CFD6152C8,0.38854173
ID_44392E8E29,0.03978342
ID_C5E7B45C56,0.0065917466
ID_55448B0A15,0.012824049
ID_8F3B90E4A7,0.05832317
ID_91C488B2F8,0.45542833
ID_1DB83B568A,0.08760218
ID_24BDD93B58,0.33039355
ID_9FC2B41115,0.015384158
ID_5C3BDF955D,0.036627054
ID_67BB8C0683,0.008322563
ID_46AC85F414,0.012434088
ID_649C7032FE,0.6238246
ID_45540556D4,0.95169485
ID_FAB07F595B,0.06196159
ID_6D3F359C21,0.08302332
ID_C0B97DC3A1,0.18726735
ID_2231E19ACD,0.10246831
ID_2523E690B9,0.20939475
ID_5374D6E0C5,0.010864141
ID_E12065809A,0.007269529
ID_3891A73DC3,0.0070736487
ID_3D31B10142,0.93250555
ID_3EF2069BC8,0.30967626
ID_FC6410CC91,0.014140406
ID_33B46B357D,0.3617217
ID_0D05283ED0,0.46088362
ID_53F919765E,0.9445882
ID_A40B3BF02D,0.08610793
ID_CFEFD8AE65,0.095754184
ID_80DC4B6C9B,0.94749695
ID_D4F1BD0D46,0.7622358
ID_298B80AF2B,0.060411744
ID_2A6816E364,0.062190495
ID_44AF353569,0.11693529
ID_62042AC3F5,0.023027893
ID_055AA442BA,0.6131206
ID_43075F6CCF,0.015544463
ID_329DFD6A75,0.2829079
ID_18B067588B,0.023528583
ID_E2CC42F043,0.0070507852
ID_1CB8E93B00,0.031803582
ID_977EF05C63,0.038291324
ID_5CA8190826,0.1908198
ID_7FC8B3B465,0.014241931
ID_8D013925B5,0.87471783
ID_897CC93B7A,0.03887839
ID_73772952CE,0.0047459756
ID_B21913E0CB,0.5487941
ID_E675622B41,0.2100672
ID_9FB1265AB9,0.026926652
ID_E99DE511D7,0.05310155
ID_339F83268A,0.009445719
ID_E6A8765C0D,0.012529172
ID_13ADBD37FC,0.034256972
ID_8557432F68,0.31315577
ID_800DBD030F,0.042260963
ID_E8F7CCDAFA,0.06006456
ID_B95DED433C,0.012479261
ID_DA68E301D5,0.022512296
ID_0AFD56DFA5,0.25218725
ID_77E23875C3,0.13272901
ID_826384AD35,0.027794002
ID_3D075FE536,0.10897256
ID_350BE350D2,0.036116466
ID_A4CE2EA5E3,0.009487336
ID_0CD5146DB3,0.15175344
ID_D1926A8895,0.015864728
ID_35CACBD1A1,0.17533138
ID_50B37E96CA,0.27207223
ID_705B0A7A73,0.02920362
ID_0CEFB6A7B8,0.030697808
ID_2F8834FAFB,0.012898411
ID_1C0363C8EF,0.13297951
ID_84F83BD895,0.07564529
ID_7926DCD520,0.008004351
ID_D9301D8AF3,0.040242698
ID_7346DDF795,0.040707916
ID_9D05D3059A,0.07324354
ID_4ADD173CF8,0.06428118
ID_54372DDF38,0.14886603
ID_A57B70B9CA,0.11394897
ID_D3D5A82956,0.020219253
ID_9E6C867719,0.083071366
ID_F9357E4222,0.08780528
ID_E68C10FB21,0.38397515
ID_260EC6C585,0.038011268
ID_5EB6E64A3C,0.0066921306
ID_7FABE86A09,0.00911655
ID_4D94E47CDF,0.04457345
ID_BF74B9AE53,0.26937935
ID_5EA0550957,0.029240713
ID_B5EEDE091E,0.092015
ID_394F44654D,0.17340972
ID_11F2562781,0.9920223
ID_528F5D3ABB,0.024147715
ID_47A6870EC8,0.1006654
ID_CA680E1479,0.016869295
ID_D1858A1251,0.080860466
ID_095B2D7768,0.102561034
ID_2BE2413BF4,0.022627557
ID_742A24AF2B,0.064640634
ID_FA8B06FCD8,0.033613566
ID_7989FBEBB7,0.18834934
ID_C81F8A8280,0.008934378
ID_D5ECDDB191,0.09945055
ID_06DC952FD5,0.006700078
ID_52CEE65287,0.09812086
ID_4F661E34DB,0.0075244964
ID_057190B964,0.85694766
ID_213400214F,0.16857472
ID_ACCD74AA90,0.013963637
ID_7C4FDF21D3,0.06708169
ID_86219F844F,0.067449726
ID_649A8D08D5,0.9339761
ID_1B67DA1F3D,0.12532246
ID_AD0EF37743,0.09184466
ID_E884C08C47,0.8605765
ID_A00DD5E9E4,0.008758087
ID_63B8FE7B8E,0.34950596
ID_90AA2CD4ED,0.013100735
ID_5A931318A3,0.007972484
ID_16B67C6A0A,0.14728346
ID_56C58E1E4A,0.8369995
ID_32817221E2,0.022966158
ID_0DD4AA7E09,0.4724933
ID_86D5DE88E2,0.6047748
ID_7EE9E5C55D,0.10101437
ID_8E27B0C6DC,0.65792036
ID_9B9A13392D,0.038974572
ID_ADFED4DC0A,0.027684202
ID_C64988BB41,0.1916439
ID_F25A1A4634,0.015752688
ID_1CA9DC504D,0.020362265
ID_762FE13F3E,0.4445366
ID_FBDD4D7983,0.024551233
ID_A31A9157B3,0.02007507
ID_3437DB78B4,0.0043097655
ID_B0D45842D1,0.06680292
ID_0E03D46751,0.011165827
ID_EDCE7B67C0,0.0142033445
ID_0A89E0F74B,0.008708185
ID_013CC31F16,0.42573905
ID_E313A421AF,0.25760728
ID_4C33F0CB07,0.028594946
ID_DD14BA433F,0.011287544
ID_3D4D0A21E7,0.055029586
ID_A60210A020,0.9019721
ID_5A0F585785,0.02381291
ID_AF536F9C02,0.7102226
ID_C4E639A97C,0.015099992
ID_01C7CD25A0,0.028027391
ID_E868E60307,0.007849905
ID_66A7C0926D,0.01033377
ID_67E73B985F,0.0944601
ID_776D298B31,0.29975966
ID_8B0747AAC2,0.023786392
ID_2369D879D4,0.09320953
ID_F6CB900024,0.008630169
ID_8956ED2052,0.26553193
ID_92B0366C5F,0.020918805
ID_A8D5FAE82F,0.62634665
ID_B77BC3E2EE,0.8843367
ID_816A197325,0.011662343
ID_3738AA497D,0.020022534
ID_24EC7795F8,0.55357504
ID_2F096DE127,0.096950665
ID_BCCFF845A6,0.0062751165
ID_893D6F0EDE,0.0056107617
ID_6456EE4908,0.04804199
ID_45B5D3EF04,0.084206626
ID_9A25CCF995,0.0070649073
ID_D3F6B5EACD,0.26022565
ID_F650C72981,0.003529875
ID_9D5138CD15,0.16142829
ID_25227768F1,0.44119924
ID_97EA5970CF,0.013944713
ID_F8E2DCE94E,0.06294369
ID_29909F9AA1,0.015360411
ID_29CB809C57,0.027229307
ID_4F46177A04,0.07531499
ID_C01B24D86B,0.008765908
ID_78FC819B94,0.006675097
ID_6C976ACED2,0.03875449
ID_976FA2047B,0.16062056
ID_4B969AEF06,0.026309974
ID_02960226A1,0.10397643
ID_EC58AF7DAB,0.19026592
ID_228E6E4A8B,0.026059434
ID_918EECC08F,0.43163294
ID_CEAAB8B2BC,0.8181668
ID_8648660BDE,0.021815276
ID_8AD82574B2,0.11419037
ID_D6CE2024A2,0.007914826
ID_5B1AF5013A,0.21423702
ID_5EAEC0ED94,0.30533785
ID_652D8E3443,0.020449486
ID_CA3A74025B,0.12120091
ID_34B0C78F6A,0.0069597173
ID_F9569302CA,0.046569277
ID_9FEC220F74,0.017169222
ID_53F1F96DF3,0.06079106
ID_4C0E0EB6DC,0.50537676
ID_E78FF5F471,0.060558535
ID_029EFD51CD,0.15998073
ID_0FC09AF8C2,0.007537883
ID_6E202C6677,0.0070428816
ID_0923AE4026,0.004702821
ID_DFBACF8932,0.033999015
ID_2CC7472AD5,0.09261017
ID_2160ECB9F4,0.113094054
ID_513088FE41,0.012489523
ID_9949543383,0.114505254
ID_16D4012CF1,0.014274087
ID_69E6CEE45B,0.067145064
ID_AEA4D49946,0.022046724
ID_6FA01B3467,0.011513753
ID_84D15193A8,0.11004236
ID_02AE6E6863,0.016758144
ID_4934CA6947,0.00699781
ID_7FBA984088,0.024421474
ID_01DAE1E4F4,0.14028905
ID_D5051E2563,0.046566535
ID_302C026643,0.023857996
ID_32F7E58D53,0.21897559
ID_D2DFF522C8,0.029732103
ID_16FFC58BE3,0.008384316
ID_FEE7A826BB,0.012308389
ID_1F8E166E68,0.0036009804
ID_2F9E640539,0.045459624
ID_5AB5F2A220,0.040828966
ID_F5A0306638,0.01111843
ID_3CE938CBF6,0.012000537
ID_E50F1A2F6F,0.13530001
ID_3343D0DB90,0.008086821
ID_5FB4536CE7,0.017382229
ID_D1108EC730,0.31122872
ID_0EEA2EA0E8,0.011761474
ID_8942B6BB0F,0.84193724
ID_4B89EC96B1,0.009445662
ID_1634E0A2DE,0.19457747
ID_FE58EBBC7D,0.026694195
ID_D61F747329,0.09579088
ID_1ADB59E6C4,0.015343662
ID_5AA37A9C46,0.28337273
ID_9780612A23,0.31279188
ID_A1BB256370,0.011018059
ID_66AF0EB930,0.3003519
ID_B996B13F7E,0.010121374
ID_26E19ED0CC,0.032138404
ID_8229A6E099,0.015325635
ID_FCCF33C961,0.11676784
ID_E21092E391,0.2592621
ID_B391B6BD60,0.021991348
ID_2E125781A4,0.023070453
ID_C2993AF422,0.005619793
ID_334E803F30,0.058963627
ID_925E59A972,0.0394788
ID_B242DDDB12,0.18312716
ID_1D7454FAD6,0.07102556
ID_0221B1AD53,0.072368726
ID_6989C04755,0.39878938
ID_8F3F2C7BC4,0.6354043
ID_E6636C5209,0.08645054
ID_F980186FC0,0.17507285
ID_35A46D63D7,0.021668635
ID_5A8FFD2B54,0.6249721
ID_5CBD61BCD6,0.035316166
ID_045D278E6C,0.018142046
ID_84EF6EEAA6,0.17387858
ID_23AA851BC6,0.0136739835
ID_0343DC0471,0.21321276
ID_5A8210DAB3,0.021843823
ID_3AAD2ECD38,0.05683413
ID_9804E5D700,0.01918493
ID_A3F3DEB73D,0.025495192
ID_F2D4ECB94A,0.031464495
ID_A707B9BBCB,0.06906141
ID_291E58A0E3,0.02950293
ID_8EF294A00A,0.114915
ID_432553FD14,0.062275082
ID_977B8BCE86,0.18913452
ID_63DE1419D7,0.025893956
ID_C243ED7369,0.009333159
ID_6D4AF71050,0.0066546993
ID_30359B43A4,0.0851455
ID_BB037C3F8B,0.0440339
ID_B5AA3BC098,0.07713966
ID_E392DDA67F,0.0045943037
ID_19C0C3D7A6,0.005197403
ID_8E0286EEC6,0.008810125
ID_C6A59FF8D7,0.83536655
ID_BA2AF7E45A,0.7932445
ID_941716299B,0.41212928
ID_B01636CF78,0.04896505
ID_91002B45AA,0.006643685
ID_A1DCAD0FA1,0.30978328
ID_641565A249,0.49743143
ID_C32B203C60,0.008151435
ID_6DCEC57E2C,0.29599112
ID_157600DC1B,0.7896623
ID_C68B30C13F,0.007985242
ID_90792B027B,0.06648799
ID_A0082E0E03,0.030269112
ID_60CED8FD97,0.2713238
ID_79EC0D544E,0.95635873
ID_3D58D30F72,0.027566494
ID_4EEAE36C7A,0.009071692
ID_BC29149320,0.0081869
ID_5AD852B2EE,0.4105494
ID_3BEBA249A2,0.08300449
ID_B94B947A6E,0.06071439
ID_834B33F852,0.90832424
ID_797B7C1A95,0.3509131
ID_EBE4AC5D9C,0.12501565
ID_11006700C6,0.12787431
ID_8CF5EF90CF,0.0065026544
ID_6346D51F82,0.6826974
ID_23428B7145,0.024768151
ID_A5A07BF692,0.009921108
ID_E4693F1694,0.87336814
ID_ED5804C896,0.03911679
ID_177A3A65C4,0.39749026
ID_65CDFFB8E8,0.023672424
ID_766891AD08,0.24240816
ID_BE49F8C8AB,0.1425285
ID_0B9EBAF1FB,0.024061691
ID_CF4E8424C9,0.48382434
ID_A723235B64,0.027156359
ID_0757295A36,0.006316456
ID_DF906E9A9B,0.056243036
ID_B8C1659BCD,0.004764845
ID_4A7CC95571,0.015219323
ID_3D51A9B886,0.006435915
ID_1E21F1EF99,0.25408515
ID_8AE65690BD,0.80151904
ID_4F50988B4D,0.021361936
ID_18CC04678B,0.0525827
ID_C584B6FE45,0.15703967
ID_2430EC6B41,0.013578465
ID_0098AC6578,0.012812959
ID_70134FDF01,0.00683023
ID_9F3A395206,0.024677752
ID_37104D06F8,0.550896
ID_F72263DF04,0.21037418
ID_19DB6A43FA,0.22503822
ID_3255602C7F,0.010932154
ID_F089BCEF22,0.07897916
ID_4466609881,0.031543195
ID_DE95543D1F,0.05565529
ID_A0C09BB49B,0.13631083
ID_5B17D39188,0.020595392
ID_1A30EF6CB7,0.01623934
ID_08B871FAC6,0.026169298
ID_E98F4E2C13,0.0528573
ID_BE67DAF0FB,0.006299022
ID_9C39D9B3D4,0.08340024
ID_4F4C419E0F,0.0034907248
ID_921CCC5F3A,0.12046122
ID_F8675349D0,0.0140047
ID_034C2BE666,0.005807124
ID_A8E705AF68,0.037480354
ID_7E5738EC57,0.05647883
ID_6A6005849A,0.08302062
ID_524FAEDB11,0.11737489
ID_096D5C7497,0.97121555
ID_32F0F41728,0.059526406
ID_1E65596FD8,0.12411501
ID_51CDB50A5B,0.022409795
ID_9D167363AA,0.016186628
ID_3F385F126C,0.013350377
ID_2441A953BE,0.023084892
ID_7F84CA486D,0.120346814
ID_ADC97DCD2F,0.031461492
ID_07068D806F,0.8911545
ID_0492FB9F41,0.021268323
ID_8529F36CC0,0.7246451
ID_B88F2467EE,0.01094229
ID_75F7FFE930,0.738602
ID_6E51298D53,0.4718045
ID_C59D2990CB,0.013047692
ID_5AD074180D,0.10737711
ID_75B839FD10,0.061157998
ID_3718AB7C5A,0.14871778
ID_60A524065D,0.3126308
ID_B7E2D9CE52,0.14770918
ID_ED9335859C,0.736906
ID_0910DE7C73,0.030377146
ID_24E178F2FE,0.7092103
ID_41E460E7A4,0.8779461
ID_26D5F6BB98,0.28709766
ID_3594AC48B5,0.08943898
ID_C53AD548DB,0.009602492
ID_8FEF9F4AB9,0.18787684
ID_1AEFE41BC6,0.03590056
ID_258CBED5DC,0.029380556
ID_1C2D660606,0.10647659
ID_0E429535E9,0.3534475
ID_5ADCEA091C,0.0147972
ID_6EDFF29FC5,0.09421493
ID_3B1FBDF2E4,0.35562715
ID_18A48A0951,0.05281281
ID_66F70F0415,0.05894922
ID_58FD76A90A,0.22204615
ID_2502E17A29,0.011780484
ID_CEB4438D34,0.24181129
ID_B5965609AC,0.12916417
ID_9427E704B7,0.00893746
ID_22B7A9C6A9,0.02718082
ID_BF23EF00FA,0.08225616
ID_EA52C5D96F,0.13720848
ID_CAD36519CF,0.0061962306
ID_1C82E02B1E,0.089236796
ID_C1DC5FDD3A,0.14874513
ID_4F8883D789,0.084284365
ID_069BE4CCA3,0.020842321
ID_80EFE834AD,0.19718027
ID_F201529A42,0.12126512
ID_6F8D9E8A19,0.07650004
ID_62391DE788,0.14312698
ID_10AE185CFB,0.020153424
ID_5D10608212,0.07676444
ID_D1A07502D8,0.022950549
ID_CF3E7AA041,0.0426218
ID_3E43C3203C,0.0077354126
ID_4EE0F498EA,0.008225626
ID_9024AD2E9D,0.015452631
ID_4DD336BB68,0.00831182
ID_E4C2765CA9,0.45280096
ID_2CE0FBB8E0,0.04504772
ID_6F6CEF031D,0.6288949
ID_73DC217CDF,0.046783626
ID_AF5A817B14,0.006906154
ID_D111D42EF8,0.012781895
ID_4CF1C2903C,0.07320006
ID_BB9811D996,0.012851837
ID_27FBF96DBA,0.1768488
ID_37E47C77CE,0.016271152
ID_B86CE4AC36,0.025780026
ID_CA50E02579,0.014036327
ID_CDF5873D06,0.010470158
ID_0F8DA41DBA,0.03162051
ID_869BFC3B54,0.030872503
ID_141A5BF384,0.31689587
ID_571523EB5F,0.13951549
ID_DEC8FF3E51,0.038334824
ID_FD37CFF6B2,0.016164573
ID_C65EDA3368,0.034654748
ID_177C8CC7B2,0.3829837
ID_4E69FF120C,0.015498559
ID_5FB0D26B76,0.071621165
ID_8050ABA1B4,0.0103526125
ID_79ABFF1015,0.2863183
ID_14447E3620,0.20704323
ID_1F2F463050,0.037001237
ID_795D2FBE87,0.02885744
ID_A5735C9C30,0.2893068
ID_F613308F02,0.14006346
ID_D265F467BA,0.05240658
ID_389A40B5E8,0.05685864
ID_8C3C120F89,0.1180203
ID_E30CB019FC,0.021521654
ID_4D02568B34,0.013918532
ID_43DBC9CC24,0.021718582
ID_6FA17774B4,0.08590917
ID_97EED9E0EE,0.5267295
ID_1C934450E1,0.061374735
ID_52D96C2649,0.014821785
ID_74192359A2,0.04308872
ID_04FEE07F41,0.015370234
ID_A413595C10,0.006782388
ID_10EBDFACB0,0.009823488
ID_908144B348,0.013043234
ID_E246ECDC7E,0.0764154
ID_6C468209F9,0.06077753
ID_7EF024AB0E,0.98655975
ID_C8ADE38571,0.008591857
ID_0F614C21B7,0.095883586
ID_83F1BCF392,0.22456038
ID_786985D2F0,0.99689686
ID_E21399B70D,0.024859227
ID_20692DFC6B,0.47914293
ID_D2C7995DA8,0.07911594
ID_B9B11D756C,0.009172132
ID_F244CF0A66,0.02297188
ID_2B897E7AA5,0.09337771
ID_4F4A43B8E6,0.028861929
ID_302420385C,0.026786115
ID_B609C22882,0.93450296
ID_7B71C2914A,0.006878809
ID_C9E59F6780,0.006127329
ID_18F213E053,0.028654678
ID_965C3152C0,0.09457376
ID_C2DB6AF8CD,0.0062940856
ID_51E92A1D4D,0.06856926
ID_0E41F1D71C,0.14227623
ID_EECD736FC6,0.06772201
ID_69E58D0CD5,0.7940644
ID_16D298ADCC,0.0063312585
ID_8B602424AF,0.07524371
ID_DCBC4F0C4E,0.02084854
ID_F7AC0E494B,0.060544837
ID_DA8719AA1F,0.63722616
ID_80A4DFE3B2,0.005813193
ID_6B62858FDA,0.52074873
ID_2FFD089998,0.20110227
ID_E1C0088B51,0.30274042
ID_27BAFF523F,0.33880442
ID_97C3C54A09,0.10528261
ID_E017EFFF51,0.086201
ID_8540B55DA7,0.23283821
ID_D4B4ECE003,0.49061224
ID_BBEE482385,0.060849722
ID_C0A2182F63,0.08474617
ID_0660272D32,0.21422702
ID_4EBAB1F632,0.5994835
ID_FBEEA42B30,0.022358207
ID_5BAADC07D8,0.009839348
ID_0E591F0A3C,0.0061032716
ID_F2E0D2F425,0.014369294
ID_C695F6DB6D,0.010816357
ID_05EEDAF852,0.0078872135
ID_E51B300D4F,0.13494632
ID_80B6578B34,0.00549777
ID_9CEFC97F37,0.19207805
ID_CDF9156A1C,0.020983273
ID_D3694F1FDA,0.019835675
ID_55AC2A1777,0.008823275
ID_7156B6010F,0.017977724
ID_0E5D95B2D1,0.1740748
ID_8891E31983,0.012483297
ID_C8D04B0122,0.015198753
ID_A94EE4D201,0.1109586
ID_1049CBBCD8,0.03623597
ID_D0CE22DFFB,0.06978772
ID_5E1855D91E,0.6320246
ID_FE20AD6EAC,0.007984011
ID_2AC5B71527,0.011012794
ID_1B1F234D38,0.10775816
ID_5520D43D31,0.020747026
ID_9E87CB0F49,0.014402907
ID_51361C46BB,0.035641197
ID_DC1DD68FD2,0.9102455
ID_7900740722,0.12121888
ID_408AB18217,0.18321651
ID_C3C8979DDD,0.033194564
ID_07BA7914A8,0.31082544
ID_3FD4AFF11D,0.007998032
ID_F3B0D9C1B4,0.23500338
ID_DFA2F837BD,0.041844714
ID_0F161F3E6A,0.5541193
ID_892F212469,0.34898788
ID_FB3AF82C03,0.017307002
ID_7081468CB5,0.021094814
ID_933D73FF62,0.020280017
ID_6E96D02FCC,0.3246071
ID_952A62A419,0.30735508
ID_3AB6BDD4FD,0.11689611
ID_BB28C87406,0.052735623
ID_95B3908B62,0.0060908073
ID_F65320EB84,0.6680068
ID_54F05DB1E6,0.018241948
ID_AE0CFDBF46,0.019872174
ID_BCA3D322D9,0.76188415
ID_00614D2753,0.9750157
ID_CEA66F957B,0.7500626
ID_1B3011D72E,0.56291807
ID_C5E7AB0C31,0.07903102
ID_C784A30DD2,0.006832637
ID_D55E25ED73,0.21617986
ID_FCA0B2FF4A,0.13243698
ID_453AA65A8D,0.76897866
ID_A378EA776C,0.18343551
ID_9495C3B2EC,0.24094176
ID_443E6A31B0,0.40894517
ID_1564DDFB7F,0.0069840928
ID_09DDEFBE68,0.005147784
ID_F9C7665E24,0.17464395
ID_5A774533E1,0.4297888
ID_B34EC2C264,0.014561942
ID_4987510D00,0.20366848
ID_BFB4631497,0.041200455
ID_9D3D668FF9,0.2181737
ID_4C391CA380,0.014162821
ID_786BE89F5A,0.009734038
ID_CCB42496A5,0.014339824
ID_1EB3DF1BED,0.08669999
ID_E9BD093124,0.01644459
ID_E2D30B073E,0.18490897
ID_A47B70CB89,0.06868833
ID_6A8FFEDC46,0.5804368
ID_7CF8A4542E,0.17529552
ID_89FDC2AB98,0.32800514
ID_F2268769B8,0.7130648
ID_86BC7A2BA7,0.88513213
ID_DB4E079D9F,0.3592143
ID_C87994DCE3,0.14107177
ID_CC199D5556,0.09834228
ID_97B18A9F55,0.63833976
ID_44A391AFF2,0.007853882
ID_1FD2888D48,0.0931272
ID_0F978D2751,0.84425974
ID_F379AAD177,0.0069841472
ID_6FDAC24EF9,0.008355108
ID_1C8F0347D8,0.0072163255
ID_9E5F00B1B7,0.31831184
ID_519D74BA82,0.27421367
ID_D2B709AA2D,0.015852686
ID_7E8ECE0A8B,0.0071738753
ID_DEC0AB16AF,0.061528742
ID_9DE3F09FF5,0.41235605
ID_3EEA19DB45,0.012802448
ID_0BC737DE4C,0.052865744
ID_E1E7735AB5,0.0069080438
ID_FFA8516FEB,0.01655104
ID_829891A392,0.09480207
ID_B02337E772,0.08907096
ID_E63B2543AB,0.032063175
ID_6B194B51E4,0.01514437
ID_578792C33F,0.11682273
ID_A2434E18DB,0.066607654
ID_A82415DC93,0.07490407
ID_ACD75CF66C,0.010120176
ID_E7C741F562,0.011641089
ID_C9F3D59C8C,0.2303769
ID_2C266D7662,0.0070146294
ID_590ECBD78E,0.01903263
ID_3AF73FA078,0.007164148
ID_57786D3861,0.18098173
ID_4783D06865,0.34606642
ID_3CCCACCA7C,0.011681969
ID_4AFFE502ED,0.013755513
ID_E945BE5023,0.09212894
ID_2D53B840A1,0.060891856
ID_CEB7F21B8A,0.008175281
ID_73D1F6C17C,0.008254548
ID_DAD6A4CD35,0.65138775
ID_F372F0C4D8,0.023488527
ID_55F67764D6,0.09442973
ID_6DB98749D6,0.033320036
ID_7CB2D93F71,0.5575944
ID_8859967433,0.00735591
ID_9E931EE670,0.009575532
ID_7839017B89,0.830335
ID_E2B8146628,0.039750338
ID_160B19D5AD,0.018218879
ID_79CACAFE8F,0.23310016
ID_8D0000AFDE,0.036728524
ID_F8E9F9572C,0.00611299
ID_A0AF664940,0.16042747
ID_4208C8381C,0.008967678
ID_82FB4791AA,0.04008088
ID_283ACE557F,0.008809384
ID_D249606162,0.009251296
ID_D477732ADB,0.017724052
ID_B8DC5A912C,0.022477413
ID_040A8C1DB7,0.10880617
ID_FF98DE4726,0.007103714
ID_0FA5CA0111,0.044332333
ID_8C9BC84A78,0.015713606
ID_57349555E0,0.008028453
ID_07DD1F4C90,0.087658145
ID_8D902B2F6A,0.5068247
ID_8079632F85,0.022402775
ID_576C7AB020,0.01343107
ID_8E0EB8ED34,0.00781921
ID_86669C345C,0.27425137
ID_FECDAC7D30,0.06288874
ID_146FA31255,0.048023462
ID_70054231D6,0.03216526
ID_42B779A408,0.009340153
ID_79DF6F7B42,0.0678948
ID_CB75D40358,0.17085068
ID_6D96CB6FFC,0.12091523
ID_DAB89FCA36,0.053937864
ID_D21E80B3B0,0.5864054
ID_924465A2B8,0.13823928
ID_D58BC61152,0.0059466916
ID_C50D7257C6,0.010286988
ID_ED27BD8121,0.082102604
ID_F84B8AA13D,0.033654757
ID_04377DF6C4,0.007049821
ID_1D6A2032E4,0.033797145
ID_129835805A,0.025414886
ID_A6ED02578E,0.3225848
ID_08F48CEE0D,0.01445283
ID_85C09E66E6,0.11649287
ID_0EB000AD74,0.011310166
ID_32F4C5CA89,0.15583797
ID_322D79682E,0.029314252
ID_DE13ADD476,0.15851748
ID_9E87FB2005,0.018298369
ID_A6876EC094,0.20377763
ID_7AB163EF06,0.011326512
ID_03B38C5639,0.26140535
ID_716845E519,0.018026492
ID_A51586C8C6,0.015530275
ID_7630CA48C2,0.046760645
ID_71DC59E93F,0.010706293
ID_57DD844415,0.24865457
ID_69D04CA25D,0.007969808
ID_99D9DFD05E,0.005436553
ID_5A895D060D,0.009446371
ID_FC938DA278,0.013612621
ID_403CBED9DD,0.09092971
ID_D5A6913165,0.03818165
ID_38FF003354,0.68572116
ID_0F2920809D,0.06958881
ID_3CD0FF8E04,0.0068477476
ID_C4B06099B8,0.09497632
ID_65B4A5EA9D,0.061671495
ID_09EA34D339,0.5136002
ID_B93B6E26D3,0.027824972
ID_632794D8B8,0.087781325
ID_95214BC71D,0.010161155
ID_37DD707F45,0.4413886
ID_61A0B2CA2A,0.38721412
ID_EC20B84CC8,0.036799967
ID_D232E0854B,0.018385267
ID_104224D8AD,0.78851634
ID_FAB52EF627,0.9324464
ID_BF4E8D2BD5,0.1359421
ID_6E5B2F4818,0.04610134
ID_7248890C7B,0.09570152
ID_7D4769DF84,0.46591216
ID_0199A50699,0.0856633
ID_86F4E60E76,0.03453221
ID_38880CFD96,0.06588472
ID_75E24C9182,0.18540195
ID_5F73891711,0.013813812
ID_B3B3B37CF7,0.009125209
ID_A42395B8FF,0.118379265
ID_DFB1A9E151,0.09852705
ID_30B54A885B,0.0074938494
ID_A47F615D89,0.13082133
ID_480E2794C2,0.0053798263
ID_F6D4B9F1DA,0.82225305
ID_8131A1E68E,0.031127105
ID_E84B76DFD6,0.011370728
ID_115965CEA7,0.010771536
ID_FC8E44480B,0.054762498
ID_CACFE707E0,0.33642018
ID_8FF9230AD0,0.01856834
ID_F0E0AD5A75,0.5901711
ID_E2C246D4D5,0.010785449
ID_0C03225A58,0.6285528
ID_822220422C,0.014105482
ID_1077C6CF79,0.046742342
ID_8C40CE0B94,0.008775499
ID_5A37218E3D,0.4361221
ID_C638CA3E26,0.024699299
ID_22EE01D3D8,0.012133398
ID_EC87FE0E08,0.007999379
ID_93E06B23F1,0.24727893
ID_CC4A38E248,0.18472856
ID_15D6DFF870,0.2119086
ID_CC40744DA1,0.067091316
ID_4FDF31C3D8,0.049921636
ID_3514691581,0.032253128
ID_28F7F98409,0.8242346
ID_860D2C4352,0.01787729
ID_D361E1E9E4,0.04607413
ID_17F2909EFF,0.042405546
ID_75DE397253,0.013106464
ID_3C50449EEA,0.13297315
ID_428C65C866,0.020171236
ID_02D673107D,0.0045364294
ID_E5AAA39D86,0.010682797
ID_6BD17E1523,0.006846066
ID_AA60056FD3,0.039574314
ID_E4843945E6,0.1837058
ID_A61CDBB817,0.3561277
ID_89FB09BB1D,0.3905062
ID_4C004A2D03,0.0090834815
ID_1686DD6EA4,0.68462723
ID_2EB0CDB3C1,0.01230283
ID_B5909C6B35,0.1064728
ID_BFEAF76FFE,0.7022818
ID_798B4AF025,0.008670678
ID_E619A4F022,0.23108864
ID_BF16275012,0.06991263
ID_14C67BABD2,0.10681425
ID_BBA949151A,0.06919764
ID_4768BAA123,0.014491675
ID_87B8972E12,0.024414431
ID_BC805D7B2B,0.040736884
ID_9B3B81C2AC,0.8269261
ID_75BBA0E0AB,0.5772525
ID_F80966481D,0.12302466
ID_318B25FCE2,0.008807113
ID_6CD854CD1F,0.46618763
ID_3017F4A5D5,0.04970711
ID_5729EA3914,0.67909425
ID_83764C10B7,0.010900291
ID_BF0C6504C7,0.00751171
ID_60F0FB57E2,0.97369236
ID_7A364D27AA,0.4457787
ID_E4D9A1D5EA,0.0152909085
ID_C788AAB685,0.017452942
ID_F90D5D7797,0.03517913
ID_EE677FD3D5,0.8956284
ID_ED1E3DD2B5,0.04169118
ID_C4B5741886,0.041896712
ID_962A51F1FF,0.103242196
ID_63F4F5E8B1,0.08179397
ID_2079F7F329,0.050072145
ID_C0160C1805,0.025490921
ID_AFE2331031,0.08116832
ID_0CC214EDCD,0.3782228
ID_69C41BA195,0.018782489
ID_8B7D734E00,0.003541248
ID_AF6B1B065C,0.019600403
ID_8280B3F927,0.0054512583
ID_D48577DD00,0.010665639
ID_6C4D181707,0.026373904
ID_6E49328452,0.011757163
ID_11EBC0AC96,0.0077066547
ID_15BF7BA8E2,0.08720823
ID_6E83097268,0.9700648
ID_13ED20D209,0.014784605
ID_74EA16DA0F,0.006048786
ID_52001B312D,0.24490853
ID_D09177BDB5,0.011240179
ID_ADD1FCBECC,0.021466745
ID_A590DE55F9,0.04290572
ID_DF65C675A0,0.5277319
ID_E5F08BAF7F,0.045120414
ID_63CAB90923,0.33986598
ID_3C50F8B6DE,0.10707319
ID_E790FD9488,0.23356774
ID_098FFC874B,0.010467964
ID_2272E6E913,0.23215
ID_3B1918C5E5,0.12412948
ID_1E49CAE671,0.0052009216
ID_B1A01FB08E,0.7605167
ID_F9C399E2D9,0.009295602
ID_227373BE6F,0.018021917
ID_C6FC6443ED,0.9161198
ID_C82177428B,0.055819817
ID_42B47993EE,0.14837596
ID_B3A845A130,0.5678243
ID_4F7B01096A,0.026946124
ID_50B41C6CCC,0.052890036
ID_573C74DFB8,0.2021856
ID_C031C0A247,0.06895102
ID_B660AB7F44,0.043271895
ID_624C40A882,0.010441066
ID_9E7CD2E969,0.019727401
ID_C63AE55A62,0.018416187
ID_D9EFF056EB,0.02342851
ID_137539E760,0.017143542
ID_B61559B56C,0.16231872
ID_AAB081DA13,0.012402038
ID_B0CADB15BB,0.22812092
ID_8DDEE81AD3,0.98278457
ID_2DF929761E,0.015333436
ID_4D0351A714,0.0705898
ID_2223598760,0.12654337
ID_AA296670CC,0.0853881
ID_F6E148B282,0.1352444
ID_0A7301934E,0.03167242
ID_9F3FC96500,0.100644656
ID_5809A31712,0.07758872
ID_F5B88161B3,0.010405063
ID_23C2CE9B20,0.9637204
ID_C6F87A28BF,0.103605494
ID_75A749C0AA,0.54564214
ID_76E32E6DA6,0.29551056
ID_6343ED392C,0.03068869
ID_745AD10F50,0.060766947
ID_FD1D2C5BB2,0.009363738
ID_59BA57F682,0.009664053
ID_C3A136BEE7,0.006474845
ID_C36C940F9E,0.09698492
ID_26534E4BCB,0.16664742
ID_0314C3EC43,0.9691163
ID_6F713705FA,0.011280387
ID_B60E44D104,0.03966891
ID_442F0E6791,0.0128049385
ID_7B94FFBB98,0.017312786
ID_AF682159DA,0.020490354
ID_475F528791,0.24076822
ID_C9A9BADE7F,0.011360746
ID_E5201DCDFD,0.6628206
ID_DC24033CD9,0.5661037
ID_D968E523A5,0.14464098
ID_78B278B6B3,0.014143785
ID_BF38E80CB2,0.022274267
ID_93353D4119,0.056170415
ID_006E4F50AC,0.007377127
ID_1ABC27B841,0.022175623
ID_F2305D342B,0.8913037
ID_D9D6847A51,0.29242125
ID_6342BEE85E,0.005364032
ID_9595811241,0.012729272
ID_D95C35D1B9,0.037129868
ID_FA9EBD8D6D,0.01625273
ID_11BE9DA507,0.064031675
ID_04D107E3DD,0.045146298
ID_881CB94A1B,0.027668193
ID_3BBA1FC266,0.025587326
ID_6747857740,0.017655028
ID_144A025EE3,0.086858496
ID_D0F177250A,0.028946651
ID_5675AF254C,0.00621562
ID_3090EE07E0,0.017149473
ID_28647C1EE0,0.18787786
ID_36CC1A5106,0.32740054
ID_AE303683F0,0.8820224
ID_0B50106538,0.06692342
ID_21DD827A86,0.030609021
ID_B85C1EE51A,0.7977449
ID_BE650BEEC6,0.024401398
ID_80B3921264,0.009813569
ID_C8D9EA99C0,0.014403117
ID_B910087167,0.18267307
ID_146A5CE377,0.021149395
ID_F4CBC1B31F,0.17661726
ID_3028BBC74D,0.029841455
ID_04193B679A,0.42288506
ID_F6D1244881,0.007613535
ID_5F86D1DAB7,0.1327888
ID_71EC15E149,0.3209854
ID_CC1AA82048,0.1687587
ID_8079E49A36,0.6675518
ID_C0387994AA,0.013575993
ID_3D1E6A89B1,0.021373063
ID_6E195F287C,0.009514789
ID_AA24F93252,0.01989009
ID_6872B77824,0.009633365
ID_E2829C2840,0.03969654
ID_6104558D31,0.04420697
ID_517D72DAF8,0.18364377
ID_20812E4BE9,0.012554135
ID_B441397B64,0.3570071
ID_0C6C1137F9,0.077980146
ID_766EA86156,0.27859235
ID_B1517138F8,0.78273106
ID_75D3E38857,0.008019867
ID_7D90375F98,0.12263027
ID_9C3822990F,0.011768252
ID_C10BD543FA,0.72974855
ID_16BECC6783,0.010948675
ID_5F3587AB40,0.07044999
ID_0BAEBC619C,0.8582336
ID_CA6EF11685,0.017779619
ID_8585DA3494,0.0812364
ID_B25A079202,0.21184592
ID_4D8F3084E6,0.5726719
ID_A9FC6A426B,0.015766637
ID_4B250F56C1,0.02790023
ID_2695EF5B5D,0.14667213
ID_920F18C0BC,0.14209706
ID_2170D2B3F0,0.019215506
ID_60E729F759,0.010824495
ID_3A3A350E68,0.098410256
ID_E028F3B1CD,0.013758803
ID_29DC854689,0.22360165
ID_91A16CB0FD,0.006239998
ID_9380A2252E,0.007606484
ID_959900BA5D,0.015732639
ID_ECBC4EAD12,0.056091696
ID_1A9EAC9273,0.021655213
ID_AA43D1D965,0.069065176
ID_D0FEA4F9D3,0.050162047
ID_DD8BFFE870,0.12872244
ID_B1AC95E731,0.006911193
ID_4BDB7CD9EA,0.015907664
ID_3D6FECA236,0.91615045
ID_CD8DE168D7,0.017204907
ID_1C9B7EDC42,0.007140701
ID_7D21CF379F,0.0056095175
ID_BB61B5FFDE,0.008575201
ID_FD6DDB88EB,0.09293745
ID_FAB8C424D3,0.46944347
ID_9C7FDE1F47,0.0133309085
ID_CE55060F73,0.11550449
ID_B0CB7F319E,0.02702593
ID_D945709CDD,0.46511722
ID_4E75D3C85B,0.2336699
ID_6F9655E738,0.7171438
ID_2CC41EC469,0.092117764
ID_BA2610F35A,0.14768243
ID_3B9E80E257,0.056642473
ID_FFF084FCB1,0.012466898
ID_02BFFA787A,0.016214514
ID_4336F757E9,0.023961313
ID_A35C6A7CE4,0.03227312
ID_1EBC7BA853,0.783377
ID_38A5A1BE31,0.015744353
ID_36AED99CC7,0.3295989
ID_DF449A352E,0.07679146
ID_C59817D5A3,0.9558993
ID_5119CB8092,0.9685517
ID_217DFEA21F,0.013986829
ID_7D551B41D5,0.12751871
ID_72FF77C8C1,0.21316174
ID_6CD0A83E11,0.12379598
ID_FA5B864488,0.07785797
ID_5AF4DC794B,0.29318154
ID_ECA2034BF7,0.11283308
ID_817B41D7C9,0.48728415
ID_492EB86997,0.012688577
ID_5BD4BC8E4D,0.30140862
ID_89A26B494B,0.9955194
ID_1BB7B2D385,0.08849054
ID_17EF4006F5,0.01617983
ID_EAE85C4EA6,0.09096422
ID_73B6BF3C28,0.07506231
ID_4895F50EDD,0.006848021
ID_F04228D3F8,0.07135223
ID_AA61DC2825,0.020338103
ID_5EFF7393AC,0.018742334
ID_D23DECE279,0.005815241
ID_06C361169F,0.0061003203
ID_28B7A9357D,0.4748058
ID_D4B09EEC2C,0.020107433
ID_FA92EDC4FD,0.23305738
ID_A86D7D6006,0.31458208
ID_CB1CBF8445,0.010463905
ID_D19C49E9CC,0.44507247
ID_4B71ED36F7,0.01057447
ID_D3D24DB839,0.027699167
ID_AFA3787691,0.05164494
ID_79E15AE3D9,0.049786177
ID_069721C569,0.043000344
ID_9A68873528,0.020753091
ID_B20AC5781A,0.05135186
ID_60315183A4,0.013379325
ID_913C4B8AAC,0.010543014
ID_7124F21A4C,0.04580391
ID_2CD86969ED,0.010480685
ID_8D601C5508,0.011193293
ID_03F7CFF56B,0.045772824
ID_CDEC2B1933,0.041945897
ID_C0E6DBB206,0.032813422
ID_EF9B2938CA,0.09706304
ID_9743059D0B,0.020463772
ID_FE23CE2AE6,0.2767622
ID_542DC34923,0.010829438
ID_19DE834997,0.5236151
ID_262D3D5D88,0.04157401
ID_C9A8365532,0.2621094
ID_A3768323B6,0.041596223
ID_59ABBC08E6,0.05654228
ID_3AA599C76E,0.009001458
ID_9DA081DD6F,0.1664304
ID_E9B5324576,0.46530932
ID_BB2A555366,0.8903539
ID_2DC1EE465A,0.81784105
ID_F705B8BF46,0.3432435
ID_42FFB932EE,0.047021665
ID_906B4802B1,0.6170116
ID_2770D2506B,0.038683455
ID_BD4BD14DC1,0.5364715
ID_B74BC94554,0.026516069
ID_0A1752D2BB,0.020994669
ID_1AD963D2E8,0.42742252
ID_8E0BB5E9D4,0.12709048
ID_620BF34274,0.11528057
ID_0559CE6317,0.15931189
ID_25BD9A778D,0.086724326
ID_F5ECF12077,0.4722449
ID_5B1E94C452,0.0073979814
ID_F625B1A9F4,0.03738312
ID_486FA3BB28,0.41464558
ID_005F0F6E8A,0.014529557
ID_935423ACDE,0.08257993
ID_A429D9DF0D,0.01224178
ID_BAC8608AA6,0.03736259
ID_772EE797A1,0.2361108
ID_FED9E7B775,0.008323821
ID_6B1F7CCA91,0.034476094
ID_9EC6D5080D,0.12566403
ID_45385EC7D3,0.040659834
ID_C73F4B20F6,0.011055038
ID_0E3F8B9FF4,0.024509734
ID_36B765127C,0.034473654
ID_C711E7647B,0.012135032
ID_EB9D558402,0.0050065117
ID_CA28D28E8A,0.14352335
ID_90D4DEB37B,0.29635638
ID_50BC436C8B,0.1555816
ID_2B888A034B,0.017956963
ID_D5E67C6A89,0.015627583
ID_B9A813A2EF,0.09173507
ID_A575E801DC,0.005863963
ID_24C994C31C,0.09861794
ID_6E0FBC921A,0.042340063
ID_D6B9FFCBF7,0.02505243
ID_721EA65F82,0.027219
ID_1BD17E8C92,0.10475754
ID_BA48B7A073,0.06631194
ID_B53C2B9EA9,0.0058799055
ID_44B60AAE26,0.006681304
ID_76A9DB9343,0.10167901
ID_FB5CF502B3,0.007994174
ID_845B87C3EB,0.006493638
ID_9439F2650F,0.017188199
ID_0A7957AFD0,0.10369291
ID_E3A6352061,0.105210446
ID_5E72754C3A,0.23868331
ID_9F9A328A05,0.052409455
ID_0D71652A4F,0.064303234
ID_9B3E08D9FA,0.028540038
ID_0E2A194800,0.006023948
ID_2EDA5D1A7A,0.06137027
ID_27361F75EB,0.02274711
ID_4324A10483,0.028410051
ID_007B95B7FA,0.012235861
ID_EA4FB7CC18,0.010956223
ID_082B4DF5BD,0.032659434
ID_5C5D383493,0.35639954
ID_7428BE0F40,0.85184956
ID_D9F5C01420,0.053912424
ID_BB34F9A995,0.054332778
ID_1FEA040761,0.08309299
ID_D56F5DFE55,0.049942657
ID_90B279ABA9,0.405712
ID_BAD50D637B,0.22969566
ID_C0C02CE868,0.10413837
ID_54AE00A58F,0.41699734
ID_9DBE4ECBF3,0.0058801095
ID_18E097BABC,0.024353418
ID_1D03A1EE12,0.03672831
ID_3B963160DC,0.70636606
ID_1239AD2B44,0.011268412
ID_FF43F3396E,0.38515985
ID_B1EF7D8AF1,0.007641629
ID_55F3B1373B,0.113756135
ID_C6AF6C6909,0.009236042
ID_C040EB98E5,0.07257593
ID_2F62E97E4A,0.031782307
ID_31EB564498,0.044454046
ID_BDAB2A7236,0.02554729
ID_92435668B8,0.37600616
ID_78AD98CE9D,0.011697983
ID_66C69C65DC,0.036512572
ID_B08CAF792A,0.009971775
ID_7826E4D496,0.046500705
ID_8FEC6C78E7,0.1598132
ID_0C4CFBE71D,0.18705615
ID_B26020EB2F,0.06503786
ID_EB32BCDD5A,0.06992255
ID_D5BE08B1E6,0.08196225
ID_63536D28D6,0.40908462
ID_E691883703,0.115187936
ID_933F3C0C74,0.13338637
ID_4CFE636A97,0.009747069
ID_9455F56CA6,0.7731207
ID_4C3ABA6E5A,0.29153952
ID_8BBF0FEE59,0.06087961
ID_539E4238DD,0.04014255
ID_02DDA7698F,0.24208516
ID_4226C30C43,0.015595047
ID_D7A7F6C170,0.015143502
ID_07AC4FC4ED,0.01375991
ID_EB0105BF54,0.019493317
ID_27437F542A,0.008527944
ID_9D5946F23B,0.02525829
ID_81480A23DA,0.16295221
ID_F8D9706268,0.22587383
ID_948BE3A159,0.00681235
ID_71CB9C831C,0.072903916
ID_1BE72FD90B,0.040808655
ID_39892BB9AE,0.09394693
ID_F4D8D55AEB,0.015696933
ID_B319C844BC,0.045997832
ID_344D2D52AC,0.03955825
ID_FE47CAA8C9,0.05914207
ID_8F3DFDD467,0.080515675
ID_FC0F98C2AD,0.058723457
ID_7F282E5435,0.016694687
ID_A414873058,0.036916003
ID_ED8A43BA7C,0.7149416
ID_70AA95499E,0.063509084
ID_E9EEBEBEE7,0.03616172
ID_E81BA7C5D0,0.64185315
ID_938E0D676B,0.0058619757
ID_A3BEB9A816,0.007665705
ID_EB691C3EFD,0.6940944
ID_344A91B1BF,0.029619994
ID_CA6C043EF4,0.9005494
ID_C47729368D,0.009543347
ID_5C6A62CC5E,0.016455956
ID_FDDEB05591,0.13282984
ID_5806AAEA0F,0.0044156276
ID_8D0CDA9FCB,0.6969577
ID_9BCF8F525D,0.053368546
ID_B9750C2B6E,0.03789124
ID_1A705BD3CF,0.049632233
ID_4C81E21C7B,0.13361883
ID_81786BD74E,0.0069004735
ID_E75363D390,0.029238505
ID_CAE39CC27A,0.0102001475
ID_A1A1C9C189,0.011443716
ID_E29DC2AE54,0.0150618935
ID_FE752EBCE0,0.014448908
ID_13C4801ED1,0.009666062
ID_19612AE778,0.008926566
ID_1C1F284E48,0.039076533
ID_5D249732A9,0.17394924
ID_0DE3C599EC,0.308738
ID_D84A95EFDF,0.08526558
ID_4A8F1AD829,0.80233055
ID_AC878DC8C1,0.19276007
ID_55CBD26CEA,0.26328802
ID_C3F32E3EA5,0.2184492
ID_3496F6CFAB,0.2932183
ID_CD8E46041E,0.056244347
ID_19BF223850,0.42973873
ID_D25BBAEF96,0.02188526
ID_5AED185A10,0.0059806
ID_9444465E90,0.016797315
ID_D6D688B5EC,0.040818375
ID_DE2F63C0E5,0.61177206
ID_CEA14ACDA4,0.26759908
ID_1F5366A8A5,0.17572777
ID_4BB73BDB6E,0.2814874
ID_CE49563AAD,0.005467347
ID_A9EA9B49AE,0.043038808
ID_B3B49A33AF,0.09003791
ID_032E9E70BA,0.1191312
ID_A1B59077FE,0.039471675
ID_6CB960ABFA,0.5645374
ID_39486F7A8B,0.44005656
ID_C182693FF7,0.87050915
ID_0CA8F3C2C4,0.016173858
ID_26F40D371A,0.111250825
ID_1A13E590C1,0.10470808
ID_D2613338E7,0.076141745
ID_6D939606D8,0.0074104145
ID_50E78CCEB9,0.64044785
ID_AFDC890668,0.21135877
ID_D5874541CA,0.14343403
ID_6844F61FC3,0.028771304
ID_89A2EFD0CC,0.010213808
ID_553F5B3680,0.36545157
ID_6771174CC8,0.028552165
ID_D9F2FBD1A2,0.017750802
ID_96D671B02B,0.019356752
ID_76D33B7874,0.02310572
ID_6B226F0C44,0.18159556
ID_836C135985,0.06246301
ID_5A07D05E70,0.018370785
ID_6E9A1E9885,0.16354026
ID_2EB64FD156,0.018323116
ID_9FE2339AC4,0.04327967
ID_3145CE012B,0.016939435
ID_0901394A19,0.07591583
ID_0AB198D6E3,0.010886051
ID_E8D36D7815,0.22418776
ID_2D2BBB0646,0.4988647
ID_D6ACE322B2,0.033548374
ID_F67CBD27BE,0.0157546
ID_1832097C91,0.2703495
ID_A89CEB215C,0.018166756
ID_69EF8C7A54,0.043629292
ID_6C3A533755,0.5674681
ID_0309F5C8AB,0.02124582
ID_6705D752B4,0.012041872
ID_0481B91645,0.016705867
ID_787C8A665A,0.020164609
ID_BABA3A6637,0.40537974
ID_31440B9BBD,0.28756598
ID_D654E95F07,0.36902225
ID_7B6775B0F6,0.66939765
ID_25012413CE,0.15461904
ID_2245FE5B2B,0.013021494
ID_C598D8B38D,0.013352205
ID_D512850E23,0.016530652
ID_018C52644D,0.84205186
ID_A31FF9112C,0.01649146
ID_E867E46F1D,0.27404943
ID_20E5A6306F,0.43878788
ID_020E58C406,0.009748792
ID_216B50619A,0.0063863494
ID_6EF8448C73,0.037664905
ID_7F04E844F1,0.37637904
ID_8FC0BE79BE,0.0054663983
ID_8C29041E28,0.03353363
ID_57E281ED1B,0.026832873
ID_91932C2205,0.009899529
ID_EC27AEA723,0.03397157
ID_85B20EA1F5,0.011383211
ID_367AE03B07,0.120027676
ID_00E48AF8A4,0.010534123
ID_E28AD7A0A3,0.0037744269
ID_C1D5AD0E95,0.0054662703
ID_D1E1E6D230,0.0647243
ID_594306C98F,0.19400196
ID_1789AF63B5,0.024296505
ID_D0056364EB,0.30015224
ID_5CFDA95704,0.07904214
ID_4F74EB1380,0.29640895
ID_CC0476EDA1,0.062707126
ID_D698F1C5DC,0.104358844
ID_06CC86ECF6,0.048752367
ID_FA3E1BDEE6,0.005272485
ID_E67D1D7BBD,0.028621625
ID_75FDC122D6,0.0063377954
ID_BC12F0DB59,0.009106735
ID_6EC33E9BF1,0.27393764
ID_166967FB72,0.08308503
ID_B8D7760679,0.02360154
ID_FFE4B2B725,0.23194608
ID_AB763B7F80,0.027411731
ID_04BDFB34BE,0.23640677
ID_03EFE9475E,0.028488249
ID_8DAAD10B51,0.1747785
ID_15478A63BC,0.02439077
ID_484201F697,0.29457432
ID_13B36DC480,0.24472626
ID_D705F0F838,0.07965817
ID_362EB658C6,0.022148136
ID_EDA5BF303B,0.5113578
ID_0381F0F2E6,0.44419286
ID_B985784347,0.0056997826
ID_FE502EF5A9,0.1978227
ID_968110CD41,0.017959332
ID_41E60584D3,0.06024892
ID_D645F2E794,0.14468393
ID_50D4C8D81B,0.007223409
ID_0DDC276C15,0.050010473
ID_92880E0FAA,0.1273715
ID_BDD6097039,0.021028982
ID_3F81899137,0.023893528
ID_A1F37B50FA,0.010697593
ID_CC85619B5D,0.051410854
ID_D18E34A631,0.012175203
ID_B9A1718C24,0.009952511
ID_F835DD6DFE,0.082300484
ID_91CACD1247,0.008020353
ID_F0F42ECD7E,0.012344285
ID_E6DC8EF305,0.035300765
ID_EEF6041FF6,0.06080153
ID_449F1646D9,0.2878417
ID_C664E2C0E1,0.37275904
ID_4710360858,0.056205843
ID_945B66F76A,0.22950387
ID_CA5877F1E3,0.012818387
ID_84AB0084B4,0.04878436
ID_5178D73106,0.012290288
ID_F1913A5026,0.28021738
ID_40AA143A59,0.03869098
ID_90C08410DF,0.027435096
ID_27F299DD4B,0.18639442
ID_FB1B4DD1CC,0.024610132
ID_3EC0445035,0.1262376
ID_AF16B33217,0.066983595
ID_E2349994F7,0.0857997
ID_910A5A7CA1,0.010819915
ID_623788D036,0.00499926
ID_441FEE6CD4,0.018143114
ID_51249389B8,0.01976747
ID_206F2C435E,0.06538008
ID_1E0D23F2B3,0.47928467
ID_5C64431E71,0.0066636903
ID_018277C6D9,0.016401067
ID_7DF4BD3915,0.0077237412
ID_B5238042CE,0.009913451
ID_590BA38E0C,0.012029928
ID_C888F1C501,0.007922041
ID_CCC8B544E4,0.052927032
ID_492D6BE3BA,0.9229209
ID_5C898DAEA4,0.12925008
ID_60863D3D3A,0.047837432
ID_50A0EC2C4F,0.14537328
ID_B8B5B362C1,0.46299
ID_AF64635162,0.25637376
ID_23F635E086,0.36203012
ID_AF0922246B,0.082841925
ID_341F4E1653,0.032928605
ID_B8ED1895E2,0.20353232
ID_C86EE1804A,0.035784964
ID_F460EE4FC2,0.025864469
ID_3FCE4C6E1E,0.1276568
ID_530B616AB2,0.01581309
ID_C29B55F04C,0.09780765
ID_4D47713D9A,0.062322672
ID_571B648D2A,0.0068995734
ID_38B9B70BB1,0.029304076
ID_C4C629B19E,0.24665219
ID_3B70A1ECD5,0.13805458
ID_E4F5CCBCAE,0.008625796
ID_A75A9AF2E3,0.022636222
ID_2F0340EF11,0.48339003
ID_DED7DBC371,0.095094845
ID_6EDE611FCB,0.00996915
ID_9BB2FBB1E4,0.01615335
ID_A8A1D6EC87,0.18738796
ID_5EAA507DE6,0.0105482945
ID_F25090E6C7,0.80570555
ID_9288D04AD7,0.0819076
ID_C9DC203A1F,0.007924296
ID_5DEA286175,0.016837731
ID_3CB62FE78B,0.030609332
ID_AF2A1BB662,0.0056959568
ID_8A23CBF24E,0.011653728
ID_305BABF840,0.6592001
ID_62812BA3A1,0.022304084
ID_2CCAEA0003,0.068936914
ID_5463B5D37D,0.94191986
ID_80ABEEA863,0.014649573
ID_389A4250D3,0.113250524
ID_493D49D32A,0.118105575
ID_230459A6EC,0.01264372
ID_D64F04EBBC,0.012332184
ID_9BFD554BB9,0.034293193
ID_1E7EDC5AF2,0.19606376
ID_5DD708D865,0.013806544
ID_649E75F7AA,0.009033659
ID_7AE3486E39,0.09591527
ID_D4B04A99D6,0.01916863
ID_71FCB16110,0.029052403
ID_99B59B82CF,0.09324813
ID_FDA973AE73,0.09515712
ID_346923432C,0.31533733
ID_4430B309EC,0.090173475
ID_50E21292B1,0.34730908
ID_835F7FC9FC,0.1415966
ID_AC56E170D6,0.421517
ID_A85D0F8295,0.025558298
ID_6A4E69113C,0.011231715
ID_E60A219593,0.082864605
ID_6DBF5CD63C,0.12796605
ID_60955515B0,0.9763202
ID_E9DF1BB5DC,0.05007194
ID_80FA1721E5,0.11627364
ID_6F3126AD96,0.0289998
ID_03E4DE66EC,0.064229935
ID_08611A9D81,0.019024342
ID_44033986F3,0.017363451
ID_77012B6D70,0.07756505
ID_19245C80EA,0.09433866
ID_70D9AA154F,0.009788243
ID_16F94D490A,0.013568762
ID_27B41A6FE2,0.018113367
ID_5794C5FEB9,0.03807063
ID_6DD866AA42,0.59918046
ID_C579A06C24,0.022606479
ID_BE8B45D52E,0.01024377
ID_68A6F90382,0.2727107
ID_E2BF91774A,0.4034708
ID_72D4CC2352,0.050325114
ID_A54E5C9675,0.66864234
ID_5C81366765,0.11803471
ID_D1933F44CD,0.10469454
ID_475868C3F3,0.09024135
ID_BE0436A963,0.03889978
ID_66DC20C6A2,0.12960196
ID_F22DFB765D,0.010008972
ID_505DD58547,0.01337973
ID_4E5AE1FD83,0.18597972
ID_1A1DCE2503,0.0665677
ID_3B0867C3D6,0.09713259
ID_0288D4174B,0.14557648
ID_72ACD6E316,0.084956616
ID_C75F8F556D,0.51749825
ID_6550FB4940,0.01567422
ID_CAD51A1E1D,0.29816028
ID_9CE020A4D1,0.032296542
ID_CC0CD460EB,0.033162553
ID_C52507C5E7,0.036251757
ID_BE6D0D0F85,0.032053225
ID_D6793C55A8,0.5854064
ID_1E212102DD,0.0494687
ID_63EC278060,0.01142162
ID_6484A27CA7,0.17552169
ID_2C8795D999,0.034586906
ID_E0028A838D,0.041021466
ID_A64486683E,0.08756502
ID_88C43B9243,0.10225902
ID_11B161527B,0.37989864
ID_8520FED7E3,0.008761685
ID_30EAF57BDB,0.014934391
ID_4A5263A8E3,0.65065193
ID_CE3CB2A711,0.09842586
ID_AA5C7F96A4,0.010075179
ID_435F898C33,0.02315469
ID_95E78D7227,0.9951685
ID_482BBC75D4,0.6486944
ID_64EEDDE5FE,0.6886398
ID_83422D6695,0.16010016
ID_61720F01F6,0.79283595
ID_B821FE8B73,0.79836947
ID_0D590BEC57,0.018604644
ID_FC15D8BC2B,0.5774768
ID_42625214AA,0.07468732
ID_C062D6A3C7,0.65433997
ID_CF5F696379,0.017000105
ID_2B2E5AD7ED,0.0463217
ID_3D3B5F409E,0.007263894
ID_08745ACE1C,0.06111668
ID_58D78455B8,0.04045274
ID_13C6729AC1,0.016043013
ID_0A7D57078B,0.014182783
ID_46C4D96F6B,0.13710614
ID_11470564EE,0.90992
ID_E9A8967D1A,0.043158755
ID_2179237313,0.027070915
ID_201A971332,0.0049975626
ID_C730D76672,0.031960797
ID_DA2A9D8135,0.0065682107
ID_6090425593,0.10200354
ID_40341E7EA5,0.14761648
ID_FAA7CF7BFC,0.4338159
ID_C8C97DA617,0.18587583
ID_63D9E85DA1,0.054926004
ID_DDD1183EE3,0.04707123
ID_8EAACAE3E0,0.066914715
ID_DD409A4C63,0.017698254
ID_DB98C2C6CE,0.012897608
ID_68D3FFA52A,0.23684278
ID_4D352AAB23,0.05136518
ID_AABD3FF2B7,0.4363398
ID_0AEA264919,0.17319311
ID_E8AAADBD3F,0.075051814
ID_0D471AE962,0.03328855
ID_A86CEA63ED,0.9587779
ID_7C003AA022,0.83819854
ID_BDCC29BE3D,0.041650683
ID_072399D630,0.014511959
ID_032EF6B086,0.029357327
ID_5720F72B9E,0.0074090734
ID_05A20FBB39,0.7638449
ID_4D9B5DE6C1,0.12383647
ID_1F8E117DDB,0.71895707
ID_36E0A2AB04,0.0066175982
ID_1A73D393C3,0.03780533
ID_80DB6B87C8,0.009168968
ID_8229BDCD60,0.02009337
ID_8BCE451268,0.075186394
ID_82397BDED6,0.0077535654
ID_6032200A0D,0.82395697
ID_B13B8524D6,0.0070512937
ID_F478EA9D2F,0.010121314
ID_F34ADD503F,0.07619771
ID_9C52814612,0.15584917
ID_FC36F11823,0.044307318
ID_018A21BB3E,0.012220865
ID_91EC7E8088,0.03355655
ID_EF5265E915,0.15794423
ID_015D303654,0.007209006
ID_E53E3F042A,0.08161819
ID_ED627EA3E4,0.064175315
ID_5F8C29AE22,0.15297097
ID_30E6BDCDCB,0.029896965
ID_4BE3101C0A,0.032583125
ID_A5E7B7DF80,0.081795834
ID_F459CA03F4,0.06884783
ID_4CBEB837A4,0.10277663
ID_C8C4071F33,0.12024776
ID_4F868F08B4,0.15008509
ID_F59EE2CAAB,0.009490246
ID_3911914539,0.38927945
ID_328AEFF34E,0.50755686
ID_8E4D69E203,0.9422418
ID_8FF96E60FC,0.12575768
ID_89EB7543B7,0.44337064
ID_A49F6E8E8E,0.5309079
ID_8FB0A2EABC,0.009034955
ID_0E9C84ABE5,0.008156107
ID_A4A6CE2B31,0.024112722
ID_BE93C5F100,0.014225466
ID_4E98B9B478,0.03812914
ID_043AEDD936,0.0145524405
ID_4C62ACED48,0.20056467
ID_467696D898,0.031552315
ID_076D1924C7,0.009136766
ID_0A1F621E09,0.09278318
ID_E958FE7370,0.5089244
ID_059928A5B4,0.013828222
ID_E644585FDB,0.014826009
ID_244A096851,0.077126324
ID_B8A66F0B18,0.82342196
ID_06303FCBDC,0.31998572
ID_A191DE3B40,0.0061625745
ID_B35B12FFC2,0.029187907
ID_A36CE739BA,0.31938738
ID_29592EF3F7,0.29543978
ID_846BF06330,0.73719954
ID_3127734681,0.015900513
ID_EDB036D90F,0.017166682
ID_262FC6D043,0.021461308
ID_F2C81DDA13,0.052447177
ID_5B184528EB,0.103995256
ID_24DE3DF030,0.013055239
ID_CF88BBE267,0.06279717
ID_548D494AC2,0.016868126
ID_F12FD430D5,0.14966984
ID_B7E0FE9CED,0.061474837
ID_7559C482B9,0.04953609
ID_8817AF8C37,0.036705706
ID_CBB57ACCCF,0.009818723
ID_1355DFAA37,0.06441176
ID_85F8A1E1C9,0.047102056
ID_C87662B9E2,0.06519699
ID_D9AD6E3548,0.4429474
ID_5FA2BE29A7,0.12739812
ID_DD9EE5385C,0.07488404
ID_6D40FF69B0,0.012168193
ID_5FBE428412,0.02795283
ID_30AB2FABFB,0.009776029
ID_6C3E5EA336,0.030765852
ID_FFDB265FBA,0.019966414
ID_2D77CA1A19,0.020854216
ID_5B2C9394F8,0.025327163
ID_7D81931E68,0.32394633
ID_EFD1378EE3,0.022244275
ID_8C8D049FD5,0.98162436
ID_63104B2168,0.09221845
ID_67D2202B33,0.31633598
ID_8D439A151E,0.13824429
ID_800D6C555E,0.13170736
ID_ADE8DF88E9,0.03330885
ID_BD6883AC68,0.08897074
ID_3D9C4FB45D,0.041169483
ID_4BB82E23C3,0.011185898
ID_E7D17E7328,0.76553345
ID_DD999E2167,0.008304944
ID_7DEA39717D,0.013904928
ID_6F72D8CE4F,0.107237816
ID_E30D9A426C,0.008284547
ID_EF96C519C7,0.0092275925
ID_B8F9B13EA0,0.15923408
ID_C04975BF75,0.026652947
ID_41B74B85DD,0.03134042
ID_6F50B79570,0.12635273
ID_DCDADB14D8,0.40964058
ID_A50A93EF35,0.020861974
ID_D5A316A909,0.03432051
ID_7BA3767BEA,0.0071284114
ID_A5D7386AA9,0.010805811
ID_CD6F1C86BD,0.11230486
ID_4BCB95D870,0.007683524
ID_E88E842FA5,0.054778054
ID_3E79749E64,0.06993405
ID_37B46A88D6,0.0848994
ID_14105FCD42,0.007876939
ID_3A43C8848E,0.19637665
ID_A1172E0AD1,0.045504935
ID_112E08B8C9,0.016552826
ID_4D07908310,0.19687259
ID_DBBD79485C,0.12028342
ID_32124DE373,0.006246153
ID_EB50273609,0.033487022
ID_D634A034F6,0.08500336
ID_A3BB617C6A,0.022011261
ID_CCE46B43E8,0.035940997
ID_278032543E,0.25081357
ID_329A2B2330,0.024309538
ID_D6DCDC990F,0.07436291
ID_29AE1BB08E,0.5219752
ID_9F134572BD,0.6902023
ID_567E50F9E9,0.22238548
ID_FD694149B6,0.26808947
ID_3469620BF6,0.0116572045
ID_82D07497D0,0.12431664
ID_FFE950B4C7,0.28884074
ID_494DE93AF0,0.034036547
ID_107D092AF4,0.073000655
ID_567F123D20,0.01618119
ID_F4BC3A2E5D,0.19242924
ID_BCC88E1BD5,0.20559862
ID_C5B68A5772,0.022195362
ID_451FFBEF37,0.0451006
ID_AE8A42FBBA,0.03412647
ID_443B40D0E5,0.18865371
ID_DF4A3E0F4D,0.052893896
ID_7912C6385F,0.06937351
ID_F68B25B14B,0.058593575
ID_D8DB740DE7,0.05181524
ID_34C510AF69,0.23280092
ID_6500FC787D,0.013088868
ID_2F127C67C2,0.017476086
ID_698AD8D0E2,0.5627561
ID_F57FCBB3CA,0.02213193
ID_10C0FBB527,0.0049596094
ID_89D992E7F0,0.06747646
ID_81A94DB380,0.006709037
ID_EB6530D866,0.008359582
ID_ACC228B3F1,0.085588455
ID_0CFA55EC98,0.30148852
ID_DA6FB91B34,0.016711174
ID_C93BEA307F,0.01969654
ID_0ECDC22290,0.024161767
ID_166C4F30F2,0.2769765
ID_37ADCA23CA,0.02753013
ID_A241A0A46D,0.03411505
ID_0D160DAD19,0.11555112
ID_708EDE8B1A,0.00727697
ID_6342C410A6,0.055609666
ID_04428B18D6,0.03258831
ID_1E341241BD,0.17822336
ID_56DE4D8BF4,0.29072553
ID_8E93A7910C,0.13925113
ID_4E87BB86FA,0.6265009
ID_F307B8FEB3,0.08848772
ID_12FF715612,0.06057456
ID_8CF168CDF1,0.007218019
ID_C4EF26170C,0.018942948
ID_0B9715C9ED,0.043946113
ID_ABFD42F4AF,0.039610088
ID_1357AD883B,0.4384675
ID_DE7AB13A65,0.02235277
ID_0A17BE5E65,0.20411313
ID_16688A3479,0.0058700503
ID_3D70EE455D,0.6033006
ID_67008BBD41,0.03770328
ID_EDD66FD950,0.02797853
ID_7C970B4571,0.04302437
ID_3B1AC2D3FC,0.42020735
ID_923B1F37A3,0.27615628
ID_717FB11974,0.21257357
ID_5A6488C316,0.3838857
ID_F07E9C7EB6,0.058851402
ID_F08B6E03A0,0.21690804
ID_76D108A5E1,0.12365374
ID_FCF09F69ED,0.08486367
ID_746BD45B5A,0.0039808755
ID_AB3186CAF2,0.4475224
ID_A51CC9B31B,0.18430676
ID_F77B2D4787,0.117170185
ID_984011B589,0.38604274
ID_4C26B928EF,0.030244188
ID_F127E386A4,0.4076342
ID_DA5F6938E6,0.022556594
ID_A8638CAFEF,0.032607414
ID_EB62397F1E,0.16086176
ID_3475A81FEA,0.6527613
ID_E6C63423FF,0.31101188
ID_66911D7E9B,0.054173797
ID_F6172B7537,0.10382167
ID_BA1CA53973,0.5188778
ID_5C0ACAA0ED,0.3249196
ID_BDF008B5CA,0.019674342
ID_CEAF2488FF,0.014907903
ID_63B039EFE8,0.83986473
ID_9EE90937B0,0.7849256
ID_B9FD6C8EC1,0.36898524
ID_A5EF723B38,0.012583116
ID_39F170FB70,0.02255293
ID_562E8672BE,0.8750619
ID_36D41D14CF,0.009031122
ID_68A6C04704,0.012236535
ID_7DEF21FDB8,0.14458106
ID_9F94C6219E,0.16539235
ID_83E5AB8BA5,0.02533458
ID_881211D416,0.085163705
ID_E338DF15A0,0.039774258
ID_F5F426702B,0.13989627
ID_D5ADFAA967,0.4425396
ID_509FBC5486,0.037058387
ID_BF68D524FE,0.09238142
ID_273946B3E4,0.020727854
ID_BCF3C2FCC6,0.040211793
ID_9F1D3FF5EF,0.027355526
ID_3C5C86A906,0.01445116
ID_FD8904E651,0.384192
ID_A25B4242D0,0.027856883
ID_F14A28175F,0.011104143
ID_2578B7E65F,0.75712836
ID_1428FA604C,0.75512433
ID_A7C1ABFDC2,0.023440925
ID_D4F9F1BC4D,0.4401102
ID_96ED52528F,0.0055692787
ID_EAE44BC2A9,0.5899206
ID_987B7FD1B4,0.008289359
ID_619A20360C,0.78151613
ID_D75A649E1F,0.0063818023
ID_93ABF26450,0.115306556
ID_BABC64BF5B,0.043031584
ID_29B6BC63C5,0.009357105
ID_8EEE37DAAC,0.7130546
ID_6031C47E2F,0.11568934
ID_DC42C4579C,0.007699875
ID_A3637A2425,0.108190104
ID_EFBA81179E,0.012182732
ID_628BB7A117,0.0181749
ID_8AEEA7E9B2,0.0060261646
ID_2949091D5E,0.114609376
ID_7DF480BFE4,0.034320038
ID_52B7B3FAA7,0.034508355
ID_823D2B75D5,0.004513264
ID_9D17266E09,0.71263504
ID_84D757893C,0.014847961
ID_C226FCD6AA,0.030349195
ID_A5D320D6C4,0.22555423
ID_413F3CF9F9,0.063233964
ID_A69C1FFAF0,0.11103693
ID_8E8B11CCE1,0.30892235
ID_DD80E679FB,0.32119054
ID_DDBD630755,0.22392015
ID_10DEEF4E4E,0.8960445
ID_AA4568B4EA,0.01259337
ID_A058D54671,0.019055143
ID_33C969BC08,0.10739464
ID_8A03C2DCDE,0.04516722
ID_6F69631E41,0.010374316
ID_4E9112A8FA,0.021972304
ID_304237E0F8,0.006728596
ID_D1B8861567,0.0146933235
ID_16127A5C60,0.027225686
ID_01C920CE6D,0.024999112
ID_986CDAEC1C,0.062390655
ID_544A3417DA,0.008994064
ID_41E023FB16,0.10509649
ID_BA92D05BB7,0.11181139
ID_67DDE469C5,0.013079219
ID_FE62F9C9B7,0.034924876
ID_EAF1B41E3F,0.049770657
ID_963E148E18,0.032184705
ID_4B3EDC7B03,0.07387371
ID_E06AB4229B,0.007634563
ID_82C9078A1D,0.0076111164
ID_A9B0DF5FC0,0.061090298
ID_0E54A28929,0.13843259
ID_D842B5783C,0.011885113
ID_F89FAC6EA6,0.05966194
ID_E0A0E3A61C,0.040014766
ID_4703490706,0.17060752
ID_15306B4DC1,0.08994513
ID_CB5126E3D4,0.0062441644
ID_50561023AF,0.05387769
ID_2356E08EBB,0.04175658
ID_DB74620E6F,0.009366857
ID_06C0E3EA36,0.007066587
ID_0700BD02BD,0.13745174
ID_D95943D223,0.4211959
ID_F7086180E3,0.61842626
ID_1E6574DC4D,0.11667456
ID_783F01B399,0.653854
ID_0B28748F19,0.015459128
ID_0B06138263,0.014457544
ID_50BAB951C7,0.16900451
ID_AEC9D13AC7,0.048462477
ID_4F03BC7AD0,0.012209417
ID_E94E494DEC,0.010221329
ID_1103F8F382,0.007539433
ID_A12551F3EC,0.5869255
ID_7FF0C5BA84,0.14075954
ID_56AC2C6484,0.013174802
ID_819679E4ED,0.12531899
ID_EE281DAFD8,0.10598213
ID_129F569236,0.057296857
ID_74D89871A7,0.010129464
ID_16D5B26525,0.02770547
ID_6E9D60C26B,0.32240885
ID_DB41051F51,0.026120774
ID_C59A1813E2,0.01467089
ID_122D89C9E5,0.07075727
ID_F07F6DA2CF,0.16450213
ID_1EA56CFF23,0.103956625
ID_73298F9C09,0.05283018
ID_325635C161,0.092172146
ID_18EFFF11D2,0.01868149
ID_43D3227FDC,0.062898576
ID_8C50CA4198,0.012647062
ID_F27634429E,0.042459108
ID_F1E373F7C6,0.010652795
ID_4A83B124A6,0.014492238
ID_1B27D12587,0.008165359
ID_FB1A6FDA9D,0.063925266
ID_6B571C5842,0.030584553
ID_3081459659,0.41248024
ID_D49A597FE5,0.15965983
ID_266ED98DA9,0.91240954
ID_D8518BB02C,0.005492455
ID_5577076DCC,0.07049369
ID_50EDA933AF,0.025890382
ID_C54BE4C65D,0.05798147
ID_9B80F1E8AE,0.6758374
ID_F204FF58C8,0.03668196
ID_0FD4302421,0.7406529
ID_34FE9099CC,0.044977225
ID_0826F86A5E,0.061540917
ID_0B7056CA20,0.37447205
ID_FA9181C3C9,0.015448189
ID_4F3F32DAFA,0.056565262
ID_B5DF0F77FB,0.07054691
ID_118B991D9D,0.008627348
ID_201A551AD1,0.015712013
ID_C5805A16CE,0.004462175
ID_099DA53259,0.006091213
ID_629BC9972A,0.033659503
ID_EA316D6E34,0.05179823
ID_326ECE6F11,0.10899397
ID_4F423D3293,0.03045875
ID_C61CBCC86F,0.017703539
ID_069BC3FDAC,0.00821828
ID_7765E302D2,0.01997646
ID_5544E0EA8B,0.009222073
ID_A422DA05A6,0.4529195
ID_7D7FADEA79,0.11966052
ID_0F43C25D1F,0.015478247
ID_086A704F0F,0.0075009265
ID_9C3AE34554,0.0125178555
ID_A16D4D3A96,0.008241589
ID_5DE3C2B50A,0.68191713
ID_04CF3BC2EE,0.005791648
ID_3674A39682,0.006919129
ID_AD24386925,0.027062783
ID_765B0A7B27,0.21447797
ID_09F9C4D0AF,0.06494384
ID_89DE5184DA,0.07434835
ID_5023919973,0.0155522935
ID_79127BF159,0.06888746
ID_B92DDCBA46,0.96621805
ID_AB038FE1C5,0.06377975
ID_CDF9866A7B,0.02835642
ID_7BC4657DEA,0.25562608
ID_07DB9DC865,0.3521237
ID_37BE29AD7F,0.07528323
ID_3013538172,0.010020295
ID_8926983D97,0.07564446
ID_1741B0D86A,0.0116394805
ID_7D4F177F7C,0.1249517
ID_CE94D8D333,0.03580171
ID_887C227211,0.027808601
ID_62537C621C,0.024903273
ID_E877887EF1,0.86495507
ID_1A31C6EBDB,0.052199382
ID_A591E885C9,0.06471355
ID_2C9CF5282F,0.04787151
ID_0B83328D86,0.33417106
ID_593AEF97CE,0.028799009
ID_3C93D6A86B,0.08912534
ID_3B78984B90,0.017003931
ID_32340F38CC,0.033115003
ID_2691C3945D,0.09936508
ID_5578138112,0.99611014
ID_FB5ECC35F5,0.6644672
ID_911AE8B9D5,0.14721198
ID_36F9776B15,0.017976936
ID_033B5AADA1,0.17219232
ID_594B27C727,0.026152762
ID_31039ABDBA,0.13839406
ID_C63FCD4A44,0.018893583
ID_9FB7A42D8F,0.019345213
ID_A4B4190429,0.22796232
ID_56423AE205,0.037644837
ID_7BC1F6A897,0.027338328
ID_675FC3A1F8,0.016780213
ID_6E8A55799E,0.07433249
ID_1D9FE7ECAA,0.008450372
ID_F254C7AA21,0.28368327
ID_41AF9E6065,0.007323281
ID_49E6469500,0.010088952
ID_6E8070D702,0.029113773
ID_E5509E33A8,0.008801195
ID_A39879BF03,0.020914955
ID_3CC3986B67,0.099121526
ID_11B0FE28E3,0.0469633
ID_24874546DF,0.006319918
ID_85420795F4,0.004388856
ID_C41D7BE2F1,0.16865262
ID_A23195112B,0.0150713045
ID_B51A41080D,0.03211961
ID_029DC970B9,0.008264222
ID_B3B1D78A1F,0.0060729487
ID_D995A28EAD,0.03073048
ID_0084BD27A9,0.9227198
ID_A368A7598B,0.0078008017
ID_C7A8AA54DD,0.006944849
ID_0B4949FFA3,0.04448415
ID_7DCA1A2334,0.085925266
ID_5BCAD0BAEA,0.3606922
ID_FAA004FB71,0.72161293
ID_F02DAAA862,0.19129494
ID_342A4B73F5,0.058150798
ID_9A12949BBB,0.017652735
ID_E32479DA11,0.036568616
ID_88C8902EF8,0.26434156
ID_AEB48A41DF,0.16514233
ID_8365FAE33E,0.27281767
ID_F1887ED73D,0.010901441
ID_25088CD4AA,0.0071676774
ID_835F00275C,0.029366933
ID_34321294E3,0.07444994
ID_96FEA9B310,0.61512715
ID_8F629F2788,0.55091816
ID_19D1710C9F,0.15179205
ID_0F8B8F46AA,0.8057132
ID_2E4AF60FDE,0.030601367
ID_3EC34D4AFD,0.013780021
ID_808D8E780D,0.105842635
ID_B1DB3CE17E,0.12519866
ID_8370C7A371,0.019338293
ID_518FF6BDCF,0.021765208
ID_DC0993921D,0.009962438
ID_EE03A97D3A,0.013341927
ID_594FC1A5EC,0.0653351
ID_48EC1C11FF,0.016696457
ID_DABE449EAB,0.014096872
ID_18F77BE689,0.0047161723
ID_B897281D73,0.037038777
ID_36C033EDAA,0.007995777
ID_4F5DC06D3D,0.6097711
ID_A594F96731,0.032336883
ID_5F954EF694,0.009881336
ID_1F26DD36D1,0.04069691
ID_04632C4D56,0.04663149
ID_5F6ACD046D,0.15856154
ID_FE3B070F22,0.006613603
ID_4A22FFC4D5,0.007847016
ID_717E2C7EEC,0.6096705
ID_F0391A9D36,0.009421251
ID_FEB8C8E8D4,0.6021451
ID_A19A8DAA4E,0.108358115
ID_C07B3ABAF9,0.861644
ID_5568A73DAF,0.033518244
ID_A1BDFAD708,0.009316106
ID_94076973CB,0.26691326
ID_DB4BE1F7FC,0.5195738
ID_8542D2CD7B,0.2103558
ID_886CD4EE17,0.9547559
ID_D609657CBF,0.10842057
ID_85B7DCA330,0.054853
ID_5228924CCB,0.030401116
ID_04B34FC670,0.12725206
ID_8DC2C9F04B,0.05704598
ID_0D9D1B9DE8,0.02015783
ID_23DCEEDCE5,0.02108768
ID_448F182E75,0.11271795
ID_66F5753367,0.28705966
ID_27E0DA421C,0.019462615
ID_95477B60B2,0.28242
ID_E311462C52,0.036124434
ID_13CED2B8A3,0.005938813
ID_9C479AD33C,0.11050925
ID_A4BC6ABC07,0.04765989
ID_F4DC875775,0.037443127
ID_4184F4A7CD,0.18286416
ID_9EB91ECC88,0.012259621
ID_EFA0E526D3,0.9415739
ID_F7A4634489,0.13251145
ID_E38AA3E760,0.6183694
ID_8E77869072,0.0106831
ID_5436FCB8D3,0.050112963
ID_2CD2AECCE7,0.5511977
ID_7DC2AF90E5,0.008977171
ID_00CFF41917,0.083240926
ID_C6CF9B322E,0.0067258575
ID_E0646513ED,0.0046842406
ID_169B3A056B,0.022573812
ID_BED01F5AE7,0.014817801
ID_D212C1EDB8,0.74734116
ID_B47474D0DE,0.00835818
ID_FEC11EBBDF,0.06303509
ID_39B52818D8,0.20361908
ID_595924AAE8,0.06895605
ID_1FA98BD27C,0.0062293815
ID_5F7C87A846,0.03969681
ID_420B1E32E7,0.016300857
ID_1D090912F1,0.109395005
ID_A06CCD5EC0,0.17102344
ID_5623AA70AC,0.338503
ID_69DB82505A,0.0073994123
ID_12B160E5D9,0.01573907
ID_F79DB5E605,0.18222828
ID_5F16F6F600,0.010301588
ID_58A9A94FF4,0.1784186
ID_A91098F944,0.016821966
ID_418ADBA49C,0.0137842875
ID_4EE97FCE96,0.050525624
ID_923E322F29,0.12831776
ID_8BA97B936E,0.13913395
ID_4904782843,0.040521704
ID_60EB3FEAC1,0.015533823
ID_B076CEA91F,0.5875449
ID_CEA4EDCC47,0.5293074
ID_CD7D8E0A47,0.032863006
ID_8E4E4CACE4,0.3482064
ID_93E0678850,0.41319522
ID_4240ECCC4C,0.006264836
ID_05DEB38F0D,0.3817989
ID_65876CF54F,0.050021023
ID_62F5DE9DC8,0.7696176
ID_781556796C,0.19366983
ID_22DDB961B6,0.27759045
ID_69C1CD97A8,0.055298343
ID_1D38D084A7,0.7972567
ID_F1D3618EB4,0.03471908
ID_1BE06B4539,0.066778
ID_BF0FC78242,0.09534022
ID_57108D4783,0.012179317
ID_0713F7D6D3,0.046079442
ID_33C9A46BA4,0.11062425
ID_70FB4254A1,0.031171154
ID_4AEB3CAC20,0.056192674
ID_43DB240B53,0.25981906
ID_9AFE42469E,0.10030339
ID_B6D67D4FB9,0.02845336
ID_C95DE8E8FC,0.0927801
ID_3596D1CADB,0.6559028
ID_C4EE04EF35,0.009734213
ID_57D533FB5A,0.030097038
ID_2EFCAE68FD,0.5251408
ID_65A88E770C,0.09072659
ID_CDB76B8BC5,0.010095761
ID_D8D9293432,0.019603819
ID_EAB0BB2B59,0.025089998
ID_8F97B80F3D,0.024638068
ID_D7DD374930,0.021837674
ID_51CF98570B,0.043259084
ID_28BFA1036A,0.22357635
ID_4C1535B72B,0.29776552
ID_CCEAA81306,0.013584028
ID_61F2931FFC,0.048130427
ID_9F2DF16137,0.4439126
ID_8C26B0DDC7,0.98752165
ID_DC24E549FB,0.03401239
ID_58435E2731,0.007762778
ID_A3407BCDBD,0.013756928
ID_F581953533,0.08318912
ID_4046FD84B6,0.20297523
ID_8915C3CCA2,0.57902443
ID_D8E987D3CA,0.28984392
ID_443749CE7C,0.7309604
ID_913C32C8D3,0.011639944
ID_5990877CCC,0.026824366
ID_29BE292255,0.061834764
ID_92B8255E8D,0.01842437
ID_4B5F71064E,0.013733621
ID_BA0D0189A1,0.035607133
ID_687F7DECED,0.012253313
ID_4D2A735D80,0.028843796
ID_6C374252B2,0.3146208
ID_DB588663B1,0.035221096
ID_EF548D6887,0.021918776
ID_09F2ADD635,0.0049348073
ID_F185BC1DD3,0.025552666
ID_96F19A7B50,0.0116697345
ID_B8A2C13AAE,0.03245695
ID_9BA35A826F,0.023396129
ID_D5A4545B86,0.020853365
ID_7FF58805DC,0.10838753
ID_691C59C84B,0.022827214
ID_D9539A460C,0.059770063
ID_FA0426F0E5,0.008290702
ID_9FE5E69949,0.006592598
ID_3A00630FC4,0.050528646
ID_3972FCDCDF,0.013012642
ID_213ACF66C3,0.005390641
ID_221B1F43DA,0.057730295
ID_093794D26D,0.008267908
ID_9F668287FA,0.0190922
ID_93EAC38914,0.027667262
ID_16C5DDC4F3,0.071650706
ID_C21855773E,0.1590501
ID_D052537D48,0.008449814
ID_92E25B045B,0.076508045
ID_5D41E2B736,0.062267754
ID_7BAE6D2DF5,0.01597211
ID_54FE319675,0.50609696
ID_C9BBDF4376,0.78750753
ID_9E17FDECB3,0.10387949
ID_E743053DF0,0.016255619
ID_BCEAB0A473,0.013010573
ID_9C901EE17E,0.045838524
ID_5A0C8D5B03,0.0785292
ID_D11DAD7317,0.017402442
ID_61865C09F3,0.0377113
ID_931906B2DA,0.6905637
ID_32E4A05630,0.07258564
ID_83A4488948,0.13183431
ID_9BC0232A1F,0.12412531
ID_2EE2C216FE,0.039835814
ID_626426F3A5,0.08379492
ID_40CDC31476,0.009313895
ID_22C939D934,0.14175585
ID_1DFD3219F0,0.021402271
ID_85ED186BAC,0.015991159
ID_1900AD6B04,0.31003037
ID_678826DE50,0.10391677
ID_77D71076B1,0.32885283
ID_92F0393BBE,0.047880404
ID_671DCC303C,0.6365834
ID_8D58FEF275,0.0120362295
ID_C6D61FDF82,0.009126873
ID_7AAB3AC93B,0.026778316
ID_1E6D78E5E9,0.23348852
ID_598EA2AA92,0.048902337
ID_61BFCB7D9C,0.072193444
ID_B4D863896E,0.013205188
ID_D55D69D2B0,0.015567063
ID_BFB40CFD48,0.86533636
ID_1E97AC0A8B,0.0077483268
ID_FA9D351CD7,0.045625225
ID_D3149550C6,0.006961535
ID_F4BFC25D2B,0.008104471
ID_47875B5784,0.26524302
ID_94FA210016,0.035259683
ID_3C98EC278B,0.030855328
ID_1A804F714B,0.77028954
ID_F48E29BBD5,0.009696998
ID_81385AF194,0.02900702
ID_C1A4DFD083,0.03070633
ID_E0EFCADDBB,0.015040611
ID_F7EA2D997E,0.011505881
ID_928897F866,0.55128616
ID_A6C81C85C2,0.014014872
ID_43BFCC8115,0.06312795
ID_7ACFF8BAFA,0.043350715
ID_5FB456A0DF,0.01699162
ID_B42A7BF8C0,0.01180626
ID_3AA751E726,0.044866048
ID_072066B92C,0.45804808
ID_FC8631C075,0.0087213935
ID_FD3DEB6874,0.050836653
ID_636B5BF211,0.3342785
ID_E9841A0C6C,0.014876756
ID_E644B2C66D,0.44143984
ID_2CE3D74C44,0.9863157
ID_60C493D284,0.022715721
ID_530214FA69,0.006702375
ID_8BA3709CAF,0.010902982
ID_BE6DC23A98,0.08081108
ID_D682C936AA,0.14769748
ID_3BA4F367E6,0.8584463
ID_F019E4BA7A,0.03455359
ID_5BA261DE62,0.05606899
ID_6EE6D77B60,0.027657628
ID_4F6030D632,0.0048273187
ID_3B5DCDECDC,0.016779961
ID_09B5D168DB,0.022920331
ID_3E47A0524B,0.02382672
ID_BED1AFECF1,0.010386506
ID_E1B5E9AF14,0.3866911
ID_D5D460F20D,0.11066739
ID_C976C982D9,0.049355097
ID_AD8093619D,0.016071375
ID_012E8ABE0D,0.5763998
ID_195516AF21,0.19936334
ID_9959D5432F,0.017650291
ID_3F2D4E163A,0.11387237
ID_1A0BB41D72,0.09868394
ID_08E0B3A91B,0.23233257
ID_B98334A877,0.013886043
ID_700C3917A9,0.008164636
ID_CCD478B8F5,0.031836256
ID_3CB8D218B0,0.62922144
ID_7FEFEDA53A,0.04395271
ID_3D90F9AD83,0.009202454
ID_AD2B7C8F23,0.039304934
ID_BA647CDA68,0.44649366
ID_E3ECD854CB,0.026584048
ID_C829488E83,0.060613003
ID_005A601D03,0.07591653
ID_494BE2C259,0.71719825
ID_252AD63BB1,0.5619391
ID_76AA15A055,0.032756716
ID_A3FC0BCC94,0.033431977
ID_F94CB8F830,0.0072371215
ID_8B1FFB4D0C,0.60054415
ID_AB0934DAF6,0.47011068
ID_3395A95670,0.020463282
ID_725F8967DA,0.27345634
ID_D6E4CA5EC9,0.009816006
ID_86B9CB971B,0.03220851
ID_167FF952D0,0.40435758
ID_F9A2529C8E,0.3454499
ID_84B036A64E,0.11896202
ID_7C59F42154,0.19612412
ID_D102C673F5,0.9527889
ID_3CA31A3629,0.41724995
ID_D2172C3F52,0.054358203
ID_030127448F,0.015523419
ID_B128FE10A5,0.07124146
ID_62F5CA6973,0.52892745
ID_E5D3D25A86,0.0058129155
ID_8EE3A7E541,0.19889008
ID_01D328D51C,0.035700303
ID_8479141D26,0.07181668
ID_29FFCD7696,0.012247315
ID_AE977EC723,0.0071581667
ID_DAAF4C90FD,0.0062450226
ID_88A8D07309,0.024953915
ID_876E1F6629,0.02269669
ID_D3118D7755,0.0066861208
ID_B8EE53AD23,0.02189696
ID_0C1F6B0531,0.006687955
ID_5BD9BB1499,0.008884942
ID_0C4D86279B,0.03497154
ID_218609E1B2,0.005740657
ID_41C84B21B8,0.0051329224
ID_C1AFBC3648,0.016722882
ID_3FFCDDA7BF,0.010289652
ID_39933AF9E6,0.01837165
ID_36F5453A30,0.007425919
ID_E5545C0A0F,0.013955191
ID_A62E2407E1,0.06046352
ID_28BD3B4F09,0.2406482
ID_023BA9D3C2,0.1146044
ID_0AD473FE64,0.04902335
ID_C0F158FE03,0.008967232
ID_0F204FBC5A,0.005552565
ID_CC947FC14F,0.85678494
ID_FFC0644E88,0.051925484
ID_12005E774B,0.02304998
ID_7BCADDD966,0.00659284
ID_4C45CB58BF,0.04748949
ID_C255C09D17,0.07048078
ID_3561E5C2B3,0.026297161
ID_55538A2500,0.4852257
ID_DD4830EEEE,0.06352751
ID_DE999147F0,0.95596683
ID_97827AC013,0.021727338
ID_65B3F2FAEE,0.078518756
ID_0E502BA393,0.21691565
ID_002A6FB8DE,0.099129714
ID_DFD4C33928,0.08757899
ID_B6E1F3FC1E,0.020811928
ID_52FDD75590,0.011795567
ID_2B220791E2,0.022200555
ID_7CA96114BC,0.016244654
ID_9C560097BD,0.0074514993
ID_AE568C1480,0.024174381
ID_67CB6E3310,0.05889917
ID_D985A0AC13,0.052907936
ID_1768FE2DE9,0.008953835
ID_80DB4161E5,0.8281997
ID_AFD695DF83,0.6009251
ID_35E243DB9B,0.47862437
ID_AE64987628,0.049393293
ID_174AC583CC,0.017297883
ID_5E8C49B159,0.004300155
ID_1F00F93BE4,0.01252689
ID_645F1ABA18,0.27530378
ID_1B9E98A1D6,0.55933875
ID_BAD1628663,0.017402498
ID_80FA8957D9,0.04014484
ID_26BA733310,0.18956372
ID_C69A57955B,0.0060793413
ID_1F559582C0,0.035267048
ID_FE026E9648,0.24613482
ID_6A66CE0CD9,0.015855765
ID_D980200368,0.83669466
ID_ECE6B289EE,0.79381967
ID_76A359B2F6,0.033052616
ID_0214B3E401,0.73941267
ID_E51A8FAFCC,0.02777153
ID_713C94E591,0.73577034
ID_0B50854FCB,0.7579221
ID_E4872F7C9E,0.031525623
ID_BD8EE6703A,0.011650395
ID_E9B1C82483,0.07393958
ID_6F2EE30EF9,0.3984961
ID_94C87AF44C,0.5727122
ID_E35C6C1D1E,0.0838746
ID_C156B44072,0.091131024
ID_C3F6091FB3,0.44045496
ID_E1E571643D,0.055048656
ID_FC51147B61,0.2637969
ID_BEE20D90E9,0.6548944
ID_EE2274843F,0.042096026
ID_67BC030A54,0.025441585
ID_520E4F83DD,0.030229904
ID_6E2EB89DE5,0.265394
ID_3661B50F09,0.0070989677
ID_17CA93C141,0.028149342
ID_94D628D5DA,0.020263173
ID_976EA9713E,0.006119638
ID_4B965BCD81,0.06792987
ID_E281D983F0,0.29951987
ID_DCA0D3F5D4,0.27942842
ID_6F4F358822,0.042604033
ID_2DBD0801C8,0.92222375
ID_1938733643,0.099073075
ID_DEA5036DF5,0.01125419
ID_AF65D4A19F,0.008902031
ID_551AB2D7A6,0.007473462
ID_C88EA51774,0.07967745
ID_6B6E18AB86,0.30790168
ID_7B240F7092,0.12546383
ID_BEC291D4C2,0.050489035
ID_7028F16524,0.008427962
ID_915CC22955,0.080588445
ID_2698081B3B,0.012657297
ID_2854BD6180,0.95888895
ID_9AD4BC7603,0.031764712
ID_BC91403FD1,0.8661322
ID_DF24744BAE,0.07811065
ID_98B16ACF4A,0.024654068
ID_6FB86929E8,0.036397956
ID_01518F32F3,0.04515504
ID_56360D913A,0.8549232
ID_BEF0928C7B,0.7346353
ID_2587E61137,0.024739787
ID_4D6B22464A,0.9795873
ID_0EDDFE180D,0.061009698
ID_696621085C,0.054412544
ID_F96C07F5F3,0.010768531
ID_97C7895D5F,0.6791734
ID_649ADA90D9,0.019066745
ID_69C655DDDD,0.02247902
ID_AA492027DA,0.117806114
ID_DC8A5E6FBF,0.011036148
ID_6D78E302ED,0.0077351616
ID_FD102DF70A,0.95463914
ID_319CE5595D,0.3909377
ID_52D6DE4F00,0.065861486
ID_EAF2E40B5C,0.008293041
ID_B7A37E4E65,0.013009164
ID_8AACBD92E1,0.012508924
ID_83A686EDBB,0.023504592
ID_FB8F4DB5A7,0.023454873
ID_822EF4A428,0.0063683544
ID_F5D244396E,0.15952133
ID_7D6C2C69F9,0.025837366
ID_F5E87E9486,0.023199169
ID_6C13414625,0.0329762
ID_1F99FD329C,0.5118462
ID_4BEFC340B9,0.015852906
ID_D5D8B43137,0.05850727
ID_2FE134B8AB,0.24969433
ID_767D6BB40B,0.071947515
ID_4B6ABB1760,0.0056454088
ID_ABD75D772D,0.021464698
ID_FF135495C0,0.067094736
ID_CEB83A4048,0.011383306
ID_57118D3324,0.009933806
ID_2433FE9097,0.029227627
ID_4F7499AC6C,0.030831192
ID_9B02A80826,0.86809605
ID_8BDF7C940D,0.02057681
ID_F5E007A054,0.42120877
ID_FD7F8C5364,0.02644138
ID_20EB02BD33,0.02301589
ID_1A6550EE12,0.007831867
ID_468A99A160,0.27765635
ID_BECDE1A8F6,0.01715011
ID_5C353CB847,0.6079902
ID_FAF4EE53E8,0.03796311
ID_84F39C78CE,0.029948363
ID_96ABE9BE32,0.028326102
ID_62FF5D12C7,0.58137655
ID_B2B06B4AB3,0.08669049
ID_C73789037C,0.08630502
ID_751B3247CA,0.33309636
ID_53F5841FAA,0.29191333
ID_406432DB34,0.017705435
ID_91F64FFB2E,0.017674554
ID_48603349E1,0.014802277
ID_C78231767F,0.013193727
ID_5D9F64A770,0.4441481
ID_55F32D4FF6,0.06827051
ID_D33459ABFE,0.03536141
ID_AECA363951,0.417534
ID_B552E7E9F0,0.024697607
ID_7B2EDF94D4,0.016347354
ID_909AE2C220,0.032598864
ID_50E3A67BCC,0.00775898
ID_7EA2B0A2E4,0.007289603
ID_89D84556C5,0.026484765
ID_CF5C7F4D9C,0.020879999
ID_BDE3B85743,0.24412888
ID_CA626605EC,0.10386818
ID_5C5101CB76,0.16163076
ID_9072E79B4F,0.27898887
ID_B452FD21CD,0.017875131
ID_C7E73671E6,0.08643062
ID_69597C05BB,0.060678612
ID_F0CE471E90,0.5995215
ID_665D136189,0.17615253
ID_7DD7606810,0.0101977615
ID_2493EF92EB,0.13393398
ID_1345FD3088,0.3135712
ID_54A823DC38,0.009521741
ID_A6D7D39FA2,0.04513845
ID_2633E6A1FA,0.018602043
ID_8DAC5FF89E,0.8348609
ID_D8E645199F,0.12626758
ID_0572BF7AA2,0.09053598
ID_A0E66907DD,0.0626662
ID_190EF427A0,0.005936545
ID_666B15595A,0.009535975
ID_49667E2DC1,0.08797299
ID_8EF39BC1DF,0.49427533
ID_A60AFE399D,0.026122838
ID_18CA9BE24A,0.16232999
ID_7165861A5D,0.2911996
ID_069E97C067,0.028076492
ID_C4CA2FB6A3,0.14108521
ID_918E548170,0.56793815
ID_40137673F5,0.029370021
ID_87DC5E89F3,0.03925262
ID_5F29EEDD28,0.12063904
ID_4D66709B1C,0.039998095
ID_1EDDD87158,0.012337223
ID_AABD6CE886,0.08035502
ID_CBB6A6F917,0.009619392
ID_18DFDFFC00,0.39058566
ID_804F1AF2A6,0.017234437
ID_03E798FD3E,0.28836018
ID_53A7E8F227,0.037417434
ID_34C8912792,0.024614168
ID_67B9019EE6,0.2949641
ID_DB5BA22071,0.008982749
ID_EBAB03B1F9,0.038430005
ID_23E63778B1,0.055024114
ID_375F43CE0E,0.040979147
ID_E6839C7F61,0.9834163
ID_BE321C608E,0.009806052
ID_4F67A3E4D8,0.06299583
ID_641E0E64FF,0.008333226
ID_EA1CB965D5,0.016306756
ID_A7E726B91B,0.031817574
ID_6CA5B8C181,0.07894978
ID_0840CA9080,0.027622385
ID_FA3488595F,0.17999405
ID_D9086E4E9D,0.019386504
ID_891AF6B0FA,0.35833734
ID_E1E5BB5038,0.027313523
ID_D985214194,0.047746062
ID_2CD3EAA35F,0.81318814
ID_E51057F245,0.021600066
ID_AE52A2E528,0.015621821
ID_AEC26218EE,0.012470994
ID_B8823BF08F,0.006749335
ID_60CD525F25,0.3638324
ID_CC0D2CBF26,0.7898997
ID_3D9F183D04,0.10124137
ID_3EA3DB3666,0.15317416
ID_F7976397FF,0.111786075
ID_7F79FF0802,0.030713111
ID_00CEF61140,0.105457135
ID_4B72A68F88,0.0154621005
ID_E34CD9BB68,0.0077058314
ID_7A6D25816C,0.01195736
ID_0BE04C58C4,0.11233391
ID_C66F88D1D1,0.6709763
ID_A46EEC15FA,0.60697913
ID_65335797E4,0.1314594
ID_D43460D874,0.040802475
ID_5B81CFE79F,0.0050661922
ID_84369AC8EE,0.055861123
ID_6447E26484,0.026532168
ID_3859A1C9C7,0.07345129
ID_14B91E5BAB,0.055513114
ID_B7D7F38847,0.07282029
ID_9EA7790899,0.043951515
ID_BFF7C0D612,0.0049549663
ID_1CCB6B900A,0.05175405
ID_6B72C34FED,0.052933592
ID_A398502E9D,0.94460386
ID_4532F224DA,0.0057488745
ID_0F4C3CBE6B,0.045118086
ID_AEDCE5BF10,0.845852
ID_3FDE45CED8,0.13443998
ID_851AD17CD6,0.37162617
ID_ABD3868F15,0.08834745
ID_A760477091,0.028957654
ID_716A5AA547,0.045210548
ID_2FBE3D375E,0.010900991
ID_154E9587FF,0.92043734
ID_BA324C1586,0.012130899
ID_F6D62EA1B6,0.25462076
ID_C636664FEA,0.00905458
ID_6E0EC39AEB,0.00594052
ID_4B1CBBB1D7,0.007369749
ID_1CF8337833,0.14422375
ID_91372256D9,0.027315324
ID_C850590FC2,0.6870979
ID_10B8515F2E,0.10975252
ID_C8CB1288FD,0.010031628
ID_39305EFF3B,0.16527276
ID_06523BE01F,0.20551689
ID_FE454064B3,0.098052114
ID_E67722011D,0.06608367
ID_541F3FAF66,0.021711236
ID_2559114C6D,0.14957725
ID_76B9587705,0.018159041
ID_8994946BCC,0.08772606
ID_B06354EC02,0.006383814
ID_50B1CE8834,0.0637672
ID_DA225CEE85,0.07259574
ID_3CFDE58DC7,0.06304484
ID_54CAC6E3F3,0.5607984
ID_BFD4FF4BDF,0.30324668
ID_A43F44693E,0.083329454
ID_833D605256,0.16490465
ID_55E16C28AF,0.25162932
ID_9F98D62CB0,0.05233923
ID_251A42B756,0.041232456
ID_76C754D5D2,0.072433926
ID_8E29A432AA,0.23723572
ID_2FAECEEFC1,0.3234886
ID_C656BE276E,0.015587769
ID_283FC1C6E5,0.11993285
ID_1DCE576A0B,0.01639817
ID_BDAAA6142C,0.08878885
ID_7685FCDDF4,0.012230507
ID_53B36295A1,0.19499686
ID_656D131B8F,0.023700653
ID_B9F0B88CF3,0.02023999
ID_612BE450F5,0.02322017
ID_82E6908E69,0.011934
ID_8DA9475609,0.11972266
ID_F824B3BD4C,0.18353786
ID_DF907D32F9,0.011693048
ID_943CB3D4D3,0.2727771
ID_9451AE05F4,0.27946192
ID_B0972C9E8C,0.12940943
ID_209B5C4226,0.035384294
ID_9BFBF1DE71,0.3917052
ID_BBA7ED7B9E,0.6391004
ID_E75E8E3AA6,0.20365436
ID_C48E5318AF,0.00488425
ID_94A2063941,0.010505461
ID_59CFE44D81,0.038478214
ID_0732D40154,0.014938452
ID_27253F17F9,0.05628847
ID_7FE7EED981,0.072601415
ID_7BE6292335,0.014926223
ID_276686BEA4,0.052169222
ID_DC16E348B7,0.030710524
ID_D052A74D14,0.023224302
ID_0B414E20A2,0.014199849
ID_CFCAA13D12,0.32329068
ID_AD1523BDE6,0.031611886
ID_0236F5AA24,0.100453794
ID_D7E914EDBB,0.0088242795
ID_B0069163C9,0.8719608
ID_E5835513EB,0.012820007
ID_FE3CE1C152,0.0128964335
ID_0B854A0C1A,0.023757854
ID_EE453BFA7C,0.005943621
ID_38613DAD0F,0.024260873
ID_05C8462144,0.009089178
ID_734943E3CE,0.05138176
ID_863FA62135,0.06007197
ID_2BF94F84BE,0.06315646
ID_E1043D8C08,0.29276916
ID_762BA0084B,0.21442196
ID_E150DA1020,0.06151163
ID_5F1CC262FD,0.044952355
ID_23D1102EB5,0.011157577
ID_1DA7F2DA30,0.036618385
ID_0A166FB589,0.99678826
ID_819B54E4A7,0.9688842
ID_578F336E9E,0.12316471
ID_126B9C56E4,0.6707556
ID_3049B00214,0.07704288
ID_D98831E528,0.022344531
ID_84694AD8EE,0.045554463
ID_04734ED56F,0.17053679
ID_7F76EFCB8E,0.011752074
ID_B4D071F70B,0.06080676
ID_2DE117DA1C,0.007126774
ID_DC140813E2,0.26361096
ID_9964D67CC1,0.813992
ID_634E0E6398,0.044079594
ID_92EBC85FB4,0.03980808
ID_A6527A412E,0.008867332
ID_C1381E6D6B,0.036537677
ID_30C12BF803,0.045426436
ID_43BF163A93,0.015274655
ID_4F4110ACB9,0.05941483
ID_EF087FFC8F,0.12722398
ID_476ED78647,0.19201663
ID_5828F14A50,0.018884972
ID_8B9AFCC8CC,0.010935315
ID_068CE8C3ED,0.040379953
ID_EA7B619EFE,0.011040722
ID_EE764BAA02,0.009316895
ID_C3E4EA3988,0.65601057
ID_A8CDC33696,0.011139416
ID_EF2FED0D81,0.038912192
ID_8FC26BB921,0.08749767
ID_6808CE072E,0.0052846693
ID_5BED21E5E8,0.008570432
ID_F439E7C18F,0.33150885
ID_25E5D86817,0.005800641
ID_F02B693DBD,0.13674158
ID_757765C272,0.1524342
ID_9171C8F127,0.09169525
ID_B19D40267D,0.7646974
ID_9138D17680,0.009706698
ID_68EA29A2F9,0.0079379715
ID_2A30D25A72,0.052329168
ID_C7289E2686,0.005396577
ID_EF61DFBCC7,0.009232239
ID_537E36E349,0.010954958
ID_E8C688C0EC,0.008315629
ID_39E1F8D479,0.020859363
ID_6943D9E786,0.05527144
ID_CDB77FEB0D,0.10638046
ID_3FCB334503,0.011845573
ID_016479807A,0.2576883
ID_E04A5878E8,0.049331523
ID_E96CBECC79,0.08786304
ID_8E5EC3981C,0.04414544
ID_3E1439BF02,0.05707257
ID_04F00E33F7,0.022845685
ID_93D8367732,0.2727316
ID_3FDA9584D2,0.045895837
ID_38ED53D5FB,0.68945736
ID_E9B1F70DF8,0.0129208695
ID_4521739A44,0.8079848
ID_75AEB32352,0.03817172
ID_23B995FB5A,0.008513789
ID_67FEB40D09,0.009588038
ID_30C0338DCE,0.67385465
ID_0BC29C76B9,0.12619819
ID_7B646837B9,0.43399176
ID_3616145FE6,0.06639811
ID_F95DF52337,0.031798087
ID_BAE230B173,0.0072888313
ID_7AA24CCD31,0.104149856
ID_412C5D4422,0.010486931
ID_C43863D16B,0.05343556
ID_DED2950E37,0.010006454
ID_4AD7C706EC,0.17084855
ID_E29F9D25BF,0.016179612
ID_CF974835EC,0.015076585
ID_BB1770FCC1,0.048541706
ID_26ABF38EB7,0.05467752
ID_4D1A7FE823,0.0060402323
ID_911AD92EB9,0.023580676
ID_FD84F492DB,0.0054949378
ID_2473EE8579,0.34327832
ID_FDFF75D032,0.01885221
ID_82BBDADD73,0.0106040705
ID_5163E6ADD0,0.20233127
ID_158E95CFBD,0.18297741
ID_5A78347E0F,0.017359503
ID_C3A128160E,0.36869377
ID_0C065BE53D,0.13230044
ID_2E69BE3385,0.22946183
ID_07CE91A35F,0.009511438
ID_48C9918A62,0.94167966
ID_A638AC763F,0.059791822
ID_B2B73F1F75,0.9082864
ID_FFD1F2F0BE,0.020002747
ID_E4EA2CD9CA,0.28603116
ID_61CF5A7476,0.006635598
ID_479D7EA7AB,0.109487996
ID_35EC774451,0.0073242467
ID_EB8C1E193D,0.5705335
ID_CCE3067FDD,0.09390102
ID_508C0BFBC8,0.017754568
ID_9276B1B3A7,0.29122475
ID_127C3189B7,0.008178656
ID_7611689EA3,0.060758557
ID_F67B2711EC,0.0101304585
ID_B9EC61CDBE,0.23856501
ID_59BD9B2D9B,0.00949402
ID_AE51513F17,0.543504
ID_7C5C64B95B,0.058380604
ID_F596F2B6B3,0.03189553
ID_2BAF88041A,0.37479866
ID_4B0FB3AF8B,0.02344233
ID_3400BDD243,0.02186789
ID_91A15DC87F,0.3501467
ID_309B457DBD,0.6273259
ID_D35C74A317,0.4416457
ID_80702E9102,0.6049348
ID_E82FB06DF2,0.08475942
ID_577E8D4AE5,0.023293234
ID_E56D17797A,0.015041653
ID_37ED9FC147,0.5450423
ID_A13AB6A26A,0.2540228
ID_036037EE5E,0.028737796
ID_26696FF4EF,0.18980393
ID_068C27E1C0,0.021021638
ID_FC3D9E3A30,0.43753257
ID_AE5D49FE4C,0.758332
ID_7986FC8982,0.10671044
ID_D8ABC97D5D,0.010599594
ID_151FDCE8AB,0.20776844
ID_69C59D68F5,0.11263061
ID_DB9AFADFC7,0.055483542
ID_3311E04C79,0.023867566
ID_9A1B417B5B,0.02917247
ID_2B3BD724A9,0.34700564
ID_0D225CEB86,0.3535242
ID_BFDFA5D6EC,0.040890124
ID_C2F6132531,0.1214512
ID_185ADA4A99,0.06410668
ID_AF3A6F3A36,0.0076974197
ID_AC83D80D5A,0.30810627
ID_CF5A5A0330,0.024712965
ID_AAA174A5E8,0.111648895
ID_39EE19B7A7,0.07625804
ID_BE78F81F9F,0.011935441
ID_3495A95EE3,0.020761844
ID_CB1B05A28B,0.0049772924
ID_BEF54088D9,0.050512668
ID_D4B835A30C,0.015096187
ID_B85DA6CB22,0.042121034
ID_4BBF50A25B,0.014641249
ID_97C24DB8B1,0.023739174
ID_98E96CD598,0.07255533
ID_AEFC889AFA,0.60536534
ID_7D231A20EF,0.17022792
ID_51207E96A0,0.29128066
ID_2F94091925,0.045562446
ID_384862AA7F,0.92611474
ID_B85F451134,0.042313345
ID_D2202C4AB3,0.015426785
ID_C8562A6DBD,0.01005843
ID_91F46FE48B,0.01355713
ID_B88B78C3C1,0.008002583
ID_396FF71D78,0.016263684
ID_26C7959602,0.008808986
ID_D936E108B5,0.08744988
ID_4ABFEEEC2B,0.11169718
ID_73C9650DF4,0.04373553
ID_1E84AC958D,0.0078054853
ID_3D84C29AA3,0.10832303
ID_1C9B9D0B2A,0.29089648
ID_5AF17DA5CC,0.011040962
ID_7610D364A2,0.29882082
ID_8A3A9FCEBA,0.029765215
ID_39305241DD,0.008349772
ID_28AA4789FB,0.04840664
ID_217234227F,0.017321132
ID_0197F628BC,0.027586773
ID_D53B2B1A4E,0.38466072
ID_E74D6286D6,0.18101516
ID_C6B3C9ECBA,0.0339891
ID_19E4011DCB,0.15759389
ID_A6060CAB01,0.007690407
ID_E38A830994,0.5073958
ID_D03DD3C20F,0.5369743
ID_D69AC66EA9,0.19846687
ID_A500DA91FF,0.06957149
ID_08628B221C,0.015615347
ID_5092FF286E,0.056424055
ID_177B347B3A,0.042959787
ID_FA4D6FD914,0.005788896
ID_4B60302F73,0.010380763
ID_F666AE0609,0.1095681
ID_91224C2D15,0.13703284
ID_A13AD3AA29,0.551163
ID_95A7F06E65,0.011379251
ID_F1CD90AEDE,0.024189528
ID_89A87131AB,0.033031892
ID_6240CAD781,0.028288685
ID_431681B8A3,0.5153528
ID_436C80CABD,0.008894289
ID_90591F9F0C,0.007900433
ID_4E949097C6,0.004616976
ID_65A3137D58,0.017969884
ID_8FF826EE08,0.05007789
ID_3EA6B65625,0.48475704
ID_C41779A3DE,0.07534388
ID_50C10A81B2,0.0056916974
ID_D0F2AF4C4C,0.024359308
ID_BE9C4E66EB,0.0076650684
ID_8EB6CF08D6,0.017000547
ID_292D495E04,0.23210125
ID_0F842293E1,0.050267022
ID_FF649F3B45,0.042449556
ID_D038D513E5,0.0042953026
ID_5929F1E503,0.5947673
ID_889E4B1791,0.41837907
ID_8465968C04,0.051536832
ID_DF297BED82,0.014321279
ID_DF07DFA54C,0.02782923
ID_1CE095066F,0.012570507
ID_2503107997,0.0245769
ID_E226BC012F,0.8878837
ID_C9E8589DED,0.01005101
ID_6ABAD4CAFB,0.009243067
ID_31FEBDF63B,0.028736804
ID_00A75276F9,0.04443881
ID_35D76B00A9,0.15796836
ID_E68CE0C73C,0.008222456
ID_3D3A64AC93,0.015770486
ID_F5C8204481,0.03360154
ID_B45F5DFEE5,0.009583749
ID_AA5BFB9834,0.112580106
ID_C654751AC6,0.05523897
ID_8FC4428942,0.12671675
ID_938DB17A70,0.077817984
ID_A5055A4ADA,0.052363724
ID_323F15520A,0.052808974
ID_4054DDF033,0.0060523874
ID_C82FBC5CB2,0.009157769
ID_B88E7B5B24,0.8967
ID_6A88FEA487,0.0831105
ID_96FCBF4795,0.4666804
ID_5DB13B16E2,0.7267872
ID_82912BB728,0.025060134
ID_D663B88528,0.02844356
ID_FB8181617C,0.032697905
ID_9FF35AEC04,0.07555498
ID_5C28F14DDA,0.022149775
ID_D09D80E963,0.18024583
ID_497F1844E9,0.014539184
ID_3766740A0A,0.22661865
ID_33F2460470,0.22557183
ID_F2A43B4921,0.23959097
ID_5B2014B14F,0.012052273
ID_66D962EBCA,0.0072156843
ID_C02725F8FE,0.22782698
ID_3CA7EF334A,0.083148085
ID_4ED4AFDD3B,0.016123908
ID_089AE36DD9,0.07211968
ID_2E4AE4D694,0.28057173
ID_951A2FE82F,0.01218771
ID_307023AFF0,0.07864303
ID_B0EF004D0C,0.17109261
ID_F3AC6DDCCC,0.82153994
ID_CA9368A38C,0.01956775
ID_E29A040EBE,0.03170419
ID_323CFEA0AF,0.21168567
ID_7F16A207A6,0.39629677
ID_BB451F70A9,0.007814165
ID_4D87C8F768,0.018777939
ID_64052701D2,0.007808291
ID_7304B38582,0.013555821
ID_0EF301EF7B,0.013841518
ID_EAF62C2405,0.010506754
ID_D96368B164,0.033453066
ID_210D36F488,0.04876439
ID_BA24F08BAC,0.24441661
ID_A7633B4495,0.012199995
ID_FF53F1DD99,0.047158554
ID_08739E9B78,0.029043395
ID_A2AB3EDC26,0.032026246
ID_9A2039886D,0.45467755
ID_434579B94C,0.15162018
ID_6CA344B29C,0.0069767004
ID_591454C110,0.5835647
ID_45B0B0BD8C,0.008265801
ID_531EE31453,0.118839405
ID_02B8502EC3,0.039980505
ID_6076146999,0.06391401
ID_C7ED3306AB,0.15239765
ID_E9288F4EF5,0.0073501426
ID_3CB6A514E1,0.59532547
ID_21EDD0ABB8,0.010198047
ID_3406F4D013,0.08675593
ID_E1E94A6189,0.0081956135
ID_4A74BE8360,0.027328948
ID_DF8082C69E,0.0082391985
ID_DD72207466,0.88664067
ID_2A0594D6AD,0.01070995
ID_F88EC5F0CC,0.4200722
ID_A95F306CD5,0.018495543
ID_D5349B29C5,0.5570443
ID_D234832D5D,0.15575203
ID_6B9A515339,0.024002876
ID_6301AFC59E,0.014786952
ID_9B89614953,0.35852653
ID_D5B615D810,0.006393681
ID_E11B563311,0.039773166
ID_329E050B75,0.10657721
ID_A2CF7D34B1,0.9711915
ID_144CBECE90,0.007079653
ID_3F5C214729,0.10725503
ID_31F2FED12C,0.008320751
ID_E5917FCF1D,0.0054878686
ID_C883E1D453,0.041558668
ID_A4ECFC3A6E,0.07018743
ID_98C747A076,0.01430573
ID_0D8CB914CC,0.07558159
ID_B54051EB78,0.047513943
ID_D7D2B15C29,0.0063955295
ID_2A0F6C638B,0.009675282
ID_ABFA7692C3,0.1582382
ID_0A3540AB89,0.10220686
ID_1EA5D8559A,0.43835595
ID_2264D885BB,0.10602983
ID_0618E25740,0.09116692
ID_267D7B2D6F,0.32847935
ID_C50ED6292E,0.008386857
ID_DEF1A5C33F,0.21828535
ID_06CF419D4B,0.14457752
ID_510635E162,0.005527865
ID_0144F958AB,0.23561248
ID_27358E714E,0.011347128
ID_5344C0DF59,0.014496248
ID_9E8CC03B42,0.11117348
ID_49A94F99A9,0.026627919
ID_FA116CFB1A,0.45534867
ID_17A3ED9F5C,0.006610373
ID_4F3825CFAD,0.014566031
ID_A429771DE1,0.048771895
ID_9BC9CC604B,0.008695014
ID_873E28D8C1,0.44617954
ID_FD83F985C3,0.006522209
ID_93A8FCAC08,0.03497298
ID_24D47B5EA2,0.40160528
ID_E1F31DF5FB,0.5317613
ID_9F002E68ED,0.21889229
ID_ED9EA87D05,0.12805495
ID_7B2B259CDF,0.3358086
ID_11937603B3,0.119915664
ID_11A65327C0,0.021516668
ID_0272EE81EC,0.023105336
ID_D698BFD4CD,0.12035639
ID_BBF5941546,0.9486653
ID_6DE182A42D,0.51727796
ID_E618D799BB,0.052271757
ID_06EAD52B75,0.018785292
ID_0F51947758,0.08954694
ID_3A85882E31,0.32515237
ID_68A57392C3,0.017705483
ID_72D8EC6035,0.09391046
ID_AAB843AA9F,0.09181202
ID_B470EB21CB,0.054998934
ID_FE90521821,0.7432478
ID_E2FBE6D5D4,0.13188942
ID_2576707F3E,0.53893465
ID_0B7FB6E4E3,0.39869925
ID_6DFF337761,0.028025132
ID_6E810D143D,0.04999723
ID_C46F306183,0.77578914
ID_A1E41ABB1B,0.016470483
ID_C9EF243ECE,0.27056873
ID_4E6E3471D7,0.10844065
ID_E33B91DAF6,0.009785857
ID_CA07980845,0.67819077
ID_729813BC79,0.5602312
ID_5077B5CC58,0.5016956
ID_55383C4767,0.015657784
ID_829062AE17,0.018912781
ID_CF81930404,0.038351737
ID_F00AFCEC10,0.04194613
ID_EE7EF04D5C,0.058672044
ID_617A1BA0F0,0.017688464
ID_6F5F244822,0.10720735
ID_991EAD21DF,0.13994387
ID_1B01FB6B95,0.20948698
ID_40734606C3,0.72489285
ID_17C3AB82D0,0.62455493
ID_0F6B4F4337,0.015568168
ID_2BF9FD15E7,0.60463065
ID_58E74DA81E,0.37511733
ID_598EDD46A3,0.059752315
ID_37A8572627,0.009227902
ID_A03EF124EB,0.008123886
ID_635BDB5D50,0.14663655
ID_A076CF7B32,0.04753676
ID_A3ED7C34B0,0.023817457
ID_ACCD44B0D2,0.11934879
ID_646A2EB224,0.012958323
ID_3BD94A6BDF,0.55090547
ID_180D4CA768,0.02765073
ID_F371B4B8BB,0.9203782
ID_AE3D417F35,0.007668034
ID_5803FAB67F,0.021463582
ID_865BDB31C7,0.018792806
ID_AF5DE3B4DC,0.63689804
ID_C6E1EB0C70,0.0074089463
ID_89F8875C73,0.16539331
ID_7E58FEF7FB,0.0073647797
ID_8C3F8F028B,0.16980517
ID_618233228B,0.04725436
ID_AB146CCCDE,0.014451063
ID_DC24271F5D,0.0051535666
ID_73226AF471,0.0139224045
ID_0425430188,0.005612572
ID_E5404F79AC,0.008937552
ID_81AC1B0203,0.01726477
ID_AA37D3D9F1,0.027633142
ID_33916C9047,0.007528755
ID_51E73DDCE1,0.38876048
ID_E38220DB74,0.09452285
ID_A792F48DDC,0.5672865
ID_D33C05329B,0.021223035
ID_776AAFA4AD,0.024800738
ID_5C2BFF6D36,0.12572207
ID_AFAE16BDC3,0.11026214
ID_8D960A47C3,0.028106079
ID_8868CCB793,0.035879884
ID_44E427DB5A,0.16217263
ID_CBA41651A6,0.05244498
ID_FD85751103,0.02670101
ID_3EE88840CC,0.65262794
ID_83AB1D0E3E,0.106123425
ID_FDA29574FD,0.024910085
ID_B40CA8502E,0.070783995
ID_430D0AD283,0.024663888
ID_B8E81CB260,0.020143263
ID_6D14FB35CD,0.29613757
ID_263BBFC2EB,0.091019616
ID_34EED55602,0.102170125
ID_DEB4088FCD,0.33698094
ID_A0E03EC769,0.37221643
ID_E683B9FDC7,0.0037575872
ID_2CDB121491,0.16550542
ID_5D006E524A,0.039875723
ID_508BCC289C,0.02853002
ID_657ECC9962,0.10491626
ID_ACFC07D37E,0.08803791
ID_0B29DD1CD4,0.02184492
ID_A0F2B8296E,0.01003058
ID_80890257AB,0.019136848
ID_B97B0E4426,0.23929588
ID_950CD5AF4D,0.02612917
ID_A82B0B874B,0.0130504435
ID_23EA69793A,0.8113915
ID_E3825264CF,0.27212727
ID_4988A95DCB,0.02548655
ID_D26AFA44B4,0.0053797713
ID_76F2503B0B,0.020202126
ID_24FE511DBF,0.0066341395
ID_5D20A5BD1E,0.009783185
ID_662C9D2353,0.009545306
ID_9912109EDE,0.17407691
ID_1EB72372D9,0.010940523
ID_D89932BB88,0.048265386
ID_6975542413,0.39040953
ID_A1810AE2F4,0.09557975
ID_633283E5EC,0.02403115
ID_01DC48C28C,0.037221987
ID_904E3A1029,0.18314777
ID_459B518E3B,0.8101408
ID_5A0CE28671,0.06550565
ID_28A8C5AF63,0.7605934
ID_7594BFF623,0.02197863
ID_2E8ACB69F1,0.19122529
ID_929C6035BA,0.020661805
ID_400FFB1A33,0.047997974
ID_A038615445,0.012315258
ID_21A10164CF,0.004547295
ID_8B3D449924,0.011998687
ID_3973562CC1,0.007534052
ID_FFE42589CD,0.045519814
ID_4E876C528D,0.86933815
ID_41001D5216,0.07580904
ID_D57F6B5714,0.1906694
ID_4EE0D865F1,0.025384966
ID_48261A66A6,0.67912036
ID_85BBD2C8D8,0.013529826
ID_5996432C15,0.009840153
ID_DAEFFDB9EB,0.019529933
ID_A9E4C104A8,0.08275283
ID_1ECC87FDB7,0.12632598
ID_078621DE6D,0.011533625
ID_CC2F0C681B,0.00568565
ID_946CAB2BC3,0.16248813
ID_C4C92DA52C,0.006908821
ID_4E554EDEDF,0.024066083
ID_BB0FAAB376,0.09377678
ID_AEE6BC7FC2,0.24462219
ID_4B9B5AC91E,0.032928817
ID_6F54700021,0.03144911
ID_CB2A9BD16F,0.0071057705
ID_BF437EC3A1,0.042440217
ID_BA184396F0,0.086210825
ID_C866A915B4,0.048654255
ID_9DB7F35AA1,0.06589357
ID_95A51FF137,0.009215885
ID_6C0E97FEE2,0.05880074
ID_3ACB9013BA,0.013309936
ID_F8F311264C,0.053678732
ID_B28C8599E0,0.005853913
ID_B46582C7E0,0.13104811
ID_49FD45C1FA,0.03861856
ID_9B985DB4F9,0.0788343
ID_21DD562826,0.038161743
ID_2EAFA7E992,0.034856234
ID_4AB5D0D4EE,0.40995747
ID_DECD2BFCCD,0.010892342
ID_D55A43C7A3,0.009763506
ID_6E257FED5F,0.011342098
ID_5EFEC97045,0.018442959
ID_FC907445AD,0.0068820924
ID_B14B9202D7,0.040508796
ID_C13727AD4F,0.07464924
ID_05F93BF8B5,0.1846458
ID_6ADDE81748,0.11126989
ID_17B8212C1C,0.019380255
ID_742A546229,0.044732347
ID_05502C50F1,0.009870596
ID_5B68E59373,0.06786763
ID_00571482FC,0.007326558
ID_E7AF3AEE21,0.715179
ID_B12CB4CA6D,0.0134015
ID_9EE1FEE0F4,0.012666326
ID_7DA046F0FA,0.08492206
ID_009AA7DABA,0.011861779
ID_269ED78157,0.04629776
ID_4C5165863C,0.005501024
ID_15DFFE8EA7,0.03303347
ID_ED7948D4AE,0.47602737
ID_C6DF5F8A81,0.13752174
ID_E7EEFA9394,0.0072964104
ID_DCA3837415,0.016703704
ID_2C75BD1786,0.056468103
ID_579EDDBF17,0.005332985
ID_F5F4AC8234,0.09231876
ID_3953121940,0.5778477
ID_5A3AD10D12,0.02668206
ID_0B51A54B77,0.013471943
ID_544E251136,0.016269468
ID_926067D292,0.10347235
ID_93187E4939,0.01692679
ID_F092E2CB0C,0.010696274
ID_723CEB15A5,0.09859053
ID_0B961520A1,0.010106305
ID_2D2E04EA23,0.11711136
ID_B8A369DDE0,0.25873566
ID_6D2A17FD1C,0.05001
ID_7074DD418F,0.19041423
ID_E851394C07,0.011320003
ID_BC7BCC1191,0.11856555
ID_77B0267C87,0.07585103
ID_97FABE86D1,0.0058586583
ID_A2282D1996,0.05069324
ID_0EAEF694CF,0.15324953
ID_C238A291EB,0.88797885
ID_80D3CF6614,0.17793415
ID_24D5693626,0.011308101
ID_2FC694B920,0.022897448
ID_31C5126BD8,0.017267536
ID_7AA48D0644,0.010470354
ID_62320CABF8,0.021344084
ID_A7CB39CAE8,0.012498637
ID_42271CFE90,0.035186104
ID_80AE5A5E2A,0.04160046
ID_F79FBB43FC,0.010722831
ID_0CE3CA96E1,0.039942317
ID_8FE1E3E549,0.27169088
ID_6EFBE59B91,0.008905059
ID_3117C7B020,0.060185466
ID_8FC2384046,0.045565862
ID_D0D61DB022,0.09107481
ID_15125B0B81,0.00789504
ID_5FA856823C,0.01005111
ID_6E9E66EAE5,0.010961717
ID_4E9800C062,0.032651193
ID_F7C395AF42,0.016686754
ID_8E6AE1E10F,0.024700712
ID_5E536D4BC9,0.5367228
ID_E36BD83D0A,0.033033576
ID_94FD61D294,0.010672971
ID_55C679C7C8,0.6004532
ID_6E64162BD5,0.033503275
ID_81C0E18DF4,0.16872658
ID_4A406AE282,0.018996086
ID_3F021CE071,0.057523694
ID_58F63CBC2E,0.018517883
ID_3B29B9AB8D,0.0259109
ID_ED6134B841,0.005615221
ID_C4EDD63A3C,0.007908667
ID_E80C831BEE,0.09625738
ID_FD8D9701B3,0.12795383
ID_04305B46D7,0.043506104
ID_E1C9BFF860,0.5637652
ID_91D4C96E67,0.05047296
ID_8982AE6DA9,0.010505929
ID_CD5882AA64,0.023987437
ID_0875B7C338,0.0058981157
ID_5072C9F101,0.03633118
ID_0C382DE41C,0.1517638
ID_B5A6DEA6BC,0.37008446
ID_275933FD69,0.8345592
ID_42DBFD4AF8,0.013492707
ID_4992B2E1C3,0.35634318
ID_E395933C7B,0.22099227
ID_5DCADB898F,0.009421961
ID_AD5D81F5E7,0.04107212
ID_67D0816FF0,0.4109928
ID_7A9A2D5AB3,0.64978254
ID_9454EE0B0C,0.016029
ID_F5521C5CA3,0.0983316
ID_9A3F47801F,0.008506699
ID_8F860B9DAC,0.03222473
ID_600860E089,0.016431931
ID_D0553092B8,0.026285566
ID_FEE718AC47,0.16693942
ID_C5DE2F1E4E,0.029310508
ID_1825160EDE,0.017083857
ID_49D34D8B8F,0.057145465
ID_6AE147B0C0,0.008601777
ID_93CE7588A5,0.0646568
ID_66291C8623,0.042757038
ID_B59EF74E11,0.8353939
ID_1F9B425A29,0.019617226
ID_4500F4747B,0.13903745
ID_3FA9BB934A,0.03732075
ID_F5259903AE,0.026818113
ID_C36D7C9049,0.015266104
ID_B9FB999EE0,0.22688057
ID_B066290687,0.29732406
ID_F293AD5993,0.050115515
ID_42FBD8C59D,0.027579544
ID_FEB12092B0,0.023178816
ID_CEAF9658D1,0.0058300463
ID_C8D6AA2FBC,0.07457904
ID_DDA6B85D60,0.008207884
ID_AC7F090F51,0.034542043
ID_C392928573,0.025448088
ID_5B4FB51962,0.3146915
ID_0C65063BE0,0.018731484
ID_738708BF7B,0.20524618
ID_2A867D3FE5,0.15781564
ID_DE6E6B9D14,0.33485988
ID_99DCA24119,0.30087256
ID_DA870B7253,0.102607355
ID_6AE557AF5E,0.032633226
ID_778C378235,0.021114882
ID_6A08EAA029,0.034045186
ID_AEE7567153,0.73776823
ID_F25A9C4B7C,0.04922825
ID_1713303DC6,0.053397585
ID_D4E7DF2CC2,0.019870175
ID_CA5FDB55B3,0.7415031
ID_E214A40773,0.0137221245
ID_B904107921,0.25494456
ID_C18ED2498B,0.021123493
ID_A537CF0571,0.014794198
ID_ECB555323C,0.0607088
ID_D42F12917C,0.79885757
ID_7080738F89,0.01444894
ID_83DAD18B9D,0.10761159
ID_8D09977813,0.007382416
ID_017B965ACE,0.27408233
ID_9D4F8D5B1F,0.059973568
ID_FE4A15E3DE,0.04394145
ID_54132C7C32,0.018043
ID_B81E480D3C,0.017204605
ID_B8BBB2B59D,0.019789591
ID_3980FAD00E,0.048276205
ID_D7CAED037E,0.028696235
ID_B13B52488B,0.11348508
ID_8988424FEA,0.14868988
ID_FEC2703AD1,0.039377335
ID_A317EA00EB,0.007534938
ID_73DFA380FD,0.030852841
ID_A96787C7AC,0.031274904
ID_F75C9260E0,0.010431976
ID_EB40A92699,0.0085078385
ID_621E80653D,0.36471286
ID_50D2D6EEC8,0.026238889
ID_9CBCE796AA,0.23823546
ID_6869627587,0.086526744
ID_DE07304DD1,0.7770956
ID_FC199219A9,0.49547923
ID_C0FFDFE598,0.053906307
ID_B52A86E23A,0.45300847
ID_80D4760074,0.010067333
ID_9895DFDCC1,0.029516945
ID_52B2F054E5,0.04181504
ID_6943DBB482,0.014764899
ID_A3D868C161,0.024376277
ID_A94E585FE5,0.017811187
ID_55D9358A69,0.021634854
ID_129F674EF3,0.010800097
ID_142E82BA69,0.04202803
ID_6A51B04E83,0.0051343264
ID_6AF268D179,0.03468214
ID_3BBC60835A,0.012707797
ID_13D51C71C1,0.021867584
ID_9DB1591347,0.020652978
ID_5E0FE5BEE2,0.39379165
ID_757596B9DF,0.055202313
ID_D8C34B5CAB,0.011493254
ID_6317A28197,0.30404404
ID_5F8DEAEB2F,0.70515025
ID_6E12A01B07,0.020896409
ID_DFABD16861,0.010013186
ID_0073E2A00B,0.016000222
ID_34048917B7,0.15052317
ID_A344419DAD,0.020542692
ID_81BD93FEAB,0.0111046955
ID_15D2D5CC2A,0.015724564
ID_67EBBD1C24,0.09824103
ID_63E57DBD76,0.14004171
ID_D1CC66C35D,0.02416
ID_FC866145A3,0.043460984
ID_573468D83B,0.008177767
ID_B01ACC534E,0.109024025
ID_3A908BBE43,0.016485488
ID_3415B49187,0.011999655
ID_E7AD82FB16,0.02613408
ID_A92CDCBCE7,0.0051232805
ID_67D7C0E648,0.041768324
ID_DF4AFEFBD2,0.35367262
ID_9643A239A2,0.7243325
ID_5896C235BC,0.9388838
ID_E5C812B1F2,0.03856583
ID_F4F36F02A9,0.0057649333
ID_E74507A983,0.018742213
ID_E7048168CE,0.01948926
ID_6D11A8DEDE,0.3833983
ID_2E937DD32E,0.48743
ID_3FB27F2634,0.08728426
ID_7F1AB6FB86,0.018301126
ID_BDE7F56469,0.08688133
ID_83A82711ED,0.036874313
ID_2182893159,0.027734704
ID_D0107BF726,0.05685607
ID_B7CDA7CEDA,0.10072519
ID_AF955F33C8,0.078751065
ID_E4CD02F6F6,0.016197488
ID_C683CF8965,0.17388074
ID_6FF94A57F3,0.28012916
ID_7799B7362C,0.35315004
ID_D6EBC76B4B,0.015540198
ID_8E88571A20,0.028807452
ID_17CB87FA4C,0.44356033
ID_1353938799,0.007851387
ID_4AB52EA258,0.058906324
ID_5360B7F476,0.6136732
ID_7D17C03B38,0.15569024
ID_80C38FF7A8,0.0031618087
ID_9151781CB2,0.058975995
ID_D7C4CC8773,0.3709356
ID_776699B766,0.056047272
ID_C225932EEF,0.045220584
ID_0D54D5422B,0.9416512
ID_491F796103,0.6833332
ID_D1BF8BA72B,0.10282024
ID_EF3F8312E8,0.07135496
ID_8E3F5B4B41,0.45794952
ID_86A4AE15D0,0.026440596
ID_01EE6458BF,0.472126
ID_3D8A36F2CE,0.16669755
ID_E3229ABCE2,0.042423435
ID_46A351A236,0.31169215
ID_E56B00EF7E,0.010789254
ID_742E3A371D,0.022312991
ID_6A12AECF26,0.012047024
ID_B7A3B7FEAC,0.0061882976
ID_421451EF16,0.020543434
ID_B944FA8517,0.06004748
ID_4D6964D54D,0.08429737
ID_18A890338C,0.8413855
ID_108C1E5D2B,0.013997642
ID_7E5938B531,0.066593684
ID_3726C0749D,0.08300178
ID_F7522603D3,0.011769721
ID_41CE80CAE2,0.03647816
ID_F6125DE4DC,0.009060366
ID_B3E0EB52EC,0.20649175
ID_C9051362B9,0.028443309
ID_5CCB9E4BB5,0.118715845
ID_C5EC6F34F3,0.114919834
ID_42A2B250AF,0.02450984
ID_7C987DF994,0.39236966
ID_EEA0882F28,0.2368867
ID_0006CA159A,0.04106474
ID_26FA3C8DE7,0.31854954
ID_1C081FD260,0.41999602
ID_1186BECFAB,0.8237508
ID_32A9283DD7,0.02413542
ID_0244516172,0.01937391
ID_C9B1B276F3,0.4367461
ID_59157CA678,0.054936934
ID_A971ADD62E,0.17939298
ID_EDA07FCE62,0.040353585
ID_8548FB0F09,0.015523236
ID_57CC466DF6,0.01633523
ID_42B447CC99,0.028413173
ID_60BC73A95A,0.26818043
ID_167C76141C,0.059526715
ID_0E5103E6DB,0.007459908
ID_A2CB58AB26,0.01607735
ID_C5C60AA2C8,0.031907275
ID_68C3920629,0.024357188
ID_563124D76A,0.942188
ID_6D20407BD5,0.016575728
ID_E896A6BEFE,0.04903557
ID_2F345C3203,0.034581985
ID_305F49340E,0.008922489
ID_558C8F99A3,0.041409206
ID_5BF2F6403F,0.057762958
ID_F44A9EF96E,0.03649705
ID_C862E79C06,0.1257817
ID_2F24BCCC2C,0.011087136
ID_35E750B223,0.08770595
ID_E54D1E808D,0.13080609
ID_1E44204D8D,0.043276113
ID_418880D09D,0.5778773
ID_8D08584782,0.056468267
ID_9B8DA4A596,0.9404597
ID_822FAECE5D,0.3618981
ID_DE6FEA95E2,0.2166269
ID_C3BB36C50B,0.05707165
ID_6B1333E384,0.102662124
ID_D19BE83C9D,0.0041625663
ID_CBE304A04D,0.021777306
ID_0B91B17E4C,0.23554777
ID_0E5A0A41E0,0.044902585
ID_6AC9ED81D1,0.021820348
ID_E81FCBE3AC,0.012096695
ID_A0018D1C7F,0.006205743
ID_96BD7CBE39,0.0060181934
ID_FEE820A639,0.5062847
ID_05E43551F8,0.13784933
ID_1CBBDD0F14,0.043513875
ID_AAA15B03D6,0.028145544
ID_9DE760B5C3,0.018224116
ID_41C62E6655,0.51696795
ID_73C8BA9098,0.00633018
ID_0A5EBA70A7,0.07812554
ID_92D9D221CF,0.016680336
ID_6610616237,0.0064218463
ID_B2BE4FA598,0.021350985
ID_2C5723A0AD,0.07828336
ID_977D507D2C,0.06753802
ID_408B0F6DBA,0.014273906
ID_D92F8E6A90,0.0048203333
ID_42CBA22012,0.21775013
ID_2F320199F1,0.035586882
ID_B1A213E83D,0.020744333
ID_92707ADFAB,0.07369911
ID_FD8B9B2475,0.09785136
ID_81F1C81599,0.032521855
ID_BC6B70078D,0.03036127
ID_5622C034BB,0.009249052
ID_321D26562C,0.08530651
ID_6E182DBE9A,0.05467319
ID_CF6370C907,0.021603087
ID_D50D333D9E,0.0968306
ID_04CE6A1C52,0.17840472
ID_DB7387A052,0.014443782
ID_2A052DE94C,0.076007076
ID_281D2B6983,0.082770616
ID_13ABA2F0BD,0.07922004
ID_5227435864,0.015287276
ID_79BB462209,0.5459426
ID_EA16739937,0.023817128
ID_CFA793E51B,0.09593474
ID_5C87110250,0.0051748883
ID_224F1432F4,0.34786388
ID_DF5CA73FC6,0.007963291
ID_E0333A35EB,0.025233833
ID_B9DEB20F1E,0.029531742
ID_FD92D6D643,0.015862074
ID_047FCBE710,0.039271157
ID_E226601DD7,0.0099656535
ID_363C1A39FC,0.12146712
ID_170AA72F39,0.13479353
ID_5FFA8BE977,0.50743395
ID_40C077B957,0.14436488
ID_01E382BE1F,0.24968658
ID_8763DD0998,0.5425962
ID_8F040E5745,0.014283815
ID_79C4C91422,0.309883
ID_5B4CEEC3DE,0.027523277
ID_640272F811,0.21230468
ID_8C77B544E4,0.041722767
ID_4C19B1CAC0,0.008913439
ID_8735848438,0.007822908
ID_68E19F7876,0.095374525
ID_D2FAB60F05,0.05246332
ID_99285B9922,0.028839126
ID_950F169378,0.22406866
ID_1567FE0E2A,0.94406456
ID_C6E468A26C,0.032093704
ID_F3EE5B46F3,0.0047267918
ID_E277E7BD33,0.004526992
ID_0F5CE0FC01,0.010712924
ID_B53EB3F8A3,0.60195184
ID_D99998A724,0.030737953
ID_D6164EC05C,0.5740799
ID_95591C3F29,0.017062971
ID_8718AD3255,0.054918516
ID_9196FA2B97,0.51470566
ID_069F9CB6AF,0.029893251
ID_CAD2403AD5,0.062389012
ID_9A4DA0E5F8,0.30005333
ID_6D63F9E3AE,0.0544627
ID_67377A6DBF,0.9391357
ID_B7D187661A,0.019373456
ID_5E2610116D,0.017956179
ID_A08C72A526,0.96821284
ID_D3680D05EC,0.055830196
ID_C045C7FE52,0.040119544
ID_59E3B1B2A3,0.019728228
ID_8506D1BDBD,0.42519876
ID_486294D9A2,0.19232732
ID_071573BCA3,0.2058933
ID_418305DCC5,0.06359555
ID_A860EFD4BE,0.060051702
ID_1912A0A56D,0.012386028
ID_ABAFF8BA56,0.007086908
ID_35CB1596B1,0.06883399
ID_BE816495A3,0.24134934
ID_EF6EA6D7BD,0.04159365
ID_EE4AF0194C,0.06647746
ID_92FEB45D26,0.03822393
ID_7E4630801A,0.85213155
ID_E5BBBA40B8,0.020753276
ID_AA4A69CE69,0.1043426
ID_AA926619CA,0.061871372
ID_56026961EB,0.007861121
ID_DEB947123C,0.9804989
ID_9FF51D8BC9,0.021972936
ID_709BB133ED,0.029949147
ID_C3779421A6,0.039786562
ID_AB6081D66A,0.049417313
ID_C3A45BE906,0.012900494
ID_BD714A9C22,0.16422907
ID_A3EF4C18FC,0.013658222
ID_B431A71DCA,0.0939911
ID_DF17F54E11,0.042818356
ID_6FF2B5903F,0.026623797
ID_E1BA03CE96,0.10398991
ID_673BD30953,0.06010458
ID_D9FBEDA62E,0.029549671
ID_E707CD3E02,0.010558937
ID_490DED1E1C,0.019877551
ID_1D07B4F4FE,0.33841226
ID_9549078F1B,0.06623128
ID_A37E4FDB3B,0.0073440047
ID_B94EE9FCD3,0.08627516
ID_8EFFA8563E,0.029893337
ID_5D95D278BB,0.024443816
ID_0ADCD8B1E4,0.118650645
ID_836C2AF2CF,0.36524493
ID_6BB7A63E27,0.11951917
ID_A7568A38DF,0.33724505
ID_622EF5B68F,0.025927024
ID_AC57519DF5,0.00487353
ID_E9BE27A976,0.21128589
ID_DE915269FA,0.041719597
ID_622EA37DE8,0.014546768
ID_18A3051249,0.9254041
ID_88ADB8B312,0.26883414
ID_FC83E8E724,0.06319576
ID_E0E78FF91C,0.82997483
ID_18273234E6,0.024838433
ID_B654C97E81,0.30039367
ID_4C6C29794C,0.030926919
ID_489E63D354,0.89819276
ID_4B8CF6E9E1,0.006827228
ID_D118CB9D9B,0.36839205
ID_EF08AE0C7B,0.29936936
ID_33E58F9ED7,0.07458241
ID_F1EBE300B6,0.022992576
ID_EA16511758,0.029673258
ID_C4FD8B6575,0.14375384
ID_4673035F2B,0.008832355
ID_5065AE7216,0.05475664
ID_03CBF35FF6,0.28220385
ID_5A0E671485,0.0078015504
ID_A3ACE9ED4C,0.063899964
ID_6442FFC272,0.022769505
ID_09FEE7E85B,0.021839436
ID_4F5CD30063,0.09624436
ID_3FB040B29E,0.016534839
ID_D0916EFC18,0.005329537
ID_96163A0738,0.04868543
ID_CCED82CBBE,0.013235865
ID_05D65C8D89,0.08704072
ID_FC14F8786B,0.0058899485
ID_7B760B66A0,0.08909863
ID_3F394730B9,0.006917755
ID_B2F48270D1,0.05730858
ID_ADA9697FE5,0.42136112
ID_4CB715216A,0.4768335
ID_7A21F08EB4,0.0241143
ID_E4AED78817,0.1910953
ID_4487721CA9,0.006934744
ID_F9DCDBE9A7,0.01180187
ID_606F2602F3,0.0062086093
ID_163CB1FDE6,0.018521532
ID_344FDE02C7,0.009942281
ID_9F7F8FEFA6,0.020616751
ID_658E4C7ED6,0.014961007
ID_6338338678,0.02520073
ID_9E6C33D296,0.13647267
ID_7281D050D5,0.20153797
ID_9D0D8A20B5,0.54962593
ID_B02B0B7C77,0.008497341
ID_DE0CEB40EE,0.08654646
ID_EC70E4A5E6,0.15049528
ID_CA0ACC0525,0.76462877
ID_AA3329EEED,0.32591036
ID_F09711E61E,0.14024659
ID_D625FE78BE,0.097337365
ID_C8AAB96411,0.015587068
ID_A240687443,0.013557778
ID_70D0F35676,0.07246605
ID_E84B4BE952,0.06479009
ID_7385FA44F5,0.0063546537
ID_0EADB60106,0.013738276
ID_EC8FB6A0FC,0.008143522
ID_8ACC5FB02B,0.07241756
ID_16637AB34B,0.16282077
ID_F86A93CED8,0.030045623
ID_64FA23396E,0.01716949
ID_DFDBED1BB2,0.011816418
ID_AAF49A8422,0.024132196
ID_8CB80CA5DB,0.009534767
ID_B0C63F799A,0.016301319
ID_C81D6E06A4,0.2945254
ID_7B11C86B47,0.036502313
ID_79041C0C58,0.031206721
ID_0619CE1D74,0.057120208
ID_A6EE6A91FA,0.21097592
ID_23B57FB813,0.11519008
ID_DDFDAF0C18,0.15643837
ID_B6A642C3FF,0.01370573
ID_5ACB27E136,0.032609016
ID_4B4F69209A,0.11064568
ID_D77FFD795C,0.16521023
ID_D86A3C132F,0.487032
ID_4CC66529A5,0.034896743
ID_F2EF47F736,0.07534348
ID_61CD1B1EEF,0.017326359
ID_531E65B0FD,0.025713617
ID_F3E98157DE,0.6473847
ID_75DD58701E,0.04459126
ID_1F3443D31E,0.10710803
ID_7958D82DD5,0.7817176
ID_C973E1EDD5,0.20887753
ID_94AB8366CA,0.03992773
ID_A40288B60F,0.2133051
ID_56B1462CB4,0.3420633
ID_6FD1458AC4,0.07340636
ID_8DC704CDE0,0.015219694
ID_0967035BDF,0.058973614
ID_722258F257,0.19309875
ID_4812BE8656,0.04578504
ID_23E84EC85A,0.06790195
ID_0BA78773A3,0.05699617
ID_8B6DFC55B9,0.09797705
ID_B3A71C294E,0.028880212
ID_22C372FC6E,0.025045535
ID_20261BF3A5,0.12250676
ID_1C36F9DFA9,0.057456095
ID_72ADF49B2E,0.20837781
ID_E909367D3D,0.06571321
ID_6C11A9BBA7,0.042416163
ID_583EDD03A0,0.25407025
ID_113C5D7806,0.0056373416
ID_837CC2F9DD,0.16762531
ID_039518DB59,0.22364517
ID_0CB8149B32,0.461017
ID_E3631B43CC,0.008807141
ID_2519EEEA17,0.60079336
ID_DBB1F37106,0.019001912
ID_F13381BE33,0.01395763
ID_F4E96E14D6,0.020329492
ID_AAFA3C4483,0.922116
ID_832A5732E5,0.06162296
ID_2124D43634,0.0060361135
ID_E5D0B8FA6F,0.28804538
ID_C73BE02FF7,0.04777419
ID_649170CA4F,0.4446044
ID_7BBF4BCAF2,0.16014813
ID_11C3F44DF3,0.022974428
ID_2742775BE0,0.04866464
ID_600756A335,0.03420242
ID_CCE255FD05,0.03527954
ID_48CAD9771E,0.014158212
ID_57F45ECCB4,0.013084838
ID_3DF9FABEEE,0.008140352
ID_43C647FCC3,0.044864535
ID_2F4780AF1A,0.01314817
ID_51765A0C4B,0.023157075
ID_CB9B292784,0.202662
ID_B9FC64338B,0.061031364
ID_A2B5286147,0.112396434
ID_349DA9CF3E,0.11907414
ID_C31B8DB557,0.012210797
ID_2CF8092EEE,0.009319817
ID_F6BE83E40E,0.017453067
ID_DC7C73FAE3,0.013745309
ID_66908B2D31,0.03231377
ID_CDCB3D328F,0.009626137
ID_6A94697F94,0.06503651
ID_BD04834FD5,0.35931808
ID_BF18523CB3,0.13497518
ID_0D007635AC,0.10681926
ID_0A62229BFA,0.08235488
ID_3004067022,0.026731582
ID_81C4C13280,0.03467446
ID_631CBB6341,0.113932505
ID_3AFD50D2B2,0.08987597
ID_3D1D68C316,0.0348414
ID_8D9DDC06FD,0.012893649
ID_8BE8D304B9,0.19555877
ID_7523113CC5,0.13433237
ID_EA104E102E,0.023238234
ID_3525F9E9BF,0.032982208
ID_7171BB5C77,0.01635111
ID_8A6DD5433F,0.017325545
ID_F7010EBA55,0.31941378
ID_4BFF79488B,0.01545016
ID_C3DEFFFB5D,0.009494129
ID_331F7EE7E9,0.91636497
ID_567C2C1866,0.005518536
ID_584ABA0893,0.014234957
ID_C79FF343A8,0.108924925
ID_A22CDA168B,0.011677768
ID_EE5D0A6072,0.014858939
ID_3115E4A3FC,0.012047526
ID_8E8F5705D9,0.0077367467
ID_F80733856D,0.24448034
ID_11785F0173,0.25216028
ID_10164B2CC8,0.0737699
ID_9D9D87DDBA,0.013398796
ID_34F2E88605,0.095077574
ID_16E9520A24,0.02274071
ID_CC8D8E5030,0.012915266
ID_0221DBD5A9,0.02330217
ID_BAE07CAD4B,0.11865319
ID_449C471632,0.09135334
ID_392DA9B3C7,0.0056074983
ID_250496F1C0,0.0076871486
ID_2D4E5B6BAE,0.009196385
ID_B2C6F43336,0.13148595
ID_D6F24563B7,0.044634238
ID_E1F39EF560,0.0797292
ID_DFD00B96DE,0.84637934
ID_8324470A07,0.016888596
ID_A5BFA94B07,0.04907313
ID_97BCD18390,0.014418243
ID_87CDAE0EDA,0.019051915
ID_B31E18EA93,0.15177006
ID_85F40FDE8F,0.0046183933
ID_FD90F97EF6,0.0071831355
ID_E8613956D8,0.037974827
ID_201A6FC0C2,0.06969237
ID_DE39673A03,0.00673495
ID_E679C1726F,0.009290451
ID_AB4636363A,0.005935564
ID_83B8551E7A,0.60312
ID_0A5FCDBEAB,0.87835294
ID_6743C43E62,0.010902977
ID_9E544CD268,0.020516718
ID_8E4EBCC56E,0.01191544
ID_CD6B8A5D6F,0.5577027
ID_854C300187,0.23841776
ID_BC74483408,0.28355902
ID_6923372A16,0.22585572
ID_29F74158D2,0.16718048
ID_D5FBB998C7,0.0090251835
ID_DB956982C6,0.12538633
ID_AD10B3F275,0.10958495
ID_6F1720ED0A,0.15841767
ID_AF33A1F793,0.0894165
ID_D7B3D9ADFB,0.0409216
ID_4B1F94FCC7,0.008402585
ID_8E8B685ED2,0.06818136
ID_195C4F90FB,0.044795904
ID_E4D956889D,0.021211691
ID_98B2A4145D,0.07348018
ID_4AC7B4E2AB,0.5365882
ID_8DF6A0D74F,0.10076889
ID_ED11BE4123,0.010779939
ID_40E2D1C6AB,0.016363023
ID_BA79DBA76C,0.019458717
ID_61B4C23C18,0.018269243
ID_C47561A9E7,0.009051634
ID_8FFF70DA5F,0.014931466
ID_A68243907F,0.01700593
ID_D0691408C8,0.28693438
ID_54E00ED21F,0.0129763335
ID_FC61E782A7,0.016978001
ID_C017A1603B,0.027529115
ID_2B1324ADCD,0.07135433
ID_7852833462,0.06201592
ID_F0F54F0F32,0.017544042
ID_24BE7467F5,0.022415012
ID_1C1CBD3C34,0.03480286
ID_4EA2A2FA45,0.051319305
ID_493098E70C,0.13339062
ID_8341E75D7A,0.0070408927
ID_9635D3CBCD,0.0180138
ID_AE0A424587,0.23735034
ID_90BB12389C,0.025812153
ID_DD0168AF08,0.04572541
ID_0B217BC14A,0.017567929
ID_62B2DF49CF,0.044259522
ID_5C389451A6,0.02118651
ID_2C01AA0A32,0.017716898
ID_688E5ED7FE,0.037589215
ID_B3E56C35FF,0.050665062
ID_2DF87B2F78,0.60441273
ID_AFC0C3B309,0.013234564
ID_7EE6C1C7E9,0.006646981
ID_8C5C492B05,0.010658515
ID_476EA1FFDD,0.031084653
ID_C91BA2B820,0.013749218
ID_8A1C360DAF,0.19334535
ID_9E577DB8FB,0.4855014
ID_C47C529D93,0.10525947
ID_67BA9DDE32,0.4032676
ID_4B24A212BB,0.021041043
ID_212553CCE9,0.09644569
ID_9B86A3DFF5,0.029034596
ID_34A7CCF43D,0.01286296
ID_C5245384DE,0.012558618
ID_2CD38E885F,0.43893385
ID_C53704496B,0.041068885
ID_844160A270,0.32427028
ID_B53CAB4BD8,0.01564956
ID_C6C6BA7608,0.2519049
ID_E72C51AE51,0.018294584
ID_36E61DA2A3,0.3140655
ID_2B9DDFEFCD,0.006703792
ID_6898EC56E6,0.019918324
ID_CD5EC7964E,0.01940799
ID_21AB2C2C00,0.007263006
ID_D8047924C6,0.5578407
ID_53D87911D0,0.025271593
ID_D278F2FED7,0.019513393
ID_70192296D1,0.01470224
ID_38BC111E35,0.027568217
ID_A8F96B60D0,0.079514936
ID_E3D984D348,0.025032995
ID_B452F27419,0.14368251
ID_16622BF241,0.13897966
ID_6C02213E15,0.03039001
ID_27E30C4B40,0.15665582
ID_14D798EB94,0.023369785
ID_7EF5254901,0.08764835
ID_9C634ED023,0.026893968
ID_E7C90B7C2D,0.022961367
ID_52EBA7F712,0.007754242
ID_113E2DE956,0.02729275
ID_902821A16A,0.038360838
ID_16E93E077F,0.014476729
ID_763AE3CB77,0.0143726235
ID_9F7F1BF43F,0.04631521
ID_849CF7A48E,0.41609994
ID_CC4ED1FAB2,0.012233321
ID_0690AFC8E4,0.030638775
ID_2672C70B9A,0.06182019
ID_E6236B3718,0.3287457
ID_0C1D6847C2,0.014061489
ID_908CE7B65F,0.36075732
ID_B21DCADF7B,0.03979918
ID_A5C799029D,0.47083125
ID_31AB57B72A,0.0082333535
ID_936BCA875C,0.6167704
ID_06391E6F54,0.0076741045
ID_A9A3F5AE66,0.084710404
ID_01EB1C2BF1,0.028422797
ID_22C8EDE51D,0.031183202
ID_30A9B107C4,0.022990169
ID_F55F2200D7,0.007689724
ID_5D9FDCC4EB,0.013303354
ID_AF5C1C6A46,0.02482471
ID_40A25E4601,0.06650474
ID_124F88A00E,0.65220755
ID_26967FB48D,0.08635582
ID_5AE6DEB0D2,0.007814904
ID_E6F1E71826,0.012254002
ID_25480D65E7,0.28160885
ID_7400FC5C3B,0.010609101
ID_4FF3F016BB,0.16724159
ID_5AD46B481E,0.4371007
ID_901AE0918F,0.24330819
ID_2572B00A69,0.00921025
ID_7A74BD4286,0.10283908
ID_9B5E301BFC,0.010667607
ID_248A75C6FA,0.104048006
ID_E81235A9E8,0.57108027
ID_BADA77A910,0.2852887
ID_7873ED35BD,0.030325193
ID_C1974920B3,0.26336607
ID_27C325E941,0.008307234
ID_02E5347A4D,0.765416
ID_4E70FAC6D5,0.007968151
ID_9D82E08178,0.007224671
ID_1311AFD34C,0.17809355
ID_750B9B9FF3,0.14822587
ID_DE72B5852D,0.13526145
ID_53B90E33F2,0.917132
ID_4D94F526C9,0.020964995
ID_5BD41933F9,0.014079057
ID_F98CE28FD8,0.028011493
ID_E27BAC5437,0.052142505
ID_AB9D758A64,0.33994228
ID_3B7A89C1A6,0.07808668
ID_699C8F6F40,0.02266256
ID_AF99D99126,0.09113447
ID_1C5518A56B,0.030549014
ID_23E63CEF89,0.028014202
ID_8D5ED287E3,0.09704166
ID_2E3FA0111F,0.7358039
ID_3F189BF408,0.010372495
ID_7A1F2EF9D3,0.64231
ID_100B92EDDE,0.065209895
ID_BD53DF1D26,0.57333404
ID_24ED909D30,0.031184886
ID_FF07D9FA70,0.03475759
ID_89FD275CFD,0.0049860994
ID_EE63F8358B,0.010463988
ID_544A9D747A,0.015154149
ID_E1BB168870,0.008206646
ID_CA7A156805,0.028373059
ID_8A44BF80A6,0.10596274
ID_03DBE833C1,0.010163198
ID_9729ABFEF5,0.58344924
ID_77F90268B2,0.07838112
ID_EBCA334FF1,0.015971143
ID_A24DA77E34,0.010679008
ID_F47EAB8EEF,0.00885472
ID_A93983A5DD,0.051421814
ID_B36D36D105,0.16436549
ID_ADC07A23F0,0.080954805
ID_E6116774CF,0.008173067
ID_89C5D600BB,0.013008933
ID_A92CC63569,0.04776319
ID_B1DD73C75C,0.7263954
ID_0BA8B92767,0.023107419
ID_B4A36BEC5D,0.03089674
ID_BF7824ACE1,0.0983065
ID_FDD22070B2,0.47354236
ID_C46D1E8F68,0.012975332
ID_981ACCD9CB,0.3125313
ID_48F3208137,0.020150851
ID_AAE92A4C76,0.015029355
ID_C05830B039,0.042822815
ID_3A94D42F8D,0.006831056
ID_3204E3F379,0.035688363
ID_EE8F912BC9,0.03699857
ID_CB3038550E,0.052277517
ID_DA4F1E73B4,0.055973276
ID_63F9364BB6,0.31026545
ID_F5EBED6579,0.46825173
ID_3CAD9306CF,0.15010819
ID_D92359949F,0.8596275
ID_286CDDD279,0.0043105627
ID_9DB3C79C5E,0.038444012
ID_997DC123C4,0.107610956
ID_AA8182DDB6,0.08618473
ID_BE141D8114,0.3846737
ID_0AF91A10CE,0.020298202
ID_63AE21D76B,0.024058701
ID_2A06DF8E83,0.0076859063
ID_0ED17BB3C3,0.014810668
ID_F5D41C527E,0.009864138
ID_53727967EC,0.009738268
ID_F739B60CB6,0.059311006
ID_2C3C5D9610,0.007944906
ID_E29DCDD494,0.39561963
ID_E79E718890,0.015521772
ID_786586E7E6,0.10884693
ID_D449B9FAF2,0.71151936
ID_24D04A75CE,0.17228203
ID_F3DD360029,0.5565439
ID_BC33CB8E62,0.07657955
ID_30CC71EAFF,0.09484613
ID_C1CF161116,0.2099759
ID_7AF0BAAADA,0.039183997
ID_555948E937,0.12315323
ID_28A6FDBA21,0.18461615
ID_0FD69AB7DD,0.8235621
ID_7A6D57ECD4,0.24295786
ID_A6F2FFD334,0.020909026
ID_C20EFAFA98,0.013465442
ID_59D8E7FF87,0.35880584
ID_46A82F2D74,0.12574078
ID_81C26B8946,0.008023773
ID_C2A89D9BAA,0.0043244697
ID_8D10838FCB,0.07980304
ID_BE14E2030B,0.0052210023
ID_E957261478,0.12161222
ID_76CC22C698,0.6568993
ID_DCED858E98,0.04337108
ID_612258CACC,0.15105025
ID_BD7B841719,0.10492439
ID_709A0ED985,0.01634924
ID_6C19A8843A,0.041524667
ID_E81ED53958,0.09331719
ID_AC0011C414,0.010053546
ID_25253CD6F7,0.48882812
ID_1337F8CEC7,0.25217825
ID_32E51C7C3A,0.022048686
ID_BF3EB0F910,0.45183027
ID_6E76D52794,0.0461963
ID_6872CDB832,0.4114688
ID_1DD8B18A3A,0.4841015
ID_4BA151C97C,0.09867043
ID_C01DDFB134,0.021231541
ID_5AC09241AD,0.012832665
ID_506FE36EE4,0.014735886
ID_11DCDE122C,0.21522638
ID_1B290F9476,0.015934775
ID_402BA88E7A,0.011235114
ID_682E183B1A,0.3966401
ID_146B9CA8A6,0.032048337
ID_50BDB85796,0.064070635
ID_D885B80671,0.13465671
ID_1810C1402F,0.7657569
ID_BEB9720D93,0.3726332
ID_5D2195A994,0.54703826
ID_7A4E707452,0.057723716
ID_9AE01FC2F7,0.027530957
ID_4808191A59,0.33315936
ID_8B44D64FFD,0.40229732
ID_3B76191B7B,0.005799208
ID_17DDDD4FD4,0.05164073
ID_F2B65D2473,0.014607401
ID_7F96E7B535,0.01614927
ID_5D9FF1828C,0.022274833
ID_93C20411F3,0.0892392
ID_1E4327518B,0.00878894
ID_737F088218,0.010717757
ID_33A817F5D2,0.024767209
ID_22B7DC2437,0.4608437
ID_0E7398C946,0.019953996
ID_AED419C1D5,0.011036014
ID_FC600EBA41,0.5459811
ID_A0CFD2050B,0.14569955
ID_3C48E7FA07,0.0068477043
ID_0B52292311,0.28366238
ID_4B7B197CB8,0.009041539
ID_3218C64598,0.1215547
ID_3FF8B36FC8,0.013214515
ID_9894820DD9,0.26732603
ID_618B4D4B99,0.07425794
ID_DB06C617AE,0.060282044
ID_17BE1D2D0D,0.28371096
ID_30FACE0504,0.0507997
ID_D3FC49E8D2,0.015110813
ID_A9CAD763DC,0.03549994
ID_C8911101E1,0.048879296
ID_10AD9ED5C2,0.027478086
ID_B09BB73747,0.007866519
ID_D1CE21AD41,0.14339717
ID_93AB94BB76,0.06458591
ID_A3D5195768,0.04639357
ID_7B7556C9B8,0.008298335
ID_C934F7771C,0.06330285
ID_1922D95B95,0.0057506943
ID_DFF1812999,0.8618837
ID_9CDDCCA70E,0.017442502
ID_188BE4F052,0.0073523307
ID_3E6CFB08D0,0.027136194
ID_AB6DDD5404,0.08494062
ID_F11B3ECE40,0.011707437
ID_433AA550AE,0.5292166
ID_011A96AFFC,0.018016314
ID_EE36C1E499,0.011700228
ID_1A7C389B44,0.9617273
ID_B851329F65,0.518521
ID_6C386EDA9F,0.033955935
ID_9CF9521CC0,0.014856734
ID_6F8E6F61F8,0.14653544
ID_30408B9B39,0.007172477
ID_823C139C7C,0.12603125
ID_71B376ABAA,0.0071152034
ID_E8865C1D3D,0.17434151
ID_2D5B3401AA,0.19818644
ID_E678EE03B0,0.047728814
ID_7249D25751,0.5323999
ID_5B80E94DBF,0.28297725
ID_105E31CEDD,0.45938137
ID_4FA38A7B39,0.22122084
ID_A2BE6FD29E,0.029241554
ID_027C2397EA,0.11291059
ID_0FA0A5A5AC,0.01759528
ID_6988B0CB3C,0.017393846
ID_50D7810DF3,0.018177379
ID_93D2B0BCB2,0.23803137
ID_B87134E3CC,0.039735883
ID_E618098C14,0.071855545
ID_B538B83B57,0.25083396
ID_6236DD0660,0.009179039
ID_7818B4A1C1,0.28683177
ID_483DE8CDAC,0.010191975
ID_1A5C47EF59,0.012162542
ID_09A0C1A561,0.011539942
ID_A697A2B79B,0.04830919
ID_27F1E5D3BA,0.3901238
ID_ECC8A1A3C9,0.36840573
ID_68FAF647EE,0.058037415
ID_D6BB7F88F8,0.08117709
ID_5C1363D5FD,0.18138884
ID_AC033763D1,0.0081260195
ID_D51B03F899,0.013535718
ID_053E3F90E7,0.5173541
ID_0757C97DDC,0.063104324
ID_07ABC80356,0.024454335
ID_2275055293,0.2196953
ID_B892FDFDC4,0.1679118
ID_2307CC9BFD,0.008009226
ID_143E727877,0.17105018
ID_50275ADEB7,0.10881122
ID_92DF3ECEC4,0.52546364
ID_E394F1AE77,0.21685913
ID_10A6FA84AC,0.048800897
ID_D00A0FFD4B,0.014980518
ID_1795545153,0.008514492
ID_FF6D334033,0.079869464
ID_D6AE2A1586,0.098121054
ID_F6E87E2B10,0.044014905
ID_FC576ECB81,0.041788682
ID_DD8857F467,0.03377064
ID_65CF3E2035,0.93494534
ID_3D8760FDBD,0.011146516
ID_59280DBD3F,0.044166647
ID_12696F1914,0.17976765
ID_0C3325E88F,0.27230632
ID_D3C86A331F,0.072506964
ID_14506BEA96,0.010656687
ID_CE0E4DCF34,0.40119323
ID_3D6D6784CA,0.011347958
ID_67C1ECBA22,0.016738709
ID_28F754965C,0.028675128
ID_81D4E9473F,0.020531306
ID_04EC8A55D9,0.006105423
ID_002A8F4328,0.8502742
ID_F377E1374C,0.085799955
ID_1FE5A84A5A,0.010697527
ID_D890A0478F,0.0077984827
ID_D79E879F35,0.3550401
ID_27F7197773,0.1379944
ID_2C67D41919,0.9885844
ID_09D4CE6198,0.016065912
ID_1CFCB101D4,0.01524946
ID_635F256A3C,0.008373432
ID_6BB9967A94,0.026542045
ID_7EB19616B4,0.93229425
ID_5BEE51CC60,0.012821388
ID_11628F4113,0.017863842
ID_CA9A6BE351,0.0120518515
ID_9F37EA489A,0.21374774
ID_FA06497D7A,0.015765892
ID_F7B2331644,0.8903281
ID_4C83F89C32,0.034641556
ID_4EA8AD3B09,0.27124673
ID_130286B4D4,0.027790016
ID_AFEAD28CA3,0.3238182
ID_3DEC2DB740,0.017032163
ID_A02953FA45,0.003567499
ID_1A9A693197,0.04393605
ID_EAA1044BD5,0.05654461
ID_298969E97F,0.009380906
ID_B06AF36D18,0.10271845
ID_AEECA0BCDD,0.3707746
ID_7A8BE28F1A,0.013124131
ID_E11949AAC0,0.060323887
ID_5FEA2AA302,0.5133797
ID_B0A4DA4DD2,0.012101874
ID_AC54D9EF1C,0.10065295
ID_A5FE698C63,0.06223765
ID_040F7E9AC3,0.84473884
ID_19D5079DE7,0.05112517
ID_493DBA4B7B,0.083303034
ID_9C334AC44D,0.50725037
ID_6F59FCE3A7,0.027867649
ID_7C9D07AD09,0.73444146
ID_536BA87BAF,0.007727666
ID_A9B1B04E01,0.043713372
ID_D83DE67564,0.07221085
ID_D831783DFF,0.035954837
ID_1BD32D654F,0.03409528
ID_CA7C06FDB9,0.8385651
ID_0ECD5E9D37,0.023980903
ID_BB831095A0,0.02393682
ID_21AC9E4248,0.009636554
ID_A0D0084598,0.22070882
ID_7B994C4441,0.012889017
ID_C51422DB33,0.115304485
ID_AEAC782B50,0.07914975
ID_6F500168E9,0.03970284
ID_3C90542365,0.036763232
ID_8048685F36,0.07703125
ID_E7EECC832C,0.045284458
ID_285A705AF0,0.11849071
ID_CD6183F209,0.023190359
ID_61BA59CD7C,0.019690944
ID_9D741AEE90,0.011469593
ID_15C6DEA06F,0.01896382
ID_70DD88FABC,0.31674376
ID_7E5B10F25F,0.14623348
ID_FAA3B1EC9E,0.0536832
ID_7FCDED2E52,0.008637188
ID_CCCFBEF116,0.008877785
ID_1A6DBACFCE,0.008209513
ID_114A1DC723,0.056494474
ID_9ACF01FD9B,0.028785557
ID_BDB4F6DF3A,0.010234857
ID_C2CBEA0AAA,0.18278919
ID_6DB0421E8B,0.09197549
ID_ACAED2D959,0.21459517
ID_EC5741F1E2,0.154766
ID_AC139EFAFD,0.3494256
ID_ED1ADA3126,0.081484295
ID_E5A4150775,0.028825395
ID_F5756918D5,0.010088083
ID_D369891491,0.007691765
ID_A69BD192A4,0.07987973
ID_39ED3F2C31,0.015099919
ID_ABCB66251E,0.09365015
ID_32F7D6DF13,0.010309044
ID_EC0C0A42D9,0.027783629
ID_A99F830A9D,0.17149946
ID_B88A882F2E,0.018187456
ID_C6746AA4B8,0.00693437
ID_480EB36A60,0.011696733
ID_1F5A72F439,0.030018926
ID_0201F53310,0.029770682
ID_D40079CF48,0.40507117
ID_AA594CF225,0.03854387
ID_3099CF3636,0.08802652
ID_40F5080655,0.091595925
ID_ADD5ED4B19,0.034329038
ID_9D5ADDACE6,0.7946788
ID_8B897B9718,0.12233025
ID_2D2313C430,0.31970954
ID_A961977C5D,0.06394029
ID_7FFB9BC3AF,0.036600757
ID_0488A12564,0.404482
ID_2869AA4DC1,0.14082618
ID_8E35CF91B8,0.021201601
ID_587BCA2D75,0.35119423
ID_15BA153224,0.010782255
ID_ED6773FEAF,0.17003766
ID_6227B1E9EA,0.48794132
ID_0CE37CEB98,0.028012305
ID_2B67496EE6,0.23032348
ID_AA2DE5C177,0.014838784
ID_DDED08FA7F,0.009382199
ID_184ECE32B4,0.044555277
ID_71392F9852,0.045083173
ID_2CAF8E38E2,0.028850308
ID_2173D676CF,0.014844647
ID_A23C16E8F9,0.048435826
ID_B52C992F98,0.08637944
ID_63187DAD66,0.026802046
ID_42F65C9161,0.03455589
ID_DB229C6C34,0.31758922
ID_BC9BB49D61,0.48366097
ID_BB82380F53,0.08456444
ID_04F79D58BD,0.010596696
ID_4601396FCF,0.055000544
ID_079C3C4C49,0.018921398
ID_9BA8A87CAD,0.014079027
ID_2D3022037D,0.069376685
ID_52A6E66D2F,0.2903802
ID_A0C7E7C63D,0.12391118
ID_265925A57D,0.02179309
ID_709224233B,0.059343103
ID_83246EB8C3,0.8036338
ID_D130EF50F6,0.024575176
ID_D5F5F8A165,0.1070293
ID_30412A5838,0.08610465
ID_A56C0A9237,0.00954466
ID_14DD4CCB9E,0.5994969
ID_830071994A,0.011595818
ID_6707BD1DBD,0.015224724
ID_6262053AA8,0.10131513
ID_EEFBE83841,0.122639924
ID_1BDA20E1E1,0.068412334
ID_252E4D0BD5,0.14099085
ID_5BDC672418,0.024139574
ID_69FABD74EE,0.017027192
ID_D0F941FE28,0.50033265
ID_FB2FC1A285,0.031465374
ID_33A2F2BF18,0.016601626
ID_17A1FA6A79,0.24438916
ID_67B8D5946C,0.020142997
ID_B35128CF20,0.037458297
ID_9DFC238F76,0.5473824
ID_F981B82BC3,0.020843603
ID_AEDDBA3C5E,0.042552266
ID_E5D38C414E,0.041049846
ID_EC1948C5C6,0.0194939
ID_9B6C4DD13A,0.007739296
ID_E4021916B6,0.034116678
ID_D90ADE16BF,0.026568675
ID_8B8F5450C0,0.072555244
ID_030D1C88B8,0.47202003
ID_C15425B60A,0.0155294305
ID_C2386C7D15,0.031502135
ID_A8702F8664,0.37121
ID_E640019321,0.0049999305
ID_404B323CD0,0.014463661
ID_6BBB533A6D,0.7885304
ID_41A5E1DB66,0.021907348
ID_FC422541FA,0.95914567
ID_B1877AD036,0.02645846
ID_2171132A7C,0.013539673
ID_8BB6902575,0.32803106
ID_01A7BFA8C5,0.17543109
ID_687F96C0C7,0.039704323
ID_5146875613,0.031443596
ID_F6F54601CE,0.027018193
ID_81444279A7,0.028195318
ID_99099EEFE8,0.013571403
ID_69105B40D6,0.016225183
ID_32B1F4D7DB,0.12597466
ID_4E7D163DCD,0.057305664
ID_1773263C36,0.02186234
ID_0A9F372F6E,0.029242508
ID_AFF8BF6DFB,0.8022374
ID_BD8B9B7A1B,0.04946154
ID_3C84CC409D,0.148087
ID_519C41F2F6,0.20768736
ID_57EEDEFB03,0.012719559
ID_8B4AEC1082,0.055080075
ID_CC6125467A,0.04568182
ID_5E40877F6A,0.16608676
ID_5622926B69,0.01851844
ID_8CAFA025AE,0.047580708
ID_211147FF34,0.009281998
ID_BEE16D3267,0.8494027
ID_FBE305A248,0.009694869
ID_6D2D3F3766,0.8892073
ID_696F33F88B,0.036129635
ID_69886887C5,0.00736131
ID_DE181CC0A5,0.045811046
ID_50FF4235B5,0.4197734
ID_FD36D13A9B,0.008478501
ID_F2D8D136F4,0.008342695
ID_5B1404E8D9,0.14191337
ID_D5B94B62EC,0.0077763475
ID_3330FA9A9C,0.011165608
ID_064762412C,0.36649746
ID_8706964C77,0.073894076
ID_3BA4AC0AB6,0.03076372
ID_FC613CE85A,0.027915196
ID_25EBCFB2B4,0.6648581
ID_5AAAE29483,0.0222536
ID_2B908C9BA1,0.5989449
ID_C1F45F2719,0.08068221
ID_1719F4562F,0.937603
ID_C09F014D89,0.010004418
ID_5C15694979,0.022362608
ID_303514ABB1,0.14245784
ID_FB5D1D3EE6,0.56925124
ID_4C55C4106A,0.005902939
ID_C7BF766C28,0.2394142
ID_2DA759E1BB,0.041124422
ID_448BE00E28,0.5029424
ID_087A2A9D84,0.010000051
ID_A8CCB13FFA,0.08002144
ID_2B290261FD,0.008612198
ID_7F074C8775,0.006677768
ID_CA58E76D61,0.10563769
ID_3A01840938,0.32345492
ID_2FB3A7E764,0.3396511
ID_8FF751C12A,0.06645359
ID_966FF21760,0.0488068
ID_A6C17913C6,0.23324153
ID_FE064487EF,0.11552769
ID_D2A47790EF,0.9414144
ID_0F9576271E,0.90585995
ID_965778D61D,0.029292746
ID_E86387B421,0.021014117
ID_A5415DCFB4,0.018747985
ID_D6A4958177,0.008907608
ID_E98387E270,0.51477337
ID_1D1CBCCCA7,0.22211918
ID_19536935BB,0.43076727
ID_35528ACB76,0.33347872
ID_74F3265AA3,0.010810058
ID_AA21D85ACC,0.7947964
ID_FDE005690A,0.014789709
ID_364FB8BCBF,0.057692237
ID_67DB190F6E,0.009568077
ID_13C451A288,0.082121134
ID_BD8828E492,0.013892477
ID_EA90444BA1,0.011903792
ID_59BA95088F,0.007414417
ID_1EF93836AB,0.34204692
ID_7E77F6BB0D,0.030086657
ID_A93F8DA314,0.046354815
ID_88DFA229DD,0.02677929
ID_467CFCC02A,0.10777294
ID_1CDBC5C2D7,0.011251699
ID_EE84E547D5,0.6398364
ID_73250815B0,0.029467957
ID_A288F15CC9,0.048368767
ID_3A07F4F58F,0.017678246
ID_EAFA93317C,0.085847005
ID_AB62489D08,0.6990153
ID_7AC80DF497,0.026894433
ID_992763FA11,0.5734378
ID_8A208FFEF7,0.05509035
ID_E2EDF35651,0.022577832
ID_03B4388675,0.58416843
ID_C871B0CC39,0.31364644
ID_64A8F49DE8,0.014439604
ID_696A389C00,0.12539715
ID_E8CEF96AD0,0.08851935
ID_D007A98E6E,0.12579681
ID_98DFE068B4,0.1368699
ID_D4C16AB3BC,0.0075490167
ID_20DB400FFB,0.029090244
ID_16EC8F6B37,0.47832516
ID_AA8E1E186B,0.01403366
ID_B01D482D6F,0.012629715
ID_ED606CB173,0.06438396
ID_7AD5DB17F0,0.026984442
ID_3CEC008E2F,0.024011372
ID_BD598CEC69,0.021276614
ID_0B77911312,0.14030515
ID_2E521163B5,0.030681808
ID_85E84A09C8,0.0663018
ID_F1391B4642,0.1742986
ID_82D647C6B9,0.06201381
ID_19E593C950,0.009585528
ID_D93927A8F8,0.060782723
ID_F01716E73B,0.19531001
ID_A9DB582FA5,0.113669835
ID_62A48BEF23,0.0070506902
ID_FD801E421F,0.016085513
ID_8F58AD0C11,0.044471383
ID_1B40C79110,0.9731886
ID_9F569B6297,0.016893016
ID_A3EEA545D7,0.12949796
ID_94E3DC466A,0.18847507
ID_B072781B84,0.17945175
ID_051CC688ED,0.0068973126
ID_4BAFDC1DB2,0.0151948305
ID_01B65166FA,0.06469718
ID_C0ACD1D9D8,0.98181194
ID_345381737E,0.037151378
ID_B8E422B4DB,0.08511753
ID_F39CD1BE69,0.019054573
ID_612B93F778,0.44755718
ID_3FC3C6E3E1,0.8122271
ID_B63464A543,0.22263545
ID_797EA771A0,0.013823661
ID_75DC8CAA68,0.12595363
ID_F4EF975B7F,0.442744
ID_174266D246,0.7075852
ID_D2341F5C48,0.023552736
ID_0EE1897E4E,0.025187302
ID_96454C139B,0.22080609
ID_6477BE7798,0.09721559
ID_A62AA3BDD8,0.022636145
ID_83930CC162,0.045400824
ID_C814A98739,0.81274754
ID_9980F8D214,0.8619684
ID_7287E211AB,0.01789492
ID_2016ACF5AE,0.084459566
ID_49D22D1DF6,0.009942781
ID_BD0E6EF3FD,0.08116478
ID_ABE308CC09,0.038566977
ID_8B1663C8D8,0.053067494
ID_A8FA58B885,0.6648579
ID_F537069B46,0.25717443
ID_5295732042,0.15810622
ID_0ADD06DD1E,0.56716216
ID_FF1658F7A7,0.24332328
ID_DE5CA20B68,0.036558263
ID_42C7F76CEA,0.07262962
ID_536B8CA580,0.31582177
ID_21E42EC548,0.12417881
ID_4A95592330,0.01882851
ID_2DA9FE0D91,0.0076117497
ID_8600148829,0.08406763
ID_516A502C90,0.4144127
ID_A397D3B4E6,0.03191843
ID_30F3CDEC3A,0.017360842
ID_8B520FAC37,0.10841842
ID_96E8EA243E,0.36460704
ID_5F5611727C,0.89838594
ID_CBE86F6245,0.2589232
ID_29B71D6610,0.12761803
ID_184EDCF9E7,0.17901735
ID_FFA4CE02CA,0.25498614
ID_73AC498959,0.012871343
ID_A0B9E3E8BB,0.022420926
ID_4233D53779,0.20538987
ID_DB58E33471,0.010214263
ID_7556E03424,0.020835105
ID_9646F40991,0.46541747
ID_2CFEF7FAC7,0.19441782
ID_86F3493A25,0.19814442
ID_CDA7C1B7B3,0.011188102
ID_9D95A1642B,0.0069884895
ID_027BB3FB1E,0.014765926
ID_6D0A3DDFAE,0.015202658
ID_66EFB1C34D,0.012301887
ID_38946B40C7,0.024520865
ID_CD3794529E,0.0120750815
ID_43B56E74A6,0.0062681744
ID_20A6626F0D,0.016403504
ID_418F3B14FF,0.007859933
ID_F0F6D7B3F3,0.016149715
ID_F966A68CAD,0.03153456
ID_2BBBEA4701,0.023177242
ID_E19F24B267,0.013835939
ID_A4A21B6930,0.07625805
ID_AD9894DEE8,0.023421383
ID_7547BD49A5,0.01628835
ID_D09F4E831F,0.014072727
ID_ED2EAAEEF9,0.07647158
ID_E744DB5DB1,0.00995272
ID_CC2F29034A,0.0080617145
ID_D37F301CAC,0.022527194
ID_C999B3C7B6,0.37015244
ID_EA024D196B,0.17023745
ID_F354A1D3E9,0.17990896
ID_68CDB0774F,0.027044753
ID_0C863B3AE9,0.0676305
ID_4727767B93,0.5676113
ID_1A9B3AFB98,0.19655816
ID_F10EC57E02,0.012387519
ID_145BEF2A13,0.017214691
ID_34730CC93E,0.23466231
ID_30E6B6CC32,0.1378814
ID_71B7D5B400,0.009578385
ID_2DF62F1CCE,0.89326835
ID_B03FC6AA04,0.0980889
ID_802B07690E,0.04752843
ID_4356E37D87,0.24036588
ID_FF079A6A71,0.009842696
ID_DDD009D9FC,0.109116614
ID_D32F710391,0.32403937
ID_F842E8C055,0.06620714
ID_E9B482D375,0.030896645
ID_6E80664C98,0.06943701
ID_CBECB34842,0.3405738
ID_8C9AA8535E,0.042637248
ID_79ABA55D4C,0.06827416
ID_23444CBDC1,0.38379183
ID_BFCC9EC4A0,0.06160685
ID_0DB1D5998E,0.33941013
ID_05756FE862,0.027056849
ID_BDB57EE7CE,0.009343689
ID_FD265ACDC6,0.13254745
ID_B990CF0D5D,0.01520445
ID_363E8A2F2B,0.25718707
ID_CB4BEF8ABD,0.07360578
ID_8BA67A8D90,0.0060022282
ID_128565E92B,0.1065696
ID_E29EB8F802,0.09929264
ID_EC1F6C9E44,0.12283974
ID_09B1BC0655,0.4860811
ID_86E961AAB1,0.2824516
ID_F38BC3D19D,0.022949364
ID_F80B24D34C,0.70636076
ID_4172A30574,0.015915755
ID_1F163EE59D,0.015437096
ID_B2A54CB64D,0.1267795
ID_D0B34CDE19,0.0058604465
ID_16A45D475A,0.046935353
ID_8758C4D766,0.010691571
ID_F17694A328,0.27728847
ID_0CC8905DDF,0.083340466
ID_45F09E4DC4,0.018021084
ID_9FD694A8D3,0.03351081
ID_5DF57A627E,0.07668442
ID_4A85891A26,0.027166087
ID_80F10E116E,0.1698294
ID_FCAD2C1162,0.012154642
ID_9F16DAA6A9,0.10635589
ID_C89A61CF35,0.6722769
ID_1C223AE4C7,0.019528355
ID_1B3952E79A,0.00555739
ID_D3C72C8510,0.04863776
ID_AA2751D414,0.03188783
ID_4E2367B27A,0.09500687
ID_0CF55C857D,0.5842393
ID_EFBDEAD39E,0.029999705
ID_574F6AA805,0.06251057
ID_53D3F65991,0.17190798
ID_643AB2B6BA,0.011259348
ID_5053505A48,0.021639122
ID_B6867B9A27,0.15410137
ID_65A1B3C0D7,0.014507713
ID_FB37769812,0.019587494
ID_AF1DB4204D,0.25655916
ID_BAFC436593,0.013887574
ID_1CCEF8FCC4,0.012028941
ID_5A83D0967B,0.009166145
ID_03B180A1DA,0.010139601
ID_30A154FB7A,0.093255565
ID_CC76D6801E,0.024197385
ID_7686876695,0.8854868
ID_B261D28A62,0.325871
ID_5C0FE36632,0.018326769
ID_62DE2186A1,0.014892284
ID_6F653E8530,0.12439892
ID_F263935CCB,0.42444584
ID_2D6B11D2D1,0.02042198
ID_F7FE5A64DA,0.1503807
ID_B9D9296A4D,0.040934116
ID_DCBF313758,0.10541395
ID_54DC228D88,0.3168746
ID_EC4CCC492D,0.15482579
ID_61BDC6D620,0.048538998
ID_4A0C652F6A,0.14622451
ID_F84C55EB69,0.06139931
ID_83B1F43059,0.054663826
ID_E770349709,0.052308258
ID_8B5CF7CDFF,0.11868375
ID_78C172E010,0.12505224
ID_5734971D17,0.019598512
ID_E9570B82EA,0.5186874
ID_241B99FA65,0.01572692
ID_6DF169A680,0.7071762
ID_3918600140,0.020618627
ID_5F4D43AC26,0.039483484
ID_D3E165E5C6,0.009531419
ID_97A539C9DF,0.010614248
ID_555F56CA97,0.051376313
ID_2A0B6B8EBD,0.021063467
ID_9F127F66C7,0.21030898
ID_32127A1E6C,0.036446556
ID_C862B6D80B,0.008679866
ID_1C337DBA0D,0.009617227
ID_B69CA4F30E,0.015267597
ID_C10F153906,0.93825746
ID_31B3B7CD9D,0.9369666
ID_807A8C9A6B,0.018711159
ID_292ED47A31,0.013494036
ID_2D3B637B69,0.07282676
ID_D0014EA6CC,0.049537253
ID_EA5CB9F318,0.16046877
ID_B34CAEE9CA,0.0074499706
ID_B9D9751A7D,0.008808302
ID_927789DBBF,0.023112886
ID_9E2D4B7944,0.02382505
ID_CD56162156,0.00809572
ID_CEF422AAB0,0.009214827
ID_39D080A1F8,0.01137363
ID_FD077B12EE,0.043716352
ID_D83CA25F6C,0.02337524
ID_AA9329CC27,0.85100234
ID_38BA209527,0.027133973
ID_BFF1941209,0.06833378
ID_5111ECC1E0,0.15854621
ID_F231C7FAF9,0.009674469
ID_38DEC25F1A,0.006952281
ID_8534F2E03A,0.028315669
ID_D40B7EA8A9,0.011014173
ID_8FDCF6220E,0.02844466
ID_E949D15ABD,0.29237786
ID_FDC3FD7393,0.017450348
ID_30D23ED5C2,0.9271304
ID_9CB36EB9A2,0.11838444
ID_A614937EC3,0.018086135
ID_67D16E2668,0.15029433
ID_304DFF829A,0.49118873
ID_23E8E4190E,0.063946314
ID_444C8FAB8A,0.022337837
ID_DA2D98B25B,0.01596277
ID_BDA55EE44C,0.00869835
ID_86E45072BB,0.04669392
ID_47A8D07B48,0.085369706
ID_A6BB653208,0.012223287
ID_269BD5134C,0.10002533
ID_541402D270,0.0067776334
ID_8A5682B05D,0.35193238
ID_E044301917,0.010932697
ID_84792CB544,0.030440412
ID_3700BD9DF8,0.0065482557
ID_32B29174B6,0.033955
ID_D2E9D337AD,0.007020345
ID_9AF038111D,0.24936709
ID_C629491D79,0.46220583
ID_55B9F1F386,0.0103916135
ID_FC299F6B4A,0.04963486
ID_372CF782B2,0.0066532847
ID_6815D4679A,0.078173496
ID_08E7308C53,0.032151356
ID_02F69CF0B4,0.015215842
ID_08C6621CA1,0.23962657
ID_76D137C1CF,0.008170698
ID_2AF2BE19DD,0.014463601
ID_2216C93632,0.010339087
ID_D0B2D88EEA,0.32723635
ID_86A8601187,0.1223587
ID_A147F11432,0.039957944
ID_9210A54361,0.010212309
ID_B6EB3E0D60,0.07889369
ID_B390E0F42A,0.015505915
ID_D78F9D7C80,0.0432454
ID_7F01132B8F,0.1692687
ID_3841790291,0.018019127
ID_5FECF6D38B,0.019245328
ID_DF335084F0,0.3499248
ID_86D813CB43,0.1594105
ID_A27A418D3F,0.060637373
ID_16BD0D4A0B,0.043747276
ID_1CCD6705FB,0.010732624
ID_ADFEDFF9B0,0.109371796
ID_502A4602B2,0.2646426
ID_CBB28F96DD,0.12553172
ID_0D6363539A,0.37101212
ID_445FA27562,0.19852273
ID_3320CB94A8,0.03316961
ID_4700F0B9D6,0.05303574
ID_C87AFB830B,0.021941634
ID_E6E6488959,0.76727986
ID_E7ADC06689,0.116589725
ID_4EFC9C2052,0.055637952
ID_57C9BE78A0,0.04991577
ID_3F93C914AE,0.026788158
ID_B8DC17C4EB,0.06160219
ID_56C201D95C,0.1271643
ID_1D0F23C508,0.17392102
ID_F0157ADF30,0.90716815
ID_4684BF2301,0.027539562
ID_06C5ED9EAE,0.5767225
ID_04307B8B1B,0.00984719
ID_BC2B4C7E48,0.017707786
ID_3355860C45,0.030091176
ID_512F899FE6,0.013933826
ID_025AF952BF,0.2517227
ID_3ECC878312,0.014902854
ID_254CD9CE70,0.010206971
ID_8CC51FFD90,0.097172335
ID_1BE8299CD2,0.016847648
ID_12F734B970,0.058011565
ID_8AFF3EC19A,0.011098701
ID_8B412324F9,0.06582758
ID_54D653B9BD,0.116347395
ID_6D84AB8B9E,0.013690568
ID_1A77012419,0.040433075
ID_C5839DB5A8,0.81455356
ID_4CC7A10F40,0.13622767
ID_25704AF11F,0.22160453
ID_1F7C6C66A5,0.070651166
ID_A3C3278929,0.14990282
ID_044237B505,0.01130634
ID_BE60891F2A,0.10052025
ID_BAFEAC41A7,0.012513717
ID_58B8E32403,0.0394139
ID_24B3CA01DF,0.15730864
ID_0BA643DF3F,0.53651726
ID_C31BDB1234,0.008826687
ID_00FA57A743,0.04739476
ID_A0DA67B963,0.007219813
ID_80F75443CA,0.014225058
ID_FFE31E994B,0.008667786
ID_D873D50C4A,0.40655068
ID_F08128186A,0.018916005
ID_5BE95DA6E4,0.014327708
ID_D7DCC37B29,0.13238207
ID_6CD7DFEC3F,0.11571507
ID_B11D00033B,0.008123867
ID_10A05F22A9,0.010641416
ID_D4E5FEF353,0.032972112
ID_859607CC71,0.02012525
ID_58C5483826,0.10589635
ID_2CA7AD0FB2,0.81527853
ID_7B3B703AF9,0.95374024
ID_8AE66D3FEB,0.14364684
ID_A6E9535DAC,0.20911847
ID_0DF845A617,0.030615697
ID_2447E07A62,0.01757918
ID_AEFC3702CD,0.021758597
ID_952BD4F3EC,0.08965365
ID_EE683285C2,0.39431676
ID_7947F1A9C2,0.0063392757
ID_9A3107E046,0.8277689
ID_8474BE690B,0.24314903
ID_093C9A1409,0.24459325
ID_C6BFF65D8C,0.07562222
ID_07CB3AD4C8,0.07209903
ID_7F4F558B88,0.10328871
ID_C8C3560F09,0.029240571
ID_2A30C6D505,0.010425658
ID_17F3ECCE66,0.039020736
ID_F1AD3A63C5,0.014669658
ID_D590005137,0.006834294
ID_A3821251B8,0.119289
ID_411F6FD35C,0.028539917
ID_F25772433E,0.1751246
ID_3D57B60338,0.05497621
ID_DFB86FD678,0.02116072
ID_A2340BD314,0.020680312
ID_30C4A6E003,0.008772073
ID_E2F685AE7B,0.05252152
ID_70420DC0F7,0.015830746
ID_6C5577C248,0.4687692
ID_18E56532CF,0.09856314
ID_6E4E934B57,0.013160102
ID_10A19E1ADC,0.008440182
ID_2EE085E81D,0.19244814
ID_70326D4A04,0.045534916
ID_B04C07D42B,0.0051794904
ID_BFDE969A26,0.026428964
ID_728DA4A26C,0.005849433
ID_232EC79658,0.013256472
ID_647AB2AC62,0.20284125
ID_E6207F1298,0.0061563635
ID_4EA6E64395,0.14725807
ID_C1426FB657,0.03859224
ID_9CD32B921C,0.09050073
ID_8AF273F291,0.026247416
ID_85DAE92C77,0.076926835
ID_18A4A3BFB6,0.46953213
ID_D441DD9795,0.3554032
ID_4564FF175C,0.0060124244
ID_7D0A724EDA,0.060627062
ID_A5493B0154,0.02458866
ID_772E6F9856,0.08325453
ID_B4E8AFF2FB,0.06938219
ID_62AD45E512,0.5796206
ID_29F297F17F,0.046642438
ID_D36C139C98,0.01598379
ID_873BBA38CC,0.23148234
ID_8E23BC8E08,0.5021041
ID_8E6DB1CF83,0.014403706
ID_8B78FB700C,0.010126305
ID_D42F1AB886,0.010045859
ID_5039E74490,0.34832948
ID_F4158EA856,0.025288057
ID_B6B5A8897C,0.08991713
ID_47B899D313,0.018678842
ID_E860BAFD6A,0.009409115
ID_41003C8E1F,0.33428288
ID_B9AA87E1B8,0.30884877
ID_F7FDB980B6,0.010112249
ID_268E55E0CB,0.008568707
ID_25F3904EE5,0.083154105
ID_0446D88DDB,0.34334525
ID_2F80ACCBCA,0.016101114
ID_3731F029FB,0.4616571
ID_5572D8964C,0.008329064
ID_EC835D388F,0.0061870506
ID_32F120AC13,0.072915435
ID_C59C5EF06F,0.4230427
ID_31E95D5C13,0.03630595
ID_C0D97ACC7A,0.068322115
ID_6ECFFF1138,0.103396654
ID_0825EDAB5A,0.01936124
ID_B618599C8D,0.8075793
ID_14F3D5C3B4,0.46038997
ID_20D00A988C,0.014048842
ID_CFE3F98CE2,0.44372967
ID_157AB314FD,0.01644145
ID_42558A0C3B,0.027314767
ID_6495A978BB,0.0042694123
ID_8A4AB293B7,0.2449961
ID_E42FB37B19,0.030336104
ID_38F7199E4F,0.029156813
ID_75B2C1B135,0.35842103
ID_8A86AC8915,0.37377015
ID_A996E06673,0.067327954
ID_5AB9BDEC31,0.5314441
ID_0B39AB1853,0.1933016
ID_D7377C167F,0.10787719
ID_4E2A61090C,0.8278947
ID_5917538594,0.016372789
ID_F9CBC45801,0.056102134
ID_413E44CAB6,0.2514311
ID_43FAFE6696,0.023900382
ID_1C4A9BEA8F,0.7015218
ID_E1D7ADB105,0.004152319
ID_07D8B327BD,0.009153137
ID_701B1CD071,0.33690885
ID_07842AC1CD,0.2626879
ID_AE94C4894F,0.015795667
ID_1D63EDB9A8,0.016689688
ID_B39BC12051,0.017221376
ID_9D80A1178F,0.37029022
ID_9F999FA901,0.072101414
ID_378AC0EE73,0.008800267
ID_D44239EDE4,0.3469277
ID_F7A49735B2,0.7278728
ID_32C56B3B64,0.16633554
ID_A638476689,0.020513989
ID_6029BF34E9,0.06027911
ID_EF7211F632,0.14324582
ID_4BA2560495,0.020730997
ID_1E27976722,0.009924096
ID_7FAA2EAE3A,0.05262031
ID_95F34D4460,0.042417668
ID_4354847CB3,0.010590814
ID_C732B85685,0.009268307
ID_DD29D58364,0.047065973
ID_A3D97676B7,0.29832226
ID_69D9B30D8A,0.21884604
ID_8D7A2DCB09,0.8966671
ID_2EEDCF12F5,0.24450669
ID_AF5F894A3D,0.13707042
ID_36DCA910E5,0.1008922
ID_019D6E2273,0.29848495
ID_47300266CC,0.011672202
ID_681EE60A54,0.020347493
ID_F836BD0F17,0.03313877
ID_A2A53CF9AE,0.010186346
ID_00DA51351B,0.013103568
ID_ED11D98474,0.025646707
ID_D95392FCD2,0.045834888
ID_68B737B158,0.009791186
ID_3279D53C45,0.11034767
ID_48DB9B13C6,0.007399322
ID_81F22A59EB,0.036669824
ID_3373F3FE71,0.03344937
ID_82CE855536,0.63986385
ID_884AE79069,0.09698109
ID_E98FB47F54,0.023365581
ID_0EE5DAC809,0.022784624
ID_421AEE6DD9,0.04639295
ID_B07069C1E1,0.03473501
ID_87AAC3898E,0.04070666
ID_E3F2B84765,0.03451325
ID_123D1F7533,0.66758835
ID_B601D486FB,0.02849297
ID_20F07F6EDA,0.054200403
ID_85A3A06D2A,0.0137545755
ID_93CEB9481D,0.0073721623
ID_4FC00DBDDC,0.046647478
ID_9B210EAED0,0.056932278
ID_88708ACE2F,0.21543255
ID_80DF379BA4,0.38282275
ID_611E878795,0.0198407
ID_ED030AE3AF,0.014221149
ID_8829FABB45,0.029441485
ID_D86E110324,0.008327197
ID_8EB40FC4B7,0.059617676
ID_9D5790AB63,0.04591819
ID_876C9BA665,0.049475435
ID_F2DC2B0E6B,0.01648226
ID_C0E5ADBBE3,0.005348145
ID_873473CFBF,0.61961114
ID_A9BCD3EA6F,0.016769517
ID_D940D3369F,0.005550288
ID_50BE5580E1,0.45460057
ID_EA64091CF7,0.5066569
ID_C3CE3E5BE6,0.058419704
ID_7D9B65D8C2,0.05136941
ID_9F4C1966D2,0.009580163
ID_36A5702743,0.008395741
ID_92377298E2,0.009523092
ID_7D5F90C079,0.023576034
ID_1B266248E3,0.97848666
ID_4EE83822D7,0.029099762
ID_BAAB21B0D9,0.06477461
ID_1F263F808C,0.011036115
ID_19E3E4145B,0.08585529
ID_A82938187E,0.29471233
ID_83D83FEBEB,0.014165161
ID_D9A905D4CC,0.017341923
ID_DFB5DD5902,0.27533004
ID_20893C1B2C,0.010119801
ID_6351AB66C7,0.72978437
ID_7EBAECC7B2,0.029153613
ID_FA538B8587,0.06736959
ID_28B004F699,0.05124833
ID_5430BF3B6D,0.0146737965
ID_13D4626AD8,0.016270712
ID_255ADA72F5,0.04344989
ID_1C7C5A4D47,0.1006661
ID_0B922189E6,0.22599772
ID_326D25A34D,0.55269027
ID_D1DADB9402,0.18903892
ID_63A48B2701,0.033886682
ID_EB1C46B107,0.27062377
ID_E1EE2E813D,0.049275678
ID_8327D6D7E5,0.045437776
ID_A075C09BF2,0.0074840356
ID_7C53B3AE79,0.29802498
ID_142D7DC2E0,0.07007826
ID_B81E36C4E6,0.019342454
ID_9FA3529631,0.013037686
ID_E7F8ACFC30,0.036299665
ID_DAF098434F,0.29640663
ID_A20A3B33D8,0.13417377
ID_8E58E158A7,0.113292314
ID_A95908438E,0.027529193
ID_039BC6ACA8,0.26055735
ID_4086FAF889,0.008546187
ID_BBE9602FD3,0.007930539
ID_D6A530EE48,0.006424402
ID_F3C2E18B39,0.06286629
ID_0E82D8B6F6,0.6181846
ID_A9846D5618,0.062163632
ID_061A45D88F,0.03214411
ID_FBE7688B22,0.020578478
ID_0334E6295F,0.65162086
ID_F7D91738EC,0.012381507
ID_43B86E7977,0.022803884
ID_3A6DA51019,0.41462225
ID_1D33F69E91,0.58633554
ID_A36FF54221,0.044862892
ID_72A5CC2B40,0.59212387
ID_F79076F5D2,0.087800086
ID_EDDEC7C993,0.27462852
ID_51DE177797,0.3939857
ID_727E7492D4,0.07220959
ID_226FE1AB6E,0.043969184
ID_20EBF3DE91,0.036848325
ID_E064A132F5,0.10291709
ID_851BA45440,0.016268527
ID_6404144A34,0.019723972
ID_A6134F641C,0.22485596
ID_FD59A720D1,0.047401417
ID_093E2C6CF6,0.16632298
ID_2019E20348,0.05419025
ID_7784CA732D,0.02582557
ID_4BD1286E08,0.00657471
ID_F115202609,0.008411192
ID_6930E1E9A3,0.016094271
ID_F8C0FC1556,0.03868726
ID_083F00557F,0.30110946
ID_CEA0B0FCF6,0.07777959
ID_9815C4A01B,0.19222578
ID_9ACA11F7D9,0.04630954
ID_6A0C1D22DA,0.1389204
ID_D4368F9190,0.009221233
ID_BF575AD707,0.025077827
ID_5C0A33A475,0.024350177
ID_D17F8870FB,0.3277771
ID_CC483050F3,0.08985907
ID_3E3A145261,0.78192043
ID_7821B7C4AE,0.104065455
ID_F3B1BE529C,0.030787097
ID_23EBCF431A,0.017444586
ID_A95091F0B4,0.117069535
ID_3C9B642F83,0.30693987
ID_BBFA25D1C4,0.25455746
ID_C6CFB7F868,0.15276904
ID_A521FD0106,0.33063623
ID_6E1EC9A155,0.13146004
ID_8270D77FA4,0.20346242
ID_4E89A69E6C,0.26525417
ID_F4283F49F2,0.17358793
ID_DE51D5A99A,0.08066557
ID_E987A54F41,0.098775044
ID_4A18BE4729,0.056525037
ID_D68A5369AB,0.0070857145
ID_0B12A83B82,0.080569394
ID_45AB1D3AB7,0.01792439
ID_1909C6A041,0.3454584
ID_19A121D478,0.56003886
ID_6836F74FBE,0.99730086
ID_675DD232F4,0.024044897
ID_6B7836EB5E,0.008440318
ID_704F9C0E2C,0.01220435
ID_33AE9B4BD0,0.22115818
ID_D4898C7188,0.36062476
ID_4605011E02,0.008714233
ID_C36BAC6428,0.1423692
ID_6F5C24EC96,0.0144049665
ID_027ECB0EEF,0.0066572884
ID_B0A999E8D6,0.1866135
ID_31F16D164A,0.52454716
ID_2CF66FC785,0.20737775
ID_7DE754E005,0.1572525
ID_1205131718,0.4414252
ID_F85F679BB5,0.38833758
ID_C8FD08D506,0.06543033
ID_7FD24CE8E2,0.038243644
ID_C445778827,0.1557219
ID_D6F1E5F415,0.31121868
ID_FB48017E97,0.15123685
ID_77421F623D,0.009031654
ID_42D7AE9C4B,0.27628037
ID_1A8446B401,0.221097
ID_D1F737B8A2,0.019960614
ID_535E7906DA,0.17321527
ID_C04603DF40,0.049646486
ID_C594B2F167,0.050474837
ID_90CAD5F901,0.012582689
ID_2D6595AC56,0.03859733
ID_5050A0A318,0.089991845
ID_8BFD80E4F6,0.04463097
ID_259C46632F,0.015935957
ID_91D998378C,0.07495142
ID_1A40BF5638,0.6973339
ID_DED82DED27,0.023666313
ID_BF9216A081,0.03235127
ID_92A5F20A09,0.83204925
ID_106A27815F,0.021521032
ID_F55DCB2BF8,0.013903593
ID_6EC3FEA7D2,0.01590759
ID_FC5879F2B6,0.051584084
ID_3726D0588B,0.4257026
ID_F6F909C24C,0.023193363
ID_EF74ACA5D2,0.106952876
ID_D88754C2D5,0.007781563
ID_2D356450F8,0.0074130716
ID_2937EF495B,0.008727212
ID_8FF854514E,0.011113159
ID_1FB1C28D29,0.017562231
ID_4C58C672E3,0.1264863
ID_48A6566C84,0.0073421
ID_5900874C8A,0.0049018543
ID_B93A1EB10F,0.006579135
ID_B2460B322D,0.19766125
ID_A74DAF1BAF,0.42033076
ID_59E1CDEDAC,0.028152259
ID_1FA0C9A12E,0.045354094
ID_61BE941CD9,0.10367198
ID_3CA78CAFCA,0.004830537
ID_F17FB2A8CA,0.009948655
ID_B6F0FD4829,0.008169131
ID_2514E6940F,0.0075850026
ID_3D632A88A2,0.0061146235
ID_27360A7E6B,0.04894099
ID_9C8FE05065,0.11234195
ID_3B5D0C6BFE,0.014519007
ID_2E9A38D381,0.13198683
ID_D5CF5C2A28,0.35194504
ID_D0FB5D150E,0.21604845
ID_5260E03CDE,0.015836796
ID_2E87E3A965,0.009547675
ID_53B1562652,0.01302916
ID_42E280B0B0,0.76098895
ID_748765CF43,0.037456587
ID_8DE45981E8,0.017477034
ID_CF2538B734,0.008418257
ID_96D926FC3E,0.01657274
ID_2289ED96C4,0.06376608
ID_CD35DEC888,0.01844056
ID_023D083C34,0.018787138
ID_0EFEF0E216,0.022100981
ID_55B183676C,0.9589436
ID_A516CA8C9C,0.031373076
ID_7892E892C4,0.015859067
ID_1B2D865875,0.7634642
ID_577EB13BBF,0.013511968
ID_FEDC5F2A75,0.025621766
ID_BBA5EF5F78,0.033598892
ID_77582E26D5,0.020008495
ID_2669DE1FEB,0.14939031
ID_861926D717,0.071883515
ID_9564972AE5,0.8573969
ID_F9369F904A,0.42731684
ID_DD50D72D62,0.02595787
ID_AFFCB1F510,0.8067972
ID_28BD2A98F6,0.008402792
ID_BEF186510E,0.05590719
ID_C10A041072,0.031679917
ID_4675BD0455,0.010574442
ID_DF524C3846,0.03492699
ID_DA81F3A8DB,0.017308347
ID_B6DF71645F,0.0351684
ID_641E8B664F,0.8512593
ID_D6C47F4644,0.039912343
ID_F9A9D1740E,0.013680786
ID_E993776C98,0.02265056
ID_4165D85123,0.19407362
ID_D88CB2B946,0.006447982
ID_B90B95367F,0.036614925
ID_9ACA9FFB68,0.21751791
ID_4BBBE006B2,0.35588068
ID_05F63B1835,0.021273918
ID_60E8531E6F,0.27673006
ID_574B7A8145,0.8142719
ID_83E651196A,0.11322167
ID_DB05FB987E,0.20629075
ID_E71CAD797A,0.022968201
ID_39D598A967,0.17494294
ID_12FA70BDCC,0.9336682
ID_1C4A8E271F,0.008303411
ID_030533413B,0.100502916
ID_E433DD7217,0.096510075
ID_69A67FE071,0.040798582
ID_4D37F24FAA,0.048182677
ID_DF4A1873BB,0.025078688
ID_B84C7A0883,0.010987159
ID_B459827D98,0.044594057
ID_E68F6E010A,0.16567957
ID_CFE5C3988B,0.274152
ID_675060DB9E,0.019954082
ID_47DE56EF33,0.0073183826
ID_A629AE8D51,0.023932768
ID_A8E1C43EA2,0.03427382
ID_F0EE11ED7B,0.96292305
ID_02342E45C8,0.16996689
ID_4A799C2B94,0.0514421
ID_5BDA44974F,0.10566276
ID_2D1A75CFCA,0.06746264
ID_8483A8B7B2,0.015601735
ID_DC7FEA0164,0.82418716
ID_3A4A22E61A,0.22751443
ID_87AAAE096D,0.006629175
ID_BB430031FA,0.013083453
ID_C84ABA2C29,0.20969312
ID_08910DA962,0.0076566967
ID_AA3C3CDFBD,0.037799947
ID_D54C691CF2,0.011895335
ID_3E2145B80C,0.4254256
ID_6307719484,0.007348904
ID_11BD870A51,0.007383594
ID_F29026C3ED,0.038671438
ID_A93C2B267B,0.016450569
ID_07B83B454D,0.07664222
ID_CB5ABC9BA1,0.35755768
ID_597498E614,0.067909025
ID_E3A445114D,0.20501012
ID_208684BE97,0.016436188
ID_9CB9AB7FCD,0.1635297
ID_5768163A83,0.44091606
ID_33284E5AF7,0.16404419
ID_7C9BA3AB4F,0.00839799
ID_7C31D865E5,0.14376572
ID_4B14BAEA72,0.010260117
ID_5F48E373F3,0.17265898
ID_8F7F595000,0.99103063
ID_FEF9B85424,0.0058166254
ID_DC70251C33,0.06457753
ID_D6BA67337E,0.2376967
ID_D07B489043,0.015635105
ID_69BCCE737C,0.026379677
ID_C6B1826F6B,0.029220318
ID_6AA4A7489B,0.025526853
ID_464FE5B3BA,0.03972232
ID_EA1DFD1025,0.13256173
ID_B05FB7B5A1,0.0051061856
ID_176763A8A1,0.073247865
ID_1C3AAD5AAA,0.045421064
ID_7876F9546D,0.74816847
ID_C5C9FD4275,0.020003801
ID_5673CD4364,0.07229452
ID_4DC82536BA,0.014188096
ID_27687ED0EA,0.11465283
ID_0C4755F21B,0.0074312524
ID_ED5D12445A,0.029191552
ID_718B81FF54,0.021122118
ID_35BC1D0E31,0.1672843
ID_6AF686ECE1,0.9925265
ID_C30098FAA6,0.016151156
ID_9C5B5EE057,0.11806837
ID_C49F202677,0.15696573
ID_F361527F8E,0.013081271
ID_26B89064DB,0.39685693
ID_CAF625703A,0.061066467
ID_EBC3886F0D,0.01942119
ID_C1399F471D,0.11202425
ID_74DF2BC6DE,0.048277248
ID_1D31420D8E,0.024158366
ID_FF752AAE8F,0.18838869
ID_B7A19DA98D,0.0452176
ID_6B64625B77,0.020894617
ID_021A23A9DC,0.0071511376
ID_A5A8FD6BE1,0.04296681
ID_60AA52B419,0.004118613
ID_362FFF5CDB,0.13814583
ID_6C6073D7A3,0.31343797
ID_43DF80DB88,0.03980672
ID_8509855404,0.027329477
ID_7034EEF23C,0.09583682
ID_55E10C78D2,0.024882138
ID_E9DE27D3E7,0.08906753
ID_56BF80E5F1,0.0071038734
ID_988A189189,0.008990389
ID_90EB366F13,0.03963435
ID_EE137FB5A2,0.028481467
ID_1E03321D92,0.01988908
ID_48B22DC35B,0.087487295
ID_35D98D7F93,0.1461218
ID_E9A7C0F6B1,0.016041482
ID_7534EF7B20,0.033440042
ID_36A3A385A9,0.0120876655
ID_7AD9A7DB66,0.013134855
ID_AAF853BC53,0.08047945
ID_0EFBDB7C7C,0.009763463
ID_BA0412313B,0.0051279664
ID_64506EB267,0.0070571974
ID_8574EB82AE,0.018048791
ID_CCC62101CC,0.013201399
ID_BAD19551BD,0.072043724
ID_0DEDD98323,0.09900223
ID_40BEC2E121,0.18032551
ID_3C1AFBCE36,0.005201504
ID_47EADF7A63,0.66642725
ID_E8CCD52BA0,0.122783236
ID_13C60EAAD7,0.16218236
ID_F0ED6023D7,0.117938906
ID_95BB4BCD70,0.4195694
ID_EE27A57C93,0.04026354
ID_E03F3427BC,0.019792667
ID_913A9CE71D,0.0927729
ID_D0ADAAFBA1,0.04162501
ID_97C21EBFD5,0.068426
ID_9395CDBE3C,0.010777029
ID_02D93618F1,0.560207
ID_7D6DEB6F90,0.2890296
ID_E3CDEB0897,0.02827079
ID_B327828F3F,0.06269143
ID_7F8B2352B4,0.12951502
ID_CE33301D08,0.0053192484
ID_A0FE893F96,0.008435677
ID_2A9E93894D,0.027067618
ID_9210FBEC2C,0.025992554
ID_0794835FA8,0.052205943
ID_40EE91DD1A,0.6721237
ID_CCED8B7B6F,0.020311896
ID_D94196EFA2,0.008902225
ID_D72AB75AC6,0.41796666
ID_92CF851B80,0.09375187
ID_BA21E0E3EC,0.350073
ID_052156A617,0.072059095
ID_8D52D97503,0.21732554
ID_78C0E5002A,0.008236762
ID_E333AD40C5,0.051765177
ID_478645FC5C,0.063897334
ID_1CF83B9F39,0.41517738
ID_B1DE07A802,0.021006094
ID_7C74F4EE4F,0.024375062
ID_505F787ED7,0.1669679
ID_A1D3BC5C96,0.006244092
ID_6B92ADBECE,0.04193605
ID_045A262EB0,0.2687273
ID_85962FCF7B,0.013689701
ID_AF260687D9,0.009915853
ID_24CADC1664,0.051695578
ID_AF85AE6058,0.13778952
ID_48D36C0D07,0.014265648
ID_632EF6A82D,0.31581292
ID_4C76B92ACB,0.12162666
ID_D8BB1634AC,0.036435448
ID_3C753F3175,0.01018708
ID_62EDDFACC9,0.01736058
ID_6EE9B7DF49,0.0075125103
ID_639AFE8AB0,0.89404833
ID_D8EC0E8893,0.03704514
ID_BB7FBCA38C,0.78329074
ID_00BF97892F,0.2023844
ID_242A87FFC2,0.0065260194
ID_92222C98DB,0.015514533
ID_861C0426A9,0.35774797
ID_28AA8147FF,0.0484777
ID_78F1945FDD,0.23507255
ID_377D0296E5,0.0197937
ID_760FEAC134,0.020475497
ID_FDA014ABC1,0.6387541
ID_643FBFF5CE,0.16757172
ID_3D964D9621,0.030194271
ID_59D607BF34,0.016764756
ID_686AADE753,0.025687238
ID_A88013F3DC,0.08042527
ID_AA43D4BD3C,0.018159727
ID_EB2250F227,0.1533526
ID_102BE93CF4,0.2325559
ID_7A64D90112,0.09844264
ID_D584B450E1,0.08315488
ID_C06960A3FD,0.09786506
ID_74095F1E74,0.13927566
ID_E5DC91B55B,0.026769089
ID_5251104764,0.11931022
ID_9622B3851F,0.013223865
ID_2F9CA12C0A,0.013678463
ID_18B719991F,0.009381859
ID_14043D7AAE,0.35150477
ID_9A620D0B39,0.05512218
ID_0FE5481A3F,0.11121584
ID_3052B18F1A,0.04493726
ID_0E04EBFB22,0.01589061
ID_921FFF955E,0.00997426
ID_6B2116B28C,0.20361991
ID_4008407CFA,0.13450168
ID_6CC699FF14,0.0038628532
ID_279006C8C4,0.0044849426
ID_8972029DF1,0.008428235
ID_3013961C51,0.022105774
ID_F5CE626A19,0.059616104
ID_5BEDA1D88E,0.0077390154
ID_ED7BAFED72,0.8657834
ID_D7755D1440,0.030773515
ID_F0A3F273BA,0.92120916
ID_80AD2D8703,0.06203028
ID_0382C3DD32,0.07616308
ID_33177D594F,0.09659584
ID_EC33C8273F,0.16169803
ID_62E8274C8A,0.013698304
ID_5AAC0E7A2C,0.09759853
ID_830AECE4B7,0.020189289
ID_6514E1BB9E,0.014945753
ID_BCD9F51413,0.22629806
ID_F0AAAD8973,0.024279624
ID_78BD372CD5,0.05393322
ID_E271CA810B,0.02366146
ID_B746702EB0,0.3290771
ID_FE57335A04,0.06049498
ID_9362C09BED,0.38470316
ID_A39D46FEB5,0.010538757
ID_28F7A06711,0.08462974
ID_3DA9D5802F,0.008307329
ID_C1C5725476,0.47141516
ID_99134A9403,0.036111105
ID_7682761ED8,0.0073018516
ID_F5B229B660,0.01485801
ID_593CE55A8F,0.060059402
ID_0ED2CC0249,0.7404975
ID_6B93F575A2,0.030921778
ID_A0759122F5,0.6766699
ID_413FB9A967,0.04058972
ID_18B262C1BD,0.025261058
ID_7B06DF3A8A,0.0065625967
ID_6E261A1A49,0.017117951
ID_2F7443DB7B,0.026560279
ID_3FAE698CE1,0.035996787
ID_756A74BFE1,0.018671622
ID_0C7C4D05A4,0.04708979
ID_F16F9DF8D5,0.5726359
ID_0A73FE8043,0.025877994
ID_97E1DAEF05,0.00996381
ID_41EB2B334A,0.11389995
ID_921C577911,0.18908185
ID_400DF245C5,0.05013734
ID_5A097EE0F6,0.049592722
ID_F836DC07B8,0.95340437
ID_E6C9AF0918,0.017547792
ID_E48BBAE1F9,0.37703505
ID_68BCF6B630,0.032349985
ID_252BAA441A,0.19455045
ID_6A7D1BE5D8,0.016573822
ID_088276630C,0.04424517
ID_A31A249D69,0.6930862
ID_D1ADB15917,0.5948401
ID_83A2417116,0.024322135
ID_AB2DB2CE9F,0.018155968
ID_23AD0B51F2,0.08464182
ID_5F67E4AB24,0.008100411
ID_B409C4625A,0.01786556
ID_C9BBC14082,0.023994476
ID_32571CC7A8,0.045208115
ID_3EE7D26111,0.02984335
ID_D69A21FB80,0.005611554
ID_47589B97A3,0.057528164
ID_316F3CD785,0.014732845
ID_6FAE105BF4,0.59401864
ID_0FC21F0DE0,0.08229831
ID_0D5592EF5D,0.47950462
ID_7471D11D24,0.043217484
ID_6B5BF5711B,0.01302268
ID_A9AC41FD89,0.14619996
ID_E5C9F0CD34,0.7403181
ID_1AC9F1DCED,0.009627566
ID_59627A1BFF,0.7344034
ID_E7F64C9FB2,0.53628975
ID_11B31A7FD8,0.15503715
ID_0BFD13BF79,0.018648323
ID_7AB85981A3,0.016302578
ID_A16A359CF0,0.010112348
ID_130000BE66,0.006758563
ID_2C193FE7EC,0.06956747
ID_39134CDCA1,0.022533363
ID_972115DFC1,0.4668012
ID_D99F633FCE,0.5173619
ID_E7CF5C72A5,0.04527742
ID_538B0CA7A4,0.024776371
ID_6CA06D6ADA,0.6343781
ID_1A77B520B7,0.120891094
ID_B1FC8AD575,0.021559127
ID_14B37B1053,0.01257222
ID_95C71EFC72,0.69173276
ID_B591B83FAC,0.34918556
ID_FD83AE102F,0.13196106
ID_46DC90037F,0.3639281
ID_1544E30265,0.109313115
ID_4908E40246,0.17153002
ID_ABA556F203,0.023275156
ID_EE69478961,0.011057014
ID_27BB22ADB9,0.17792939
ID_43D6E976A9,0.40249458
ID_A9147EA106,0.041103356
ID_E297446B75,0.01222144
ID_F59882D9CA,0.028517628
ID_D7081AD548,0.0046743564
ID_AEB20744AE,0.010372696
ID_BE866DB721,0.011575282
ID_57E5C3DAF9,0.8631034
ID_0A8D352FF0,0.011189148
ID_80E15F19AA,0.014705747
ID_839AB0B28B,0.11024049
ID_35EC0FC5A7,0.01982789
ID_CACFCBD139,0.009244964
ID_BE82623BF0,0.13348107
ID_BBD7900CAF,0.0114856325
ID_34D3E3AC05,0.012887186
ID_EEC328CFB5,0.08161726
ID_7D6E70FF55,0.043566532
ID_E9AC8612FB,0.010435526
ID_B5A113CA1F,0.49148357
ID_62A3015231,0.50789607
ID_C055ECE166,0.051655103
ID_458B50F87D,0.0177585
ID_5B0AE58D7C,0.021863256
ID_0DA3E6526E,0.124226384
ID_BAD2369C06,0.32858315
ID_912B09F2AF,0.013104947
ID_0548C358A9,0.7876718
ID_43DA738DC8,0.005896836
ID_F356F75BAE,0.023193277
ID_97A6D6B137,0.14136015
ID_9CBB23F70E,0.0065519195
ID_184A7EC250,0.078057304
ID_EFDB3560D4,0.009092542
ID_74B466B96F,0.017491333
ID_094E3527BE,0.057123896
ID_4A5A76BB86,0.0073818453
ID_B72C8121EA,0.3878279
ID_EB7CDBD978,0.05680338
ID_E1B90A9308,0.174272
ID_9247BB9F50,0.041913047
ID_E788EF79B5,0.017547758
ID_BE89513A5E,0.051381994
ID_C03CC7F2A5,0.87108815
ID_563ED852ED,0.9812906
ID_C9D943C7B3,0.049068153
ID_2BE2872595,0.41230547
ID_F00240B2F8,0.76898456
ID_ED355AD46F,0.0059986003
ID_6D9BA5D59A,0.041348863
ID_6B393FF31A,0.02106863
ID_AE76569675,0.8490411
ID_D9CFAAB0DE,0.080841504
ID_B5444F65E3,0.03931073
ID_51B2227527,0.091326214
ID_02C8BBADCF,0.072965376
ID_09E5A9779B,0.13886435
ID_C5669BEFF5,0.18983129
ID_187040AE13,0.49393612
ID_F9539C6BAA,0.030986737
ID_B134ADBD07,0.047033966
ID_089D4167EE,0.06915243
ID_DC403821A4,0.98620176
ID_4A14FF9BCD,0.18237011
ID_A37229EDEE,0.5322161
ID_A81248E5DB,0.029159795
ID_004EFF8AB3,0.020701706
ID_A943282B6A,0.49554804
ID_D91348B289,0.071700126
ID_62E80BA4F0,0.8497315
ID_2CC3A5547A,0.04061783
ID_9D42B21293,0.038756147
ID_39EB372A59,0.14596736
ID_B4D31C3F03,0.05899053
ID_E72880AB45,0.012974146
ID_F6C5B8CC4D,0.975404
ID_B9DB9EB3AB,0.6905664
ID_DE14B64D26,0.23334533
ID_EFC35F4E5E,0.29851255
ID_86FBF591FA,0.013889524
ID_4EC0744E9C,0.15344949
ID_3C7713027C,0.016842477
ID_AC1908E9CA,0.07973791
ID_F3C9853E68,0.07302271
ID_77D25D775B,0.38526285
ID_28EC7D0D82,0.0141794775
ID_CD622B972E,0.0071041575
ID_A7AC56C0AE,0.018386971
ID_2D550A58BF,0.018947326
ID_D3E765D034,0.081467174
ID_B9366340DD,0.052501455
ID_8850C3942D,0.49645305
ID_BE3F70678F,0.011571007
ID_024E908A7B,0.97724533
ID_E93D452CB7,0.0045782523
ID_9618EA2F7A,0.7902441
ID_04C4F54B2A,0.21109982
ID_E36A864877,0.07553943
ID_04215AC3D5,0.0179897
ID_8DA09E39ED,0.009851209
ID_065D4532D1,0.043084938
ID_4F9EC7E89A,0.30357414
ID_AE900E036D,0.5225706
ID_49E5B4B4EE,0.7092177
ID_B8372CED70,0.05115927
ID_8D1D0ACF85,0.20727144
ID_3BD7552BFE,0.05798631
ID_05FAD0BEB7,0.08675011
ID_FCC955EEC2,0.22853877
ID_B7D854DBC1,0.03341121
ID_034DA34B81,0.2889228
ID_345888FFBC,0.03844428
ID_5D19AE8136,0.030474331
ID_9022C73DCC,0.18185212
ID_D44697FD9E,0.14926867
ID_94C46E8180,0.019783221
ID_1B1AEEBA09,0.029938972
ID_F99825C838,0.17055346
ID_A3AA3506DF,0.06161212
ID_27605959D9,0.005189168
ID_DE7D44DFEB,0.026971795
ID_59A2456166,0.019852068
ID_6EAD05BE69,0.2618625
ID_F11F0070C8,0.15859872
ID_2ACF7B1ADE,0.020718576
ID_74AEAD1FE8,0.009856174
ID_AD689EEAEF,0.03379433
ID_B313B0141E,0.7069709
ID_9B08E5E604,0.059760258
ID_32B8B402B2,0.030611033
ID_03585DCC0A,0.009720198
ID_91461EAD6E,0.13815168
ID_0234344D8F,0.09913899
ID_89C46B6429,0.02935891
ID_75D740692C,0.06520027
ID_CF403F8DEC,0.106395066
ID_A4B0898191,0.005421826
ID_4E446F6D7F,0.0686283
ID_F6BCB3D580,0.023846855
ID_0BA3EE2EA2,0.011746478
ID_7B58D0395A,0.030558497
ID_636F94557C,0.026307791
ID_0696345BD8,0.6315932
ID_4F8D472D30,0.010192805
ID_6DE2F280A5,0.021420164
ID_1DA3F4B0FF,0.34760624
ID_4ED05B48B9,0.22419459
ID_EEDB4E4162,0.008607955
ID_34E87505A8,0.120932326
ID_7067D4CBCE,0.016248675
ID_16D1CC0BA9,0.12933052
ID_2873216F4E,0.14881691
ID_2491081B48,0.62297165
ID_48F856EB1F,0.7759971
ID_819A1108DF,0.01542689
ID_3A7D1A2E4A,0.029835828
ID_8417CC0B07,0.647883
ID_5C8B1F97BA,0.11668714
ID_90B05C8F70,0.14814304
ID_E5B5CB676B,0.030190459
ID_FF0816302D,0.08063854
ID_CF1F08CF1C,0.018761685
ID_8A031AB293,0.20713606
ID_5A56D5EDA3,0.9479161
ID_C4F9F47489,0.26620775
ID_8A55B80A0B,0.39308345
ID_9DB1965D13,0.106877275
ID_9DC4E76022,0.17059258
ID_4A16D1AB41,0.36616203
ID_8B203F9F14,0.011482863
ID_CDEF790E3C,0.31358913
ID_01E0FD344D,0.005332184
ID_80CFCF23DC,0.0105618965
ID_E0D6F5FE31,0.012667239
ID_CA02EF4A3F,0.018302724
ID_B3757E1618,0.026958916
ID_2AD6CB568F,0.18355463
ID_E3BB7CD552,0.027714107
ID_363BD0C2F5,0.72745335
ID_7CA7681F6A,0.030947018
ID_F1DDD84D1D,0.01826468
ID_4E5BD07E90,0.042748146
ID_EC5D1BEDF2,0.010723224
ID_8A140DA0EE,0.09087006
ID_8A79BC0982,0.0070237406
ID_793F60F6FF,0.0062762373
ID_546D8E6CC5,0.091875724
ID_FE7E6FBA15,0.052977458
ID_42AA094A57,0.08110623
ID_C75A96E738,0.045896452
ID_33E43B4C32,0.024110682
ID_3B1E634F23,0.20595683
ID_2A634F9089,0.016036186
ID_4F106E7BED,0.01970848
ID_E7E117F6D4,0.8216581
ID_9F083FC25F,0.12197425
ID_EFEE0BDCA2,0.016655026
ID_AAB7DB605F,0.020974938
ID_EBB0E1B364,0.037715096
ID_863B977836,0.07830623
ID_E6DD7CB326,0.008364673
ID_34786986E3,0.13701454
ID_2FAC21DF39,0.027006114
ID_BF726C0785,0.121426105
ID_6FA6009ACC,0.051223002
ID_4828ACA090,0.19180772
ID_042C145A05,0.4148242
ID_BCB2516051,0.010464092
ID_8CB7C23C56,0.012519658
ID_C7F449F00E,0.25868112
ID_EE36A9E9C5,0.039136536
ID_C4A9E0D313,0.01969188
ID_8197B61168,0.022367908
ID_7A93C4A776,0.061093036
ID_E383BAA4E7,0.1427207
ID_23B3972E77,0.09496546
ID_BAB3238B87,0.03254965
ID_8C7D593D64,0.026423315
ID_EEDFA5F40B,0.9533802
ID_C8C80E7101,0.0113919955
ID_0DDA6A9B53,0.07259576
ID_A7FA411911,0.8823739
ID_40C982CEFE,0.01679203
ID_1A49765A68,0.009054685
ID_DEE5D30E3C,0.12545791
ID_B35C063393,0.030481938
ID_92AC9D254E,0.016237516
ID_BE31228217,0.025596127
ID_69B0366228,0.01381504
ID_04476921E9,0.026511189
ID_1477F55B67,0.02762823
ID_3DF14DB417,0.008380567
ID_9FA0C7BE5D,0.06604344
ID_A4C8F4D570,0.011934664
ID_BA756FA3FF,0.07463525
ID_261EA1EDA5,0.011918266
ID_9350269385,0.33907166
ID_4A847EF01B,0.23407215
ID_E0D221CB3F,0.055247482
ID_5D55263AD9,0.020087138
ID_EC643C57EE,0.97129875
ID_00443D04FA,0.44932067
ID_F37F247D97,0.21457991
ID_2292DB9D53,0.0096553145
ID_8247894CBB,0.5822274
ID_2CEA2B5D19,0.12071273
ID_99F572F67D,0.0148627
ID_90A4A18666,0.78294116
ID_284420BD23,0.38111976
ID_A822E81497,0.06671526
ID_FEF48F96F8,0.08964171
ID_CF02B979CE,0.031354066
ID_5E3358DE42,0.15514517
ID_E863E380ED,0.049615867
ID_71C1EBB688,0.5409323
ID_776783D1F0,0.014775107
ID_4CB0CBEB97,0.042460777
ID_0B8776C8D4,0.0069146794
ID_9002984816,0.027162883
ID_0BC405963C,0.017266802
ID_892F55770A,0.11407022
ID_EC0335FABD,0.9607162
ID_08389547A4,0.028162595
ID_466F7B630E,0.059716463
ID_FDCCDBFE7B,0.18492748
ID_D84EECC220,0.7791912
ID_C33BD8CD06,0.02389768
ID_90D1CA8E8D,0.010955454
ID_921B8695B9,0.72584087
ID_8701A23BC3,0.07263354
ID_FA85339CDD,0.72405034
ID_46790CA5F7,0.22165579
ID_359AB8465E,0.012741358
ID_0CB195B355,0.018832948
ID_7F32DC5DBD,0.017100986
ID_508F8452E9,0.008674282
ID_99F5801251,0.07994899
ID_D6B744A7FB,0.23777397
ID_183973B5F6,0.03839319
ID_4C29D292E7,0.06752591
ID_4B56881A9B,0.011429921
ID_E68C7A17FE,0.003334647
ID_EED12C3F5F,0.013756816
ID_0363B17454,0.19060957
ID_0345BF6DDB,0.09887817
ID_548272A449,0.14984164
ID_BAF01BC780,0.19101657
ID_A4C6541320,0.031037198
ID_6B8FFBB01E,0.12241119
ID_BB2893561F,0.1347898
ID_0D44CD7D94,0.009163901
ID_9BFF65017D,0.07673011
ID_E4CA0BDBF4,0.040069964
ID_C827B34227,0.046681464
ID_B2ADF1CC9A,0.0060522184
ID_2EF6CA00A2,0.2219196
ID_4BA08C92B8,0.04822675
ID_70A65A6A6F,0.008331046
ID_633FF79FFB,0.038644344
ID_64706C302B,0.008999046
ID_56E7BE45EB,0.010641261
ID_8E52488A3F,0.51643854
ID_7A5A1CCBFF,0.16247799
ID_60D112B3EE,0.052522518
ID_1CF78D065E,0.06580355
ID_DB2F434667,0.024419101
ID_5C8A2DEBEF,0.013784188
ID_90666A2BC9,0.010175778
ID_13AFAB086F,0.091529466
ID_FB01F137DF,0.84839225
ID_98B29D8050,0.106304094
ID_F91C2C39D2,0.016485527
ID_A710EDDE6C,0.010535508
ID_0308985FCA,0.07681375
ID_A45280928D,0.009586415
ID_40CFC68F29,0.2295444
ID_3E678B3F21,0.009161394
ID_0E2896D52A,0.022150235
ID_482142FAFA,0.034230825
ID_8E4E0BD9B7,0.015586381
ID_58DD943718,0.026443206
ID_42D5037F1A,0.1044743
ID_22044A41B5,0.32132185
ID_B12624148C,0.27935722
ID_6A354F1090,0.0057517122
ID_5372ED459E,0.007713267
ID_B8C80FED5A,0.010892788
ID_36BEBE7194,0.008834008
ID_102CB47BD4,0.04077292
ID_DD820DCBF2,0.27835733
ID_C5336110B1,0.09543094
ID_1B9A07F464,0.10876446
ID_BBE96DB516,0.0068522803
ID_BF51D93F28,0.19605777
ID_0F3C97EF60,0.036459576
ID_E16CB0F15D,0.042536426
ID_71DE38DCE1,0.5220346
ID_C1FFAC88CB,0.020664701
ID_DF0CE8B3F6,0.017411267
ID_EB3A3FA416,0.009266586
ID_ADBA06639F,0.068612054
ID_F772E30124,0.041948788
ID_9D4071311F,0.030277144
ID_0DAE3E0B69,0.0040456564
ID_4BB7782FC1,0.0038895311
ID_2A073C1352,0.42258546
ID_A6AACF7662,0.012730773
ID_73369F8500,0.067669936
ID_A9BE01B036,0.39533195
ID_B9CEF3C0C1,0.07007103
ID_EBC3FFEFE2,0.9472435
ID_75DB368A4A,0.059785757
ID_4AC57FF904,0.029817931
ID_1D4C9B173A,0.10372862
ID_8980ED964E,0.021953568
ID_FA953EAAE4,0.0792697
ID_49C70B3E75,0.8472247
ID_6F4D3D0289,0.03552051
ID_F3C96967C3,0.013819538
ID_FF9192E702,0.05204794
ID_D446C43030,0.084259495
ID_D6476400DE,0.018121995
ID_66036605CF,0.10602396
ID_D356D69A3A,0.23691559
ID_61EBC39987,0.60725415
ID_19181BA56D,0.025018627
ID_0CFCB25E52,0.088794105
ID_BC7E666633,0.11435608
ID_DDDD1617B9,0.038586594
ID_8BD5B10492,0.021072928
ID_68BCE0D368,0.24441566
ID_784C16192C,0.066482924
ID_D1AC9998D9,0.03958251
ID_0F29637F95,0.059063885
ID_1785BF8418,0.067663595
ID_15DEE1C70E,0.025744857
ID_86BAAB6548,0.0049863905
ID_CB9BE54A0E,0.03510724
ID_8380404B1E,0.18770316
ID_E53D114AD7,0.00578862
ID_6A88882024,0.018021274
ID_4CBE11FD44,0.014642791
ID_E378F35029,0.025302116
ID_5572281C18,0.23778644
ID_2EC20663FC,0.033091705
ID_CC26AAB69D,0.097847685
ID_D86B87F760,0.05742478
ID_3F3A992622,0.21642284
ID_E2A09AA169,0.052315816
ID_8133105FEE,0.012863372
ID_E8B1BCB411,0.63185304
ID_FF2281BF1B,0.044837553
ID_10D563B4E6,0.0070796693
ID_AD7D4A0ABC,0.0053399396
ID_D8559B8DDE,0.009135291
ID_36EA2F1DE5,0.03831421
ID_18DA85985D,0.17036268
ID_20AD6F0F92,0.71438926
ID_8DE71721CD,0.7965243
ID_49B385610D,0.048321087
ID_8A4F6A1574,0.0862581
ID_B77681C262,0.38311154
ID_BB048712A3,0.07633598
ID_CA190C0533,0.029449683
ID_EB90EB637F,0.005751959
ID_7A50A4A2DC,0.015000006
ID_FF4389D665,0.101462476
ID_0E62C7BCC1,0.048860192
ID_6095241285,0.26335877
ID_FBCF457754,0.046488248
ID_45C49C808B,0.20789284
ID_A078DD5529,0.17214096
ID_B73023840B,0.11266149
ID_7B2F4F05C8,0.010122957
ID_9BE1626665,0.26514277
ID_C9AB184FCD,0.07816136
ID_4951A43DC8,0.023844829
ID_992FBE9C14,0.06513544
ID_4A2B532573,0.0066322894
ID_E50F562A7F,0.17483623
ID_6E2E3A8BC0,0.04335098
ID_AE68748392,0.059962716
ID_BD8F6F3D7F,0.01477079
ID_9F31C806B7,0.008122622
ID_78E7B09E73,0.03211937
ID_E661F227BC,0.017805638
ID_EAE1E245BA,0.008174984
ID_01CC80A04C,0.06521994
ID_642B1A8F48,0.16476838
ID_7B2D5C6C65,0.010392473
ID_FA3E09905D,0.47792253
ID_6A25991793,0.0068782372
ID_475F9F5537,0.018013526
ID_ACEB5A2638,0.07198026
ID_1A2A049D15,0.5049647
ID_7019DC2548,0.18267617
ID_CDD5CDEDCC,0.009830419
ID_7D0C0F78C6,0.01980931
ID_6FDEE2D3FD,0.016726298
ID_BB131F225D,0.029936424
ID_9B5DABFA62,0.10901001
ID_538242E7EA,0.04043194
ID_F03068AA83,0.07979085
ID_D70999F1C9,0.16310303
ID_854B449826,0.009945952
ID_AF0410DDF1,0.012739407
ID_73BCDC29B4,0.097665675
ID_E70B11AADB,0.44080546
ID_FD213FC4FE,0.7355498
ID_858F74AC02,0.016641168
ID_40350B7513,0.046650473
ID_161E1CDD63,0.4761307
ID_4A32682C05,0.015614958
ID_767478D17F,0.040256653
ID_3BF91BB2D6,0.03555408
ID_9A8F8250F2,0.0058883247
ID_BEB430225B,0.010607273
ID_CECF66AAAA,0.008563862
ID_B7BB9CC934,0.67785215
ID_628CCF8C98,0.08773658
ID_18A2DC6D3B,0.017244706
ID_1794710C5D,0.21801649
ID_DAEFFA64DE,0.019318145
ID_9F1DC24AE8,0.0095376
ID_63A654441F,0.050375246
ID_7F765B4D2D,0.022088181
ID_BFC2197895,0.33332083
ID_50EC088E20,0.41968903
ID_3400C22D90,0.12009308
ID_B1564F2623,0.18118824
ID_A439B2CCBF,0.20428416
ID_93A59E0F94,0.024369614
ID_236EA711A8,0.60573334
ID_0C06B2D970,0.29761958
ID_3F1A0B7CF8,0.13224167
ID_228A1C7E38,0.21890058
ID_DBD36AB8A9,0.0080820015
ID_44ADEE4238,0.0088381665
ID_33DB8F1BF2,0.14949322
ID_E616987E19,0.31904504
ID_180C4FD6D0,0.016797764
ID_69F8A9CF83,0.01857731
ID_CB343DFA55,0.525281
ID_4CD5AA8F35,0.016314756
ID_1A3BDBC5DB,0.01793797
ID_E2516A9890,0.0401115
ID_1DEC2EFAA3,0.012806592
ID_4ECA9F88DE,0.037223782
ID_5D76BB4B6C,0.120504774
ID_71244414A2,0.19877961
ID_CE2889AE88,0.061370235
ID_58067AC240,0.3681618
ID_617F32850F,0.06288212
ID_62B8F76AFF,0.18907198
ID_9C3DDBA6A1,0.0067963935
ID_ABA7B0FC4F,0.016393242
ID_2830092638,0.02646554
ID_D85B201C83,0.022771714
ID_9949F9DE7F,0.029170416
ID_9C92C70163,0.0366178
ID_6896530AC3,0.3388379
ID_5E416DA25B,0.06561674
ID_F41975F20F,0.092259176
ID_925AE2ED58,0.48894086
ID_6CCEC135BA,0.061690945
ID_5478F2E7E9,0.011515853
ID_75776D8E69,0.017647874
ID_5DBF872456,0.021117387
ID_13C53A14C1,0.055254642
ID_AE725E2D4A,0.008711063
ID_98FFC5B72F,0.48407805
ID_0164FA6D4A,0.01961348
ID_096EF2B6AA,0.00838333
ID_5E97346356,0.019675836
ID_7EA05B518B,0.089910805
ID_2A223E762A,0.0040461216
ID_07F017D12E,0.008355672
ID_78EA9319DD,0.38546625
ID_CA5691628C,0.31635863
ID_B8FB38F762,0.020169524
ID_AFA2439DCA,0.09206554
ID_47DEC18662,0.04340518
ID_BA98499A93,0.022414058
ID_CE94812F11,0.00732935
ID_4F1ECD2B8D,0.01413177
ID_605AE7A1C1,0.14976904
ID_B16D258AA8,0.021225791
ID_460910DEF2,0.11357628
ID_71D9A7A9DF,0.015588392
ID_02BE0D2397,0.055614125
ID_C3A7402D8E,0.013541081
ID_802D39CAF6,0.019399844
ID_85E5303BB4,0.009045765
ID_CD55174516,0.92855763
ID_9C484B10EE,0.10503866
ID_250DAD735E,0.018004213
ID_44F1169D06,0.3106284
ID_836A22D999,0.23330694
ID_C3AABA981E,0.016684342
ID_A1F0A5518B,0.036442168
ID_DEF809AF5B,0.017563619
ID_FC4A3AEF8C,0.11497636
ID_5FB38B5146,0.02131109
ID_C7767FB40A,0.040845484
ID_5C6C4140D4,0.35021433
ID_8980A3B5C6,0.006611099
ID_C9C0EF1ADD,0.6070879
ID_E1F720318D,0.021256205
ID_81059BB0AC,0.035214063
ID_6DC084252D,0.06065694
ID_3EB697D4D9,0.007909057
ID_335429EDAB,0.15725712
ID_C4C4BAD158,0.05060363
ID_66CE15F72B,0.062700845
ID_5A5B378502,0.008247802
ID_026025B676,0.21295317
ID_491D9D1A9C,0.9380266
ID_2E7E5FBC1D,0.0060676746
ID_D530B5397B,0.01600103
ID_4E1C427B61,0.046254534
ID_C423536B2C,0.107275926
ID_4BB8940AFE,0.17790274
ID_1EC0467B23,0.031640496
ID_3919A8BD18,0.016585745
ID_0121486403,0.009946699
ID_AA11478E26,0.94788593
ID_FB57535616,0.10237238
ID_8ECFF453D8,0.05330115
ID_91F2D2E68B,0.011391245
ID_5D71915244,0.11013758
ID_5C6F56A11E,0.009451841
ID_D104810643,0.48094416
ID_4925B1C32F,0.065582424
ID_973E798965,0.007879475
ID_8799EF105F,0.13700056
ID_D39DE7C1AA,0.44610462
ID_235E39EB3C,0.020814473
ID_1A91558403,0.0609219
ID_C1D6B730AF,0.585458
ID_5C1444D490,0.4919213
ID_A6FD79C8C6,0.011151348
ID_85EBACAA17,0.110356
ID_472AB7E9EB,0.05450857
ID_805B088731,0.043504693
ID_526A4CEFE0,0.37861273
ID_5EF5E4EC32,0.06203118
ID_4DFFADE7BF,0.13283418
ID_F8472519BF,0.046394613
ID_59CCF239B1,0.081691526
ID_3AB1414ED2,0.16855705
ID_C1EE2B1B75,0.016604535
ID_089039611A,0.020179423
ID_75BFDE2C68,0.0066512935
ID_3435444642,0.2853239
ID_D31908BA11,0.023074254
ID_09A5C29307,0.017741578
ID_71A9A38C73,0.016793657
ID_02E71F5AC2,0.042022087
ID_031B672CCD,0.2661379
ID_6804D10D9A,0.041349296
ID_84B123C7DC,0.17829901
ID_B92C504A8E,0.04361997
ID_3764797D92,0.009073421
ID_0A3D19E37D,0.04422199
ID_522E443543,0.9479646
ID_D6ABD465DA,0.0057708095
ID_DEF707973F,0.00791905
ID_B02CC53C1C,0.016325794
ID_F41908C374,0.019603498
ID_675794BBE4,0.3176376
ID_F2F2C00E25,0.034676492
ID_10E5F6876E,0.14361385
ID_48EFE75466,0.008025536
ID_CB56F32E1A,0.12089962
ID_6727C00325,0.07557848
ID_9C12DD1FBE,0.04161612
ID_03FB100940,0.022969771
ID_54C49D6697,0.01737311
ID_1F829363A0,0.02801392
ID_64F6A8250D,0.28111824
ID_31476C3C35,0.07383019
ID_126A0256D0,0.03891493
ID_1A01D75BF2,0.50358266
ID_DF6DE2C1BA,0.038167108
ID_ACDC672ACC,0.04177554
ID_5F6B9E0C65,0.9826363
ID_A51281B1E3,0.027620949
ID_0DC391D6E0,0.0046735103
ID_75EAF9334F,0.045671035
ID_43FB0F8B7B,0.46576607
ID_B958C9CD52,0.014586111
ID_8B46B44732,0.12375514
ID_7D9F814B6C,0.007749937
ID_CE36DDA8BD,0.007858566
ID_A31FDDA7F5,0.5343203
ID_2EA9194F2C,0.007959787
ID_519C6E0831,0.020020902
ID_26B6EC4B66,0.0057568206
ID_150180CEE1,0.014116945
ID_D938599C21,0.68167126
ID_A26905ABE2,0.3744409
ID_6682E8D601,0.007733884
ID_D681F3839D,0.00798057
ID_D7E23A724C,0.035250034
ID_5007BF22B2,0.060424127
ID_F09CD8931A,0.16712044
ID_F7B2454286,0.6284527
ID_68DE1764BB,0.17630577
ID_4CBAFA9FCA,0.008002422
ID_9296F7FDAF,0.042441458
ID_B876B051D0,0.78290087
ID_A30A3D814F,0.683481
ID_1C72EFEB83,0.022017075
ID_D60103862D,0.15214911
ID_8AF451BB20,0.3131785
ID_70520C4B2A,0.043412313
ID_5EB99C5B47,0.061730325
ID_F6027876E4,0.85814893
ID_2E2A697D3B,0.31328216
ID_5AF6E0E87C,0.1264924
ID_7F82F5DF43,0.6654514
ID_92FDF207DF,0.0058635254
ID_CCBCA0D3CB,0.016359257
ID_C1272DC6D5,0.34297606
ID_116407F136,0.012595469
ID_551141886B,0.015824003
ID_11A9D23805,0.015704572
ID_3CC8D4EC27,0.016848708
ID_5E2F26E42E,0.63994944
ID_C482F6C0E7,0.03535791
ID_0C80B3A901,0.07364183
ID_6ABFBB384A,0.05099506
ID_95B6072C91,0.0075739427
ID_14DBAE79C4,0.010620387
ID_0B98F19443,0.10040588
ID_AF8BE0EF1B,0.4291319
ID_A8CF27D4FF,0.16999449
ID_EDBD1380A8,0.12705497
ID_38B0B42826,0.46112773
ID_A414992AE1,0.061377354
ID_520E1A1BB8,0.012135007
ID_2B86ABD694,0.014841301
ID_0C2062D5F3,0.0099515915
ID_6B5B053BF4,0.0063642305
ID_4F0AA42536,0.013434116
ID_50FA1ABAF8,0.007914537
ID_7E4E0EEFFD,0.09980992
ID_246F87E6D7,0.041823607
ID_1AFD523B5D,0.011144569
ID_4188A192C1,0.018447
ID_6A875D154F,0.09131432
ID_931D067148,0.012517642
ID_6534A5212D,0.007258704
ID_EDE5B2CE72,0.038094465
ID_837075B5C8,0.056635514
ID_91F5CF14AB,0.02270887
ID_1F180104AB,0.079932466
ID_544DF21804,0.14653313
ID_C1D3952D42,0.040980954
ID_C44F231B05,0.011699923
ID_94F4127066,0.031946562
ID_BEC20A54B8,0.020877104
ID_D166B823A9,0.09370858
ID_E85D381958,0.01431501
ID_149E631938,0.048506293
ID_8E1FD45561,0.012111418
ID_EB72760B73,0.0069497917
ID_8FABD0CF60,0.01325197
ID_A6CEA1EA98,0.0076054004
ID_3553F25010,0.018338323
ID_F76C62B31F,0.007269919
ID_05489D332D,0.03871761
ID_1C9FFEE86E,0.028210163
ID_9A5466C295,0.17839998
ID_B01B913DA6,0.2993225
ID_2ACACE4EB4,0.03236417
ID_799DDEAD8A,0.3170195
ID_F73A4CB41B,0.06457418
ID_78DA98FECC,0.17170581
ID_C15CA85D5C,0.10231683
ID_08C0C27FCF,0.60799164
ID_847845B280,0.009677769
ID_320BE9A0B3,0.23548596
ID_D52A04E7FE,0.1196254
ID_CD1EFD9CC2,0.039931513
ID_B7229AD4A0,0.008125639
ID_77EEEE7950,0.14597425
ID_EFE4294429,0.020081682
ID_CBA2F8AB01,0.16991334
ID_79CBC38CAF,0.017118419
ID_2C74370ADA,0.48470944
ID_F3508692F0,0.061817363
ID_F2B6BE1F10,0.02274725
ID_3B12D7F4E5,0.0046990872
ID_E340DBD17E,0.33262572
ID_D243FD78DA,0.07006252
ID_68CFF9D20F,0.09066071
ID_6013571070,0.1812957
ID_D80EBBDB6F,0.037980117
ID_751153435E,0.9110201
ID_93F9103CF4,0.0069222315
ID_E5796A4A3E,0.014595828
ID_F927473A64,0.0037182393
ID_6FE6DDFA7A,0.15564273
ID_47945409F8,0.006940993
ID_280F964867,0.7869609
ID_1AFBC7569D,0.02237717
ID_4A99EA1237,0.16495797
ID_C0FC61B653,0.23472756
ID_63B235E3D6,0.31434867
ID_1CF56E6692,0.009811685
ID_20EF1FBEC5,0.124643266
ID_4864ED031E,0.032184914
ID_D937DFDFAE,0.07945425
ID_CBDD771ACD,0.5187224
ID_06F42A46BB,0.011348216
ID_B82BE47C11,0.1360901
ID_8EA8932462,0.025881853
ID_FEF7453D60,0.21778591
ID_580CFFE02E,0.4918944
ID_14859C7232,0.007980192
ID_373443A2F7,0.10691314
ID_9B64B083E5,0.011717504
ID_21365D0F02,0.022569077
ID_A980C72FCA,0.014893723
ID_AD192CCCF1,0.022918554
ID_4706F7C06F,0.060490616
ID_BA6314A07D,0.8772235
ID_AD2AB2D23B,0.005960791
ID_8AC3FCB270,0.036182422
ID_3BC62B1C7C,0.19605726
ID_5D620B5806,0.108095236
ID_9E63389264,0.0146448435
ID_7C8E2E18E3,0.9755387
ID_769FC3A864,0.110392734
ID_94BC729BDB,0.0050117397
ID_28E6A7AEEC,0.15103877
ID_E44797FAB3,0.010425271
ID_DBC5EB0DD7,0.012598029
ID_B576716E44,0.9571689
ID_435C25D419,0.038452346
ID_2614B26D50,0.46738732
ID_1DB19D9927,0.50982195
ID_3D710F5BB4,0.007279543
ID_0D4551E6AD,0.00832099
ID_6EA36F9FE2,0.06727776
ID_62B2979B65,0.264562
ID_1FAEFE9F9B,0.052340634
ID_2A881E46B4,0.05291697
ID_49DC0CE0F4,0.011195334
ID_3198629C79,0.7470256
ID_E8A825B0F2,0.27802017
ID_F73076EE94,0.02022368
ID_88CEAA4036,0.06404413
ID_4BD19B9AF2,0.0137283895
ID_01E5077796,0.006103223
ID_652AAC6B97,0.050459977
ID_7399F2EEDE,0.05016233
ID_1D34FD599D,0.13507812
ID_0A8B8B0189,0.1869294
ID_ABFEDBA351,0.07996018
ID_E7033A494C,0.0128705185
ID_B106A58744,0.0065222285
ID_F43465B062,0.0130823795
ID_A85FDD574B,0.061284892
ID_342A767FBB,0.5933853
ID_AB8ED82CF1,0.05008809
ID_35CDA2F352,0.014240996
ID_1334847478,0.003936544
ID_6CCD462BD2,0.007558436
ID_F7F68E2C45,0.0059919055
ID_FFB990EA92,0.023788614
ID_C06AAB70A9,0.013492971
ID_D0A5837995,0.0057533253
ID_EF67731DF6,0.0974879
ID_B8C8AA9A13,0.006714432
ID_DB6BDAB7E0,0.032877672
ID_D16500AB6C,0.6934555
ID_E75D0AB313,0.01706092
ID_F178CBD05A,0.008324899
ID_E89055A9A1,0.022557536
ID_0DBDB68593,0.559217
ID_6187B5C70E,0.23259218
ID_207F95765B,0.11509475
ID_91066D5C7A,0.024388961
ID_9878AE412E,0.05630784
ID_F7D06CF341,0.22152013
ID_057236BDCC,0.023134949
ID_510144A14D,0.026490735
ID_6627D1AAAC,0.69187903
ID_EBB82BD629,0.03178807
ID_CE551CE8E8,0.05312876
ID_BECF173F5E,0.018412847
ID_90F5AE808E,0.016616568
ID_9EE04044AB,0.023060603
ID_15406D7B92,0.33489245
ID_0AD66F682F,0.026278252
ID_75A15FBD7D,0.15087909
ID_91A19E3520,0.04661711
ID_A35CD60B79,0.0075306934
ID_A220EFB146,0.0095785465
ID_977313B7EB,0.80998605
ID_FCE575E168,0.014141368
ID_02038E09C2,0.07626296
ID_3C600DA81B,0.02616071
ID_3D7A418C5E,0.48609895
ID_70CA586B63,0.011448679
ID_356DBF4E0F,0.008332222
ID_7494E947A3,0.0116424505
ID_451C0BF159,0.030708104
ID_48FC636DBB,0.016082231
ID_8D23FB92A1,0.6839354
ID_F88A4A65A7,0.07478327
ID_65BBB35617,0.19155346
ID_8E90D5414E,0.3005322
ID_29F9B62853,0.016769404
ID_9CAF574A46,0.053409174
ID_6A3504A43C,0.690041
ID_DA024EE8D5,0.9666853
ID_8E07E556B2,0.022985408
ID_73D77FD688,0.800132
ID_A7AB2F2FE1,0.017688598
ID_454AEA6D16,0.03070758
ID_62AE0B13A7,0.6285063
ID_CE3AFED353,0.06675753
ID_9D9603EB1E,0.01086887
ID_B846731131,0.01674931
ID_0D54A3193E,0.029334558
ID_873F696692,0.1478531
ID_6E59CC8ABF,0.011367199
ID_650DA26B92,0.91780776
ID_DCAB2F5783,0.46575892
ID_675B9AFD49,0.118037775
ID_08ACAC45FC,0.053043783
ID_AAF2744F84,0.15942445
ID_B6F0D1E07E,0.26475686
ID_8151778C47,0.18922006
ID_3846F40A53,0.14067508
ID_956BC8F820,0.79466385
ID_93523190B7,0.36174542
ID_31C2CFA859,0.13636348
ID_6CFE1616C3,0.5975843
ID_94711D77BF,0.6587638
ID_6010942343,0.017442437
ID_75DFECE2ED,0.009664894
ID_7D047C8959,0.009618657
ID_5CFD9226F5,0.014967815
ID_212DBE8E9F,0.06616267
ID_A6FD1BC6C6,0.013092857
ID_43C729097B,0.2885442
ID_009732EDBD,0.009305513
ID_39A1917656,0.09603008
ID_5262B00E41,0.009879287
ID_79E0632790,0.05555301
ID_1055F75E7D,0.053800453
ID_AF60466DA9,0.4106098
ID_01CFECDA63,0.32831174
ID_A4240FC9E0,0.020745339
ID_A7934071B1,0.043353464
ID_2A19DCFE10,0.9273616
ID_C0FF34B762,0.07700868
ID_FF59182923,0.081244916
ID_99427BDBBB,0.007443776
ID_85B0E1AA6C,0.019934732
ID_869D12739D,0.86029845
ID_BCF5B7E7D2,0.009792908
ID_68C35732D4,0.7238316
ID_B8433D9C4C,0.012504602
ID_5EA8EB6661,0.16009337
ID_9B4DAFFDCC,0.04978097
ID_9815B5EB24,0.00996188
ID_C51C245DA9,0.01087571
ID_90E69EEEA9,0.00658666
ID_90D401ED70,0.02293785
ID_B5E3CEB15B,0.14174803
ID_7117A329D7,0.06890247
ID_013A13B4A3,0.018931156
ID_D9C189312F,0.0060046692
ID_13CB6392ED,0.032735843
ID_88731FDBA5,0.0070155277
ID_08206BF75B,0.17803441
ID_00072AC2B3,0.009448621
ID_3661C9CD60,0.29161105
ID_5BF9442438,0.23215045
ID_CD826E7E16,0.033957075
ID_6F9154BE28,0.0067695505
ID_28CC9AD56D,0.016764158
ID_4452986406,0.011383874
ID_600E081910,0.013403582
ID_5A9E54770F,0.030935245
ID_CA26AF8529,0.0065995664
ID_948C6F94E3,0.014239725
ID_36DEBE70C7,0.47356138
ID_734AB90CD7,0.03540764
ID_D97469E410,0.017173424
ID_386B540122,0.12565391
ID_A57371A1DE,0.0443482
ID_44AF7368E3,0.020299783
ID_6FCF98B1F1,0.00788344
ID_27D4D24654,0.25258034
ID_0D7172392A,0.029243024
ID_0C4B537CD1,0.011169892
ID_6A2567D198,0.015014083
ID_32086F958F,0.03297062
ID_829DC28074,0.03737492
ID_5530FB0080,0.18204176
ID_9F05BEDB8E,0.07930463
ID_AD4522A72F,0.00456622
ID_E3046F19C7,0.0071225376
ID_53B3EF0A79,0.013310289
ID_EC5BBDA6BF,0.015276743
ID_6EF53B972A,0.010564903
ID_081E63BB60,0.083640486
ID_339C37C22B,0.22658683
ID_CBA82EF3D4,0.046748355
ID_11E1FFAFA0,0.03332257
ID_939A3A3CC1,0.005244605
ID_9AC7695B19,0.32104224
ID_496D41FE4A,0.18386178
ID_5897CE48DF,0.39854026
ID_496D36B5B3,0.06734265
ID_EA8D852B80,0.0075962646
ID_19835919BB,0.008586722
ID_2084CA7BF0,0.5104471
ID_A1ED350FDC,0.11226917
ID_3667959B66,0.020838127
ID_1ECE061F3E,0.18343598
ID_EBA4F2B20D,0.043060064
ID_CD98CED3DF,0.01536133
ID_91257984D2,0.010920569
ID_E1E8F5A2F3,0.008969104
ID_1EDEE3A961,0.6548691
ID_CE8EE54888,0.008304113
ID_776872D088,0.00900114
ID_6E1075D1C7,0.0063908
ID_9E371C6260,0.53904414
ID_86F4FE8CE4,0.018448358
ID_363F61EE77,0.31335565
ID_58E53A660D,0.74735504
ID_5348529DD9,0.012791637
ID_43F3C1044F,0.06829897
ID_9BF5F03335,0.078898184
ID_CB6260B218,0.015014163
ID_090A812346,0.6194064
ID_38C1BF12C1,0.0105768675
ID_243F0407F9,0.06418034
ID_CAFC2B54C7,0.1639262
ID_543E94A044,0.16723783
ID_748EECD011,0.015579296
ID_8B042DA19A,0.2458983
ID_5F56DC2D5D,0.18162353
ID_6C43A38D1A,0.0032325413
ID_B453CFFE92,0.2020044
ID_406A0A1BB4,0.18779483
ID_D287516D8F,0.03513425
ID_2D2C84BF03,0.31962305
ID_23DAA5491A,0.0219413
ID_80928E15F5,0.04984717
ID_21B2B8322B,0.031944506
ID_69EF360235,0.016060947
ID_03B83A4A5E,0.027824635
ID_9B31A374C2,0.17951307
ID_4C46B9777C,0.010385055
ID_84784D7DB4,0.058274332
ID_1C67E2A51F,0.37909943
ID_2F4A14FB5B,0.30554292
ID_9DB90C9E74,0.004060927
ID_A3FF9F1E64,0.0059694825
ID_2178D90789,0.0045727612
ID_A5DB52828E,0.15248992
ID_04CFC49BA7,0.016273106
ID_8AF4F04D12,0.16198811
ID_2C5A3D47D4,0.33919975
ID_9D34764B99,0.0182123
ID_FD0DCA58AB,0.1476683
ID_C028DE3660,0.3239938
ID_692A289861,0.27840334
ID_2F66B85836,0.55040944
ID_76DB19B5EF,0.010726786
ID_AF96A812C8,0.9801523
ID_619E3EB396,0.8013841
ID_F853CA8E34,0.015124861
ID_509FD8D7FD,0.023756947
ID_DE33E323BD,0.90501714
ID_1393035C69,0.014556907
ID_B12465A792,0.03278146
ID_122EEF189C,0.010049792
ID_F2F6E239A9,0.047186192
ID_C413AFE94E,0.06463858
ID_006283BAC1,0.49615237
ID_DC7534E9E1,0.019731615
ID_E2EE169525,0.34001565
ID_62A2616E72,0.030107835
ID_A7C0D8BFEF,0.23476881
ID_4578592027,0.0069743143
ID_1E96FA904C,0.0073881387
ID_8B3D7DD480,0.009016167
ID_20B7E9186D,0.5652027
ID_7D199BA310,0.013500474
ID_50837B2DE7,0.010230141
ID_F800524755,0.081716724
ID_104E3FFA52,0.014030918
ID_97F50346CF,0.04487623
ID_DCF3842C5B,0.048579667
ID_F78B079FD2,0.004978763
ID_7DCBAC1DCD,0.0064549
ID_E78A01D391,0.0644282
ID_02D5D5B723,0.032232843
ID_C167EAC9D4,0.04792306
ID_2DCD691AD7,0.03687111
ID_8D40118491,0.022705888
ID_D1972E545D,0.21824148
ID_C33FCD0D32,0.11078119
ID_7691724762,0.017705828
ID_D8AF63577D,0.32125604
ID_52B5D4054B,0.005892509
ID_6849818B2D,0.091438785
ID_9B24AD4E1E,0.015263952
ID_E69985592E,0.02669147
ID_EACF704D65,0.67152256
ID_CA4C390610,0.00918404
ID_A1723B3376,0.021261051
ID_3198250C62,0.0465587
ID_51936CF7A0,0.9936273
ID_F8192D1613,0.56680477
ID_7D0264BB9A,0.01932101
ID_6461D2BBCF,0.04483208
ID_4322E8CAD8,0.013606341
ID_73F0251FCB,0.049844816
ID_E3A33614A2,0.009519638
ID_AB478CD070,0.007012665
ID_3FA118D95B,0.046376385
ID_3419CD5496,0.15396667
ID_F918BCD921,0.01727536
ID_92911443C6,0.18098342
ID_75A4609969,0.09080563
ID_5AE914F528,0.13705696
ID_C293A544A9,0.014804244
ID_C822F7E034,0.2798805
ID_B4D650CE21,0.3744161
ID_9AFC509F9C,0.7456641
ID_74F89FFD1A,0.07671282
ID_F5D4C2C65D,0.0070035025
ID_166D4E96EB,0.01816946
ID_4A6EE56C7C,0.37683183
ID_9CE078F50F,0.0071084667
ID_0AA2A7BA9F,0.013987841
ID_6556387BDC,0.014544367
ID_D788CC0B25,0.045822095
ID_6AE1FB3062,0.56866467
ID_E201D596FB,0.021801382
ID_DB42AAFFFE,0.020502934
ID_BBF4311C20,0.004954236
ID_B1ED925E35,0.13571347
ID_D5242F23AE,0.00800093
ID_AD5443C023,0.010599631
ID_07607BFF2C,0.048875593
ID_31E007963A,0.045617286
ID_283A6963F2,0.019054163
ID_F11F04E42A,0.056642484
ID_5BF9BFDCA6,0.36102176
ID_6B124EAD9B,0.8485956
ID_CA0539C60C,0.022556925
ID_FBB6091F34,0.43417972
ID_472A1FE685,0.2865451
ID_063CD46141,0.020524137
ID_459B7E5358,0.3278721
ID_47C47CB93D,0.04234466
ID_9768A1F806,0.006473954
ID_012EBDC7ED,0.009095424
ID_F88377503C,0.022086613
ID_4928844CBC,0.32308215
ID_EC670167C8,0.01729195
ID_285EAE29D1,0.006681966
ID_3788A255BD,0.32805797
ID_F285E6C648,0.047512278
ID_CE102C14BD,0.9125028
ID_CC8506E3B4,0.60584027
ID_8CB9A9319A,0.056663726
ID_140ED69BDA,0.030500641
ID_5A83E98E89,0.008211738
ID_9B06528C4B,0.017035391
ID_523E3ACFE7,0.008923923
ID_B72CBEC7AC,0.5273571
ID_F95BC2E22C,0.07695656
ID_794B33CDED,0.039839488
ID_EDC138AD13,0.16479042
ID_03443EFE1E,0.8059211
ID_6A5174DBF9,0.3429703
ID_796F797CB8,0.009294681
ID_CB5D592929,0.026049161
ID_AEB45AE713,0.02150351
ID_29D7E17B1A,0.30031395
ID_E80FE1EB8D,0.0125189815
ID_4F9766522A,0.019938316
ID_089E16BBB4,0.00997695
ID_9B93C5564C,0.40829104
ID_5FFB42E201,0.02027163
ID_6CBD1FA180,0.011183217
ID_E5CCED8F53,0.02186984
ID_DE28CFD383,0.25821477
ID_564645177C,0.0136521645
ID_2918F4015E,0.016211228
ID_E1F480FF2F,0.040825665
ID_2ED4871D53,0.13240829
ID_8C8F7BB8FD,0.017649781
ID_473628A205,0.28614113
ID_0E074C9DB3,0.042743605
ID_645D07DE0D,0.009932359
ID_9AAC6199F3,0.9584558
ID_65B10D21EF,0.020278119
ID_11641A5515,0.00845828
ID_DE65AA8D5A,0.093009345
ID_65014B3AA3,0.21238747
ID_BFE1463B21,0.019526394
ID_81607927F6,0.4028568
ID_BA87C7201F,0.9937473
ID_9C3B17BB68,0.9847
ID_3A8A96F118,0.01963374
ID_352DC16A85,0.054174393
ID_54DBCDEF15,0.017918555
ID_F40697BD18,0.05101088
ID_6523FDE686,0.02324688
ID_1153888319,0.12724516
ID_99A5ADA971,0.010704452
ID_C0C634C552,0.026418366
ID_77F767A454,0.00539732
ID_08E451DE23,0.009967384
ID_BF36284285,0.017032297
ID_B742BCB625,0.12919724
ID_E35C8EF529,0.00603518
ID_3B764AA43D,0.5469751
ID_932A24FF41,0.007051246
ID_0011F452EC,0.009658539
ID_AB3B8ECF99,0.38209045
ID_79745FF544,0.019055493
ID_820018851F,0.016714387
ID_1F226C393F,0.0050549028
ID_191951BD2A,0.0056926804
ID_C98828D739,0.13545862
ID_ED28DF0E45,0.013238347
ID_20C92D6932,0.009064809
ID_AFC51C0AD8,0.0072252266
ID_76B8A6975A,0.18354897
ID_9624F1A1CB,0.037195664
ID_06C9BEB297,0.041422915
ID_195DDCF339,0.16309686
ID_2E6CAB3BCA,0.28634632
ID_A2F0F481A7,0.05482297
ID_365A5FF8D1,0.005865197
ID_92E6B6A1D4,0.0045725494
ID_C441196D26,0.021470008
ID_17C3E7E9DE,0.014841139
ID_AD0B452F42,0.015369716
ID_DC10A26B65,0.048842676
ID_9291D3D5C2,0.013319438
ID_730373AB2F,0.019661108
ID_D65E0AEF79,0.05642793
ID_786D2C0861,0.009588342
ID_C08C3BA8E2,0.05044077
ID_74760B6AA7,0.0177694
ID_65C6D676CB,0.00856588
ID_DEBF3234E3,0.02075062
ID_5E01B65A14,0.009290378
ID_D56EBBBF89,0.16363679
ID_213E1BC3B4,0.030389661
ID_0265376B46,0.16178577
ID_1BD1EFA5DC,0.013650341
ID_67CEDA0BD2,0.086149074
ID_9C234561ED,0.020874094
ID_2534881096,0.5788299
ID_75C79DDA35,0.047376484
ID_CC54709CC7,0.1616605
ID_3655154140,0.006547164
ID_75A4860505,0.21514721
ID_30BACDB791,0.08631804
ID_802A781FD4,0.007174871
ID_42AE761043,0.0100162355
ID_A64F415942,0.006611436
ID_6ABFBC25E6,0.028181354
ID_2EBF0B5619,0.007660028
ID_D82FCCEFD4,0.08839206
ID_602FCF76B8,0.038533296
ID_5FD6723CA3,0.028812334
ID_9B600B4E2F,0.1256966
ID_F073D28046,0.096326046
ID_8E496DE9FD,0.32513624
ID_1F94EEA146,0.044669483
ID_B97D0C2725,0.2686354
ID_4B4875D8B8,0.16968042
ID_337C7C9129,0.019934887
ID_709CA6E203,0.15043212
ID_667362D53B,0.034266606
ID_239D4EE788,0.0046759634
ID_7DB4391B09,0.49032453
ID_9E4C42A4EA,0.8040387
ID_6FA57A90EE,0.053546898
ID_89D08F6BFE,0.008997404
ID_7C655D4002,0.7140185
ID_FEB1A77895,0.049528062
ID_4B8C28C804,0.28890127
ID_AF837C26E2,0.032045074
ID_5AD2FA1817,0.044942174
ID_ADDE1AFCB8,0.018671753
ID_21DC1160DF,0.16173238
ID_66E6798060,0.008102491
ID_4B41736BD0,0.90194887
ID_CDA0C018FF,0.02328403
ID_A47B2B6245,0.012496002
ID_19A13CB87C,0.4726833
ID_FC79FD7894,0.009707452
ID_28B751841A,0.01643154
ID_B16C8A04E1,0.01386814
ID_95E6ECE081,0.02909952
ID_F130219204,0.039915252
ID_95EC79B7A3,0.03431464
ID_DA36D86140,0.45625556
ID_7D80E7F6A9,0.39403564
ID_0FD8DCB131,0.06540389
ID_9E7CD335B3,0.028448852
ID_CD9EA53AF3,0.09693791
ID_BD1687265F,0.006103815
ID_7A1B520FBB,0.87605846
ID_B447053CFD,0.031232422
ID_CFA883CBAE,0.016160058
ID_6906DBD76A,0.5067835
ID_C0AAC9FFD6,0.00473271
ID_DF3CF071F0,0.035303418
ID_2AFEF97C29,0.044341255
ID_0207257EC2,0.0070190975
ID_53DCB0C2FE,0.042382125
ID_8588C1B927,0.92469776
ID_96389A25EE,0.41775125
ID_061C72E7F1,0.010171214
ID_1A2263F62D,0.60791934
ID_7BCA3B390F,0.0046803765
ID_C3C63A2382,0.019486168
ID_3B7188C60A,0.013457857
ID_F9F7E921B0,0.21667227
ID_8B8187ABAB,0.048078217
ID_F301F1C01A,0.0078079975
ID_A61C51E31D,0.008408061
ID_CA3A59795E,0.34705397
ID_83C9A46AF1,0.44040796
ID_E66A503B47,0.13764806
ID_FFF22BAFD4,0.03983579
ID_D39598096F,0.011936092
ID_30C9E8CC53,0.01402593
ID_C8374A7C8E,0.03540474
ID_D0E1461A95,0.16929796
ID_77AF3A0F49,0.07661143
ID_F0D5A60491,0.030724693
ID_29A45D346A,0.9813058
ID_5B3F5E7A73,0.03097306
ID_C0DBEEEFFB,0.041965164
ID_0B231449E5,0.014836005
ID_C9E1D54CDF,0.011705095
ID_543E1C897D,0.08875755
ID_8922C080E1,0.014963109
ID_06BB2A84FF,0.16540334
ID_093962EBC7,0.17401472
ID_7F1485C01D,0.08706541
ID_6DAC062720,0.02066913
ID_EB731C1079,0.027641134
ID_18101A07E3,0.021826595
ID_2BBB07CF25,0.02993656
ID_7F652B0F9A,0.06361352
ID_ABA1AB4144,0.70770663
ID_D8564F400E,0.0072738333
ID_8A4B18B3AB,0.09441873
ID_8E179891E9,0.072943404
ID_E0E0A9B5E9,0.017428895
ID_A9067DE9D6,0.030028993
ID_E48D3A87C8,0.03480395
ID_9A2986BA3F,0.07888857
ID_317639659C,0.025219504
ID_0FD1BD4EBE,0.1930854
ID_49CB7F8A0E,0.01153755
ID_40356849AD,0.018810166
ID_6FA9FA3FB9,0.7550202
ID_344C83C5C8,0.00933174
ID_89E4DAB05B,0.059826896
ID_6DF1613C36,0.009336647
ID_87C3C03BBD,0.012126759
ID_53EDC616E0,0.008775636
ID_516FC2FEEE,0.030720657
ID_B029BD9828,0.4412786
ID_7C46E7C29D,0.01697342
ID_B8B7443464,0.011165812
ID_B6C60B5D82,0.1472884
ID_19B74372C3,0.0075275204
ID_F936EF3CFD,0.10016214
ID_BEBC872E4B,0.022957185
ID_191C9F1907,0.024305135
ID_CA5E41D1ED,0.021224134
ID_38196BB849,0.40969524
ID_3E5D89933D,0.0396017
ID_DACBE5D19E,0.22543219
ID_F9AE38C053,0.033033133
ID_E91623720A,0.052381407
ID_86CA83F8B3,0.02108965
ID_23A9BE4FC6,0.077284634
ID_0DC42FAF05,0.010288393
ID_3F5130C96A,0.16679946
ID_24B308BD47,0.019821633
ID_0AC155F217,0.04586592
ID_8050E95484,0.48062614
ID_EE40C20A23,0.041524008
ID_BCD8A7D23F,0.0065160147
ID_463026277D,0.44545656
ID_429CD480F2,0.05461184
ID_E15FBA9760,0.102607176
ID_3FCD1223A7,0.12457171
ID_B54E9CEDFF,0.015850596
ID_B7306736BA,0.05122517
ID_6611C3EEC3,0.019203432
ID_831A7427E3,0.008447771
ID_81A9135539,0.012755542
ID_0DFB6A612C,0.76804906
ID_F4EEFD3A40,0.84109676
ID_BBBB632B5A,0.019791352
ID_C71FA7613A,0.0086905
ID_38FF1EA684,0.008809449
ID_A08E318CCB,0.05966118
ID_FC1E076ED0,0.008602973
ID_21FA03026B,0.55217165
ID_61EF8E08AD,0.012202143
ID_BBD5C409F3,0.26887175
ID_A7783BD50C,0.020898603
ID_F1E7A6C63C,0.075057775
ID_018DDDFB17,0.019190637
ID_4EBF81589F,0.09728589
ID_1E0B9D540C,0.085081175
ID_D2BF9329B9,0.24457237
ID_F5D460F743,0.011187033
ID_1C1FE7C944,0.0100616915
ID_94955E0256,0.004512847
ID_50BD0EC12A,0.010444636
ID_199F049AA3,0.6601453
ID_82102BEFDE,0.0076475185
ID_B5740AB4BE,0.012775938
ID_EC324AF50F,0.020391822
ID_5FA3D3281A,0.0073102843
ID_3D7EEC67C5,0.06847022
ID_33DC915CCB,0.114404805
ID_D6D64D30E7,0.046343792
ID_30A7AE89E9,0.007080169
ID_674455A60F,0.9434751
ID_C4E7969719,0.11678509
ID_C408E9F29C,0.03428047
ID_DC1724F2F6,0.21728991
ID_242BB5BCD1,0.057350837
ID_5FEBFA345F,0.008768937
ID_4A4F7C8432,0.40859377
ID_18CE332EDF,0.107181974
ID_3AA5ED8A5E,0.0101408195
ID_4078EF6B5E,0.26026437
ID_5F0A6D69D2,0.050281268
ID_0B98F3761F,0.0684851
ID_3268811C94,0.25808415
ID_04F7A4EBC2,0.07080141
ID_FBB4E7DBA2,0.01392106
ID_18208D7C70,0.010023285
ID_67A4AB721D,0.1533654
ID_72BB058448,0.0076922555
ID_02EAB4FAD4,0.009893078
ID_2102E96455,0.0817618
ID_C2C3DA3A4D,0.014802116
ID_D35185DE39,0.02439057
ID_2012EC331C,0.011110921
ID_48440DFB83,0.0063104643
ID_DCA4C1EFFE,0.01242902
ID_974FC10F13,0.845762
ID_22B72AADDF,0.6729418
ID_0D67396C7E,0.041225284
ID_1E381D6483,0.0104160905
ID_B0CBAA4AF3,0.018422518
ID_7501CB4967,0.30062214
ID_FE2C48A839,0.022667743
ID_38F8885222,0.13413459
ID_366544B499,0.018542983
ID_AAE3D351D2,0.003800298
ID_E708D7BE56,0.018583326
ID_5B467C56EB,0.30583873
ID_1BE67D5F07,0.008305721
ID_9337C59A7C,0.056029934
ID_F35DDBF27F,0.08843541
ID_D6D8D1BBE9,0.012074223
ID_9A5F5D2F7D,0.0621837
ID_32664A98EA,0.009554894
ID_54444AD490,0.08177285
ID_44CC9DE198,0.04069967
ID_ECC501CCAF,0.24395145
ID_4E27F59CB9,0.063890085
ID_820AF3FE10,0.008673835
ID_584937995C,0.016277237
ID_F94F1965B9,0.07887671
ID_A1E4E2B366,0.3198231
ID_A0C79FBA49,0.44191134
ID_AC591DA1A3,0.046809807
ID_88FE627B2D,0.016713904
ID_46F8BB8C3F,0.013896782
ID_DF28542AC5,0.009291887
ID_9929294295,0.00976992
ID_5623D59889,0.010395854
ID_D0EF508DA9,0.19635953
ID_68452FFFAA,0.009396127
ID_DE5AA9BF7A,0.8433038
ID_8360E0B57A,0.2875336
ID_0BEEF8075D,0.012480222
ID_10AE835153,0.044559333
ID_5031443154,0.9806862
ID_7C20DD2B66,0.1816649
ID_3C69B1A477,0.27195203
ID_C9919702FE,0.022318484
ID_5B98065726,0.24135417
ID_AB6FD51AED,0.005523317
ID_0964F9A382,0.0066559315
ID_353C3288D3,0.029061694
ID_BF3BDA9052,0.007832363
ID_29CDCD61EE,0.61383134
ID_93D16ADFC0,0.030700574
ID_13AE01C3E9,0.025363047
ID_357ABF8543,0.880947
ID_6EDECA8052,0.16332814
ID_55788FB15E,0.052565247
ID_712C91C972,0.008921235
ID_21777A56EC,0.09707461
ID_8379D9D2DB,0.01227761
ID_33BBD6B96A,0.23240739
ID_E6FE245E79,0.029793153
ID_78C304AFD0,0.089234605
ID_78C84604B0,0.013515761
ID_A8AAEA41AB,0.034023374
ID_35D943E935,0.0712087
ID_6FB3338F9D,0.14710295
ID_22B7905533,0.56114453
ID_185423EBD5,0.029026119
ID_D9942687D4,0.8053719
ID_F06101D843,0.008022586
ID_FB7C4DC122,0.016468158
ID_0CEB2E2842,0.013754984
ID_F01AF188D9,0.07973
ID_F74B2E8C9F,0.04100437
ID_F922AFBD0C,0.016608257
ID_3D1609B5D7,0.12579401
ID_0681998C52,0.82520854
ID_685E9DB5A5,0.060298525
ID_A27D7BE0E0,0.48411995
ID_CDD56ABC01,0.0121457055
ID_BB6DA0CC8D,0.012116415
ID_3BFB75F3CF,0.329007
ID_89A7E2AF25,0.040547743
ID_E741BE4DEC,0.8576546
ID_8B823918F6,0.039221983
ID_3B7D64E865,0.09634795
ID_18725ACC19,0.0364571
ID_04D83FD691,0.024564674
ID_FBD7E55D96,0.007276524
ID_7B1F7330CE,0.33829337
ID_CCA899589B,0.01124152
ID_273CF6DBEA,0.0127107315
ID_8E4045DC75,0.18641084
ID_E0039D8F65,0.0053941556
ID_1D16EE9A57,0.012748377
ID_C4A1E23908,0.013355726
ID_7A3DEE7A86,0.22136082
ID_8950508FB7,0.009176919
ID_81FD61E1A5,0.008103146
ID_DDFA8A3B9A,0.008649992
ID_E02905941D,0.021600032
ID_B33FF1E3BC,0.012045525
ID_F58D04AFCB,0.023134047
ID_1798DF13D6,0.30063623
ID_ECEE15E9EE,0.43122828
ID_08C9F1B7E9,0.024086874
ID_473DE836A6,0.106861435
ID_799CBCA3B0,0.024189204
ID_3DA033412A,0.027779922
ID_20F60FA737,0.016548282
ID_FCF410CF69,0.8129445
ID_D170B327BD,0.030328823
ID_37375D0E3A,0.022857208
ID_7F66F794CE,0.055516865
ID_E17862F957,0.0064506847
ID_A5AA744C68,0.0066626333
ID_5751674A36,0.10950643
ID_0061641487,0.098529376
ID_A3D600B337,0.09463791
ID_AD2728040A,0.015377341
ID_D63D5954CB,0.022907572
ID_FEA5CC618E,0.051735092
ID_75A466B7D0,0.034231365
ID_EEA7CF02B6,0.034459572
ID_B4A8D043F1,0.03451513
ID_764AB36AA1,0.13590275
ID_F93323C785,0.13197611
ID_33FEA97E89,0.05915107
ID_E6E5B7FB75,0.0100580435
ID_8B029F9BC4,0.031013465
ID_4B03C973C7,0.022279594
ID_326C3365BE,0.012830107
ID_6B5AD0D481,0.06886035
ID_6D198203CF,0.6773219
ID_D5421557E8,0.006835934
ID_7AFBA9E157,0.07351211
ID_28B2925013,0.04476595
ID_47BF8BDCF5,0.7472117
ID_B944DEB4D3,0.012309571
ID_FC8FEC4C63,0.031662453
ID_7BD95E62D3,0.008732035
ID_7FB97E5977,0.022663217
ID_BA523F7E92,0.019603148
ID_583D8F2014,0.026490001
ID_70D1036A34,0.0145785045
ID_F6C4A43110,0.01179115
ID_5D917E7B3B,0.09176292
ID_16D16F2AE4,0.083567254
ID_CB2F1833DC,0.06493687
ID_4E6512EECB,0.021563666
ID_73C988AC36,0.015231976
ID_B2ECE2776D,0.100680664
ID_7C562675E4,0.010331937
ID_273E802AC1,0.02558333
ID_DB53BC1956,0.4828114
ID_81FF07E632,0.014432999
ID_92D6A346DA,0.29416463
ID_2074B38A13,0.010295909
ID_9C89532D95,0.008460689
ID_5A6E7A4534,0.03147419
ID_4CC8738A5C,0.037897233
ID_3D4390E9C0,0.031852424
ID_940B159629,0.006239631
ID_7474792454,0.05856724
ID_625EA0098E,0.046746865
ID_D165FC89AC,0.030579777
ID_EFB7F9FDBD,0.048259694
ID_88BB75B11C,0.54471964
ID_837483F258,0.08078064
ID_BDE565B104,0.051414993
ID_5367F5F3F6,0.008566549
ID_0BDEE005D0,0.056807127
ID_CEF8579EE1,0.12876496
ID_6F613BE4AF,0.27969623
ID_6AD135C31E,0.8516581
ID_F8CD11484B,0.80698586
ID_C84D4801FF,0.9646139
ID_D458CC51EB,0.045145832
ID_27CDA4C71C,0.08079139
ID_159FDC808F,0.31643015
ID_4202D6BD42,0.011697848
ID_E25E666B3D,0.07487522
ID_68C94B98E9,0.049771234
ID_07D555AAF1,0.03461435
ID_4F591DC070,0.039290916
ID_9EE09D99B0,0.05939888
ID_8BA20CC13F,0.041796852
ID_F6C640FFF4,0.036031887
ID_B1B70F9B74,0.02084486
ID_E87879BB51,0.0070706066
ID_C63F807391,0.0664457
ID_B7FDA746B5,0.74287933
ID_75C2F00F6E,0.58961034
ID_EE5DA9CC3E,0.012145918
ID_FDB6AC1FAD,0.024995746
ID_251AF0C7CA,0.98645526
ID_2A00B2BF2D,0.013193292
ID_54405B0BC9,0.011286005
ID_3864197B15,0.022615014
ID_B05CEA05B5,0.46328962
ID_FA08B691EB,0.71388227
ID_00E6ABB682,0.09087839
ID_E0AE1CD61F,0.028708417
ID_C017A8BEE2,0.01578271
ID_98DF915099,0.020565597
ID_A83DB34D77,0.11844993
ID_27D9D6BC55,0.6557237
ID_404C98BB95,0.40631437
ID_38273884E7,0.0077286777
ID_3AC9ADC389,0.089242786
ID_FE2F34C715,0.019051705
ID_606B265610,0.4085031
ID_554628ECF0,0.0048147766
ID_2E79A8DE47,0.048628945
ID_8E518C0921,0.26539677
ID_5A7364BF58,0.022937799
ID_4C51430C2A,0.009145056
ID_9819A4A8E9,0.007367685
ID_E308B3D164,0.0056637367
ID_50763E4497,0.106551155
ID_8F97368B56,0.92827815
ID_7E426394DF,0.007831731
ID_3EA5CE60E4,0.0052049994
ID_2398F28417,0.15878724
ID_F70A987B9F,0.0077523678
ID_A571EFEB87,0.8273898
ID_038839288A,0.07412496
ID_CE05838AB7,0.21428703
ID_07067A5880,0.037711214
ID_9D9C39C4A5,0.94990784
ID_28FED1C7DD,0.02010713
ID_BD062DE58D,0.012461444
ID_2801FD9CE5,0.014816853
ID_1AE3438135,0.01791602
ID_FDB36F00D3,0.0062404266
ID_5868560271,0.32856762
ID_75C12E1322,0.017013164
ID_186643147B,0.22304031
ID_657A337048,0.078078374
ID_1F0D6267D8,0.05110807
ID_61637909DF,0.009222438
ID_80CE67C60D,0.14763452
ID_ADBA25A065,0.029711282
ID_360C595364,0.3199321
ID_99A77B5EE6,0.049082134
ID_F63F78E4A7,0.011977972
ID_94292BD9F1,0.039360788
ID_D9C3B39122,0.14898492
ID_DD28639434,0.005792638
ID_A84198A157,0.05639935
ID_289DF46D25,0.4684591
ID_5197B04D56,0.015421039
ID_470B4E9669,0.06751272
ID_0886FD579B,0.03355279
ID_0EDBBA4BA6,0.6497626
ID_557983AD68,0.14058688
ID_9974D640A1,0.016511615
ID_6EF8D3892F,0.046633996
ID_33DA8B1802,0.31182706
ID_7913CE9471,0.05822528
ID_5045882CF9,0.05877777
ID_AB9AFC3480,0.005663535
ID_2F57402201,0.17638613
ID_03A8949C8E,0.18570316
ID_26CA613F47,0.68750155
ID_817F160D60,0.01588132
ID_5FA23E4B81,0.7872462
ID_5EAE245EAD,0.031334285
ID_2D9938991E,0.003783519
ID_233BB15645,0.3020724
ID_FA00C4524A,0.16258533
ID_83958B6AEE,0.79428804
ID_CE3FD5E9E7,0.003763803
ID_007B3BBFF5,0.099522136
ID_4666992BF9,0.006781379
ID_96A3484C50,0.006417917
ID_ABFA8B470E,0.0098382095
ID_58141321A8,0.13761267
ID_CAA6CFFFF1,0.01763995
ID_C6749A2480,0.021584392
ID_BBF0B00DEE,0.009243144
ID_79824C246F,0.030933239
ID_CCBA18A1A1,0.012028287
ID_47563F7DF6,0.100520626
ID_CE07F12376,0.0076352614
ID_AFBA85628C,0.31683394
ID_83F9084052,0.014537547
ID_94E316DE2B,0.0429857
ID_898ED9AF82,0.46864304
ID_5C8025A145,0.13435122
ID_76B2E398A8,0.2771414
ID_360E6900EA,0.16614743
ID_8C70B06610,0.043701652
ID_F64D15640A,0.017380366
ID_0321DE46E0,0.037606806
ID_92E2814B43,0.0072464463
ID_D446CB5C52,0.27489874
ID_E18DBFBF53,0.104443386
ID_B6DF4A868B,0.008964696
ID_393596FBCF,0.71378624
ID_3491357EDE,0.005602998
ID_F8D347B3D3,0.02524386
ID_6607116305,0.018400943
ID_9F19898A2E,0.07786559
ID_DC3965F89B,0.12425256
ID_D1D77E1B59,0.008942897
ID_CB860FE229,0.047875617
ID_11693C7587,0.011002499
ID_936B7137B4,0.021923235
ID_03E5733B78,0.01022156
ID_DE2D464F46,0.08254888
ID_781B90236E,0.032668635
ID_2C9A8AA9B1,0.08844967
ID_76B0B4BA41,0.008011613
ID_7DB891AAB6,0.008783183
ID_32D135BC2F,0.015434938
ID_40999BBF23,0.29035586
ID_F144D4C213,0.037558664
ID_982877437A,0.07062791
ID_940CDBE283,0.124862336
ID_5D258794B1,0.0066220085
ID_1DE0C48AC0,0.02277593
ID_C724FE35A3,0.036702096
ID_11EF18EB44,0.05866208
ID_66857AD762,0.012213457
ID_106B4CC111,0.106587425
ID_209F5A0ECF,0.06684866
ID_177D02D74A,0.139476
ID_6A398093B6,0.23384601
ID_48B3A037A1,0.014882748
ID_18E3870EF4,0.055149462
ID_A79669D4D5,0.044814374
ID_D43EF0322C,0.011377928
ID_9E9CE870EE,0.010809938
ID_58F0CB28A8,0.11424028
ID_DA02DA6AD3,0.025274394
ID_11F3A4D1DD,0.88815814
ID_CBA9301079,0.8611242
ID_2A7477CC25,0.085244104
ID_39A8E17D30,0.060348336
ID_4955460184,0.71266884
ID_5220C72924,0.058711592
ID_52D3E14030,0.028780425
ID_FD1464CF8B,0.0057293256
ID_53C5FB3C26,0.27999812
ID_2C8EFBB82C,0.008743513
ID_9E48ED1245,0.0060110977
ID_747B707988,0.0087948395
ID_3D3441DEC5,0.009611264
ID_FE067AEA5A,0.008710267
ID_140A1FE30B,0.81883335
ID_758B79B3A0,0.04060869
ID_6AC8BA2C2E,0.012373943
ID_367CE3F6EB,0.10751448
ID_6975B4D20D,0.013801178
ID_D3659A382B,0.04107691
ID_E9A088DB7B,0.02307502
ID_C2BF24DD95,0.023545226
ID_3B3ECD252B,0.0114850225
ID_6725C0CE51,0.29448813
ID_AF91A0DBC1,0.12898912
ID_6D52B1434F,0.05230225
ID_B22A1094B7,0.010753788
ID_D5F92AB7B5,0.07937413
ID_8EE8822109,0.9749685
ID_174DB9AE6B,0.021405062
ID_38A811A16A,0.0073065134
ID_08E0591AE7,0.009007946
ID_0B46B5F22A,0.032212436
ID_11A79399A2,0.018179683
ID_4776710D0A,0.027707066
ID_BF394EBDCA,0.03515085
ID_7B97A54D89,0.39041245
ID_BC70AE99BA,0.057182804
ID_2219FFBB8C,0.090882145
ID_4B209298CD,0.13882415
ID_2317759749,0.060662918
ID_4B0BCC6832,0.02537332
ID_FD511A3263,0.10709333
ID_C64CC40B37,0.10007619
ID_6B73C256A9,0.13973543
ID_0BA264B1FD,0.63604367
ID_7E63ACE0EF,0.048292752
ID_6EBEE1F990,0.016563911
ID_8E711849F7,0.030618975
ID_B204EC8537,0.007197419
ID_CC166A49CC,0.0134363845
ID_5A0A77F853,0.8402957
ID_B307BB24CA,0.06138997
ID_3671F40127,0.18024829
ID_B3D0D81D63,0.03816495
ID_64EF6917B9,0.0087882755
ID_FC2C1020B6,0.01498796
ID_9AD460F94F,0.07906809
ID_A4551E4F73,0.00824288
ID_C193C42219,0.039840773
ID_29E2C00A35,0.008530783
ID_FC22FFADEE,0.16031484
ID_7991B80081,0.018505516
ID_BADB9224F5,0.031551845
ID_8A6A2D0079,0.077554375
ID_8F10B37E17,0.045264516
ID_D327EF259A,0.029995352
ID_8045106040,0.008458949
ID_CB0F9AB6FC,0.010606708
ID_5805C4653C,0.052553967
ID_12C5553908,0.124262415
ID_DBE95A5933,0.005858335
ID_4B3A3E497C,0.10131337
ID_75BB1855E0,0.041176558
ID_F0AF3AB5DB,0.22745323
ID_92450AFC13,0.109996416
ID_DD2311A269,0.42119154
ID_23E79A3CD9,0.019965693
ID_AB2C723936,0.014596059
ID_9CE1D7864B,0.0042339354
ID_4E5555F62C,0.019386416
ID_A9DD5F1E61,0.08774098
ID_C25A403380,0.013987864
ID_106B69285B,0.28854737
ID_A873860050,0.005407201
ID_C83B52F5D3,0.38180718
ID_B88D57544D,0.04653564
ID_BDE94725CB,0.41308093
ID_8BC2AE9AD1,0.06367133
ID_22805CFA4F,0.017465044
ID_1AFA02A4E6,0.5574417
ID_097C27D7CC,0.078401566
ID_81E299EFF9,0.06879041
ID_7E1746C989,0.0919476
ID_F9C3D1D035,0.027719991
ID_72D30E39CA,0.053303774
ID_2138D42135,0.21800813
ID_B14B575197,0.007901272
ID_1BE12BDCBB,0.014077346
ID_56B881B098,0.11772212
ID_5A67178BB3,0.033813264
ID_2A79997594,0.014212749
ID_B43BC8E589,0.02842076
ID_2F416AE274,0.030212844
ID_FAD2A4E6C7,0.03188926
ID_1205E7997E,0.39824477
ID_3BB97588A3,0.057627004
ID_6E79764D30,0.20152986
ID_6B7E52E636,0.010799625
ID_2D3758EE98,0.018290738
ID_4A02538D8D,0.11717707
ID_BABBA071FD,0.021730406
ID_E038E15D8E,0.021463066
ID_F0DB74A044,0.17416725
ID_97FF067A30,0.0087983925
ID_1BAB9554D0,0.09731992
ID_77CD6C49E7,0.25694022
ID_21A5DD9094,0.12245371
ID_8C6937A919,0.023535842
ID_2A60CDC19C,0.11593129
ID_EEBBAD454E,0.0967025
ID_2D8E914C97,0.027138252
ID_13DB06FE00,0.008776863
ID_E4398E57B3,0.043142494
ID_148D362BCA,0.09166258
ID_6D8FE071F8,0.016415037
ID_379B3D5BCB,0.035095796
ID_415FA7FB66,0.81489336
ID_786EC2F126,0.06158557
ID_6AB53E8072,0.06533585
ID_78AAAFBAF7,0.0070557203
ID_B19C9689A8,0.030354012
ID_AB89E01BC3,0.030642
ID_5DEF0569BB,0.18893142
ID_B6F09D0F9E,0.050251525
ID_6B4A582E23,0.2511695
ID_B7845A8772,0.07588937
ID_AF19571114,0.07583589
ID_3A712F625C,0.12175805
ID_B034D4453C,0.023579478
ID_D8C50CFBAE,0.17509401
ID_6330DDA2A7,0.027730584
ID_A7AF90E24D,0.024695575
ID_7816295BE2,0.012003002
ID_CE8BB0F97E,0.008564701
ID_0B16F022B4,0.010571649
ID_BCE37CE53C,0.104633555
ID_C1DF651369,0.17382698
ID_8B5D484811,0.028228462
ID_1B4AC770A1,0.9880319
ID_83FDB758B4,0.062083215
ID_E65272D48F,0.10704832
ID_37548BD073,0.010234172
ID_A472DFEA09,0.023622274
ID_5AFBFD13B5,0.25809175
ID_DDBD8093BC,0.02103222
ID_571B755BEF,0.17276682
ID_2EFBAF935C,0.18914881
ID_F0BE6BB390,0.008423531
ID_C4691C5213,0.19786538
ID_5976041934,0.024211368
ID_DDC1562BFE,0.018758826
ID_210EC67D4A,0.1267769
ID_1EF7E16737,0.0054267203
ID_A25E888C97,0.06857665
ID_8FD723E085,0.28171593
ID_0CD7A92033,0.017557569
ID_AA50CA7446,0.020360827
ID_2B4A66D5DD,0.007068064
ID_5E3ABC36AD,0.012205449
ID_3E816AFD8C,0.054328967
ID_C9FA213BF3,0.16504456
ID_056A1E73A4,0.0034983908
ID_D8894151CB,0.06776297
ID_995DB68CAD,0.018215608
ID_874502F8CB,0.6508958
ID_B2F8D39F1B,0.036883358
ID_8D1D252866,0.070793666
ID_B6D52E8F35,0.032973383
ID_42D51DE73B,0.09670927
ID_87C7CD096B,0.09964611
ID_8A98B7DBA2,0.019794527
ID_A62606FE1F,0.04417918
ID_B12EC5DF7B,0.12872367
ID_ECE3D41AB4,0.04992659
ID_A77AC029D7,0.08345666
ID_E8A057EA09,0.55209714
ID_DCF5EC59BF,0.11759598
ID_41F4E085F4,0.033228226
ID_510E487D3B,0.01256621
ID_A07DE6BF08,0.03445815
ID_47DEFBD2AC,0.027282061
ID_3B1ECA4799,0.021702876
ID_EF0E22D85E,0.008519953
ID_18809A1F0F,0.21683405
ID_17428DB7C6,0.041535024
ID_11681C1AE1,0.111898616
ID_A831713822,0.02270827
ID_0F6D9FE25E,0.048167735
ID_B43DDEE508,0.009172159
ID_9DD14A3E6C,0.73878044
ID_C2DD787D56,0.021726582
ID_E473399556,0.2588474
ID_FFD60D06A6,0.00625153
ID_CB903AEF99,0.4425117
ID_5FFDBC8C3A,0.63268775
ID_C6F2BB53AB,0.04546209
ID_D3982CA709,0.020170607
ID_416BD66B8C,0.11366623
ID_3E7E9D446D,0.39656353
ID_D143AA9D56,0.16036597
ID_C652FFF98A,0.63272595
ID_1F12717496,0.13776016
ID_37DC94D70E,0.06828904
ID_B7DB1E6B6D,0.008773713
ID_5B0D44A29A,0.04279281
ID_D9C8EDE5FA,0.009839106
ID_02861DE941,0.013528093
ID_75CAD66E7F,0.028633527
ID_CFD0A3408D,0.040677223
ID_C8EB2CE25D,0.022653168
ID_141870FDB6,0.122552976
ID_7BB65627FF,0.03626922
ID_69DCC2AC53,0.011318506
ID_96D4BF076D,0.16089208
ID_7713F7A38B,0.0077021294
ID_A3900C113B,0.066635564
ID_BE06297A1E,0.007760195
ID_8812CD988B,0.008656377
ID_017B2526A4,0.008248205
ID_1AE4007B20,0.020251626
ID_B9CB84FEF2,0.07056902
ID_C0458C2FCE,0.14246143
ID_4AA76742A0,0.08877001
ID_293DF9580E,0.041346926
ID_A849616AB8,0.010415425
ID_44DEDF0790,0.009790894
ID_89776AE57F,0.02942959
ID_639DEF5ED3,0.023509694
ID_561B0BC675,0.27948242
ID_4AE6E2668A,0.12125828
ID_0E501472EA,0.102740966
ID_3578E4E809,0.035138994
ID_B09001C9FD,0.30465445
ID_0ECD9365F8,0.11049267
ID_F74583E644,0.08040904
ID_731E559DF8,0.039775915
ID_EFBA67B4F2,0.005521447
ID_FF8D830619,0.035965953
ID_260E6C182A,0.02038586
ID_949217B201,0.95496225
ID_80588D7F8A,0.48967358
ID_173510B6FC,0.11707634
ID_ACC38469FD,0.11247198
ID_9BD2030991,0.03543125
ID_8F02CED8EF,0.43968716
ID_19BF3DD516,0.011328917
ID_153D6D72C9,0.66452557
ID_28B383DF0B,0.15818164
ID_BA56151680,0.016449459
ID_6D2BBDBDE0,0.0052399347
ID_A5AE27DFD1,0.06808534
ID_5446E0C54C,0.2471446
ID_2546D894B1,0.014296161
ID_D5AD362AE8,0.011736171
ID_E5B26126A1,0.006185288
ID_C83B887565,0.042878382
ID_D8C38669C3,0.0045117163
ID_9CD5E9A9A5,0.04217245
ID_48DBDC0153,0.016357714
ID_50420B08D9,0.23335962
ID_70A3774FB1,0.83695847
ID_C77EBFF780,0.9945606
ID_48DECCE490,0.01207297
ID_17F3439B04,0.05039121
ID_EE8ACD50E8,0.031898912
ID_962C879E15,0.028256403
ID_32529B8756,0.7537992
ID_5B33CAD11C,0.3396483
ID_A01AF4B574,0.10912057
ID_3801E590F0,0.1865559
ID_309DB491A6,0.057865594
ID_866F1C0594,0.3177361
ID_1C705AA739,0.011055069
ID_1DB3E54E90,0.016086528
ID_B76CF96168,0.06936679
ID_993F29B169,0.012925206
ID_20900F79DC,0.026616773
ID_B010168B36,0.005996805
ID_D389C953AF,0.020529723
ID_727C935B35,0.25522614
ID_57BC0526DB,0.04940704
ID_B5F4E0A0EF,0.0050386325
ID_877FC71C26,0.14659926
ID_F00F2DFD5A,0.20756958
ID_F22DE1D53D,0.010576095
ID_327E12877F,0.03978423
ID_B0A5FA1A71,0.010272931
ID_9D85F80398,0.008833244
ID_CFE199ADFE,0.038232733
ID_7338A67766,0.0062351287
ID_D280171794,0.048527792
ID_89F34C977C,0.025269795
ID_9B83142E1B,0.01722267
ID_5D88040E17,0.034124296
ID_32D6AB19C0,0.1603214
ID_9437677153,0.046907
ID_9086BF613B,0.093210466
ID_38C5D5E919,0.2340589
ID_95BC70A96D,0.48881155
ID_C5FB39C28D,0.9098357
ID_F8F11ECDE6,0.04083252
ID_61352BA7EC,0.1956066
ID_46B7F88270,0.07559622
ID_EF72382E1E,0.029343804
ID_1BA0C6C5B4,0.03832499
ID_D796077704,0.023277398
ID_FBA5B3802D,0.50871044
ID_A53C6AFAC7,0.045755085
ID_8D332B301B,0.029475804
ID_CF60856E35,0.025386164
ID_3AD35129B1,0.07103327
ID_5FAA3E0155,0.032222185
ID_2BD559A2C1,0.08226485
ID_EC56BE017C,0.72163904
ID_2B8A652F34,0.00646002
ID_3B58757704,0.23008992
ID_F86C128814,0.033516202
ID_470EA1A7BF,0.025369594
ID_264F62F86E,0.12490224
ID_5B0DE613B6,0.037178952
ID_8EA89D2DD0,0.09927817
ID_4C5A357ECE,0.17282718
ID_E9941C480E,0.01667889
ID_41650305B7,0.013803162
ID_A5C7557468,0.0236897
ID_E0ADC0D03C,0.9066644
ID_836952C912,0.907819
ID_3750D8E685,0.11523365
ID_8327800F82,0.011125617
ID_BC37C1DB69,0.011968394
ID_1DF0F61155,0.2746185
ID_CF19C64748,0.010289128
ID_D799925121,0.010196628
ID_C2880F85EF,0.6120516
ID_D49FAF0F49,0.007038795
ID_7BE327A7CF,0.35469562
ID_2369AC7467,0.057805352
ID_864E8C1374,0.04941013
ID_5CC10E6472,0.009898893
ID_5C53650CE6,0.808221
ID_474818F15D,0.025167167
ID_A505314472,0.805409
ID_B200303B72,0.0072591924
ID_265E527404,0.57872397
ID_ABCC771593,0.55976814
ID_D1FF2E6243,0.36744162
ID_DA2029A8DB,0.6193087
ID_8EDCC85F4F,0.005332696
ID_A52B83F73F,0.061568692
ID_E6F0538EC9,0.047498334
ID_12F6F481E1,0.016138196
ID_3D57D41110,0.21312894
ID_062BB6DD0D,0.18514612
ID_A476F34D73,0.9833174
ID_0273490FA7,0.6530422
ID_4FABE7155F,0.35238668
ID_74FF93549A,0.10378471
ID_F0C40F5FC5,0.006305992
ID_5FE8974110,0.014038246
ID_3503E2886C,0.060804617
ID_D8504EB0EC,0.027830116
ID_D8ACF99A4E,0.016347876
ID_8611F6467A,0.103603125
ID_9393DC9A0A,0.04606265
ID_FBFFF302C8,0.007879969
ID_19D611D972,0.008291264
ID_DCDD3F79AB,0.029471586
ID_81DE527DB9,0.258204
ID_6AFF425CDD,0.0064756265
ID_87DEB6C3E1,0.16510256
ID_F7BD0FF440,0.3566875
ID_990CE98437,0.07992806
ID_E8C609E985,0.63600075
ID_E6BE6479C7,0.19332577
ID_6E2525C782,0.044994142
ID_160929130C,0.57014906
ID_94101D4E8B,0.6605976
ID_F314F9CA09,0.022668244
ID_7B2120C984,0.11189177
ID_92A68B5857,0.029430345
ID_7515CE7504,0.15218107
ID_390CF9422E,0.0054673906
ID_424178A575,0.054616388
ID_057478B92F,0.8852363
ID_F9ED7765F2,0.011560325
ID_BC38EEBB67,0.02465802
ID_38813FB65B,0.07094228
ID_A2788D94AB,0.9624087
ID_B733EFCAAE,0.121643215
ID_BD2F119D19,0.5065103
ID_DD198F5A61,0.05087551
ID_E08831EAFD,0.012216167
ID_0222142266,0.014498268
ID_6B5C8CE021,0.017958887
ID_218418246F,0.053544227
ID_224E28EFF0,0.005590183
ID_8AD8A890B3,0.17075264
ID_202875C9A2,0.011452342
ID_374B38C64F,0.013049198
ID_B56EF251C2,0.05836915
ID_06769904D5,0.060056172
ID_4FD743AD38,0.039956037
ID_3C2F71395C,0.13033196
ID_7F6F487F8D,0.16958863
ID_1F79F0C49F,0.021402512
ID_645744E080,0.04400034
ID_AF55C5F27D,0.008171613
ID_D24DFC4AE3,0.065083936
ID_ABA664BD50,0.030273627
ID_D1D16C0007,0.014027187
ID_AB876639B1,0.044202935
ID_EB199B9D61,0.039779928
ID_3D4935D653,0.025938695
ID_C0738BD740,0.2749808
ID_D918D7C7F1,0.107843734
ID_E20D8CDF9B,0.111431226
ID_DA684D1806,0.06279084
ID_B03217A1A6,0.104610726
ID_EAFF5CED4E,0.2352522
ID_5F441D9460,0.2840607
ID_73788CAD4A,0.020561669
ID_476DA12E40,0.49363473
ID_9C36EA0B9E,0.26714835
ID_81F66466A4,0.10595876
ID_61A2F087ED,0.010597013
ID_304E096C34,0.058868345
ID_574ABC1A4F,0.009440082
ID_D47D918F47,0.101932295
ID_3363730A76,0.05861057
ID_A02F70879D,0.017038168
ID_94457A4A3E,0.030767063
ID_B90BFCCD3F,0.06558096
ID_8A66D8C4FF,0.005574751
ID_7D9C83E521,0.007910872
ID_284C5F505D,0.6215703
ID_A86B9BEBC4,0.0071655232
ID_161C6B1C34,0.054604337
ID_44554D78D8,0.011492789
ID_A96C339D50,0.007822338
ID_76FD2ABAEC,0.035813987
ID_B0993344F4,0.028365817
ID_68BC8C13D5,0.04941286
ID_6F216513BE,0.014762459
ID_2DA94552A1,0.112074174
ID_AD8C08B7AB,0.03423071
ID_6DD37861AC,0.02037265
ID_3609AE766B,0.2934366
ID_4DA85664FC,0.01969783
ID_A40F4802EE,0.038999
ID_464C432E37,0.085549
ID_396A2D3284,0.016971905
ID_9B76951BAC,0.67889106
ID_4BA7E3ADCE,0.3158903
ID_F7BC8CD74C,0.021365637
ID_503C92080C,0.07638822
ID_36C7C4B8FF,0.6340103
ID_BD98262D41,0.64146584
ID_57AD2DD87A,0.1509614
ID_BD07E3C2D7,0.021595668
ID_27EB6A3200,0.07375888
ID_2624393092,0.011354959
ID_70F52F2F23,0.09168677
ID_2E70968A31,0.569904
ID_924D7885FE,0.06623507
ID_8C4E358C2C,0.017268322
ID_1F189DEA7B,0.19394027
ID_19657150BA,0.04744028
ID_DB8A03C916,0.008522777
ID_69949448AD,0.050993312
ID_FCD0BC9D8E,0.015795903
ID_3EAA31D023,0.01867617
ID_348D6F3383,0.026960438
ID_26227BD684,0.035454523
ID_BEB7E3E90F,0.02264122
ID_694E09D492,0.014365575
ID_6ADBA07FB9,0.41722408
ID_43CEEBD2BF,0.8639157
ID_52A3A2248B,0.7762895
ID_819F1C0B37,0.18489738
ID_C46C7CA6EF,0.010586539
ID_7271DFE86B,0.64665747
ID_7FFA81D23A,0.0077138226
ID_7D7B48A35D,0.065627754
ID_060A577763,0.44144967
ID_8792B13687,0.16979043
ID_D087E39D70,0.011062394
ID_5D5CD02EEC,0.21216309
ID_9FACA5E6AA,0.8135391
ID_57CF6C6843,0.056843013
ID_E5DE885AA9,0.03974925
ID_265B1A0FA4,0.02288332
ID_7939CB6CB8,0.060523733
ID_7758BC12B8,0.01635253
ID_39D9533DCE,0.04102571
ID_D82578728B,0.016618893
ID_7591AC3CCA,0.033812203
ID_0BBB9152D2,0.034363832
ID_3D1E95FBDD,0.005104845
ID_84ED5D60A0,0.10597297
ID_B80EDD1758,0.9901506
ID_4017B56C53,0.39327398
ID_E87724A260,0.33470282
ID_5EAB0044CE,0.024902962
ID_214505993F,0.03503214
ID_70D928FF8B,0.3320218
ID_7F30CE7E04,0.19844376
ID_F81ABFB589,0.009012268
ID_ED6CDA2DC6,0.01639835
ID_1DA902FD37,0.012663298
ID_827E76FE4E,0.98923576
ID_4D8D9476F9,0.05328913
ID_571C822713,0.02067702
ID_135D188FE4,0.12386847
ID_32847D05A5,0.27266902
ID_7F7C8E36EF,0.021944879
ID_4CE246ECC3,0.27501196
ID_69861B545E,0.7910434
ID_59753804C6,0.054564994
ID_2BD14F1AA8,0.07439542
ID_C309E1EB7B,0.042601787
ID_2631FF294B,0.027335962
ID_63ADF22403,0.10258766
ID_53D3EEEE60,0.97663784
ID_9804E2C811,0.007104188
ID_B8DD1E96CB,0.19492961
ID_E93BCFB573,0.0055063805
ID_AA468289E9,0.24040148
ID_829BE5FAE9,0.013550322
ID_2396BF2D62,0.0277986
ID_F9E021ABC7,0.0064363936
ID_7C703A3E37,0.33994687
ID_AA60CDFB02,0.94859177
ID_64D7A85088,0.021761943
ID_59F95891ED,0.016381668
ID_B50BAF47A6,0.0076148342
ID_46805C9212,0.27192053
ID_A53C9EF661,0.06165896
ID_E682A6C10A,0.012366835
ID_00D7569A69,0.3063105
ID_C5748B619D,0.039271455
ID_EA26DEC99B,0.030188862
ID_531E2FEB0C,0.5954316
ID_7111740B03,0.027387043
ID_AF428FA403,0.07787589
ID_D2C7F1673A,0.58701766
ID_8A7AC640E4,0.45584682
ID_5AD8ACCCE4,0.012415123
ID_56BCBA1237,0.27231503
ID_499B56DD39,0.016729888
ID_4D8553F03B,0.008871319
ID_246B60EB3C,0.018377138
ID_E3A379ABBF,0.03847152
ID_4FED839A93,0.026301194
ID_A903A4C818,0.04212595
ID_B76DE4B572,0.016257802
ID_8D51404A77,0.014374466
ID_8B0356F993,0.0063454336
ID_5DD6FAF129,0.024795821
ID_A3D2BAEB22,0.011825344
ID_8379A17F6F,0.2671532
ID_25F194F2D0,0.04429632
ID_D1C848C91E,0.06643754
ID_AA1DF6E0A7,0.021577507
ID_6BFF200ECC,0.64901817
ID_B7A99DDD5F,0.04288367
ID_8B6F2BF7AD,0.066637024
ID_894DFEAE66,0.018002184
ID_965C74561A,0.018460758
ID_4AD073AC07,0.20157474
ID_0FB7B5A581,0.07818633
ID_613C33DCC1,0.22801886
ID_1BECB94A9C,0.010297919
ID_4E4BE31BBF,0.031451207
ID_FE920DE1C4,0.11381428
ID_C02AE73E08,0.007148526
ID_043BB2E441,0.021455534
ID_E25F490A1F,0.022501305
ID_2A36AAA057,0.0075285994
ID_BFBFC7302E,0.070241116
ID_C37A0217A7,0.029782591
ID_7731EF0D4C,0.54941654
ID_35A39E1DC6,0.009247766
ID_8E62EBC82A,0.014858781
ID_17C46DF40B,0.21846502
ID_4D029680AF,0.08496551
ID_32EE18F039,0.18825625
ID_9F2DCF44C9,0.010535045
ID_26B818C6DE,0.014190602
ID_DFC0D14A93,0.10354519
ID_66358EE5D2,0.5586159
ID_22B8FE7B21,0.18955106
ID_9F447AB693,0.5098705
ID_4E75F8CDD7,0.110310584
ID_EF83D1F8EA,0.007069629
ID_5AA16A0F0B,0.020704152
ID_C192CF611C,0.4106274
ID_33BA7587F4,0.8847962
ID_42D2AF6CF3,0.013740124
ID_D191B3DCD4,0.33508042
ID_D473207829,0.018414568
ID_44ECEF4F84,0.15066756
ID_5822588354,0.014377754
ID_8FE8A1D38B,0.008213562
ID_7B655412EF,0.08177889
ID_AEF63ECB97,0.2812031
ID_8260F0335A,0.062051225
ID_A41375D09E,0.008849575
ID_8533C2D22F,0.014173897
ID_3A5DED5416,0.13199115
ID_C7BE7DDB34,0.030446675
ID_50AEECB270,0.04503169
ID_2A5F7C6A05,0.036367048
ID_5183DE41A9,0.05594628
ID_577BFF0075,0.03782932
ID_53F207D5EB,0.09420625
ID_2A5C24A694,0.16874579
ID_17DC3278A6,0.21871501
ID_6219CCB33A,0.10012329
ID_387F79AF6F,0.17053033
ID_A03120801D,0.02857089
ID_F22E806F86,0.009509243
ID_54FC6873EA,0.10831779
ID_A150CC8092,0.091831304
ID_5962FF552C,0.023174748
ID_4EB1AFF3F7,0.008687033
ID_B50AFDD323,0.87665415
ID_714DA2103D,0.007734823
ID_294AE71366,0.88600636
ID_CEA459D3EC,0.06824961
ID_CE7D92574F,0.42789006
ID_D1F08E1F1B,0.044610802
ID_7EEADB216D,0.010395981
ID_54EDBCBE93,0.9845068
ID_AD4E6752D9,0.11880572
ID_601F8C74B6,0.8566886
ID_F2DB701BCB,0.011212119
ID_C24C5C6A7F,0.043903474
ID_F96849FDB2,0.13874601
ID_746D369ED2,0.059009567
ID_96D9AA8367,0.8942673
ID_C669D2D578,0.021954115
ID_74FED04907,0.9340618
ID_3AAE8584F0,0.049610566
ID_21520E5CD5,0.2685087
ID_D5B8766791,0.078707375
ID_E76DDDD30C,0.004814118
ID_6CF3E24EA7,0.016536662
ID_2F2C98F83C,0.11595802
ID_61D5D9B37A,0.02255192
ID_6387DF26ED,0.043863185
ID_56EEBCA47F,0.012688456
ID_FDD3F0508C,0.0043611233
ID_7674010915,0.09767262
ID_02CF40E4B4,0.008171925
ID_5567B32D27,0.2810784
ID_85D29B9681,0.99201775
ID_5E2FC2410E,0.040193386
ID_3DBBCF2F4A,0.09026502
ID_A50BF6B57C,0.030922826
ID_B0E865A60A,0.83039296
ID_DA590E583E,0.02128479
ID_9AB17FEB7E,0.058465485
ID_60D7E37603,0.02278546
ID_CC5EA6A28B,0.073760495
ID_8D886D9B17,0.041880783
ID_BDE75259DB,0.0065159216
ID_FFDB5AE3EC,0.025236936
ID_5AEE2F3118,0.007845054
ID_8D0261B76A,0.3315418
ID_0C71E515B2,0.019311104
ID_2927A0D293,0.056655433
ID_CD5C9E65F0,0.011518293
ID_C190AB56B7,0.027631981
ID_ACFBA8FFD0,0.0094597945
ID_FBE3847B33,0.06896036
ID_9B9899E3E1,0.119231604
ID_64E43D7B4D,0.027529763
ID_0A2B634575,0.027263308
ID_9E2286E21B,0.014023866
ID_F527CC63F6,0.0068842242
ID_F3125EB7A2,0.7344486
ID_589728494F,0.09736479
ID_97C8E6FB07,0.10477919
ID_2D35E0BD78,0.013477397
ID_3C34F890CB,0.5250893
ID_612B714B22,0.30251822
ID_55463C0BE6,0.012526675
ID_6996A670EE,0.03458594
ID_A1506CC4D1,0.03072194
ID_1FA255EF16,0.006564662
ID_1739318C91,0.18221197
ID_4B075734F3,0.026610143
ID_7A526E5660,0.054515455
ID_947D0D3D40,0.8206495
ID_B11C43F135,0.051942725
ID_31FDF6B777,0.2768696
ID_5F7D0BEC00,0.07145768
ID_9A2CE34CAC,0.047650475
ID_34A08FDBF6,0.24252327
ID_54D2AD5346,0.006331388
ID_39A5940642,0.027128547
ID_4DB17D8F3C,0.43191743
ID_92A7DCBF7F,0.013321117
ID_776B0E30EB,0.026987314
ID_9E0BED2314,0.12192735
ID_1FA764DFDA,0.057333663
ID_DB10972739,0.044148438
ID_2645320A52,0.008320024
ID_CE47B19B66,0.0069415136
ID_2CA229536F,0.03616115
ID_1EF6AA3D2B,0.0040131775
ID_818B22DC71,0.0648521
ID_D4E615A6BF,0.020253086
ID_89638EDD3B,0.033544935
ID_E9738E7C0D,0.06666242
ID_CB86F0FFD3,0.62036127
ID_C1E9D95507,0.004137204
ID_C7F43C561C,0.027564032
ID_34A5E879A5,0.0059839184
ID_622E7241E3,0.023823168
ID_CE048DA602,0.19929744
ID_7760A2CB4E,0.0647551
ID_78DC851B93,0.02402292
ID_ADA83ED81E,0.03817498
ID_D8448C14AB,0.035124607
ID_99B8EC77AB,0.007521437
ID_6F881185A0,0.007641661
ID_5E9D4F67A0,0.6151641
ID_A5DB65A773,0.009912682
ID_BA45186DDD,0.35864452
ID_F779E9DF76,0.0065296288
ID_F9C003DABD,0.027555598
ID_BA8C5BEEF7,0.009151617
ID_8CB56C96C3,0.060801554
ID_E4989BFA16,0.007387531
ID_BAE601528A,0.016934033
ID_CA3C7944A1,0.09783367
ID_435EE4D28B,0.15866326
ID_FB836396AC,0.063410625
ID_BE5EE831B5,0.13218342
ID_84DD3BF79A,0.13805267
ID_EC2656B2E2,0.020191012
ID_E8D58C5405,0.038989466
ID_A991886152,0.04512807
ID_02AEA490CA,0.17873783
ID_9AF83335FF,0.13472944
ID_6FBD8FFC68,0.29068157
ID_4F2DF86758,0.2255436
ID_E578F0FC5D,0.02402069
ID_7F55005A49,0.36770386
ID_8FE383E655,0.0051858313
ID_36E1CFFFDD,0.031134296
ID_952B390447,0.097866125
ID_F1DE840332,0.11995649
ID_87AEEC6DE7,0.11335287
ID_174A9D2F6C,0.00906472
ID_9EAFDEC0E4,0.14562955
ID_783BD7EE55,0.011751558
ID_FC70C1AFDE,0.07327214
ID_C2748DD6D0,0.16624127
ID_DBB7E4D5A2,0.03260747
ID_060594E9D7,0.028875772
ID_9CABB10053,0.08117489
ID_2E589C2C60,0.009012364
ID_D08049DBEE,0.021070778
ID_689C766EFD,0.07433529
ID_325CCC2D88,0.03209259
ID_78EAAE02EC,0.05771512
ID_68BCFB050E,0.007789714
ID_DE1F33512F,0.04487613
ID_50DE86385B,0.031429406
ID_FB7812A3BC,0.022140821
ID_DF94B7C4A5,0.3815972
ID_04491B56A8,0.026498152
ID_F16B59B942,0.0066742743
ID_6179A4B5AA,0.13321002
ID_F603146158,0.021463819
ID_5158D674EC,0.69921064
ID_8E5C0D7084,0.2645724
ID_D10A09D534,0.25239146
ID_EB39694A38,0.018494323
ID_45C7B6BDED,0.028010046
ID_9C28DA00F1,0.026398057
ID_68BE3088ED,0.04457046
ID_2BF36F3311,0.05073304
ID_DA7F91034D,0.011603242
ID_82874CCF2A,0.2523749
ID_2B2D646B9C,0.47478554
ID_551383E674,0.013470274
ID_68ACA548AD,0.2269158
ID_766E3AC15F,0.05723747
ID_95889FC55A,0.07543102
ID_0363E0AE4E,0.014410274
ID_FFE4E797DF,0.008006629
ID_033B83796F,0.0071785185
ID_B2F01EC7A4,0.019967929
ID_0EF131934E,0.029060343
ID_F7F7C538BC,0.029532738
ID_3790612CA9,0.014722113
ID_A5CA56C8D1,0.0205408
ID_9C946D0F4A,0.017319297
ID_9480EEAF45,0.08812041
ID_43B21B5D32,0.044382874
ID_D4C7C3237A,0.008022361
ID_DFF99C125C,0.019303922
ID_689CC4D5B0,0.008666254
ID_B828B54702,0.22083564
ID_2AB86AEEDD,0.30956036
ID_594DB6B1E7,0.007505928
ID_D1A9DED6CE,0.078246646
ID_051C5BC96B,0.007627662
ID_3BE0031889,0.008764645
ID_0DA8F26739,0.2440208
ID_1439CE4734,0.066065356
ID_167B75EF7F,0.019183906
ID_3DE81E32F7,0.8365827
ID_F38BB465C7,0.03711064
ID_F5274B720C,0.6507777
ID_86D547FF0C,0.009620487
ID_06BDC7CC5B,0.030634606
ID_B5EA7C3BE5,0.0048546395
ID_8592BD851D,0.1627576
ID_FE3A01D92A,0.14561412
ID_76FA3236C1,0.121499866
ID_16BEA52841,0.006234117
ID_B8686A9967,0.020055195
ID_E2EEE3732B,0.015153126
ID_F7104C145A,0.14267513
ID_1E02592A23,0.09757292
ID_32BFCCEA68,0.021810781
ID_A79D16E84F,0.78623706
ID_37D2697637,0.027176201
ID_B5A81ED077,0.045384604
ID_0FD4FC769A,0.021378782
ID_632CC56D34,0.120874494
ID_B51E181E68,0.07378057
ID_8F28B5B3CB,0.069155276
ID_EA853949A9,0.06762445
ID_E6027B2093,0.032080986
ID_E33C683AC6,0.02828523
ID_B2C62FE2BB,0.017350007
ID_E0488916CA,0.00888185
ID_EBCDAF5032,0.12138134
ID_0488001052,0.118708715
ID_4927449143,0.76069075
ID_BC2304282A,0.038674466
ID_BB3ACA5ADB,0.0064147646
ID_0DF06E2FC5,0.1858951
ID_FA2C8E4085,0.009118067
ID_8A05026EEB,0.093664415
ID_8F6BCF3764,0.0510272
ID_D24E216799,0.13805088
ID_65D6C906CE,0.007829635
ID_921CCA5486,0.02421421
ID_E744970FF7,0.117890775
ID_61308D369B,0.023729004
ID_2DF698FBE1,0.012438791
ID_0C5CBE5636,0.016646171
ID_6546219259,0.035085745
ID_1BDAE13C49,0.39368257
ID_930BE34891,0.08210373
ID_D9257EF02A,0.021461416
ID_BED45D8E92,0.06989837
ID_F815FEAA57,0.49126178
ID_94C782A4F5,0.033128366
ID_A9CAE823E4,0.0630604
ID_FD7C971AA3,0.9380649
ID_B1486E7137,0.012982132
ID_948920263C,0.024427451
ID_CC13F70F4D,0.0095694335
ID_CE0D734478,0.17884412
ID_72171BD6E4,0.044866163
ID_1FFDA10655,0.018421791
ID_BC40A2BB3C,0.47345543
ID_26278ACCFE,0.053636715
ID_26BEC06DDD,0.42387018
ID_A222B96899,0.99107313
ID_0F9E01F781,0.018749584
ID_48DBE3AA4C,0.019710371
ID_B3875598C6,0.052920606
ID_EE2FEBAA2E,0.23999749
ID_7CE9755B67,0.03989703
ID_E2B3A92931,0.016260998
ID_561F12948A,0.2007634
ID_1CF0699702,0.008203706
ID_60EE000E86,0.3002169
ID_6076DD9662,0.019779885
ID_E07EC3ED99,0.040718798
ID_841C1AC91C,0.019334767
ID_116E2F0595,0.025780698
ID_0DF16A1480,0.028130978
ID_685A4712D7,0.04664139
ID_C551892B73,0.37730098
ID_75AF0CC7A1,0.01032314
ID_811372AE77,0.62373817
ID_82AABE7CDF,0.06570726
ID_9D8754FC44,0.0061458484
ID_E0A7D87084,0.015881043
ID_21B18CE2A5,0.19552468
ID_E33D8733A1,0.0063402127
ID_C21AD5D138,0.50790775
ID_C707E2D6D2,0.012593968
ID_D3006E6ABC,0.011602031
ID_7061F6128E,0.06506876
ID_1C87DB8F39,0.032684244
ID_84C5F637AC,0.330735
ID_743A4238AB,0.006264992
ID_5876ED890B,0.06765749
ID_0F5F6EC45F,0.04115991
ID_E570ADBC84,0.16676395
ID_48D30FD498,0.1607763
ID_FF8ECA1E44,0.0070396154
ID_FC3E596695,0.19094606
ID_499EA8CD1D,0.8753613
ID_0E297584DD,0.27513164
ID_7B29366991,0.91112554
ID_803037CF7F,0.02068115
ID_52661C0200,0.03270469
ID_B64D9AF54E,0.0071045286
ID_CCDC7BFCB2,0.64604664
ID_541127C840,0.088009365
ID_EC65F1B75E,0.8916416
ID_006B02D8EA,0.021436187
ID_DF505BCEE3,0.06327007
ID_65213658DB,0.020054372
ID_3F99BEB16E,0.009099509
ID_5330EEFB6A,0.009321686
ID_88EDD97248,0.36291796
ID_FD5F993412,0.15119684
ID_DDBD02B572,0.0080526685
ID_7BDAB01A11,0.21101812
ID_43B329D19C,0.02311909
ID_3FCF450BCD,0.09775611
ID_D328BB64C4,0.068812504
ID_5F49044B17,0.017570263
ID_3D1DA38FCC,0.27818233
ID_746C048078,0.008167755
ID_3988C2D2A2,0.10342941
ID_FFAA795B63,0.017270943
ID_5AFBFB4749,0.010083586
ID_18755BC908,0.19790593
ID_2E0A9A67DA,0.010408017
ID_05793F1A35,0.019254833
ID_AC0F7FF3E5,0.020674529
ID_A83503F6C1,0.9242469
ID_58F2E77C6A,0.0122306
ID_451EDFB03B,0.88807386
ID_DBA02A495B,0.3118392
ID_2D00ACAE93,0.1328415
ID_0BB87E2E53,0.005087575
ID_7E780A6190,0.012718246
ID_F890D8AE73,0.04886954
ID_DA6A923139,0.80462307
ID_6797DF9027,0.042330235
ID_44511C7E96,0.02296303
ID_689C89CC63,0.006143887
ID_9154A9E8F2,0.018945364
ID_AD19B5DBD7,0.05130883
ID_4830E909EE,0.29286712
ID_697C683A8D,0.03019802
ID_37F9AC099F,0.019107627
ID_0AE2E65555,0.7528261
ID_ABEAFF32E4,0.03553423
ID_2D5215E823,0.071669325
ID_A22F29AB03,0.020607058
ID_C40CCD02E8,0.53114575
ID_CFEDBED1C0,0.0076122005
ID_2DB43B56FB,0.53767794
ID_C478AE4601,0.015655655
ID_0F39BE99D4,0.2847985
ID_0A6059A6D8,0.023081385
ID_A46F92D077,0.00997758
ID_F600B0469F,0.078009225
ID_AD1885FB7D,0.106603764
ID_93CFB47BC8,0.005750336
ID_2639B981DF,0.10121161
ID_BABFBDA923,0.36730576
ID_60F2DA70C4,0.21285716
ID_D661DEDFEB,0.006472918
ID_EEF7CA0216,0.022233017
ID_E09762C54E,0.018926293
ID_7140B719FE,0.009895548
ID_A705C9CBC6,0.3876062
ID_4E8E041A75,0.68327737
ID_4F1213CB4D,0.046943285
ID_8377455659,0.11745847
ID_A6E22248FE,0.0056106704
ID_30B5DA6D0D,0.67745036
ID_877C7CB7D2,0.075878315
ID_DCD0EA0C89,0.011844243
ID_30317850EF,0.4311657
ID_9844FC0F73,0.04121285
ID_A3F852CA6D,0.106086165
ID_E8A2C085DB,0.10187199
ID_D54F42AC1D,0.34433886
ID_0D6C09FAED,0.036768112
ID_D912328EC9,0.40880316
ID_BD6DF74C64,0.056410473
ID_CC4DA080D9,0.14436702
ID_E6BB51FDDF,0.122249015
ID_7ECD8C18DD,0.5591194
ID_369D9C7FAA,0.009799788
ID_F4E47A61B9,0.059906233
ID_C1754C25ED,0.012968608
ID_938AEBC31A,0.022762466
ID_E4C1E11B6C,0.04239226
ID_E617DB3DAD,0.15277137
ID_DDDB59F9F4,0.017441854
ID_88795FBA69,0.04136115
ID_336F1578BD,0.023587508
ID_D8421FEFAA,0.0420089
ID_65F5BFCDB9,0.010387319
ID_BE659F429E,0.8972092
ID_C424CA9EBB,0.95645106
ID_01BDDCE3F4,0.12661439
ID_4025E777B3,0.031181624
ID_F473461A61,0.0086294925
ID_20ED3DD5B1,0.07183792
ID_94F70D91D3,0.04373492
ID_8ECE0046A6,0.0040332093
ID_3102EF0FDE,0.055991214
ID_FE0AC2411E,0.015680585
ID_426E3D89AF,0.09016003
ID_7A259F0FD9,0.07790823
ID_CE7B875321,0.037208218
ID_6A5E29BE1C,0.22883646
ID_8AA24DC59F,0.022233112
ID_2E5BB0106A,0.0074184877
ID_2225045983,0.20817725
ID_5AC614E076,0.06671475
ID_2BB87C1B41,0.008628882
ID_442E53978A,0.14843844
ID_710C1E1574,0.8355139
ID_2C847619F0,0.008501172
ID_FEB9E1C149,0.015117664
ID_89CB76329D,0.5146771
ID_460BB3A552,0.3658911
ID_7AD5472445,0.15576005
ID_B79DA8DB82,0.08108669
ID_9CF92D316E,0.46038193
ID_40A4A36EBD,0.03936272
ID_F26FAFAF14,0.054920685
ID_4A1FCFA1DC,0.07307112
ID_737FFA02BE,0.307061
ID_D1EC7F0814,0.007898675
ID_AEA2391746,0.0072168475
ID_F9F80CB579,0.10201565
ID_603C7F5560,0.12366064
ID_6DD55608A0,0.007963402
ID_80D50ECE1C,0.041068975
ID_D696B7E738,0.0062923054
ID_4C49988E72,0.017657174
ID_A124B87878,0.007000625
ID_4DFEA733E1,0.015705077
ID_A6748C82EB,0.013951728
ID_C575DD370E,0.021327464
ID_6A394D1BE3,0.77982444
ID_613A8D0C42,0.06323534
ID_FF53C3E90C,0.111157455
ID_9C66B53333,0.9639106
ID_AB2155157B,0.21041928
ID_9E0C0E944B,0.07630155
ID_3BE42BF0A4,0.06617905
ID_45AD1E340D,0.019017396
ID_7CA896FC29,0.10659982
ID_435E2C9ED3,0.111390136
ID_DE8A92953E,0.014075256
ID_CC8F98CF49,0.042625148
ID_D390B40654,0.020490726
ID_E0EC37396A,0.13447492
ID_9F238949ED,0.31909418
ID_015AB60569,0.61437744
ID_B668AA0F22,0.00904218
ID_E2B1D8ABB9,0.006855486
ID_D0B9AE65E4,0.030615957
ID_321974CA3A,0.007053785
ID_D5C8509A13,0.035601526
ID_8510550671,0.077358335
ID_A477C6A54D,0.2634961
ID_C17BD82431,0.015234064
ID_22B79AEF73,0.04621757
ID_9FA5EE285E,0.5638749
ID_BFA795EAB6,0.09394409
ID_2049D31556,0.023428831
ID_883796F19E,0.99063075
ID_644D98B3D6,0.046308175
ID_5FD0E90F3A,0.19711241
ID_5AE14ABFEA,0.031413037
ID_5BDE16B843,0.0063896617
ID_F997E6F63C,0.9702728
ID_6395E53B95,0.016575994
ID_D80AE77FB3,0.037971735
ID_C29E439C7B,0.01208713
ID_8A31ADBCF0,0.89264846
ID_D06C319909,0.017248383
ID_2F16305E00,0.13955894
ID_2EC12A3811,0.053281996
ID_187FA7529D,0.10919225
ID_DC2088C0AB,0.0055298926
ID_705AD3B4A2,0.040997434
ID_9257F6A057,0.088240564
ID_9CD8872C8B,0.050781973
ID_AFC5B6EDE8,0.22613694
ID_12A70AF8E9,0.011660673
ID_07AF7C2E48,0.0072973995
ID_554EAEC801,0.23023191
ID_3A7A7A7472,0.017977454
ID_EC3BA7EBC5,0.025560152
ID_45682E3EAD,0.3331468
ID_4FC90068C2,0.05011651
ID_D54CAF83AC,0.019011581
ID_5A352A90DA,0.008851522
ID_946819BE58,0.007234092
ID_C7F80B766C,0.0112755075
ID_8B6424D211,0.02138085
ID_16ECDA34E1,0.07441676
ID_F1F8044D2A,0.10511704
ID_246A96428E,0.16667747
ID_960D2A5528,0.038203984
ID_4EA6D0D538,0.006266141
ID_04FFECAE96,0.11646745
ID_A3523EA5B9,0.006816084
ID_2C7A5ED458,0.022666426
ID_F0ED0945C2,0.105319194
ID_203AA09A18,0.02186482
ID_4AD48BCE8F,0.008297352
ID_B57BE15036,0.016715275
ID_83A573E4FB,0.006657699
ID_5E46D738CC,0.013682105
ID_DFD6BB8B5D,0.5545227
ID_97582DECE4,0.0084676435
ID_A268867C0B,0.08340486
ID_2816D7B649,0.028707474
ID_7F2874AB62,0.15935104
ID_AF54282027,0.39258742
ID_DBD03E5A3E,0.03437776
ID_02042598F1,0.15289703
ID_0C019D966D,0.25916705
ID_1954D57749,0.339048
ID_CCA4CB0150,0.04519791
ID_3F47085C1E,0.06955406
ID_82A895880D,0.039879788
ID_03D13B2D16,0.020459183
ID_EC110C9328,0.025052747
ID_8C7CADA30B,0.3421631
ID_0993E10698,0.040121254
ID_92C89534C4,0.36633408
ID_C5DCEB0C88,0.38370058
ID_BA964F268B,0.15604238
ID_2BD151D42C,0.03991771
ID_57BAB273A0,0.007025585
ID_BFD1C808FF,0.5000844
ID_128AD2D7A6,0.015107888
ID_CF7CF9C69F,0.8389881
ID_275D17A8B4,0.011388392
ID_9ADF7A1743,0.29244855
ID_32ED86714F,0.1560014
ID_F9B71A06D2,0.063805915
ID_2EA4D6D31E,0.080315106
ID_2CABDEB656,0.15967242
ID_FBD2FEEA7F,0.21574652
ID_29B505CC9C,0.11945655
ID_C104F7DAD9,0.010155661
ID_35D8EC3582,0.019969566
ID_0CF267BB64,0.22463244
ID_4DFAF896BF,0.1369474
ID_A5DA8991E1,0.06420863
ID_5E9242D266,0.107644424
ID_870DD269EB,0.01011
ID_B6D805C4D4,0.020206183
ID_4E57A4C27A,0.013426485
ID_50952E2A3E,0.5471716
ID_89B31CC1ED,0.24470678
ID_3D25D40380,0.013115914
ID_351AB5FBEA,0.30485377
ID_DD42E89AB5,0.030339187
ID_169CF319D4,0.120051
ID_95984FA367,0.013319827
ID_AEB1313D4F,0.023634203
ID_CA3949EF3C,0.107142165
ID_FABB3275D7,0.035021655
ID_60A15C5D06,0.036942713
ID_DA03466A76,0.029837409
ID_3EB99AB2F0,0.009237905
ID_A81B452AEC,0.50017625
ID_D13B00794E,0.10727619
ID_E631A83B84,0.6865145
ID_D47D36252F,0.021504035
ID_1B9BFD5DD2,0.09767506
ID_9EBC4426F1,0.30021173
ID_6445BD3787,0.024054248
ID_76A97BC0F7,0.01602262
ID_B95B5C32C3,0.029435255
ID_AD5F9BE118,0.05002316
ID_A77C8DAE20,0.20198941
ID_AF3E8800E1,0.011770438
ID_B22AE95002,0.008154372
ID_2CFDE90A63,0.010042208
ID_CC6600FFCE,0.0920151
ID_C93580CD70,0.022078851
ID_F2EF986F0F,0.01453113
ID_3EDE98E675,0.2672024
ID_BEA7C34D74,0.94435155
ID_E7810A3B5A,0.032865074
ID_01B83B7F0C,0.010179478
ID_6FF75C6AF0,0.12420666
ID_685CDB76D8,0.024910716
ID_C85CABB671,0.036421936
ID_1FE5296456,0.010966984
ID_BB4CFA01F7,0.6703967
ID_1E8FE7F5C0,0.6305986
ID_2442E6A065,0.02022951
ID_F180BBD57A,0.18436733
ID_B006E87D04,0.00607201
ID_D9F67900FD,0.012525866
ID_F5F430EA76,0.006182941
ID_471D37FFEC,0.011006702
ID_33EFC36E67,0.119244926
ID_C2E436A807,0.12724803
ID_475CA1E752,0.014933025
ID_4DFF77AEB8,0.032062083
ID_C2C1720C4A,0.040850393
ID_76A3045A18,0.11261917
ID_5DD4584706,0.011526511
ID_FDE1F0AA6F,0.035097934
ID_D248BABE55,0.7724441
ID_F1A5CF4FC5,0.009223097
ID_1436E8F346,0.06972311
ID_80F6625D9A,0.0066775437
ID_592CE8A276,0.08228979
ID_E36B4C8D52,0.018267322
ID_0BC352C97C,0.017055122
ID_8E299576CA,0.1231217
ID_36C2FD984E,0.048748247
ID_5B0D7911E8,0.048170708
ID_494AC721F0,0.8286275
ID_72B62F7DCC,0.020787759
ID_90903A05C5,0.7211913
ID_52CC12E013,0.00795646
ID_26FB7A5805,0.006993086
ID_06BBAEDB70,0.09026519
ID_416097CC7B,0.12453223
ID_6AEAD9620D,0.013559594
ID_DFABC4BD6D,0.021656431
ID_D36E525F6E,0.044640336
ID_D3FC3CBD9D,0.012306318
ID_1A9BADE155,0.17953151
ID_840B0D65A7,0.040113077
ID_D1E15774A7,0.005769841
ID_5243782256,0.5504549
ID_190870FC76,0.10994476
ID_C44B2C83DD,0.009487916
ID_4D758FA19F,0.018829681
ID_A260FF7F62,0.1012771
ID_EF5B2BBDD4,0.011499248
ID_E78FB5BF49,0.017049573
ID_C106ED2B35,0.013815261
ID_7347F9C659,0.039831005
ID_9D95C6792F,0.13914101
ID_D46AC6D1B3,0.007648537
ID_6034F2E749,0.008666814
ID_6BC3CE0EFC,0.012879363
ID_5FFAA12610,0.009166725
ID_19054728B8,0.16926545
ID_292745CBCF,0.14450951
ID_C2036FD5BF,0.13944204
ID_1B3DE326F1,0.04440681
ID_2B05816D1E,0.052259486
ID_519F87DE18,0.35588416
ID_E373BFBAF8,0.0066643967
ID_EFFECB2C1E,0.038156237
ID_B4C5B6B95F,0.06639423
ID_139D903E44,0.26494253
ID_801F83146D,0.052084666
ID_B6612165BD,0.010161298
ID_91D0786809,0.39737827
ID_41CC2E158D,0.029079627
ID_3F3A5BCDF5,0.018645462
ID_037253FD6C,0.04094501
ID_1A36DDE1B4,0.09238879
ID_851FDCF700,0.2553417
ID_8AC5C9A269,0.009414382
ID_96F3F1E009,0.010483215
ID_EFC329A1F6,0.12171215
ID_01E9684F87,0.40245712
ID_896CA66356,0.20481846
ID_D3E8FCF947,0.9946329
ID_E72ECAF6CF,0.04006173
ID_E4BB541356,0.008091382
ID_8528FE1E3D,0.29312015
ID_607F3DEEB0,0.010900262
ID_6C27550271,0.01881671
ID_015FE907B2,0.04925985
ID_ECFCB6F246,0.18327329
ID_C70DEBB309,0.020101413
ID_521844ABB8,0.12905677
ID_E5ADC71F41,0.026260257
ID_0724596C45,0.018785017
ID_39C403EBA1,0.45287833
ID_DC18E02A95,0.1074349
ID_72ED3444DF,0.96553516
ID_EE697DF5ED,0.017127043
ID_4BA6861E3E,0.35126823
ID_030D983A6D,0.6809978
ID_983A2056CC,0.03467059
ID_B31D289228,0.4171683
ID_17A5B199D9,0.014479955
ID_F978EE859A,0.61711425
ID_0D6E14B384,0.090562
ID_4FAFBDC195,0.0069107
ID_C8A886008C,0.24722233
ID_3E026166C6,0.03573202
ID_D00D31C2C7,0.011444682
ID_F025EE42D6,0.008637655
ID_CFA3A6FA3C,0.023803607
ID_1219F67D65,0.0069448217
ID_8732A8D426,0.3712019
ID_EA6E53398C,0.026398886
ID_3B44783235,0.12887487
ID_C72F61E8A1,0.20414242
ID_9F30CE9398,0.18062873
ID_044D8D0285,0.0120990975
ID_443E6F6A1A,0.009157809
ID_EBA388F4C9,0.014412426
ID_3001571A56,0.19023114
ID_BEF369E41A,0.056207784
ID_1E8078CF6D,0.8898608
ID_938CF1E461,0.04335141
ID_186524F24F,0.14218102
ID_70E68E415B,0.010087129
ID_AD5C4E4755,0.072835065
ID_DA3C9F3081,0.1276095
ID_66C900D09B,0.5660179
ID_C194AF0176,0.0243176
ID_1E5DBBD858,0.021991758
ID_EFD65EDCDE,0.24129587
ID_02C9628067,0.009731938
ID_3532D3AF9D,0.049454466
ID_263031C900,0.0348605
ID_67457DBBA2,0.023989428
ID_C493992777,0.0068406397
ID_1B6D209114,0.10519374
ID_02C4408611,0.009277886
ID_2B88871BA9,0.09883929
ID_C547EFB8B2,0.7720886
ID_0D47C03AEB,0.28125432
ID_A0B1670CA2,0.7945883
ID_8122A8AA57,0.06750766
ID_E031E30503,0.00832793
ID_E166401C96,0.035207376
ID_EE77E0CF04,0.0169956
ID_54DA60982E,0.08393635
ID_6F8051D135,0.5691559
ID_2E18ACA252,0.033957563
ID_6367BA59B4,0.025734823
ID_7517A712D7,0.009859026
ID_7563832869,0.107291184
ID_FBDC459519,0.12289815
ID_9C71C9A8ED,0.02762086
ID_3DA8911A80,0.020784026
ID_30B29F3C85,0.023121433
ID_0ED25B9195,0.15914798
ID_96DB5B4A88,0.19400787
ID_6A4F4D4EC2,0.01912233
ID_A8A48DF078,0.071015894
ID_BCDE5553D8,0.06166228
ID_B3BE5D914A,0.78038746
ID_DE49646E66,0.011611836
ID_2D9E3D8203,0.06559242
ID_F5CA6AF1B4,0.014007099
ID_07CCC12238,0.1085209
ID_1017BEF54E,0.62169594
ID_B2F07FAAED,0.0049704188
ID_2C8D7B6E0C,0.04468247
ID_7880914013,0.17189349
ID_6B32606632,0.27647275
ID_0F896DC57D,0.011990125
ID_CB4A61FB43,0.05866678
ID_E19AFAA93B,0.027694214
ID_5656584439,0.0060509746
ID_7EC9A8BA24,0.012950776
ID_21FC49D761,0.39215484
ID_8C59A41F1C,0.011630558
ID_4ED7E57698,0.016960653
ID_D01F96DD01,0.053387053
ID_9ED7664F9E,0.0050190613
ID_7A77C547C6,0.059441023
ID_146F0F53E1,0.042973172
ID_4B3333714D,0.026159834
ID_4BEFBB7143,0.035373002
ID_F9F4BD96AE,0.41201448
ID_C9AB6FB4F4,0.51584774
ID_7DFA24019C,0.10598247
ID_92F6803B51,0.20752871
ID_FCC6F9EF2B,0.20831499
ID_4453961045,0.1403614
ID_B685719298,0.10946978
ID_A6505D4AF8,0.32130346
ID_FB736598BB,0.025153589
ID_EB8080EAB9,0.15756592
ID_DFC7611251,0.16434067
ID_66FE8A30A5,0.67414016
ID_5E004DFE84,0.04157276
ID_C0AC19E45D,0.014438399
ID_DDE3194F89,0.52712554
ID_86D0720A85,0.14896704
ID_3807EBACBF,0.017582456
ID_4B0B50BEB2,0.2028194
ID_8A383B6CC0,0.010730667
ID_0B3D98E397,0.22470829
ID_821E90A113,0.022289233
ID_41AE86727C,0.41452953
ID_4929A5F6CD,0.02855917
ID_520C41F8AA,0.056512214
ID_B2985A68BA,0.046723403
ID_DB85F4A2FB,0.55358446
ID_F75BC03C5E,0.8281602
ID_7AE94A7F30,0.02645818
ID_1D3A79AB72,0.03215771
ID_303566F27A,0.0068351733
ID_C37D980D71,0.044765256
ID_0729380D26,0.047237027
ID_8ED95DE4FB,0.005649249
ID_83BB7502FF,0.0917213
ID_9FE2EC7A6D,0.124089226
ID_406F5FF935,0.039307836
ID_D5269A958E,0.020584011
ID_472EB86517,0.21005714
ID_0744EDD6F1,0.011743373
ID_B2496C2D3F,0.52673453
ID_B9732064EF,0.83711934
ID_261A7C9F9C,0.38739258
ID_BC524A2526,0.019818315
ID_0363D73A51,0.29292187
ID_DD8C89048B,0.41068473
ID_CC41BE2505,0.27115333
ID_87F4F444C8,0.0072960937
ID_17EA9EB1C4,0.6819547
ID_B9EEF7D05A,0.009723387
ID_786A7CC845,0.19069044
ID_2012C6AED7,0.029686175
ID_7D78FB0BF2,0.12133744
ID_7F51094E0B,0.24074252
ID_82F676E8FC,0.05057175
ID_C2F4EB236B,0.012060379
ID_466F17BD67,0.010186976
ID_527D3B3E3F,0.08555171
ID_B724F803E9,0.10963571
ID_CBF8EAB1D2,0.034618437
ID_132F5BFE0A,0.4748044
ID_D4C17834B8,0.019445445
ID_524631D679,0.016059171
ID_348CBE8E90,0.0049156486
ID_AE7D0C5CC4,0.00737787
ID_5DA7BFFAAD,0.0068954853
ID_C34B729E96,0.5367682
ID_3EDCF151AB,0.22725357
ID_E12DE58A94,0.017736077
ID_F89CEFB118,0.021704616
ID_EF0A98871D,0.06754589
ID_964B143F5B,0.0057455697
ID_6C5894ADD8,0.407383
ID_1725498F98,0.22223453
ID_E33B8D6B28,0.006813709
ID_978F397510,0.12204939
ID_8834D967B8,0.6441434
ID_2E2DAB7967,0.0068435455
ID_4A607D0B1A,0.09775362
ID_D853417DA3,0.20368761
ID_ADE1385046,0.12230746
ID_69F92C6CFB,0.2154368
ID_CF73C2B1B3,0.010710405
ID_139DB73FEE,0.0077378238
ID_D20A39FF8F,0.16147742
ID_471047F89D,0.097302675
ID_A41324F6BB,0.038166247
ID_C9645D5CFD,0.1050413
ID_7DA9FBFD7C,0.023578867
ID_08509A407C,0.31048825
ID_3C3DC04537,0.09150981
ID_737E482AB6,0.03312277
ID_6CEA897AE6,0.92456025
ID_7CEF7E5612,0.022469077
ID_28E6165E53,0.012466695
ID_74F6B6F3ED,0.45008823
ID_EF06BFA053,0.9578754
ID_6C13D0741A,0.02048488
ID_E588A741F1,0.010687185
ID_E2D8B2D02B,0.05976245
ID_55184D6220,0.0546994
ID_D50FB95FCD,0.025136132
ID_497FD68F1F,0.043035198
ID_EB89C7C8EA,0.15016389
ID_0CC2389AAE,0.33674932
ID_D4C96CD658,0.048390217
ID_48E416B06A,0.0056920256
ID_B07EB64405,0.008937509
ID_7843BFCD9D,0.017615834
ID_2790E05BCD,0.013582366
ID_513AAC3721,0.019889826
ID_B59477A0E3,0.012744351
ID_E963162FD4,0.067603074
ID_30158C1130,0.012393161
ID_9B14C22798,0.015312093
ID_AA74580B86,0.4191668
ID_3FA4DADC89,0.011694192
ID_AC6FE57D1C,0.46015853
ID_07CD74A9DA,0.051408112
ID_F6F41B9619,0.02563073
ID_D320F7FE48,0.3354896
ID_8CC52A8EBC,0.046578236
ID_5B7A35B638,0.6887154
ID_F699AFE129,0.050021283
ID_9CEE94DF57,0.12270057
ID_5217CBA36B,0.35905173
ID_3E2181972F,0.04993879
ID_963CF4F13F,0.07176728
ID_36B8A66EAC,0.019681338
ID_000EABD923,0.060446795
ID_6BE3D08F89,0.31780976
ID_377E840FA8,0.045549978
ID_C766FC92A2,0.0038124342
ID_62774F291F,0.09539724
ID_8ED999CC22,0.98759997
ID_1C49EEFE3F,0.108727016
ID_96B5B0E427,0.033862524
ID_868F8FDB05,0.0060698097
ID_3BF824D325,0.27776924
ID_49D1C4BFFB,0.022116687
ID_355B88711F,0.047745716
ID_410D8529C7,0.32979834
ID_173A9B27FE,0.014209201
ID_BE09976B8A,0.016203357
ID_E1A68F9425,0.47997704
ID_95B1BF5E75,0.012822013
ID_B919EDFFFC,0.28720266
ID_1FA2F90D6C,0.20296085
ID_759D92533E,0.83613706
ID_AC6BF90DC1,0.021458223
ID_3DB1F42346,0.6149282
ID_F1F7116234,0.42435083
ID_556A09CB4B,0.41713426
ID_496A5A8715,0.03085454
ID_E5939EB7D0,0.009150764
ID_81700ABBA4,0.285928
ID_D81B4AEBDA,0.14243443
ID_E8E7602038,0.00843695
ID_DF309ADBB7,0.043481953
ID_68DCB7FAF6,0.0346319
ID_3DD5CC660A,0.2556777
ID_6E8BE985D3,0.21505237
ID_674FA96A8F,0.006367126
ID_87C5D87DAD,0.010529499
ID_5D82145325,0.041603822
ID_092EBD285B,0.008816158
ID_F58B7C9ACC,0.01406663
ID_FDEED20355,0.030834038
ID_A7D611CA44,0.061672896
ID_046860AA9C,0.30821693
ID_83489A252B,0.015873672
ID_530589B01F,0.3112419
ID_C8B5797FC1,0.01684167
ID_95C2C6C897,0.13844468
ID_3C2CA31D1A,0.0285653
ID_608CC60167,0.007567828
ID_2549FA445D,0.0061207134
ID_3948C6AC8C,0.0051789815
ID_7051DA1F23,0.018821016
ID_764EFB61A4,0.56860036
ID_B447641385,0.015071999
ID_4C245EDEA6,0.011849888
ID_D2F3BDB8D0,0.04957895
ID_DDFC632DA6,0.038802937
ID_C322781F40,0.11566586
ID_26A2FB1C4B,0.05087996
ID_B1644600BC,0.01695667
ID_4DB9FF0852,0.04705525
ID_15E41B17C8,0.029820155
ID_D647B9B422,0.060000293
ID_6C3A859B05,0.85481215
ID_7B20017E4D,0.0640659
ID_C30A083C32,0.009798118
ID_623C61E56A,0.041074302
ID_BDADB8AEAD,0.10623298
ID_20F2D827A5,0.2827954
ID_A9528C9F8E,0.04682236
ID_D1565461F8,0.051042177
ID_75C6AE2D42,0.023416398
ID_1913EB3A1B,0.07577549
ID_EF9987B287,0.051750563
ID_9EC2631F14,0.08604073
ID_E26D26CB96,0.10637983
ID_04BD561829,0.011186496
ID_84015072A5,0.37126076
ID_AB89B6499D,0.018904887
ID_A6112223A2,0.13692169
ID_9E355DB00B,0.0138635775
ID_ED1B4D9EDA,0.007471578
ID_567A195473,0.06578039
ID_9908C806F9,0.038968332
ID_319D5F37F4,0.092580795
ID_94B9E48EF1,0.31331205
ID_B16A50F9A2,0.74811476
ID_6E4A5B026A,0.037263982
ID_60FB619E85,0.05025374
ID_63AD7AFBD7,0.31886408
ID_35E37EC1FB,0.12944312
ID_11695D5B83,0.091507785
ID_922526AF9C,0.030486079
ID_BB783767C5,0.020610422
ID_E9035B5ED5,0.0073868227
ID_42389C6AAB,0.007738838
ID_84E448AD84,0.007824951
ID_03C4DFAD6C,0.02663381
ID_41321A8A9D,0.05882548
ID_F358410704,0.02528685
ID_74006B98FF,0.5016472
ID_849DA3128D,0.027609976
ID_6A7B1E052C,0.017021727
ID_FC84BEB913,0.22404313
ID_AA6CC135E4,0.0149645535
ID_EBDBECFD53,0.13151513
ID_E23D15108E,0.083062604
ID_8DB9F0CE05,0.19878188
ID_D5DE0F7B88,0.22656003
ID_4A44539026,0.010716296
ID_BB681E9995,0.10280852
ID_EDBECF01D8,0.038000733
ID_60B092D1BB,0.009017582
ID_E3E0186886,0.0944547
ID_78C2042EA5,0.2836797
ID_F84DAF6592,0.32470626
ID_BC81D9E3B0,0.032945164
ID_E14C4B2FF3,0.06803072
ID_FE2CFED5E5,0.006954347
ID_5AF6B5A88B,0.01151075
ID_EB45BDFCBE,0.36258602
ID_E8C9ABF19A,0.021456989
ID_CBED1C50E2,0.03512625
ID_B1B960AC1F,0.05607678
ID_F40D41C3B7,0.014065069
ID_617422528E,0.25518718
ID_2421D2214E,0.01564223
ID_D49FF6B7DD,0.08929502
ID_1DAD838FA0,0.3236945
ID_31E010651F,0.0163784
ID_2C127E638F,0.004335864
ID_BF3981993F,0.016679991
ID_4EB763AF8C,0.007822958
ID_945450FF77,0.30495706
ID_398A724DC7,0.058290333
ID_F041EF2CA9,0.6218761
ID_181BE8CFFB,0.019397924
ID_5865CFCA2A,0.0057831965
ID_1F3E178702,0.37487203
ID_689113C271,0.010964614
ID_A306849030,0.1972003
ID_37963D53F7,0.040013395
ID_F45D3468EA,0.013984643
ID_B6E355DCD5,0.35931134
ID_8AB3C6A2C6,0.664008
ID_0933AA500E,0.022065777
ID_6808C17029,0.18503295
ID_80F8E6BA07,0.00866192
ID_1B234DDCAF,0.11787604
ID_AF90A7990A,0.06352593
ID_38837E3756,0.069726065
ID_92F026D458,0.015012241
ID_7B8145C01B,0.006826721
ID_53DC897D99,0.012309637
ID_C0DA8CC78D,0.28589156
ID_F71A5E3D8A,0.018974632
ID_4080A74B9C,0.17797424
ID_6E57A791EC,0.06891433
ID_768F6CBCA7,0.0086026825
ID_C9167B7D8D,0.0075205225
ID_152A7B24A9,0.7942902
ID_5F40FB96DC,0.035108708
ID_BB2F5E7956,0.017523784
ID_956B927E9E,0.016795954
ID_422482FDEE,0.013933261
ID_B4A5A37908,0.09207663
ID_6B9B623D56,0.13510539
ID_4F1B4C5454,0.2655592
ID_AC0A66C230,0.04252117
ID_62ABCCE775,0.04947202
ID_7DDCF236A1,0.011904204
ID_AFF2EE48BE,0.8043054
ID_4BE32CCA01,0.07465956
ID_4F21587ACA,0.6536111
ID_E753A427F9,0.17913643
ID_51D9380A05,0.363385
ID_40CB4AE552,0.101163626
ID_75515748D8,0.008705503
ID_C004C6B6C4,0.05558613
ID_C4F82BDC1B,0.038991235
ID_3A2FFC5CC4,0.013265362
ID_3397270980,0.47524276
ID_F2B4D273F3,0.065536305
ID_7382A10F82,0.039235722
ID_A514887548,0.012043062
ID_4B2CCF3FC9,0.101658456
ID_D5C4E9CA0E,0.04078642
ID_E8F2AB0625,0.79664505
ID_6918897F5F,0.022079278
ID_60857C6482,0.008400369
ID_3F3B6514D5,0.04540519
ID_3BA7B52BFD,0.050382707
ID_9774FA3D81,0.044867605
ID_325794A3B1,0.031872936
ID_BF56BAD83A,0.5347498
ID_6FFD7F6DA2,0.032539632
ID_68C33E358C,0.0067689396
ID_AD48EE524D,0.0131327445
ID_708C3D766B,0.43976998
ID_E70B1CC2C3,0.047500554
ID_66633EF573,0.07512396
ID_22B236056B,0.017221408
ID_DB285C4D9B,0.0065411953
ID_000509FD5C,0.013109365
ID_DF39BF49C8,0.13593999
ID_1B8935B39D,0.6589854
ID_37624C02E7,0.018847637
ID_8471BBF4DD,0.5094179
ID_36BA028459,0.013795199
ID_FD26B8A4F4,0.35965917
ID_E909057319,0.8838492
ID_D1B4BACA0F,0.011832849
ID_858A6365CA,0.1364865
ID_5F31805B72,0.029038368
ID_9E43348C6F,0.0085211
ID_381901A808,0.020276085
ID_7C35A75071,0.02456434
ID_B8AFFFF0D6,0.87192607
ID_92F0A1561F,0.06876263
ID_E1780F2C37,0.6592754
ID_98FD127E8F,0.1226734
ID_98EDDC4E44,0.08725095
ID_5F6286D635,0.10553772
ID_79577F85B3,0.056561667
ID_EAB9BAA07F,0.87183243
ID_7D137A21D1,0.54221785
ID_AA4A664BA9,0.06707882
ID_C941CBDD27,0.03352758
ID_DB582B7449,0.11853584
ID_8AD4F2B05B,0.7938061
ID_A0331D75BE,0.046603177
ID_AA57FCC5EF,0.11001336
ID_27990C61CA,0.5401621
ID_0E25ABCD60,0.011674978
ID_DD269CE9C7,0.02123088
ID_58DB8D628F,0.006415714
ID_66BC8DFF19,0.07721853
ID_05229F3EEA,0.7946602
ID_1E3010E775,0.11052042
ID_B50E244748,0.052628543
ID_07892E38C3,0.012406137
ID_33D7BCD3F8,0.1591979
ID_90C4471F05,0.029524285
ID_693CD2F7A0,0.036906358
ID_61F19B20A1,0.07592633
ID_B1DBB0822D,0.00703482
ID_003E4EAD0B,0.008409628
ID_3CB755397F,0.07604944
ID_EBBD3E75C4,0.0213471
ID_CE7E6B63C3,0.1504757
ID_94E7F27B36,0.03595673
ID_0725009286,0.010714274
ID_C4EC6B250F,0.9961106
ID_3443003D14,0.1843558
ID_16E0FEC942,0.24198084
ID_AF6BA50974,0.11634455
ID_32EFD2A8F9,0.06806775
ID_041517C46D,0.04758289
ID_358900909E,0.029812273
ID_5666B01D69,0.11009934
ID_C8A2FD66EB,0.17349273
ID_20DAD23361,0.43118373
ID_656FB8919C,0.0077082417
ID_557016E3E9,0.7300875
ID_EDAE6D1FCE,0.06432594
ID_BDDFFF8C3F,0.9350196
ID_83EFDCE76D,0.3275747
ID_4435716AD7,0.005538775
ID_AC589BE95D,0.041777723
ID_863B30D634,0.10273631
ID_50ED23F400,0.17823413
ID_ECDA7533E6,0.048869267
ID_125AA2CFD4,0.008634514
ID_A0E7EB7975,0.032164846
ID_2B670FDEC0,0.12810934
ID_D98F81BC9E,0.1225475
ID_4DB6E2F71A,0.0043399027
ID_4F31EC845F,0.14058326
ID_2E2BA03D49,0.03756003
ID_5968466A6F,0.013254932
ID_C53498CEE9,0.014047569
ID_C76EE54FF9,0.057538815
ID_CA4559FAFE,0.0061307396
ID_676B2B74E3,0.0050561596
ID_CAC74D19A3,0.99840254
ID_DD7F8EACDB,0.16741097
ID_D04591750C,0.094349764
ID_15BA20A7C2,0.010590305
ID_CE0883551E,0.008318934
ID_C8D50F5D41,0.010090025
ID_778A8E1972,0.026099965
ID_5661CE2B75,0.015743881
ID_0A5F71D8BB,0.03487692
ID_7DAC8E48AA,0.7209615
ID_69842F465F,0.007892811
ID_8F4310C131,0.046219777
ID_305D24926F,0.52187216
ID_AA0C341188,0.021601243
ID_609D4D4985,0.1755306
ID_A9A8AD2A24,0.019340137
ID_B1CEACEB22,0.3174071
ID_087FF66AC3,0.033876996
ID_4F14D47E01,0.00871822
ID_BD26F0DBA1,0.012253079
ID_87BAD45633,0.025984554
ID_3BDDF9F63F,0.015120133
ID_5651C26084,0.0060345763
ID_4E68030505,0.12090042
ID_4E61EA0014,0.61534786
ID_E2880D7260,0.059651084
ID_EC773C2184,0.076462895
ID_256896D290,0.048418015
ID_B17AF5B952,0.047065783
ID_004B7AD597,0.14930534
ID_6C3F134E52,0.006647932
ID_BF9AE9D1CB,0.006114573
ID_94DF23BDB7,0.020863233
ID_70073E37F4,0.12597704
ID_C222022098,0.17408046
ID_0D70D24ECC,0.034614567
ID_C8180CEB84,0.10114946
ID_5CC6A428A7,0.1460791
ID_6EDB2DC332,0.011862984
ID_E6ADCAFB62,0.005397169
ID_0025D7F696,0.26414773
ID_F08C26C26E,0.0115991
ID_F1521F4D0B,0.10077541
ID_61FD4DF425,0.026913932
ID_DD9EE2EC1E,0.10154644
ID_D610338310,0.029462634
ID_D9BF4C1D5A,0.013566595
ID_D7C216E645,0.03837117
ID_71A4A059B1,0.11363661
ID_E711105F99,0.583928
ID_787B561998,0.07503562
ID_2CEB40CC3D,0.008699356
ID_1F680065B8,0.004824599
ID_8FF1A13D3F,0.037187044
ID_8F35065D2B,0.27072048
ID_6964E728CF,0.013187044
ID_578590E88A,0.037591323
ID_EF87360791,0.006136527
ID_7FFA2699B5,0.12180196
ID_6370003E9C,0.011482937
ID_3EFE9A6318,0.02712131
ID_914BC2477D,0.10595343
ID_3C510CCE45,0.18969248
ID_C0C2A72C01,0.09475389
ID_3F87BD9B33,0.022227943
ID_2DA9858984,0.23056433
ID_2D4808E516,0.85736054
ID_93DBA7B36D,0.044017304
ID_6F964C38D5,0.00908079
ID_0B8135FFC2,0.19795197
ID_F616B531C5,0.113624424
ID_161B9AD691,0.32688114
ID_404DD9E1F2,0.013371236
ID_5C022763C1,0.053862754
ID_01CCF6E82F,0.14017843
ID_E3C0488198,0.065643154
ID_A56FB0F6F8,0.019995237
ID_7026B539BB,0.03665453
ID_61B6442FC4,0.0069434214
ID_D18335AC17,0.006131468
ID_49700553EC,0.03221228
ID_B0C803569E,0.31512514
ID_73794A5504,0.01098772
ID_9F747784EA,0.011508866
ID_6EB2C66063,0.07893124
ID_582000DBD1,0.011114212
ID_8A4B7C2493,0.015186539
ID_72060E69BF,0.038225457
ID_499E064950,0.041683648
ID_B3F64F6724,0.25395185
ID_AF0533AD43,0.19721942
ID_CB6DF635EC,0.008787293
ID_1000C3A750,0.1820032
ID_0D22ABC2EB,0.0085154995
ID_C57A68330E,0.016919568
ID_F800EE8FF2,0.21828833
ID_7BC82CB791,0.30723602
ID_A48230B147,0.024041358
ID_6CAD4C3E02,0.017479314
ID_E31970F3AB,0.063644834
ID_ECF0488EFB,0.011720685
ID_2FEBF7F843,0.015216923
ID_5371B05970,0.24588619
ID_6BDEB99DC7,0.8603921
ID_B45F0E07DE,0.60343856
ID_513B054B12,0.02127112
ID_8726A98D0D,0.09369667
ID_BA9AE29E00,0.23797765
ID_FB46C228D1,0.009473799
ID_B0A4C44CC8,0.2914229
ID_1DB653B65D,0.029037967
ID_C587DBD210,0.051990397
ID_212555EC64,0.048355788
ID_05C6A290FC,0.015106324
ID_E95A9FF76B,0.0145794
ID_E83BE2B7E4,0.019842908
ID_08885AE366,0.031321373
ID_9863A6276F,0.022061802
ID_03139CE145,0.06586959
ID_7C82D02835,0.33207637
ID_16B0BD1FA9,0.009141375
ID_542B21D478,0.0081055835
ID_2803947E63,0.71569294
ID_E73EED397E,0.07218651
ID_C99B07AD16,0.007972245
ID_3580001AAD,0.005564517
ID_AAF52C61BF,0.025113035
ID_386047CE01,0.46347693
ID_4962148F7C,0.014341499
ID_0CE919E9D4,0.16574584
ID_15AB0B5AE6,0.009726575
ID_60CF63F76D,0.007861373
ID_A0920F46E6,0.10590248
ID_CDB1E08CFF,0.019469744
ID_B1DF4A0BEE,0.14564277
ID_A9BC1C51FE,0.09952863
ID_C3C2B39534,0.059946977
ID_76B16A6B22,0.43315586
ID_99116A639B,0.0076610325
ID_B01323FD5B,0.03193163
ID_C840820983,0.053632576
ID_24B43FDEC5,0.72281915
ID_C451697166,0.2526104
ID_66BCFF58F3,0.0111991605
ID_CFBF3B8F7B,0.040962234
ID_5136A19D29,0.02543213
ID_1C3A819E56,0.029743964
ID_FBE8F4E4B4,0.008693723
ID_FB2D075C33,0.12136917
ID_45A1775637,0.17277732
ID_494FC0C749,0.8230511
ID_3FE744C7D1,0.86695486
ID_B41FAA5EAB,0.05281104
ID_EA55FA087E,0.19368516
ID_DA6524E2D0,0.010960773
ID_9532D524E2,0.026703898
ID_96EE51B7AD,0.0063850414
ID_3B4404D4D0,0.008079347
ID_7CC11E8306,0.57376564
ID_9F41F1A252,0.013160896
ID_4B47E54230,0.08025754
ID_683304E8AF,0.08866179
ID_6B7D40596F,0.21595
ID_F0453372A8,0.83055043
ID_1999422BD0,0.044901896
ID_EF3CE2E235,0.108271986
ID_9D17A0AF7A,0.14300372
ID_8179068D4A,0.02727443
ID_9E44C46019,0.06335541
ID_41141E6B59,0.20235184
ID_B19932FC90,0.047471143
ID_345ECD9514,0.007366705
ID_8E02FADEC8,0.40308705
ID_3B1791FDF4,0.018974861
ID_4810C2202F,0.10568867
ID_63724D9D76,0.021880222
ID_41D545CEFB,0.021454165
ID_540AEF7706,0.070508905
ID_D406B32064,0.6382313
ID_95FF33BD68,0.40436712
ID_EEE21F6329,0.020302707
ID_21864F0750,0.011753692
ID_EF4F4F101A,0.30300426
ID_D5137C3048,0.009512619
ID_FE39972FC9,0.55619675
ID_CDFC72A0D3,0.8153212
ID_C2D8C65CC5,0.2557089
ID_995425989D,0.0651317
ID_0588BE0B0C,0.12844574
ID_5C92F6A31A,0.96542144
ID_71A114975C,0.029165473
ID_63D46A1733,0.7654067
ID_3CD4375D01,0.25037706
ID_D5FC2ED896,0.010268795
ID_A1B313CB7D,0.017638108
ID_F63A589BCF,0.16589996
ID_F3C9C18C8F,0.072797306
ID_95049AF066,0.45872724
ID_205C96F5B6,0.18218842
ID_0C15E25E25,0.024381883
ID_4B65D300CA,0.032235432
ID_C6013BCBBC,0.042664662
ID_796FA2A1F3,0.9646804
ID_1797F9E149,0.13018486
ID_A0A0581D52,0.18243223
ID_DA14D530C7,0.0038276548
ID_59BB854CD2,0.1188994
ID_59FCAD32CB,0.32286695
ID_F727408E84,0.14500113
ID_61E2858DEB,0.8139926
ID_CC7DEEEF93,0.009723054
ID_48AA465A81,0.060929943
ID_30D0F616C3,0.00781278
ID_AB86A392E6,0.05411102
ID_C2C8CA23C6,0.39071807
ID_B73FFE0123,0.5283434
ID_AD1C6C26CA,0.28114495
ID_1F3D9791DA,0.020952018
ID_A9D24D07C1,0.16040626
ID_BA1D7CC947,0.044325817
ID_1616C034CC,0.015153316
ID_49DC2E2E90,0.008775742
ID_48387EBB5C,0.0066010435
ID_6A0DB4F678,0.7257046
ID_05B52E243D,0.047138393
ID_0A489DA97C,0.09068052
ID_EDBEC0B67F,0.059604023
ID_C1088C14EF,0.048841022
ID_553DA01056,0.13481946
ID_BD7ADC8A51,0.2652043
ID_9D2021B852,0.07362389
ID_CA5D1631C2,0.19510306
ID_AB06DC419F,0.028462518
ID_63FFFD7A87,0.09418525
ID_7C3D2E58EE,0.023531597
ID_4C99276194,0.17428026
ID_40CB7E2C04,0.017597483
ID_A5BC6923C1,0.025238177
ID_EEA88C5881,0.03282241
ID_4441FEB705,0.0063921986
ID_187C4A6286,0.004954684
ID_811E10D86A,0.34174478
ID_7F47CFFE3E,0.0115090925
ID_5E701CBAAE,0.0248535
ID_E536E70396,0.21705912
ID_84F4D03991,0.14014657
ID_C0CDE03A34,0.3697459
ID_154D898F69,0.023037592
ID_D23B061DDC,0.07476694
ID_3E6EDAA3AC,0.18104167
ID_0F55F9CFA1,0.4370322
ID_1DE405B9EB,0.28166577
ID_3B4E472787,0.0081821475
ID_0B11C2E3D3,0.010618257
ID_A00B8F95CD,0.094818875
ID_443E07C26B,0.7758985
ID_06DE929453,0.030653356
ID_E248EA2105,0.007867706
ID_0118B9599F,0.5453507
ID_3B8741E0B6,0.5352852
ID_C8A0423248,0.48462185
ID_7E4F48666D,0.09183546
ID_0C82CE57BE,0.24447249
ID_EB9C511EEA,0.008044389
ID_33FB4CE8E7,0.00471361
ID_E2FBE8F8D6,0.08512579
ID_024FF1A6DC,0.65687895
ID_098062E755,0.029121796
ID_199C8AC00A,0.06318803
ID_A419A70BBB,0.027684925
ID_2736405DCB,0.16662452
ID_3BB6D64292,0.7531994
ID_D8EBAA2B16,0.978939
ID_5B2FAA1B8A,0.026210893
ID_0648F78FA5,0.14468388
ID_F75260DFEE,0.009392441
ID_FC8142D6F3,0.1552151
ID_29D9896A3D,0.016952943
ID_5123DB9CA8,0.07065879
ID_DED818A9E9,0.061960474
ID_5E3F4DABD8,0.3976602
ID_CB1AB5DD76,0.027837785
ID_962ACDCAB0,0.011892227
ID_6404CD1E0C,0.0053978045
ID_1C611E14F2,0.10031079
ID_0392381EFC,0.0063730367
ID_5CF59150BC,0.007670666
ID_8DC4B2B8FA,0.008181923
ID_5B22DB8C61,0.45383197
ID_1BA09808D7,0.08359995
ID_27CFD098B7,0.0058544558
ID_B278322CFE,0.03011651
ID_0BC336D9AE,0.11869668
ID_317470ECD5,0.16920188
ID_3638F9FF97,0.007317547
ID_FEE44AF78D,0.12457541
ID_89BC9B9B38,0.17243437
ID_545BB2C9CE,0.82235473
ID_87466A99C1,0.959499
ID_F527136016,0.0050975797
ID_E1C04F227D,0.01289264
ID_759DF48B64,0.023983661
ID_3E560B228B,0.45394066
ID_FA3072A37B,0.0112596685
ID_776E565129,0.0067952797
ID_AD833C62F1,0.01604532
ID_67CA483AF1,0.15154204
ID_BDA75D8BD2,0.015507168
ID_CEFFB66080,0.043621413
ID_E1571A3683,0.014647837
ID_360F119326,0.23110685
ID_CDEC367939,0.03208512
ID_677395746D,0.054940358
ID_443BA92980,0.0065141865
ID_718F8D5969,0.45497692
ID_E8F5598DE9,0.14514604
ID_2FA3B4BCE6,0.013168336
ID_2556592BD9,0.382662
ID_137EC1D43E,0.014545317
ID_390C4ED926,0.013811533
ID_D6FFA7561A,0.4211134
ID_AC00229294,0.22717552
ID_C74B10B323,0.014110306
ID_3BA9E7650C,0.025671232
ID_ED453CA212,0.13927121
ID_768D593D23,0.15587148
ID_93121A3060,0.013369882
ID_39A72E7629,0.005982978
ID_2B81244F60,0.012462802
ID_FAC970E3BF,0.058130797
ID_E2801889B5,0.0059820074
ID_0FA83D2855,0.0063593513
ID_BF9EA65A10,0.052868817
ID_A39E95FF26,0.028150298
ID_A692516F0B,0.03441718
ID_ECE303A61C,0.07697811
ID_4856170CBA,0.06301999
ID_7D42FC37D7,0.016100047
ID_17817E9609,0.027107326
ID_AF9F0C8AD7,0.14995988
ID_8B93BD8079,0.0058862446
ID_FEB9287281,0.020284338
ID_3BBA92F03A,0.021956487
ID_5482BDAA89,0.010058034
ID_63D360654F,0.7933291
ID_B2EA27E890,0.1679109
ID_27DA86B6C0,0.117180035
ID_EDEE18BCBE,0.2291015
ID_10F4755B11,0.252968
ID_C484CE365B,0.022884697
ID_75125E1E36,0.008933252
ID_C8C54F8147,0.1652105
ID_635DB82BD0,0.010343148
ID_C3BCA6943C,0.049634054
ID_F04E3B7C80,0.017518394
ID_80056A544E,0.020583358
ID_B1B41D6892,0.0144721605
ID_A96B77A37F,0.06502028
ID_7F32281759,0.069852486
ID_8E1D39B9E4,0.21810411
ID_EF93E9C6E0,0.022018818
ID_42D5D5C104,0.02869558
ID_C1876CD45F,0.09792474
ID_86819D2763,0.25166315
ID_BFC1C98095,0.55262643
ID_F552D7E482,0.029423002
ID_025DD20A01,0.021900488
ID_8D6D25FED9,0.034516178
ID_64FEFED693,0.11705086
ID_A62C779633,0.03275163
ID_AB5044F508,0.026049817
ID_21D7429786,0.044859346
ID_8A23D1186F,0.016476236
ID_F785AD7362,0.042517137
ID_C5388B1D70,0.0048015793
ID_D0CC7BD8AA,0.21208136
ID_9FC0C6D00C,0.02271548
ID_FAF92B65D8,0.020268334
ID_1558DD98D5,0.020792358
ID_3DB1FB4943,0.012761621
ID_A4CB80FEC0,0.27990657
ID_E4D7824A35,0.028814692
ID_8C7918D3F2,0.05318432
ID_FA4D136AAC,0.5077029
ID_E681080A8D,0.10465524
ID_AF09D931A5,0.6697055
ID_2CA1627C17,0.0065231775
ID_550E9A16F7,0.25927278
ID_6D175CA9C1,0.068000056
ID_D5784D954E,0.28096202
ID_DB8AF0D879,0.025385883
ID_776C3DB885,0.8927165
ID_8BC91BFFF4,0.72991574
ID_D2DC1F3CD5,0.08000334
ID_8606D6428F,0.03593435
ID_F5E840D8EB,0.048496634
ID_B056EAA0D9,0.19025506
ID_EE290BA948,0.106907174
ID_7E468BB514,0.1106952
ID_C480E1C2A9,0.01896556
ID_F08CF7CFD2,0.8274807
ID_BD2B2413DB,0.009230736
ID_19581F090D,0.11463028
ID_09DA9DF4B4,0.022039413
ID_EFD339E950,0.014642364
ID_4DFEADBDB1,0.67906
ID_3B15494444,0.0575341
ID_D02A029CC4,0.0076142913
ID_09F92D05CE,0.0057129976
ID_2D59971A6D,0.015628941
ID_7368F61312,0.7356186
ID_0C9CCE085F,0.008589494
ID_7A80DD225E,0.03351475
ID_74ADD8B78A,0.028443502
ID_8EAED0E6FF,0.034129146
ID_E3E9ABF752,0.059172656
ID_FF05C05084,0.055396695
ID_10435BECC8,0.3046083
ID_2B813F9966,0.02158512
ID_82B01A2AA7,0.10329813
ID_46F7970EDC,0.88661546
ID_CB5EF52762,0.023081677
ID_7E497E463F,0.047380127
ID_4A65AC1008,0.35438785
ID_B7B2CBD595,0.02145349
ID_8274A7CA69,0.010787609
ID_A852E93624,0.056187835
ID_EFE2E0BEA7,0.005117085
ID_116176A168,0.6985913
ID_DFB80735E1,0.030112797
ID_F4D11DB9A1,0.77700585
ID_7B40D09FB6,0.00618898
ID_2A3122434E,0.15612502
ID_57BB0BFAEB,0.37547684
ID_6D649ECF32,0.05948123
ID_337902212B,0.019610623
ID_A59252C5AC,0.003257746
ID_44649F0A9E,0.64765847
ID_B0B4D26AF6,0.25426942
ID_5A859E4DC9,0.017483745
ID_75F6430A1A,0.0050761006
ID_3A07323903,0.41182902
ID_D5B36FF578,0.010429703
ID_19633EFD9D,0.022615682
ID_BF07DD3593,0.01042245
ID_57FC526A02,0.005217918
ID_CBAC90A483,0.92253524
ID_0E5664CB97,0.18224823
ID_9082A5BDC2,0.5774166
ID_2EF3937F0F,0.010720441
ID_F56D50415C,0.0049643526
ID_34BDE7B10F,0.048761167
ID_FAC6AF3002,0.010478953
ID_EC028924B4,0.04161288
ID_6F65365AA8,0.011144707
ID_B99B7FB059,0.013165108
ID_4A11BB6B33,0.59348416
ID_22C1B7D6F8,0.009370098
ID_39B1AED50C,0.10487178
ID_ACDBF1C479,0.0095291305
ID_CB3CE973C4,0.08133266
ID_CDD0A0CD72,0.06459
ID_D19064285E,0.7363151
ID_4D1FD0A0D5,0.36946875
ID_F8FE670646,0.007605167
ID_744FCAB850,0.0787109
ID_07AA4EAE9D,0.014620773
ID_45C94C8702,0.0135573335
ID_46E5816426,0.04034021
ID_AA907D64FF,0.007655311
ID_B32D30F147,0.04946274
ID_F5D948E6E8,0.022632055
ID_51E806D1D1,0.27827016
ID_90318077D9,0.024383482
ID_FE72C49418,0.03611432
ID_93499F1D0D,0.013525466
ID_FFF7AB36BA,0.011644938
ID_89723FA290,0.087757565
ID_25326A016B,0.022325657
ID_8CFA9D961A,0.025319353
ID_0541EF4FAC,0.15414108
ID_83613C8370,0.02647793
ID_C0A840FD41,0.845001
ID_2B69BF5E88,0.05326378
ID_0C6A005CB9,0.042045157
ID_2D87B06714,0.074383624
ID_E51BF327C6,0.89556694
ID_CD860FFE33,0.021031514
ID_6042D9C23E,0.1224727
ID_7EA49A2C83,0.47366208
ID_F86E7D6777,0.038922224
ID_54301E6F1B,0.012547371
ID_10BFAC7617,0.47680938
ID_461C20D49A,0.08588826
ID_82A369CFCB,0.017851606
ID_A34976115D,0.01490488
ID_DBD4EF9812,0.07811491
ID_A91FA51D6F,0.62039596
ID_D1E2350AAB,0.0165541
ID_F95ABCE970,0.09306475
ID_7EE8BBCAEA,0.013924328
ID_0ABAD425F1,0.22231701
ID_26FA656B1B,0.013258903
ID_0FDB0F5B2E,0.32110652
ID_071DD1B7EC,0.14496319
ID_7450C42E3A,0.008854118
ID_32989A8CC5,0.009326165
ID_92DB257E10,0.15483336
ID_5F1334C5DF,0.053728312
ID_3BD427F239,0.0065432866
ID_CF4DB371FA,0.9230109
ID_1C14DE512C,0.17749472
ID_4C6D93D176,0.00734633
ID_BDCCE5CB4E,0.01964545
ID_F3F0FE2E02,0.09372772
ID_6BF1CCBA43,0.117143035
ID_B5EA1F59D7,0.038392432
ID_B02F21154D,0.0051193424
ID_EB94BA3B72,0.008654243
ID_3EE1DA8F56,0.39520124
ID_21A253B319,0.04212627
ID_2E2F8ABD64,0.3159641
ID_DF9AB78F7F,0.2420972
ID_48861F7A3F,0.12638098
ID_018ECF0B35,0.022734024
ID_833F4BCD07,0.19941206
ID_086BFA3CC8,0.10748323
ID_87E2A4697A,0.012740626
ID_80DCC4D524,0.03319227
ID_BD3F6D6B71,0.7056685
ID_4E650C8D16,0.08981692
ID_56B0BF6BF3,0.09345672
ID_F46C14B66C,0.74193394
ID_E88EE4FBD3,0.008400067
ID_89587248D5,0.014919583
ID_6D8CF63F21,0.08968479
ID_AACD807BA9,0.06045838
ID_52B0681144,0.010221029
ID_5B18D8C7B8,0.013265395
ID_228C2BE722,0.037975978
ID_FE31E0872D,0.030544505
ID_5EDCD3C36D,0.25279665
ID_CA536CA3E0,0.13619405
ID_F82B499A4B,0.012758983
ID_386DA6A7AD,0.009475023
ID_7B627A5050,0.022336718
ID_08AB40AEDB,0.11017115
ID_45A538C5D2,0.440865
ID_860E88F74B,0.029704656
ID_4A5F7BE625,0.18419492
ID_38D1D01569,0.5079677
ID_1665A85CF7,0.16698034
ID_1B80D4E43E,0.025064465
ID_6425D95298,0.021757154
ID_841A523CB2,0.0049565863
ID_0B67DCBC7E,0.46718034
ID_A92869A622,0.2232935
ID_F10B8E9C11,0.050956752
ID_9321A3EA91,0.008242221
ID_01E1E09175,0.31225967
ID_31E8DCE5BF,0.00435768
ID_57D2E92027,0.02372801
ID_BB74A90396,0.026551854
ID_6A37620E51,0.20045039
ID_D5BA02233D,0.38705632
ID_417EDFA19A,0.5002224
ID_4D8B709F2D,0.22816257
ID_7E812492AD,0.03270949
ID_9E845FF9FD,0.049258057
ID_55657F6006,0.12431714
ID_B95FBC250E,0.03323794
ID_B993F7CCD9,0.16983871
ID_3426027E6F,0.011292204
ID_56F4878FFE,0.0065018367
ID_AA63A68E31,0.070466034
ID_0B835DCDD7,0.01169288
ID_860C3CD6E1,0.029270776
ID_5CB9E4E939,0.01703207
ID_1CCD81C3D0,0.014372933
ID_93D0AA72EE,0.05864039
ID_4721C21E5F,0.028134095
ID_6C36CFF795,0.013425694
ID_C46C8E4F64,0.05581018
ID_A5B45BD389,0.005234771
ID_08EBF97B49,0.39342117
ID_D999488E99,0.21750072
ID_3F1D584F23,0.049740203
ID_8712D4F7D7,0.020858983
ID_09E1D76123,0.03820096
ID_80B1AAFBAE,0.004879591
ID_C59268776E,0.007766785
ID_3B6110DF9B,0.72495043
ID_1627CB4AEF,0.025249679
ID_63472D1A72,0.21389566
ID_AD1A368116,0.17589906
ID_911193AF1A,0.020573217
ID_8DF8979447,0.012798327
ID_28CC93E38D,0.03531969
ID_3E1A04DCF4,0.9296313
ID_9A9CDAC37A,0.21169709
ID_DB1EB335A3,0.15826221
ID_F082BE62A5,0.2894151
ID_FBEBBC15A3,0.111011446
ID_F7B49B33F1,0.011492154
ID_B50CB1954E,0.7362194
ID_A4348D69A1,0.011018844
ID_61D17A3E54,0.04028883
ID_10F75B32B7,0.0056186994
ID_4135FDE969,0.0086588375
ID_2B988B89E8,0.07288936
ID_1CA581D129,0.10620241
ID_5851B31574,0.017532427
ID_ACB43DCE51,0.08508177
ID_A9312046E4,0.10801842
ID_0BD217FE81,0.20558766
ID_47F5E83FC6,0.007230442
ID_5AE80B33A3,0.06911361
ID_91CF724AFA,0.071952425
ID_FC12859AF4,0.20294647
ID_D6989B9D00,0.119806394
ID_B5FDC602B9,0.17919795
ID_7E362E0C75,0.040310353
ID_E89FC8C03E,0.017761122
ID_C84341AFE9,0.061112083
ID_711712A16B,0.009184846
ID_9624D442FA,0.12336463
ID_7F7516CF14,0.008041252
ID_C6F1333291,0.030101378
ID_6449B7A345,0.10508493
ID_A7507132D6,0.019405795
ID_70BA305A80,0.8949496
ID_445445B696,0.026888773
ID_1E69F73F88,0.02485642
ID_FD24193059,0.057948116
ID_89354B6A9F,0.022158166
ID_46533A3466,0.1084213
ID_64E77AECC0,0.03462451
ID_85C19AB9F0,0.02509745
ID_CC4A98266E,0.010708416
ID_725B2B9907,0.009376153
ID_871FB04AD2,0.08547882
ID_77250C2663,0.116743825
ID_E08E7B20D2,0.041103166
ID_E78E120DFA,0.59684634
ID_26C51634AC,0.22825566
ID_24317A9A20,0.15691103
ID_2686A35E15,0.5061415
ID_AA36CB2B9A,0.10835779
ID_49E6599AE6,0.47684225
ID_D2C1C834EB,0.04845022
ID_15E99AA0D8,0.0059192814
ID_690A6BC904,0.010915945
ID_064C177E72,0.005692347
ID_8B244A4352,0.9337969
ID_9C89BF6240,0.013489209
ID_584867AADE,0.007500305
ID_FBEDF4E888,0.06396449
ID_B96D75FB38,0.17890623
ID_3A18C5CB28,0.54027534
ID_223304F2EE,0.010322735
ID_B460EEF43D,0.21310058
ID_B0A489CE95,0.46947157
ID_23C44F68E6,0.37650275
ID_3A8CD3F922,0.18336818
ID_7FC8AA14AA,0.043564077
ID_270E4CF913,0.06976376
ID_CECAB42924,0.018624522
ID_FEE8BAEFCC,0.04776138
ID_D7CDCEC72B,0.1799724
ID_C2541CB6DE,0.054660827
ID_884AF30474,0.0086076
ID_222E37A0B2,0.03981044
ID_D2E4711E8C,0.035697382
ID_CB75AFA258,0.013029351
ID_738444F2CB,0.0304098
ID_64850B2011,0.19318248
ID_4FF32C62F0,0.06948636
ID_A89C651148,0.22444773
ID_3B77611E2D,0.043294832
ID_3260FE38A9,0.8254139
ID_26D40FB84A,0.013344504
ID_8DFF0A0D95,0.006490172
ID_76C9D141FF,0.021646263
ID_24E5CB3B60,0.267308
ID_456AEBF1FD,0.27072144
ID_B461CB2589,0.02096959
ID_BBA990CD00,0.057337433
ID_750A4C183A,0.06147331
ID_33CF522A93,0.015227775
ID_E92DCFDDF1,0.40796933
ID_2A125CB7C9,0.07345623
ID_0889F2A20B,0.009173187
ID_B7800C5633,0.031604394
ID_7B68B682BA,0.016586514
ID_21354AB437,0.14013065
ID_7EA5549F0B,0.031777967
ID_1B69B5063C,0.012172551
ID_A28F8FAFFC,0.017535476
ID_386B1F7A01,0.12137056
ID_224632DBBB,0.037792653
ID_6F8CB4F793,0.04614619
ID_823A3BCE7D,0.38514477
ID_BEB95FD814,0.08334035
ID_02D106692D,0.00704696
ID_EE34705AAF,0.60109574
ID_34486F685C,0.09664946
ID_0CAAF69CAE,0.07987551
ID_3A9A999AFA,0.074533485
ID_70742A2F80,0.50868845
ID_41D12C8587,0.2503674
ID_028BDF7F54,0.16639456
ID_4D6DCA826D,0.1334714
ID_0DD5AA9373,0.08494639
ID_A6B679C6D5,0.026204275
ID_1995B27EAC,0.046686724
ID_53DD204ADE,0.023820287
ID_4B1093A41D,0.016402703
ID_445657BDA0,0.050259434
ID_3BE0EED68B,0.020496108
ID_B98EA5DC52,0.025347257
ID_81DD4AD35A,0.05791705
ID_23B47B9889,0.049051337
ID_22802F337F,0.4538752
ID_06850183A7,0.08816132
ID_C39C28148B,0.2926639
ID_F0BBEEBF97,0.35692954
ID_2256D50988,0.2704465
ID_6D3440DB22,0.13255993
ID_8264472128,0.07344143
ID_D21EAD178F,0.3800825
ID_590B29FBC3,0.082507625
ID_CF419F0E8D,0.015020663
ID_3733CF83F1,0.011810545
ID_AB9865B41D,0.011731595
ID_DC5E671307,0.018243551
ID_8BAACBD7F0,0.1368265
ID_85A41DA17B,0.15721352
ID_8796008B57,0.091060676
ID_996D366C9B,0.030386718
ID_6E4A19FA73,0.016906273
ID_53B13B65A6,0.015257717
ID_A137003257,0.109243885
ID_93F602AC5F,0.039015606
ID_66A680577F,0.022462627
ID_9213294A28,0.13117011
ID_B88423BE79,0.7927733
ID_04C2BE4450,0.0060964264
ID_BA939B42A2,0.031010007
ID_AA2ED85684,0.90742284
ID_59CB343177,0.0044209734
ID_77429CB580,0.97580963
ID_BA6FF48018,0.00918949
ID_0C5D48B09C,0.5594131
ID_25AC52C808,0.010430564
ID_29A68C497C,0.027732465
ID_7B34E14713,0.8945861
ID_7F1F0EF59B,0.062233206
ID_50822EAF2E,0.0070506223
ID_380B3A753C,0.020797953
ID_67AAAFA127,0.02597502
ID_BCEC7C360F,0.015789824
ID_5B9AC805AD,0.17658152
ID_9EBC619851,0.15022172
ID_8714832BBE,0.044452097
ID_8013DD6D6A,0.021438584
ID_3A3B2531BA,0.17859788
ID_12EABFFB68,0.17914361
ID_F4A6ECA934,0.07977109
ID_DC70C03955,0.277557
ID_F4E9CDC820,0.006039938
ID_0E0362BDEE,0.036941946
ID_B7C51C96DF,0.012232483
ID_321EEB54E9,0.08005886
ID_3B7D55F3C8,0.08310291
ID_F569311FA1,0.86664
ID_6A873CE9AC,0.018006422
ID_6078B982DC,0.15332477
ID_F604DF9837,0.07585761
ID_29688C9103,0.10017219
ID_BE6AF6F233,0.027117288
ID_412AF7284A,0.3978051
ID_63FB7F4826,0.021542208
ID_E68190E53E,0.006156594
ID_377E57B794,0.096786395
ID_595EF14E4F,0.02379519
ID_84AD240270,0.04005737
ID_B5D1F11F8A,0.014132132
ID_85E3A58E4E,0.0979617
ID_00661E8924,0.06997549
ID_E595305C85,0.03598897
ID_1D6D93F505,0.2445193
ID_7F387C94A7,0.013051127
ID_3FF3B2E21E,0.72975224
ID_69DB7CA336,0.0066986117
ID_268B508BBD,0.0077128233
ID_A0693280F2,0.008461577
ID_61B51E5522,0.086750165
ID_88518818D0,0.12159161
ID_522F41E97B,0.024193589
ID_EE1CBD6F23,0.07330806
ID_E91E00B554,0.10075206
ID_5DABB25F0A,0.07218683
ID_DEEBAE82D7,0.017832298
ID_318CC8F04B,0.07501436
ID_F8C944613B,0.11971456
ID_0515730B62,0.20889305
ID_5AA8175E50,0.0051004756
ID_9EA04ABE24,0.7295629
ID_E14E18B6EA,0.010353349
ID_C9B8FB37D5,0.0045712166
ID_658E17D585,0.0070058536
ID_0AF56E4F71,0.013389302
ID_D43ED36B87,0.005483346
ID_9EB61F33DE,0.008248197
ID_C63579BA38,0.24566141
ID_D8871E1F18,0.004725759
ID_365F6F8DE9,0.0061115827
ID_EF08401193,0.5547751
ID_FAA0DD936B,0.6072842
ID_2AED9C5298,0.017433032
ID_3E4036A53F,0.62453854
ID_0DC8FDA444,0.91434383
ID_98796B3731,0.062137384
ID_52854AA075,0.021225754
ID_26755276F4,0.010349443
ID_F5DE7D810C,0.12382986
ID_D8856C9008,0.027141076
ID_9AA71E2A07,0.008072974
ID_C4A859EA32,0.14241341
ID_B748AC6ABA,0.037814755
ID_F628E4251A,0.026390461
ID_F5A124B3C1,0.018649857
ID_1E953C2FB2,0.030937651
ID_4C84DFE35E,0.56803024
ID_4E64DA3FA2,0.010356918
ID_D515986F9E,0.020938298
ID_B638D4E98C,0.46471313
ID_1CCBA97A17,0.49427196
ID_A6A9DC882D,0.023709768
ID_BEA1B5EE71,0.24095248
ID_DFEA3D91A3,0.12800907
ID_F62070FD54,0.014209188
ID_1425517977,0.030223915
ID_AD68A295E0,0.9390781
ID_3D46A3A8A1,0.1967216
ID_BBBFC0AD22,0.14794903
ID_446E07A4A2,0.98619086
ID_47D6FD0CDC,0.01706327
ID_1FE3A74621,0.00696609
ID_FF87B25580,0.0068654176
ID_7F11123B13,0.02153367
ID_38ABF55C73,0.7434911
ID_A959D96430,0.01209284
ID_A0A7187F97,0.019902088
ID_15BE1EB971,0.01688953
ID_CA80CEB5A9,0.16220467
ID_7DB960E607,0.0089937765
ID_6BDBE22CA9,0.06073878
ID_7190EDCE23,0.49709788
ID_A68F616766,0.01823353
ID_3DD19A8EA0,0.23614335
ID_607AD9B400,0.37699455
ID_D353A22842,0.082530916
ID_65708E7247,0.015136177
ID_520AC7B15E,0.023263864
ID_E1C923CE25,0.7819034
ID_6F720F9C7A,0.066545054
ID_F29E78646F,0.015575652
ID_35EB743C0D,0.033495203
ID_57F8B4CC21,0.26331803
ID_59148A06FC,0.23813234
ID_68687187B0,0.04525392
ID_ED66A3C39C,0.029277474
ID_4AC6BA2228,0.018208614
ID_8D51EFE48B,0.008591873
ID_7D6FB87095,0.00843368
ID_4790A8123B,0.007775174
ID_1F39C7830B,0.12318321
ID_11AAB86E19,0.00884771
ID_BB89E64923,0.12040211
ID_E92063EBD5,0.17294581
ID_C1386B88FF,0.49007145
ID_2189FE915C,0.3146044
ID_1B3B13EF97,0.15678047
ID_938BA712A2,0.008123278
ID_367AC678DF,0.8388827
ID_FDDF178DCA,0.08268624
ID_4F5F3B5317,0.13128155
ID_5394ECAFFB,0.19937316
ID_880736923A,0.010866994
ID_E9DBB46EBE,0.10566174
ID_0BCAF2C84A,0.025017526
ID_072CD8DD75,0.25088018
ID_2CD6929B30,0.010671343
ID_3882F469D3,0.019685298
ID_3EB0603711,0.85461164
ID_501203B8A5,0.01558983
ID_8FA16CBA8C,0.19131021
ID_4D459979CA,0.02994567
ID_8F6356B581,0.0066116676
ID_5813DB7CA4,0.025046855
ID_8F808E9560,0.008520675
ID_769FF88262,0.11579934
ID_DEABD5273F,0.0076145134
ID_6FD7D168CA,0.21340914
ID_2A9C8CC11D,0.051753156
ID_E1066513FB,0.09412942
ID_534D8A4BF7,0.009845543
ID_949966EB9D,0.005965359
ID_1E235A7AF8,0.013844202
ID_4A3C269A96,0.26849368
ID_98428E598B,0.12576914
ID_8A57C82D0B,0.072623625
ID_7B1951B7AF,0.1892331
ID_CB5A857CF0,0.035237234
ID_8EB112192E,0.06908222
ID_BFAB4147E7,0.9570836
ID_5026656A7E,0.2266511
ID_9A83550CD4,0.01506168
ID_23274A18C0,0.01937886
ID_D6979B41B0,0.15470922
ID_75C750706F,0.012088147
ID_4A6F5E6606,0.0077648703
ID_B9E32664E5,0.61598915
ID_CEE7A0BF16,0.010522254
ID_6E717313F7,0.05471883
ID_5AC971CC3D,0.22788338
ID_9B131B9FAE,0.016103785
ID_B21AAC9BA9,0.22337793
ID_7E194C274A,0.09594276
ID_8FF50F2D1D,0.024593543
ID_192C66DF60,0.006832041
ID_78CD83402D,0.019619163
ID_40CB55E34C,0.42812315
ID_C0770B8F2F,0.9192887
ID_5489CBEC1F,0.021274557
ID_22508E7F46,0.029613702
ID_63F33E9A3C,0.05389818
ID_03AFC4A54B,0.030096436
ID_3CA344AE74,0.9635785
ID_F7A8F40B90,0.12300545
ID_9EB7197B4C,0.06005126
ID_11412F06B1,0.008980613
ID_725BF3C6BA,0.012097101
ID_8E0532BBA7,0.2732614
ID_E6E332DC52,0.011033065
ID_A31C35B092,0.038639978
ID_C4FB6DDFA9,0.52560234
ID_C54694524E,0.33570588
ID_E28212B553,0.1408793
ID_FAC855FD27,0.19525427
ID_DC5980234F,0.4206453
ID_0ED58A65A2,0.10327737
ID_EBDD2E501E,0.17668964
ID_DC57AEDDB5,0.026275877
ID_E0766B4F24,0.019874275
ID_5DE6F88E8A,0.006191142
ID_90D245A595,0.014651423
ID_284A79D6D8,0.017874228
ID_41D84E820D,0.045636315
ID_FB66A07C2C,0.021853969
ID_E76DB0A9E5,0.2045656
ID_D0E77E9EF7,0.018521912
ID_3460E4F60B,0.16949403
ID_1F485FF37E,0.38094932
ID_10EAE5E6D4,0.18221262
ID_CDA51BE254,0.007926109
ID_646D299A62,0.05703222
ID_CF81B19440,0.015266997
ID_5C46CBF4E1,0.03386764
ID_FB7860AA65,0.036287718
ID_2B2C8BD27A,0.85886234
ID_09CF14FC53,0.10515805
ID_BE04D144F8,0.46549913
ID_9BCAF23682,0.09657689
ID_A798177A47,0.026387747
ID_C49518F9A0,0.0062546893
ID_6B648E2B35,0.091625184
ID_E908BF2194,0.012271662
ID_0FAB46B11A,0.0071904217
ID_8267A8B36B,0.6568146
ID_10AE26CDC5,0.0068596434
ID_9DB8F310A2,0.15627986
ID_FD717E9CF9,0.24808191
ID_25F7AAAF7F,0.015696425
ID_46C6CC3CC5,0.024417289
ID_B666AE26F4,0.10537504
ID_72B9FAFE17,0.5076382
ID_69A203551B,0.007971178
ID_995D983836,0.015484509
ID_3DF75E109B,0.011516175
ID_D13E9BC4BB,0.0045338706
ID_05361529B8,0.011888392
ID_E384612134,0.07263616
ID_647846E4E3,0.21278444
ID_99E88AC258,0.035075974
ID_F40025A21D,0.059134662
ID_3E192A7BD1,0.1077163
ID_884149B535,0.13577932
ID_EF0C098566,0.01112427
ID_99A530EF9A,0.010326616
ID_2CB31D3B79,0.0062273364
ID_0477BAA8A9,0.016061448
ID_DAB83A6D5C,0.010550428
ID_3EA274141F,0.006844273
ID_B4E93A98DD,0.0077477237
ID_976D72E5FD,0.018286861
ID_47D89D152C,0.05716798
ID_57D8B179D4,0.37257862
ID_142422AD3B,0.014305231
ID_86564F06AC,0.0068335044
ID_10E0B6071A,0.04554337
ID_DEDCE9F6C7,0.23768544
ID_930E545E04,0.5654451
ID_09C3BA8EFD,0.023714155
ID_5E99FB0309,0.18754473
ID_33811A1A2A,0.5193101
ID_9CCE8DA573,0.16448572
ID_84D261476D,0.12963684
ID_6CE7FAFF19,0.8795122
ID_347BFE78F3,0.02203688
ID_2C0DEE06B0,0.034793485
ID_2B5CAF31E9,0.004537594
ID_84FCA02E39,0.58820224
ID_6ACDD5636A,0.84712034
ID_4A9405F42E,0.11788798
ID_F716B57233,0.010718096
ID_184B8A96A3,0.014665991
ID_5C5961AF11,0.021482361
ID_C433BC90CD,0.014553246
ID_98348FC308,0.46723163
ID_5526A24698,0.3555798
ID_9DC63ACB64,0.23786356
ID_22926F7127,0.9773044
ID_DB40DA1F3B,0.05242011
ID_636E3D8E62,0.031751744
ID_03680BE168,0.012328587
ID_1B1D25AEEB,0.2347996
ID_DA6632DF9E,0.025630824
ID_D61CAA8CDA,0.012904698
ID_8E0C697A16,0.016087018
ID_90563C58DE,0.066840194
ID_1A9226F779,0.58769166
ID_00BE2E09E7,0.007040376
ID_4351E1EB25,0.013664119
ID_1D7618B0BA,0.08680396
ID_55FE2BF591,0.1304558
ID_88717D5771,0.008707476
ID_849C6366B1,0.7905023
ID_471E9EE2EF,0.015796633
ID_2AC95022EB,0.017947964
ID_E99948892A,0.022472393
ID_E67F03BFDE,0.5226207
ID_C3138869B4,0.095083855
ID_41D5EEAE2E,0.04033077
ID_7B131738CA,0.038258824
ID_E929D4D93F,0.029257543
ID_E87F5CA91C,0.22786851
ID_B01210F1EE,0.2210331
ID_78E58EEDED,0.036026206
ID_03E361F80E,0.10335738
ID_911D5B7862,0.028749723
ID_E6D09DAA11,0.02160164
ID_6BF2058013,0.0151740005
ID_6DAC52C2A6,0.16693507
ID_3967A079E2,0.004894607
ID_CE9DFABAA4,0.1132459
ID_2A107F5309,0.022371445
ID_3F795843BD,0.017187493
ID_C39344EC11,0.2395734
ID_7C61462F4F,0.010470997
ID_2B30814610,0.04844023
ID_D940715040,0.008350053
ID_0278C0FD80,0.026919242
ID_AA5BFA4D56,0.25508457
ID_704A986AC4,0.2884164
ID_3C789554A2,0.005821708
ID_AF0A4CEC32,0.008758656
ID_A3BBB56509,0.007183484
ID_52FADFEC76,0.0089438055
ID_5938D18837,0.045439184
ID_62C3F4F53A,0.029021388
ID_531BE27D5E,0.031459354
ID_6DB470D0A4,0.014952316
ID_78ECD5A548,0.008224272
ID_AC38C271E7,0.022352882
ID_8AEC2A3B3F,0.09767038
ID_C04686A595,0.013296447
ID_4B7E5C9E23,0.020748409
ID_6FDA13411E,0.025507145
ID_BE15BAB978,0.02026379
ID_0CB6FBC2C5,0.009901341
ID_DB57D6355A,0.38264742
ID_3625AD48DF,0.19297624
ID_73B2D33171,0.9182736
ID_E00D693DEF,0.008146052
ID_A9E0B2948D,0.06784369
ID_A6C7877559,0.06768437
ID_AB93A25173,0.02956105
ID_E01DBDC118,0.06647628
ID_670C6D9092,0.2643727
ID_0A4648787A,0.23841251
ID_75BCE02D57,0.004732344
ID_24C63B97D6,0.4868325
ID_EB32095FAD,0.39698824
ID_8048A86C39,0.9117529
ID_2DB75C4025,0.16751873
ID_E426EA5180,0.037797708
ID_527ACBDC0B,0.16846009
ID_6DD68843C4,0.80259633
ID_00AEBA36B3,0.2971815
ID_EBBF50B178,0.44026503
ID_C803250AD5,0.8146272
ID_57F035D6E3,0.0615737
ID_4C0BF11B33,0.010783658
ID_5A600EB394,0.057465564
ID_299E218C8C,0.88848424
ID_E7BB39416F,0.0387688
ID_1D8D99EC01,0.016240459
ID_DB9F22B037,0.022818945
ID_A133BCCBFD,0.019955115
ID_F31EBF37BE,0.19508046
ID_C820F4033F,0.009262169
ID_1414D39415,0.008512679
ID_00BBD08C4F,0.007748386
ID_380CF53B2C,0.02327684
ID_473AF96AC1,0.4380169
ID_5AE2D639A2,0.009199448
ID_3BF3E8CA9C,0.022165472
ID_4D927BDB80,0.013748252
ID_C148A18122,0.030048747
ID_CF2BBBB137,0.009392659
ID_4E93042DF4,0.52024347
ID_27D5CD2711,0.9376807
ID_F8F4F508F0,0.11102915
ID_AA4848C7CC,0.46075445
ID_F4F22D4DE0,0.08971105
ID_EC0EC9FCD4,0.018559529
ID_BCC735A414,0.03839606
ID_E2E81A71F5,0.06518613
ID_53CFCDDD50,0.02685578
ID_F937521EAE,0.022506928
ID_13B7D48298,0.009854397
ID_8AF799EBD3,0.18036464
ID_881711B60F,0.009151238
ID_EE1B67708A,0.026633717
ID_A34A0BDBFF,0.04808692
ID_C0FF206612,0.036366068
ID_4B35DFDAEE,0.012662802
ID_539E2AEF8E,0.0660037
ID_31E303B3BE,0.14810452
ID_313D5A3374,0.11065762
ID_A78D8E5ED1,0.049135365
ID_5E2ECA0557,0.018039823
ID_6089CEDA34,0.1778096
ID_50CD6533A6,0.046400223
ID_9D21008B73,0.04104172
ID_A98E533492,0.0072783343
ID_636765EF72,0.016872704
ID_B8FC790269,0.0074146357
ID_542A7DAF58,0.010285385
ID_ED73ECABD3,0.38356888
ID_C02C087EAE,0.0142551875
ID_5D414014F7,0.026213326
ID_FD3465E52D,0.007479703
ID_968F84CF37,0.021419339
ID_A5D1D37F83,0.03171533
ID_6C71EEFE23,0.03681464
ID_4F71045366,0.00503972
ID_AA523B7B42,0.8722077
ID_3C6014219D,0.035487395
ID_6BFCE8BD8C,0.014636903
ID_63E1776D6E,0.0108435415
ID_EBC984978A,0.37442395
ID_EC5064D1E4,0.49149066
ID_C0D88B6BAA,0.030041747
ID_35509CAE69,0.3265325
ID_DBEEDEA83B,0.012942137
ID_4751387741,0.18663418
ID_B886A96369,0.014024428
ID_BA66FC9F63,0.037377063
ID_E94B778AF4,0.17871161
ID_EAF234F744,0.049170997
ID_34AF515B94,0.2437579
ID_252E076C1C,0.1678816
ID_F8638B4481,0.049572654
ID_0142115496,0.0054128477
ID_1CD46A3461,0.011020952
ID_3C6146F6DF,0.21052499
ID_0C879AD226,0.068188936
ID_F94D560584,0.75109434
ID_6AA68F647F,0.52910733
ID_AE6EDC5AE6,0.14647615
ID_3DB609BE4A,0.12743542
ID_25EE26A3DD,0.37479258
ID_934B7C5220,0.021937914
ID_6B1DC1B8FE,0.024094008
ID_640E5EB875,0.011231653
ID_C79363E231,0.00626884
ID_113861D247,0.01153491
ID_84AB3A0901,0.49287924
ID_AC164FB562,0.6923871
ID_510256302F,0.82865953
ID_217DB9FCC2,0.57042545
ID_0B4F314156,0.046602625
ID_48856CE4C3,0.015722707
ID_CA1465F944,0.045424152
ID_2CCA76A9C1,0.59057254
ID_C8A97D25F5,0.21039025
ID_0D5B8AB2CE,0.007317059
ID_F2034DCB41,0.0990782
ID_A9E07DBC18,0.092858404
ID_ADD9DBF7B0,0.16597301
ID_BB819ABDFA,0.1068163
ID_E62A88A93A,0.06650337
ID_EDF6A4D762,0.010006086
ID_24FAFDC734,0.09407118
ID_8F6FA78F00,0.038431786
ID_D7B018966C,0.021975487
ID_57C5879B65,0.16914111
ID_5769FF0B42,0.024678862
ID_1CCD6339B5,0.55309343
ID_C37CD50F3B,0.08825521
ID_344AF91BF3,0.068739414
ID_65A7FE2957,0.6698987
ID_BA036D6CA9,0.010830495
ID_8CD99A35D4,0.08188386
ID_307A0A3F85,0.20812784
ID_9820E877EF,0.2430173
ID_49563B0E18,0.82287014
ID_9F6D2863DE,0.06231153
ID_18B01B9B0B,0.058934618
ID_C9955C7C45,0.01976633
ID_B53D5480F8,0.08630221
ID_381AB3EA28,0.103046715
ID_B3F94E7045,0.018151585
ID_73DCE18E87,0.017047184
ID_275560794D,0.69350237
ID_9484EC0238,0.0076183886
ID_176A3ACE39,0.01133532
ID_1B2DDAD166,0.016141959
ID_D101D88AD9,0.020083532
ID_E856A94874,0.03201419
ID_CAC6F69166,0.33851615
ID_F1AAA54CA7,0.37440482
ID_57FD930632,0.15685494
ID_D12182A5CA,0.29320392
ID_7285231D79,0.068882704
ID_6AF2F08A9F,0.010546363
ID_C061C42B2C,0.029888632
ID_2B845AD134,0.024316842
ID_9B57ABB5ED,0.11135115
ID_6F163FAB79,0.69576234
ID_F2DD6AAB6D,0.17193916
ID_3EFBA7F7E8,0.1655581
ID_0FA5B50377,0.00795844
ID_2C3399B84F,0.017458687
ID_BF869CA17E,0.008983226
ID_7C2880F40E,0.57412577
ID_BD91DDD1AC,0.023135345
ID_764AFF0863,0.45558712
ID_DC49DE40B8,0.093750186
ID_DDA7DC39BA,0.119355366
ID_6558E413B3,0.041566513
ID_11AA4E6368,0.7641179
ID_028249DF40,0.0129373
ID_662F0F9B34,0.14886652
ID_D0FF6E69B2,0.4520467
ID_D2ACC34A05,0.0064201867
ID_69AB20423B,0.010781271
ID_35F34D2027,0.51440084
ID_949165DD5B,0.004824442
ID_A4D42EE230,0.042468563
ID_3253AAAAC7,0.026306441
ID_C70A9F78D2,0.15366636
ID_D8FEC56802,0.2680919
ID_B1153319D9,0.033307303
ID_6E52971BC0,0.0070253657
ID_FFF1A31190,0.009457325
ID_C5723AFDF5,0.011084932
ID_24B9449D00,0.04208043
ID_9965300B35,0.030761236
ID_1E82F8FE04,0.18614113
ID_32E7338F16,0.011339942
ID_E7C7FA9D55,0.8116388
ID_FF38FF34F8,0.03184891
ID_3298B74672,0.6684175
ID_56DE1F4F22,0.4770683
ID_23EE2ED3D7,0.0412773
ID_004DD96003,0.030658932
ID_F19E3C3ECE,0.009872507
ID_19575C1E7B,0.015106557
ID_25BF978621,0.16626589
ID_A9AC960E5E,0.3754281
ID_EB20AA47C3,0.021512326
ID_F06E546B2C,0.016343275
ID_7C89325947,0.0037533676
ID_05B59B6501,0.13478267
ID_F153C9A605,0.05519833
ID_79459BD906,0.020569557
ID_3D9D401B1B,0.010399706
ID_C57533117D,0.01697522
ID_6F8975FDF3,0.004360133
ID_25B4847FAA,0.21497536
ID_1C31B47F0C,0.8009452
ID_D5EA4BDEAF,0.03698607
ID_1BC81D9DBE,0.017174214
ID_03E5CA470A,0.074545115
ID_16D8495C28,0.018054424
ID_985C14AC03,0.79817665
ID_B9B698BAC1,0.099254586
ID_F8DE161141,0.22007473
ID_4796FFFF4B,0.048067458
ID_B0C4CE9E98,0.012394468
ID_D755E422A9,0.012817966
ID_D3B75C74C0,0.029118042
ID_E894A5CF60,0.057329416
ID_20D042153E,0.014549741
ID_2C07F8C9A6,0.7515426
ID_93EBF69920,0.63148594
ID_FB1655A901,0.04004942
ID_D44654C7D2,0.021370472
ID_7493F598D3,0.0964427
ID_AA9C5EBFE0,0.022633871
ID_08AC19CEA2,0.2032522
ID_C6763939BF,0.068216406
ID_6980B597D1,0.010022498
ID_BC4D3A42C8,0.0046520024
ID_EF892518CA,0.023037478
ID_A973ADF09F,0.006800235
ID_B8DDF7AB54,0.01413959
ID_2B83599D46,0.009610334
ID_E4063D5781,0.073170856
ID_8042BD9A1B,0.037139237
ID_AA453BD694,0.23994389
ID_3536BF5E31,0.09756134
ID_A1F13D7611,0.036637552
ID_49DEE8D47E,0.045671485
ID_933F0D5F25,0.039415542
ID_00E76BCF85,0.07359227
ID_89BFEBD443,0.008646886
ID_BBE306F597,0.27177772
ID_87677D439E,0.10401351
ID_FEBF27631D,0.3886968
ID_3D24AB2B04,0.01746657
ID_7F07E784FF,0.6418699
ID_60663F62C7,0.027446227
ID_278D1AAD74,0.019264128
ID_3B5D498B65,0.059275143
ID_8BA213E8CF,0.013818621
ID_3DD08531E0,0.32417774
ID_3F6D89E027,0.106272034
ID_1F29B9CB1B,0.02926441
ID_B755C26052,0.31022987
ID_BBCA814109,0.32189092
ID_999E64E102,0.023559336
ID_F78845433B,0.93775314
ID_347F1B07C3,0.019950844
ID_5056C5CF61,0.009051137
ID_DAC63FD1A5,0.00763722
ID_6E32856606,0.064319976
ID_3B2089540E,0.00900961
ID_B325D1ED03,0.018818839
ID_5DA327ACF7,0.16870452
ID_B36976E4BF,0.48078862
ID_29765D3AF3,0.006090094
ID_3F9DA22AFE,0.29902455
ID_5231B90CA5,0.41211665
ID_EB537CFCB9,0.10053501
ID_ED01BAB39F,0.04742813
ID_532DBDFB50,0.016944192
ID_9197015609,0.057461224
ID_ED8C7EB05E,0.5429634
ID_4FC7692545,0.0061244965
ID_D37EB4599D,0.009046172
ID_700DE92CDA,0.0077390103
ID_4B11A83321,0.018435791
ID_A708EF1F7E,0.70476186
ID_FD2E86FB7F,0.018408569
ID_31B6F551BA,0.047091782
ID_A6FF98F249,0.25075477
ID_0C694CB35F,0.008185605
ID_337447C400,0.0053044683
ID_95DEFDBAD5,0.006412257
ID_114501527C,0.030322853
ID_8CF8521561,0.02657578
ID_AE41F6CD4F,0.04051137
ID_DC5258B425,0.012949603
ID_E85FE945D9,0.14838055
ID_4EA910C658,0.97679293
ID_9A6E685800,0.9548334
ID_4886CCC6F0,0.0491834
ID_FF535FA30A,0.007459946
ID_4A152C1E4E,0.10704467
ID_3F67DF1933,0.016187537
ID_51F1270DC0,0.0046437164
ID_DF04114768,0.010274403
ID_DE0584117A,0.009710137
ID_A861577DB0,0.03169141
ID_13C67F8590,0.11325362
ID_79DBEB19A8,0.04467676
ID_97AC427FC2,0.20663506
ID_5E89F43C89,0.00428613
ID_5B6A22E037,0.82517654
ID_E312E8A23A,0.034417003
ID_365F9010AB,0.093516216
ID_4F5D8E3CD0,0.010458929
ID_F8F00D3088,0.012379706
ID_6E7A48F13E,0.05781688
ID_7A72CDC721,0.022968458
ID_45B96D3547,0.020595055
ID_AEBB3BEF74,0.008356011
ID_2D092DFE1F,0.070146866
ID_4DA60C590B,0.08296006
ID_74D5B1D5E4,0.009198924
ID_D1BB9273B4,0.012492063
ID_C53F1C81AE,0.008710868
ID_00DCE9C2FF,0.54777205
ID_3C54FAC127,0.0075225406
ID_0DE3578D09,0.011847792
ID_651F6F099F,0.0057155336
ID_A43C196672,0.14558949
ID_1DFD5E65EF,0.020427547
ID_670D012756,0.19957435
ID_49B6F1B2B4,0.23259807
ID_23308CBC24,0.15795037
ID_F2FE1C3EF3,0.058834236
ID_C429153998,0.005502296
ID_B6A65B4EDE,0.0059728725
ID_43E7D705A3,0.020207185
ID_EFDFBBEA30,0.16687295
ID_9995969056,0.29695472
ID_005F5C2D9E,0.7220799
ID_E8C53CAB62,0.9418976
ID_231EA550E0,0.012723494
ID_FAE75E4E14,0.008986054
ID_5FA2CD3856,0.010928463
ID_3041CF334C,0.009810477
ID_3AB622F1C7,0.051516235
ID_E3D4EA187D,0.037552107
ID_806194465F,0.07602274
ID_D3567EE464,0.05076058
ID_5E38FF517B,0.016569827
ID_553AF1B041,0.39602494
ID_683AC6326E,0.27721986
ID_32910F3E17,0.7278161
ID_8821257E51,0.4584723
ID_2D8E44BAD4,0.42519987
ID_0104788DD5,0.008725653
ID_DDE34E69C5,0.31105447
ID_9B3E760227,0.024456935
ID_701177D932,0.052178714
ID_B4F1318529,0.031166464
ID_8E5A52F6DE,0.02990948
ID_706ECB0E03,0.007081536
ID_C78A4B960B,0.00576778
ID_21C4015D16,0.0071236882
ID_54486B89C1,0.009755295
ID_8E44E7A433,0.031332716
ID_7B36EDB47A,0.16334112
ID_454237A11C,0.40074477
ID_E95E6CB524,0.89553463
ID_7CFB8B2A4F,0.010953693
ID_714020667B,0.4118939
ID_43DC875C02,0.16951853
ID_776EECE858,0.03310672
ID_CF15547603,0.032141842
ID_CA50E21567,0.038455244
ID_9140C2A23D,0.016377129
ID_21FEB6D194,0.019413132
ID_C38A431645,0.051088322
ID_A903A11354,0.10771918
ID_D2E7CAB289,0.0641272
ID_BB6234EA3F,0.12071008
ID_7FEF513834,0.006935761
ID_9BCBD72F45,0.06303669
ID_292B7FFC70,0.0743557
ID_B8FF974B38,0.0043659
ID_AB7255C116,0.39483097
ID_320F3BC676,0.05396632
ID_27702D73AF,0.07426636
ID_B0DDE608A5,0.1242006
ID_DE156BA4B7,0.07743286
ID_E4E415CD4A,0.045647416
ID_4230B72B75,0.19410993
ID_FDE8B7759C,0.017467426
ID_8C85CC2D03,0.05899134
ID_A3978B5B32,0.55457044
ID_8389B7592C,0.012410595
ID_A7F3A9583D,0.13099085
ID_D73D2287B5,0.010821909
ID_7F2E12A8D7,0.012631835
ID_B9694EBF71,0.029280966
ID_9339BAEA2F,0.0074257576
ID_3D45716387,0.12172953
ID_90522E0F27,0.03524975
ID_1065140948,0.010871773
ID_B15DD7C85D,0.2778076
ID_3234249D1B,0.04008237
ID_A6C0E7D560,0.89448607
ID_220577CE96,0.028295146
ID_E8E57265CE,0.004953831
ID_722443065F,0.06759445
ID_9321435A03,0.35145283
ID_9A1B845BAB,0.19250803
ID_2D96EBB88A,0.012166375
ID_654D8FAB54,0.9078044
ID_CB66DA17CF,0.006070895
ID_0599593131,0.821326
ID_154CC766DE,0.023032783
ID_9222B63D6D,0.12832645
ID_02F02FF59F,0.104188815
ID_1F583B7C6B,0.017268224
ID_8AA658A642,0.037849072
ID_F535E26D83,0.16438432
ID_A65CE18C75,0.031088565
ID_D813E2766F,0.21164192
ID_B9E5EF9ED7,0.034502592
ID_453BBF10CA,0.056073975
ID_5EA720C736,0.2774319
ID_4E766DE27A,0.010250713
ID_01A511CFBB,0.03118443
ID_D413DFA15E,0.059058387
ID_232D824487,0.13369215
ID_7E658DA926,0.021425642
ID_513C83954E,0.0102679655
ID_764FAC3A90,0.2308742
ID_4B06353EEE,0.65982544
ID_B554B8FD9E,0.47143582
ID_D83179A740,0.7818879
ID_D19B39B9E1,0.018442458
ID_A84564CE2A,0.93334335
ID_6E13756C32,0.38981074
ID_46822DF299,0.010455598
ID_481BBC7981,0.02328359
ID_976D883828,0.57725835
ID_6F42E8D1FD,0.46801522
ID_0D4921B21D,0.0111069055
ID_582C86BA93,0.039047454
ID_6400C7F6C5,0.026630884
ID_339322B180,0.022008318
ID_A2D2601E1C,0.043232277
ID_1F57DC6D18,0.021895595
ID_7E5FF8A29E,0.07106556
ID_B4A62EEB65,0.57454914
ID_7C5F501322,0.42438543
ID_8D71286290,0.28870508
ID_D0A0843563,0.027050482
ID_FB0361994C,0.008537237
ID_5BA69E6A3C,0.2399488
ID_E08F1689AE,0.16919647
ID_20BC37542E,0.29557317
ID_226905D7FE,0.51992434
ID_A6A6ED0443,0.7982604
ID_FC3AD1A26B,0.012433099
ID_44F84EEA81,0.09822855
ID_D36CF74D26,0.008845138
ID_794979785D,0.006564568
ID_0767BECCC4,0.06317485
ID_E9124C846B,0.13182275
ID_570F6491F9,0.49420524
ID_C8FEE51F97,0.07976824
ID_BB1994F9CF,0.07643062
ID_7A395C1126,0.33775347
ID_C568FBC5A5,0.24774124
ID_03FC818291,0.09633628
ID_3AAED30FC5,0.017711585
ID_D7FCD2E373,0.029379947
ID_162A8E770F,0.05696692
ID_CB5E543C6B,0.14584339
ID_013078F545,0.0070566637
ID_791E382D4C,0.011516254
ID_4526B4F4A0,0.2251592
ID_2E1DBB7052,0.0064666895
ID_002583D7B0,0.06368855
ID_9AF67CE052,0.8092737
ID_D32AF4CB2D,0.007388978
ID_9BF1BD8D4C,0.007740586
ID_DA09746F20,0.019722847
ID_49066859DF,0.046605963
ID_EEEA544A23,0.0068638003
ID_6E4847FE8D,0.046452034
ID_807B9213B1,0.018719433
ID_C5108C64D4,0.029823562
ID_0C91B16A87,0.025430217
ID_70CBC09168,0.06627928
ID_D0BD5D9244,0.0067579094
ID_E8287F7DE5,0.0312995
ID_40E14CD1D3,0.007501248
ID_57A55FC559,0.015176288
ID_2C07F27610,0.008582859
ID_AF932D50E0,0.018784381
ID_3D0BF2D628,0.021204373
ID_16234FA32D,0.035809126
ID_C75BDD0E5B,0.6816823
ID_EFE9FC8D1E,0.006953718
ID_C36D1A1643,0.06254076
ID_1640B26E07,0.008046619
ID_B5EE5F340B,0.011465711
ID_F8B029BE59,0.026777372
ID_5E6D0365EC,0.0503452
ID_EB3A4D32D2,0.015801417
ID_F6981F49E1,0.5253131
ID_DCCC911B1C,0.020799186
ID_40C9298F9E,0.018700767
ID_27C7BE6D30,0.18975785
ID_436588B4F2,0.078783676
ID_6ED73932F6,0.16136941
ID_C8A565C84F,0.73058546
ID_1F1A6B190E,0.21894467
ID_994BED6A17,0.29600763
ID_2400B74F52,0.14383228
ID_A39E528C1C,0.0055155684
ID_DA9DB610C5,0.08093475
ID_51660380FA,0.8283804
ID_6AB08E0BB0,0.014163541
ID_10CDCD97FE,0.12427229
ID_6A5417957A,0.09693739
ID_660F29460F,0.13490926
ID_DFF7428F68,0.12545438
ID_763D75741F,0.07077207
ID_E0646E327F,0.0063185613
ID_53C84BA5B4,0.6780023
ID_12A6DFDE30,0.05427051
ID_D7E409A4F0,0.22004831
ID_1DAF397F50,0.008814064
ID_3ECEC3D3D0,0.0071371957
ID_AA49F03F1F,0.37778962
ID_9041E26139,0.028361961
ID_0ED2F7BF25,0.00955392
ID_6F13902A5D,0.24326661
ID_5118D06BFE,0.35461533
ID_AEDE70CC65,0.10314361
ID_0AE51D3167,0.012624719
ID_2D6C5DF8E2,0.03914532
ID_9CD66D9FC3,0.9646869
ID_6545238801,0.006744592
ID_201A181254,0.2767102
ID_891C11FE55,0.04946142
ID_2C9CB578CE,0.012521192
ID_F62B77419A,0.24235961
ID_3FA7809A54,0.013097817
ID_EF0A272E96,0.009198086
ID_877C786409,0.06228433
ID_0B9AB0C61A,0.023545457
ID_BD6D4F57F8,0.030995922
ID_0FDCDBE8D1,0.007843708
ID_78F4DE30D0,0.053886127
ID_9269C7F1DE,0.014066818
ID_16F415FDE9,0.18025282
ID_002D23BD6F,0.006355239
ID_52F0C7F424,0.021401718
ID_8129231F79,0.1569389
ID_97BEA1A450,0.0062799337
ID_DEB4E53A81,0.012764137
ID_B7260F2150,0.676892
ID_951AD0F98C,0.094024256
ID_E07FD61AB0,0.012569289
ID_D6E49A5873,0.053472742
ID_856475F5F6,0.2537012
ID_D6ED0A483E,0.08136816
ID_14BB5FADD3,0.05500595
ID_64C83DAD99,0.3470439
ID_4471013E37,0.36885384
ID_A59AC18FF6,0.12859194
ID_FE30261A73,0.5631228
ID_084E4D1513,0.15559354
ID_7663B51324,0.009057037
ID_44D1F13C32,0.03545847
ID_47F9E9AA22,0.9945102
ID_E03129C8CA,0.71684504
ID_948159BB78,0.08318624
ID_772B88C121,0.2987713
ID_C73D186DA5,0.06241578
ID_D029F891EB,0.013098754
ID_E76C93B33D,0.011404009
ID_66563CC932,0.01290702
ID_74ED98445A,0.4280231
ID_126AD8ED1D,0.025087304
ID_43D92F4E93,0.02024968
ID_2634D5DD88,0.9529545
ID_40F5934BD3,0.158945
ID_AF35A285A3,0.019007035
ID_8E9DCA72CA,0.007674374
ID_627882D53A,0.39133644
ID_0C807CAAA2,0.10541027
ID_86898641DF,0.03513619
ID_18C06E1E79,0.029669099
ID_32CFE142EB,0.8082986
ID_9F4BBDC49C,0.047195543
ID_2591438052,0.03945089
ID_3CEDB22D37,0.29801947
ID_BC7B0F5B96,0.81702137
ID_8FA05D0C6C,0.016907766
ID_51E1743E89,0.022569578
ID_7583E94B1B,0.23607478
ID_211428C2E4,0.5332978
ID_F27A9496E3,0.634496
ID_BEFB30F9CA,0.12089984
ID_1A3F18B542,0.009043329
ID_FCD99AB74B,0.0068530207
ID_36C42CEE97,0.03205856
ID_8FAB8AEA75,0.07468764
ID_F1055EB073,0.06166548
ID_82EB01E74D,0.012589243
ID_0345EBE71C,0.006120586
ID_62A0BA41DC,0.0242443
ID_6A9E914C71,0.031329997
ID_4A191DB9E1,0.044305425
ID_8D37AA8813,0.038379215
ID_93D006BBC8,0.22605869
ID_F13128AA02,0.58840966
ID_D628CB966A,0.60862225
ID_28985D5849,0.003738202
ID_5F16721F00,0.020991383
ID_2932E5CE9E,0.03239238
ID_2969B99DBC,0.005867028
ID_586C18BFCB,0.028206877
ID_81B15BF78F,0.045163024
ID_F4D4FBCC9D,0.34371132
ID_F99A507B77,0.03973369
ID_00D94346B2,0.05595997
ID_544F7FAA50,0.08224722
ID_2FEADDBB97,0.42167103
ID_E8273193CA,0.009735863
ID_24B97C9097,0.3353903
ID_ED642E082D,0.00759148
ID_23C3322791,0.013494745
ID_FB1F4BD022,0.028426116
ID_27E9AB1A95,0.056060363
ID_C46709676D,0.0058098785
ID_1B40148207,0.030335315
ID_8238F1F85A,0.004410009
ID_4A4DD31ACD,0.08874664
ID_3F8C916746,0.3293874
ID_83F06EA788,0.0063701402
ID_3B4B6430E4,0.020613845
ID_DB25B0B002,0.04717023
ID_DFB528805E,0.9067153
ID_7607DE45E5,0.006433711
ID_5646206340,0.04093557
ID_1F780DD2E8,0.04399407
ID_680783063A,0.00862884
ID_3DDAE2E029,0.117843814
ID_F878395BF4,0.039128028
ID_8E7477EB35,0.16872457
ID_314E4B265E,0.029954698
ID_81B24A71D2,0.030125901
ID_3086768BC6,0.009347696
ID_3F0C4669CD,0.006636712
ID_3A76F21415,0.009304317
ID_97DCF8A584,0.087591775
ID_C74C27E85A,0.049013734
ID_85C6EC4E59,0.004802237
ID_919706FC71,0.056863185
ID_3485B11D83,0.014706955
ID_224EBD6AEB,0.006733
ID_2CC16D7BC0,0.024932787
ID_D840AA1083,0.0578255
ID_5F10CCAC10,0.011146433
ID_96EF7573A3,0.0070681446
ID_A2B06DBEA9,0.008648511
ID_F72CE54ECA,0.10953801
ID_7609108C79,0.06826496
ID_8F49DBF58F,0.21851343
ID_4253DFA64B,0.011636593
ID_27D22AE1E5,0.013403801
ID_045C60EB11,0.094968
ID_FE4B444DD6,0.1446552
ID_75712864D8,0.07052113
ID_CF2C846936,0.24452506
ID_B278F1DC1A,0.29139197
ID_B0106C5BAC,0.27693948
ID_59B62FFE8D,0.60728943
ID_D0B2B9F288,0.022981327
ID_9716D41F82,0.6799959
ID_4DA507BB76,0.08014381
ID_F13C0222D2,0.012848147
ID_53FBAA9A04,0.035473894
ID_1419939908,0.21411194
ID_1808F08A9E,0.18974671
ID_D4C413A5F1,0.034965843
ID_387C9E37E1,0.77536607
ID_87E71EC01D,0.013693383
ID_C48AD3442F,0.030232338
ID_EC2955C8F7,0.089519836
ID_A16C7CDF03,0.007103639
ID_9BC53792FE,0.3391614
ID_5EFCBA316A,0.063386664
ID_A8077D5835,0.015005344
ID_5AC100F558,0.054890405
ID_BBFF4D8F2D,0.049048103
ID_69E11B4028,0.025689637
ID_07D6CF8B4F,0.07836473
ID_35267E0E3E,0.07710993
ID_171C72713F,0.045788586
ID_A039C01513,0.9300103
ID_078C0EDB5F,0.016093668
ID_DDDB0056F8,0.12232792
ID_CA77DC9DF5,0.009491476
ID_85DDF44930,0.0089314915
ID_463AB22C3D,0.010867353
ID_1142ED2AD1,0.04619545
ID_4215F82F57,0.044543136
ID_68EAAD025D,0.017244799
ID_24D2494BE9,0.013370312
ID_3F1F7CA5C6,0.08713868
ID_A2C6A1F31C,0.5075195
ID_86778CA13F,0.05155463
ID_AC4745D550,0.047311135
ID_66099D5C5D,0.028140076
ID_98408675A4,0.018211685
ID_2B4509A6C3,0.39046034
ID_3E5C4731A8,0.3596387
ID_24351281F3,0.19165984
ID_F09C6B1F6A,0.012029828
ID_1079220969,0.03273329
ID_654EF8A93D,0.43478706
ID_E40DF6D32C,0.80463237
ID_D50736FEF2,0.073984064
ID_76A3E67BEB,0.016657239
ID_C528550D16,0.3370556
ID_E7ADEB4992,0.058559455
ID_9EE37DE911,0.04243461
ID_F068430D57,0.074148804
ID_06F8A35BE9,0.28123006
ID_AD96C74B50,0.054691423
ID_ED14375AD7,0.014183791
ID_E1486D5A1F,0.0134940455
ID_7A0F8B33C0,0.014610681
ID_113F9D2626,0.017892232
ID_51AE1FA3B9,0.2754867
ID_78F5896EF1,0.013304037
ID_4AA9C5A68E,0.14417496
ID_6BF0FC4F4B,0.01937247
ID_F075F2D744,0.8802337
ID_60833FB48F,0.10373302
ID_DBC3CB9736,0.73044723
ID_466309C390,0.11566076
ID_E6BAE24D64,0.111059256
ID_B8CF921FD3,0.2822993
ID_CAA8D1B2A3,0.02417118
ID_953881746D,0.47457862
ID_9B4223B16A,0.77687097
ID_B7AB78B999,0.35908237
ID_ECA4C96FF5,0.31488085
ID_A594DAD54D,0.020774
ID_A3D16C8189,0.42465153
ID_62C7A8E0ED,0.006466859
ID_3761F95152,0.009757471
ID_B5E1FC087D,0.6699946
ID_586C8217E4,0.045514937
ID_06C56110D8,0.07479815
ID_35BB6129EA,0.007800073
ID_DE77324B09,0.16170272
ID_17437B1DF6,0.0096226195
ID_23533240F8,0.009891044
ID_B6B32A40F7,0.020919658
ID_BE01C7DDE0,0.49470472
ID_453782B2C4,0.020000964
ID_A8C254EDAE,0.62713915
ID_080D1834B1,0.020207275
ID_79B2D26F06,0.008043514
ID_CE98E8DA17,0.14078438
ID_0BD142AAB1,0.013642802
ID_C52B56961D,0.072827436
ID_2D466F29BB,0.068567246
ID_AC670FEDB7,0.022841992
ID_2CD304D483,0.10363394
ID_9284FD70D9,0.008222711
ID_A12E5242D3,0.27180523
ID_992CEE784A,0.0066265706
ID_EFBBB76B0B,0.0049491613
ID_C0E244BD2C,0.0127350325
ID_B2B00ED227,0.008606233
ID_A9B020F9DF,0.2359213
ID_D657838739,0.0056657908
ID_2135D305B6,0.0820426
ID_6421BBE50B,0.26016366
ID_A7CF5EC34F,0.2707776
ID_93831D4ABC,0.79238325
ID_464612D998,0.020121532
ID_46AA505698,0.2837797
ID_FBE0C7C31A,0.08296686
ID_2C65E2A5CF,0.20095669
ID_67A3D2BC18,0.62904245
ID_23DCF6C28E,0.87203526
ID_EDB9788197,0.005247481
ID_90695A8602,0.064130925
ID_99666006C7,0.010587238
ID_8DAD2C8D28,0.0062410296
ID_6506338B23,0.10347322
ID_0E35810462,0.19960274
ID_1D4B6392FE,0.03251602
ID_2718F3273A,0.054702565
ID_CDB998CB3A,0.04018552
ID_D4C84490BE,0.26576754
ID_263FEB8454,0.06371282
ID_CD249B7C52,0.052796472
ID_123B6A25BF,0.1278812
ID_4F2FE71107,0.01648659
ID_0F0F9D9546,0.06378969
ID_8076CF1478,0.007653591
ID_FD43EEC2D9,0.0070620216
ID_20EB7AB009,0.011453486
ID_9F107579B1,0.2291298
ID_C1426DFB44,0.02843816
ID_567BC33159,0.58914036
ID_F4ACB08F10,0.88822085
ID_1F1106BDA6,0.04673716
ID_A2952216CB,0.030642033
ID_BEEDD750EE,0.0073884064
ID_E819B4ADE5,0.015851546
ID_A4FD78E134,0.023792429
ID_C5BC162913,0.2131393
ID_0FB6FA6810,0.011928549
ID_8B0CBF452E,0.14362961
ID_C542ED15FB,0.014362743
ID_FC59EE63CD,0.18377669
ID_5353088522,0.005183471
ID_BA47F25956,0.9309355
ID_6943E6ECAF,0.0835903
ID_5EA938D613,0.19028957
ID_B3D382F8D6,0.040828638
ID_64A0DBD275,0.009822229
ID_16F2CBB8CF,0.02951675
ID_4D8EB37B10,0.3879653
ID_0A4981A76A,0.20885234
ID_9E0A8A1A94,0.011535755
ID_6602AA3463,0.09394006
ID_27FB5DCB10,0.13450736
ID_79C76F975E,0.020689031
ID_B8C78F7020,0.014253243
ID_914D10A6E7,0.016546825
ID_8A7346D3D7,0.6916808
ID_A9B844F2BD,0.08302105
ID_AF954BDA14,0.88739115
ID_78276D48AB,0.09471986
ID_1B706CD294,0.15923354
ID_672CA562FC,0.012806612
ID_7945CA582D,0.2503036
ID_00CD0F3167,0.5406102
ID_A1C9281497,0.012416876
ID_42A8167946,0.022097822
ID_C8E8BA92DE,0.04296711
ID_3F011C5D4F,0.16235244
ID_B1469173DD,0.009944846
ID_CF886D6124,0.031839486
ID_A6084645D1,0.039247002
ID_F129114056,0.008434718
ID_386DB95CF1,0.30723515
ID_526792AD94,0.46704537
ID_A09392A43A,0.09784454
ID_00E6B63920,0.105814025
ID_D2CD239E74,0.011045467
ID_D56E5B8B02,0.032486085
ID_F92A37BD39,0.21311118
ID_BD84D884C9,0.06196118
ID_7A4664388E,0.022342768
ID_6DA9817074,0.17764883
ID_2224C24392,0.67107564
ID_CC2B9F2760,0.0039127674
ID_B7DD055EEF,0.50542843
ID_7484A1987D,0.0059042843
ID_C2EE7A4AAA,0.49028298
ID_9EE20BB830,0.007435465
ID_D17D9E03D5,0.34536028
ID_F6A2DD0892,0.008549845
ID_C1BD5CABF5,0.017479965
ID_374781CB1A,0.6830198
ID_75D24D472B,0.0088380035
ID_3C7CF79AEE,0.01036611
ID_F1651E73C4,0.01724803
ID_FD3F0934CA,0.24293776
ID_DA6916D6C7,0.009674521
ID_E4F217CC0A,0.33003592
