ID,target,oof_prediction,oof_catboost,oof_xgboost,oof_lightgbm_goss,oof_hist_gbm
ID_E30F5A6F40,0,0.0838988123451945,0.09175093,0.08265946,0.07470373,0.05736447
ID_016C03ABF9,0,0.1412245279236777,0.1574883,0.13059554,0.117803976,0.105465695
ID_5838DDF357,1,0.7428522535123101,0.77947783,0.6809697,0.6940329,0.74201196
ID_261BB8C741,0,0.015549363819584057,0.021949353,0.007378555,0.008752232,0.008978254
ID_126DFF7986,0,0.025864284016758075,0.02552513,0.027637523,0.022807833,0.02482692
ID_59E08F5CDE,1,0.34078724976602803,0.39137793,0.28495237,0.465677,0.19220492
ID_19D6F8C9BD,0,0.02300759403210772,0.032284353,0.009503983,0.015613539,0.015972126
ID_6AB143D964,0,0.07816787763360518,0.08475706,0.06247963,0.12292281,0.06445042
ID_779F31EEEC,0,0.12738312118397682,0.14573056,0.10877574,0.14956927,0.080047965
ID_22E4955C25,0,0.11370728642782749,0.12244553,0.101533495,0.12832779,0.09649997
ID_72AD798365,0,0.03748209040839679,0.041123502,0.031761643,0.044621807,0.031243686
ID_8FD65A895D,0,0.0507252997272525,0.06092241,0.038707327,0.037929386,0.038966212
ID_A654239BA3,1,0.46232488305805014,0.39827302,0.5303214,0.65780425,0.5020865
ID_C6107BEFFD,0,0.1874934044402088,0.22173063,0.1523255,0.115356185,0.14961126
ID_B3BEE0AFF4,0,0.10069167840052312,0.13685124,0.05549637,0.09278531,0.048192292
ID_E2F78D1395,1,0.6356523367671307,0.6020262,0.7061638,0.75759363,0.57342595
ID_9108D0C795,0,0.011901482651843482,0.013256479,0.010681814,0.0077484874,0.01059876
ID_27D0D35E59,0,0.01935207581907028,0.018598588,0.018884726,0.020046452,0.02323786
ID_18D599D610,0,0.022082760042604094,0.021603007,0.02567732,0.021786882,0.01652967
ID_ED20E27B36,1,0.7709300119594839,0.7257595,0.81191486,0.84128296,0.84334123
ID_727ABB7021,0,0.007997722857557923,0.009548829,0.005010284,0.009511141,0.007187767
ID_F98B13EF89,0,0.11389603775125923,0.098652564,0.12798454,0.14987779,0.13244434
ID_575FC7EC23,0,0.018392985921432008,0.018544396,0.017410006,0.017000789,0.02046821
ID_ABB8083A7E,0,0.12073631066520187,0.15331447,0.07858953,0.109766304,0.07817625
ID_5EABE20E76,0,0.1546289595062945,0.16550186,0.13818072,0.16278021,0.14038469
ID_8435060ADB,0,0.07264931854166087,0.08735988,0.04919113,0.041008193,0.0745609
ID_08B20D7630,0,0.5442115153831395,0.5628327,0.5014727,0.59761286,0.53387564
ID_9A96F5BACE,0,0.012404491569824077,0.013248407,0.0108828405,0.010310542,0.013012991
ID_7AD8BC6A7F,0,0.3234015208907375,0.35040137,0.3005968,0.31601992,0.2613738
ID_3471D96AA5,0,0.022013523460467584,0.024084492,0.018287206,0.01939073,0.022393389
ID_76B4D3D4A8,0,0.08381813841535027,0.090588674,0.07772775,0.1333632,0.046657685
ID_F58C440966,0,0.0276200983200658,0.03928319,0.012294005,0.016047666,0.016225262
ID_D11823A317,0,0.035532637702790984,0.039261658,0.03078683,0.036900442,0.029349135
ID_699C32A6BA,0,0.09619087077892666,0.0959145,0.09219275,0.11888212,0.09604448
ID_61D8E1AE86,0,0.032789926028888944,0.046622127,0.015572481,0.017617082,0.017849993
ID_E05478EA20,1,0.5973002383835704,0.5759168,0.6683739,0.56576914,0.5490018
ID_3B6723101E,0,0.01713128543124315,0.013106997,0.020175233,0.015753848,0.028218087
ID_1D1AEB2818,0,0.03419808307161881,0.034075636,0.033144094,0.034666732,0.036772422
ID_875DCD452A,0,0.034293980827018525,0.03310436,0.03728098,0.05134462,0.025484229
ID_BAAC1FD9DC,0,0.06541742601356884,0.06851771,0.05171754,0.0562872,0.085675746
ID_6FDFCD0CFB,0,0.03483108769931391,0.041089356,0.025513362,0.042112656,0.025182446
ID_9F9E598AF4,0,0.010983281266417774,0.0132213365,0.0077440045,0.011294249,0.00833307
ID_6503E3A0FE,0,0.01130619221350031,0.015298115,0.0046585137,0.010897843,0.00886495
ID_FCD84C468C,0,0.022497761001139142,0.028303528,0.012211641,0.021059766,0.020640615
ID_9B32CB0110,0,0.0809476241528059,0.10130893,0.04506656,0.05664976,0.08241326
ID_5A40C193B2,0,0.0850917847265742,0.089374386,0.09401196,0.06348283,0.057268716
ID_FC8B8F7E36,1,0.8810031509432324,0.8674155,0.88739014,0.90639824,0.9136853
ID_96B541860A,0,0.06948416506065774,0.0746743,0.06685976,0.06964909,0.05309641
ID_401C7945A2,0,0.1331764510247682,0.15803337,0.08443009,0.15414459,0.12349862
ID_8970515CEA,0,0.0639406920342703,0.06942029,0.05828867,0.052774116,0.05776293
ID_F5296CB899,0,0.4598917327605013,0.5696217,0.3286842,0.38333234,0.3107442
ID_7B52F1AB4A,0,0.09855916947661539,0.13258864,0.05968777,0.07974357,0.046256546
ID_52FA04F7CC,0,0.022019957374206877,0.030100437,0.011217598,0.013906298,0.014562
ID_E007A9A951,0,0.023463460962493143,0.033413142,0.010384549,0.017207295,0.012175657
ID_05A2AE3A01,0,0.2229090567146196,0.20624474,0.22345753,0.33974698,0.24126379
ID_D367D365D4,1,0.2150541423517381,0.22785264,0.19443096,0.18626167,0.21772744
ID_17E110B6D7,0,0.17727179053243053,0.1719031,0.18936527,0.1505145,0.18569441
ID_84B3006956,0,0.03841341983929296,0.05192317,0.019381223,0.035198808,0.023517014
ID_1AFED357AE,0,0.10474614212553882,0.10137363,0.10706319,0.10630412,0.11335675
ID_067DBECAF2,0,0.10526315999204675,0.10763864,0.10785003,0.104638435,0.08994222
ID_7CCB08D34A,1,0.22442250015866005,0.23717186,0.23666179,0.23115407,0.14132595
ID_0B1494B1AE,1,0.2629058029743234,0.26579532,0.23362786,0.23227136,0.32684523
ID_F3D2A80253,0,0.421604635599391,0.39583978,0.5319209,0.3297842,0.3339343
ID_157E0765E2,0,0.027086489094696346,0.028706132,0.024776462,0.031500082,0.023269437
ID_2D9B7F57BF,0,0.12914662734534071,0.17273492,0.089919746,0.05864561,0.059719052
ID_E9C7BD4889,0,0.012638876474581857,0.016192429,0.007853102,0.0068806624,0.0103893075
ID_CE2C9EA7B7,0,0.06982824588134631,0.074048385,0.065248676,0.100012265,0.04865039
ID_9032B64E70,0,0.03289340261559756,0.036775917,0.025875645,0.03488102,0.030664204
ID_938B752C88,1,0.30714139492779075,0.45845106,0.122778155,0.15043199,0.13114357
ID_C9C49B8C04,0,0.0643591166926828,0.07241697,0.05854169,0.07576012,0.03779722
ID_BFCC171BC7,0,0.11646652008082571,0.13244021,0.11983608,0.06172781,0.065558076
ID_5609495F31,0,0.028692492047529994,0.036069512,0.01699877,0.028467298,0.022682376
ID_B8D9F64B35,0,0.03529921471865795,0.041451354,0.028341427,0.034220643,0.02468131
ID_79411A70B9,1,0.29136856464664046,0.3387062,0.24277824,0.33800063,0.17511395
ID_28DFA652E0,0,0.0362771345396079,0.035235506,0.043970138,0.038024724,0.023417588
ID_516C03DE80,0,0.011347546757480731,0.012436636,0.010606096,0.011327129,0.008341928
ID_7A7A466CF0,0,0.09209629098006683,0.08696846,0.053404864,0.11082437,0.18861061
ID_223B063871,0,0.08576892863329741,0.075722985,0.08955885,0.07909263,0.12302669
ID_34ADBB5557,1,0.708495788592751,0.7956744,0.57768905,0.62738943,0.6558243
ID_4641911F84,0,0.3007116410203309,0.279089,0.34592453,0.30135944,0.29487103
ID_90385600D8,0,0.030442747270725122,0.038204297,0.02203306,0.025759947,0.017705321
ID_47F88A6C2F,0,0.22447693850335454,0.17374697,0.27723643,0.23714109,0.32028458
ID_0A9FCB6096,0,0.049721413626042696,0.046796802,0.04529252,0.06880147,0.063270725
ID_26F4241124,1,0.04949261198954552,0.062650286,0.026630534,0.059134662,0.03869598
ID_CFFDC2E495,0,0.04766879463899567,0.054278012,0.039307535,0.05044736,0.036447432
ID_4A4EC5488F,0,0.07358220414969827,0.08152945,0.058912277,0.1101915,0.0554888
ID_73BDFF2A5E,0,0.029133627262684276,0.034006044,0.02300022,0.017675258,0.02668302
ID_FF35B17991,0,0.08552031428222001,0.104300015,0.058878664,0.09113877,0.060813487
ID_DB7F9958C1,0,0.07261024774725602,0.09887381,0.034787837,0.043145165,0.055536173
ID_A134C8E915,0,0.035360735220406614,0.035882454,0.031634312,0.05147775,0.03412271
ID_478172EA5C,0,0.05137541518665951,0.06405919,0.03221819,0.043597985,0.042228628
ID_6C9FAA1C55,1,0.49251507449388326,0.45700195,0.55076736,0.64282274,0.45219934
ID_04A7AD1CD0,0,0.037498164482684664,0.031644553,0.0493722,0.054125465,0.0295303
ID_850C6BD896,0,0.10917538873133197,0.12298574,0.11361133,0.07936197,0.05426159
ID_41D42517C9,0,0.014573995391498895,0.015991688,0.012766698,0.018873004,0.010582402
ID_73F8EF5E5E,1,0.23735150414652345,0.20634027,0.19659412,0.19982654,0.4722611
ID_5AA3F85039,0,0.13869969359389595,0.16271405,0.13031521,0.107176706,0.068886384
ID_D3066E0D49,0,0.046018582123911606,0.049838055,0.040514234,0.044296715,0.04242655
ID_C1F805FAA8,0,0.07366171175428388,0.092247486,0.049502775,0.0582885,0.05359965
ID_1C006C0D2D,0,0.01187872284707276,0.015244111,0.006805939,0.012918879,0.00807697
ID_29DA288B79,0,0.06507167820942263,0.07812065,0.05069926,0.04354438,0.05011062
ID_B5ED7B3363,0,0.6675504023361315,0.74188066,0.5803397,0.6646894,0.541581
ID_4254320426,0,0.02325103419334973,0.029453134,0.014362537,0.01827411,0.018262712
ID_F52DA8CB2A,0,0.1312650167808657,0.11249797,0.18301786,0.17163782,0.082005054
ID_46D6D2B17D,0,0.013392121834526052,0.014091496,0.013252784,0.012904937,0.01094622
ID_ABDD24DAD9,0,0.015688661231153797,0.019830238,0.007331633,0.016343769,0.015817756
ID_23736CE6C6,0,0.019793409677137334,0.023759253,0.013120814,0.025244989,0.014961509
ID_616C0406E6,0,0.15549027932191412,0.14229847,0.16338031,0.12880294,0.20597754
ID_5F5D88C40A,0,0.03098890825231599,0.037819844,0.0194729,0.021821056,0.030804746
ID_0CECA2878D,0,0.02848823958439642,0.031816445,0.024055041,0.035659805,0.02079903
ID_BA6AD72D9B,0,0.022831777305127633,0.021315014,0.025382811,0.032704353,0.01946942
ID_C6FE534D45,0,0.07125668292152067,0.09836066,0.030887343,0.06865882,0.044380866
ID_6CBB901F94,0,0.07008143991623567,0.09361686,0.044034332,0.0347541,0.04183923
ID_0AE7391749,0,0.07740516134300197,0.08120235,0.06276946,0.07639584,0.093184195
ID_F7322B6A72,0,0.04565731850839528,0.033869103,0.069539085,0.097682424,0.021595087
ID_C69D830DFB,1,0.577250377925197,0.47730193,0.76063913,0.74209815,0.53462076
ID_509E05C0CB,0,0.30487794441472926,0.29749534,0.3232961,0.3925125,0.258385
ID_B50C490673,0,0.019950455056321544,0.024496824,0.012702557,0.021901874,0.015423734
ID_547F3A8097,0,0.11655616849873579,0.1173313,0.11366971,0.12320968,0.11657004
ID_15D1066AAE,1,0.2856558404352447,0.31783506,0.20721102,0.4308915,0.25455365
ID_B011ACB1B9,0,0.043460904685783674,0.049125142,0.024834977,0.065531395,0.049844213
ID_DCEDDD8917,1,0.7716999947184742,0.7483845,0.7856397,0.8426791,0.8094429
ID_E362DD0244,0,0.32643335933547474,0.2885179,0.35257018,0.48035315,0.36359102
ID_8F4E6C63C0,0,0.017001706993423387,0.017995952,0.016428394,0.016094344,0.014423074
ID_7D1827900F,0,0.024880624260867526,0.02865822,0.020939875,0.01874508,0.020035569
ID_BA90EE3333,1,0.4557260689101472,0.407756,0.5409124,0.61636484,0.40580302
ID_A687756E7B,0,0.07915236560107021,0.107225694,0.037676614,0.08204633,0.048157256
ID_A6901A4B0E,1,0.3168708675008022,0.33502406,0.26231325,0.37716466,0.33086166
ID_D9B4DBE844,0,0.22632300731290395,0.25148398,0.20318276,0.23796639,0.16449724
ID_450C88D44E,0,0.012558248737951219,0.013496395,0.010690075,0.010002091,0.013713109
ID_BB15F94990,0,0.0619724223551584,0.065881245,0.05105457,0.07469552,0.06331832
ID_A3C6696436,1,0.6269328255212566,0.62969553,0.63084453,0.6121327,0.6133118
ID_5C48946C57,0,0.4667832920914337,0.44073445,0.45336354,0.34451506,0.6590093
ID_FB343D68F8,1,0.09408607830503316,0.06661173,0.13065432,0.10710951,0.12613702
ID_E18556CCB3,0,0.19328458551656041,0.21328497,0.14721002,0.1933421,0.20752548
ID_528977B9B5,0,0.16791364987920493,0.20245759,0.11200353,0.19031225,0.13201952
ID_899307519F,1,0.12865343082310388,0.14074953,0.09315678,0.22612572,0.111161835
ID_5A64D2390E,0,0.01816159652490511,0.024174258,0.008574262,0.0118761305,0.016043736
ID_AC2EC93DB2,1,0.08552466665072557,0.085512176,0.07265294,0.09664492,0.10834091
ID_936A9B358C,0,0.019894169551886855,0.02507243,0.008974607,0.014476459,0.023783874
ID_BA959D1726,0,0.23137876159181814,0.17437533,0.29147863,0.3310474,0.30004102
ID_A48FDA839F,1,0.7448863176283205,0.7707319,0.7385649,0.7917748,0.62872446
ID_DDE17C027B,1,0.4086902260135843,0.47122777,0.3643078,0.23942943,0.31324872
ID_4EE1B8E034,0,0.04267862988754355,0.047908213,0.033603594,0.04258943,0.040071946
ID_DFB4464D4F,1,0.26460829769325667,0.22957462,0.33682024,0.2335095,0.271397
ID_AF852869FF,1,0.27493967525278307,0.28332448,0.24391672,0.2840238,0.30207303
ID_F8AF6D1E88,1,0.3980091297577929,0.39684793,0.34841326,0.6233792,0.41106573
ID_CC9BC9FDED,0,0.024268654377164973,0.024735438,0.023372909,0.031289697,0.021155884
ID_71D44366D6,0,0.05995457524571107,0.043939747,0.07901957,0.08594061,0.07544663
ID_8DFBC90556,0,0.21960908469983692,0.24791016,0.19843706,0.15441994,0.1737758
ID_D4D6E88092,0,0.02747857604592209,0.030931322,0.024084982,0.023513531,0.021887261
ID_D266176BEF,1,0.8851813707728663,0.9077142,0.872987,0.8865098,0.8154849
ID_DB64BDD270,0,0.04238385879848454,0.03673721,0.05736783,0.048206814,0.03157952
ID_07B7E4CCA0,0,0.01321449665903171,0.016527448,0.008756498,0.010701676,0.009864469
ID_DE0BDF4591,0,0.009671284987371197,0.012555772,0.005167457,0.00841014,0.0076856217
ID_C79BD17278,0,0.019150513406020628,0.021285485,0.015411378,0.029331954,0.013705804
ID_DBAD376478,0,0.011867162104884456,0.016108008,0.006241591,0.009199095,0.0071659274
ID_8D79408746,0,0.06256710442074317,0.06657507,0.04408126,0.056248482,0.0880281
ID_03E19D622B,0,0.014913475417828705,0.016631799,0.011046486,0.016497975,0.015252193
ID_3E32FA4DE0,0,0.015206022911538438,0.019018214,0.009465963,0.0107631255,0.013336513
ID_0005B22060,0,0.20801959227803532,0.21200322,0.2149936,0.28694412,0.14181222
ID_E66605FC5C,0,0.15002388847347103,0.17979181,0.12201302,0.12687156,0.0943341
ID_5A677D6B36,0,0.47699200912291134,0.5105272,0.37909716,0.5445535,0.5157368
ID_F066507D62,0,0.03247753793920827,0.036807325,0.033921737,0.019018276,0.016938992
ID_4CD79B93FF,0,0.07896836063639558,0.08682498,0.06932811,0.049365256,0.07933151
ID_9124EBDAE2,0,0.017838341519707653,0.01791676,0.016515162,0.029624373,0.015207485
ID_C0C107A0E4,0,0.014065893217625504,0.011428418,0.017611697,0.020329552,0.014881526
ID_74A7EC75FD,0,0.425145286856054,0.53426176,0.28370142,0.32075542,0.3126809
ID_928F7BD3CB,0,0.05668929061025013,0.06966128,0.034065574,0.06078771,0.048582975
ID_2294CDA089,0,0.02596625617238124,0.030824115,0.020606749,0.023434186,0.0180261
ID_C46CB5BE22,1,0.029837989838929612,0.036993187,0.019089645,0.025445515,0.024554444
ID_5DAA3A2EDF,0,0.08195129607214517,0.08000666,0.10155695,0.08837359,0.045318667
ID_1C8C8F9C1D,0,0.018180735692665376,0.021845983,0.011517836,0.017469753,0.017285343
ID_336D36D328,0,0.06631946275826561,0.08014229,0.043820456,0.08812058,0.046631344
ID_08E6C26A52,0,0.10407029509023646,0.12768728,0.06508738,0.07901337,0.09875457
ID_6CB0DC9C62,0,0.03654319028199841,0.033273995,0.040751964,0.045879997,0.037268195
ID_EE3376FC19,0,0.03195024083971357,0.028932571,0.039870076,0.05428216,0.017986566
ID_81F98D1E7E,1,0.8059184570448774,0.83047146,0.77553326,0.69843525,0.81413233
ID_E3563300FF,0,0.1273933439711746,0.13442336,0.11501433,0.13521431,0.120813094
ID_4C43D90FCC,1,0.7085798559665683,0.8624661,0.54033554,0.50746626,0.5064673
ID_1DFF5D9B63,0,0.396765989354511,0.36972547,0.39383322,0.5654969,0.4438414
ID_4ECE922A58,0,0.10975863589638726,0.058558416,0.12906078,0.18965322,0.25001705
ID_674C3AE027,0,0.030458291315725968,0.038581748,0.021479279,0.024649251,0.0179028
ID_87916DD402,0,0.019198573189543777,0.023242762,0.0121744815,0.02633272,0.01405595
ID_90877218DE,0,0.01648490344299798,0.013278258,0.019140959,0.022848334,0.02157224
ID_F30161F9CD,0,0.011086933848777677,0.013336468,0.006095138,0.0153291235,0.010433831
ID_86E5743C51,0,0.019211722321143862,0.028008334,0.009253243,0.008658862,0.007978823
ID_D05185881D,0,0.06958993952928741,0.04762842,0.08971883,0.11196305,0.10080096
ID_BE94806E29,0,0.044420510338447725,0.05207502,0.03919463,0.02910236,0.029942188
ID_CC01336018,0,0.07980177987342761,0.10087059,0.05474949,0.0646809,0.05104705
ID_D95D18A965,0,0.03805749625859715,0.035872463,0.050676797,0.026053801,0.025459586
ID_A58F055669,0,0.0323423598382613,0.04800072,0.01223875,0.018141555,0.015448219
ID_8A36D8F0C5,0,0.04217135493081073,0.04275477,0.034864902,0.061024923,0.047159016
ID_5FD72FE1C8,0,0.03518554774015156,0.048250753,0.018909749,0.02516572,0.019222563
ID_850158B753,0,0.05718828125442511,0.06463308,0.05216896,0.04936904,0.039884776
ID_1A1DED4654,0,0.029985827669109448,0.037753627,0.017991483,0.020450132,0.027026746
ID_60AEA1C21E,0,0.08337280323768542,0.10339336,0.05758652,0.05735771,0.0653737
ID_5810D1B3A2,0,0.015495428677111317,0.01712428,0.012680403,0.020225273,0.012584843
ID_5CA0082C91,0,0.4293115405732145,0.44609046,0.42091691,0.4267997,0.3774674
ID_7CE64C0807,0,0.01806369296514924,0.024719428,0.008476386,0.0146577535,0.011971467
ID_D800B2F774,0,0.06968813757283643,0.08415888,0.042076826,0.045815177,0.07813632
ID_A089D23CB7,0,0.023412058511923853,0.029057972,0.0140544595,0.01883718,0.02160646
ID_FA240EC279,0,0.017131824170267793,0.021418743,0.008556676,0.022594549,0.015018585
ID_D1E840580E,0,0.18929506989538858,0.24748977,0.108429134,0.15793733,0.13036346
ID_DE607A0F43,0,0.12462531156798205,0.1611998,0.08329136,0.06869015,0.08302464
ID_58D342A3FE,0,0.06756107192715445,0.080977775,0.055672433,0.054163415,0.04217348
ID_126A25293C,0,0.16967457346247722,0.16362196,0.15315846,0.17192514,0.22971407
ID_67435075D2,0,0.048140333061029675,0.06413694,0.029228384,0.03589264,0.02640842
ID_40A4FAD183,0,0.09732274212437977,0.071395256,0.15350744,0.045322184,0.109098665
ID_E9891EF600,0,0.08619383664618371,0.07461756,0.101385824,0.13284911,0.08221645
ID_E5CE37D402,0,0.04802029389950358,0.050138704,0.041931786,0.044203475,0.05378712
ID_DBEAADB3EE,0,0.025359988165321142,0.0253126,0.029912807,0.018650936,0.018718733
ID_A3416FC641,0,0.30745860158315036,0.30126864,0.35216916,0.24164212,0.26641387
ID_3DBA3FAE51,0,0.012526925372097108,0.016360264,0.0072308127,0.0072073326,0.009997853
ID_07666069F3,0,0.045995369182861005,0.057786454,0.034069452,0.026863312,0.030060992
ID_57311F80B8,0,0.23566541621401305,0.2688916,0.16549684,0.26544443,0.23271143
ID_D5E5777C55,0,0.017154220176197527,0.022768382,0.009196952,0.013911006,0.011898582
ID_4407008338,0,0.011099209994851492,0.013934287,0.0065031545,0.00976864,0.009550565
ID_CE848AE58A,0,0.04059333473108926,0.03826833,0.040959578,0.08188353,0.031639863
ID_3390192165,0,0.1499074508584072,0.1591279,0.15047538,0.17168407,0.100209855
ID_165A0E566F,0,0.07047904328867519,0.06295197,0.065595716,0.12906176,0.087244265
ID_36F5F98FA5,1,0.11261485628752012,0.11807596,0.10239573,0.11312957,0.11122015
ID_7414AB1D8B,0,0.025452034087042937,0.024974648,0.02570614,0.043175977,0.019199511
ID_98366944C8,0,0.0841286448432445,0.09023813,0.06964281,0.17374317,0.05030564
ID_3E87708C43,0,0.07126826076957049,0.08443808,0.0446544,0.06427333,0.0757203
ID_5790C57371,0,0.02995176168521734,0.032061595,0.025291478,0.04253771,0.025541136
ID_ECE720D60E,0,0.01971599431484184,0.022576343,0.017553136,0.018226583,0.012910342
ID_BFDB485C1F,0,0.7183222332320371,0.7362552,0.710656,0.6343414,0.6955487
ID_A058E9073B,0,0.10287652322963,0.13066761,0.06569299,0.10691251,0.063369855
ID_EF0625DA0F,0,0.11178074525464796,0.12776384,0.10244322,0.09354254,0.07217941
ID_6FB875DFE9,0,0.07230991069635011,0.09422276,0.04548748,0.08083082,0.0334778
ID_63C7668E1A,1,0.23169607361969996,0.27977857,0.1368274,0.22247404,0.23590966
ID_4F3B8CF538,0,0.014606239245567785,0.019878935,0.007497704,0.013703525,0.007953584
ID_3EEBDDB394,0,0.04089550000894481,0.049164977,0.025679678,0.051140357,0.03410303
ID_8B06667FCB,1,0.1725574101568436,0.20602304,0.10184481,0.19510664,0.17290948
ID_6858FDE206,0,0.009406081225835382,0.012317557,0.0037972487,0.008819616,0.0093825245
ID_FA46EF34CB,0,0.26803085268760574,0.28870687,0.27025458,0.29879084,0.16242808
ID_DE628CA3D0,1,0.5349905892866229,0.49023944,0.6137592,0.64556605,0.50704634
ID_BDEAEA5352,0,0.09457898471855694,0.085894845,0.12229731,0.09378653,0.0721856
ID_9E3EC07B45,0,0.2237787645696217,0.27097103,0.18751426,0.10964771,0.1517766
ID_F321FB508D,0,0.01148576213239848,0.014234744,0.0063447086,0.013913636,0.009831887
ID_D6EFD4AD4F,0,0.12341681503466276,0.12037544,0.12153694,0.18236259,0.11461429
ID_FE722C5AA8,0,0.023064885411748778,0.030091353,0.015274792,0.015709274,0.013271623
ID_14D59FFDD4,0,0.05588323921166782,0.07069455,0.036915507,0.054608338,0.03449964
ID_CE6DE6E0DF,0,0.01586203496149211,0.020260066,0.010304919,0.010888795,0.0113541735
ID_A5F9FD935C,0,0.12753891407789883,0.14122625,0.11369505,0.1370774,0.095203124
ID_57AA248516,0,0.02085184998290707,0.018559309,0.025730908,0.023191052,0.019059764
ID_7FC638AF74,0,0.3105348809555383,0.3353636,0.24898295,0.5202533,0.24616782
ID_AEB7801107,0,0.24021703178265766,0.2668567,0.19741227,0.2087929,0.23309416
ID_12DE9EF49D,0,0.0104368082147367,0.010147103,0.011532634,0.010802239,0.009151844
ID_A2FD5762BA,0,0.026104933591219383,0.02861838,0.025613056,0.020356912,0.019038057
ID_6C38BB44C5,1,0.49848985345022717,0.58553296,0.45117643,0.35443982,0.2947293
ID_0CA7DBCA4F,0,0.18626682512705853,0.15959826,0.23021309,0.23449627,0.18373774
ID_558E0E46EB,1,0.5454878478930713,0.50537753,0.61959213,0.61036026,0.5278484
ID_131C6B9B51,0,0.07570873327529425,0.08570889,0.07167569,0.065134615,0.046685673
ID_227B827AC5,1,0.8429032023778313,0.8372404,0.8436274,0.82633024,0.872518
ID_C6044C7CA1,0,0.019116631622209373,0.01973515,0.019252509,0.022300063,0.014822211
ID_79D10DEFBC,0,0.017183555542469732,0.022411574,0.0106946705,0.012050212,0.011234771
ID_DB07A66731,0,0.12251241320304221,0.1545059,0.07243743,0.1388699,0.08751893
ID_90609D5ADD,0,0.048674902039080495,0.06359299,0.027606249,0.029396301,0.039194368
ID_C434F1A367,0,0.028052241842559077,0.029803153,0.023821807,0.041421212,0.023895865
ID_5207A219FF,0,0.04438656048139494,0.050152615,0.034324437,0.048469376,0.03981029
ID_E43857E616,0,0.02892189319805697,0.03952953,0.014139966,0.014233014,0.022181034
ID_83CDA847D1,0,0.018862086909532977,0.015862327,0.025626788,0.026181765,0.013844461
ID_1B60AB6955,0,0.057973396315581106,0.06535128,0.042776093,0.053823847,0.061185736
ID_168EB62103,1,0.18983447047082364,0.20156178,0.17604056,0.1622075,0.18187973
ID_36C084DB9F,0,0.22254303524795596,0.17749959,0.26337254,0.30983216,0.28736764
ID_1FBFFBC712,0,0.43918723818667305,0.38237667,0.56634325,0.51056,0.37552786
ID_9A81E7D5CD,0,0.3026740972186863,0.27192348,0.2997875,0.33643147,0.42417362
ID_540D070462,0,0.026927519784173973,0.031906113,0.018158875,0.022070413,0.02680322
ID_9A1E62EFEC,1,0.1469467494157901,0.18545493,0.09937675,0.108407825,0.10296348
ID_A415C6CDB4,1,0.10869611708737209,0.103692375,0.11455581,0.12969808,0.108129025
ID_981BC124A3,0,0.011445632928135566,0.01334885,0.007445299,0.013319878,0.011162297
ID_C9D7D5E169,0,0.11182503695975987,0.119992666,0.09357985,0.16616087,0.0927419
ID_F8B0F2CCA1,0,0.22104410143482267,0.21561007,0.19362831,0.3192758,0.2600099
ID_C4B9E2F79D,0,0.12151573910709468,0.10867138,0.13520342,0.15716396,0.13092504
ID_F1D1A03750,0,0.018914185762414583,0.02439763,0.01206289,0.014206582,0.0124772
ID_A6985D0256,0,0.01990630427344682,0.0190762,0.018936485,0.026711516,0.02253013
ID_F1EF20CC02,0,0.022536274599783798,0.023000661,0.021592988,0.019328471,0.023994435
ID_23E8A7C605,1,0.607943114587119,0.55762786,0.7007192,0.6316702,0.6113363
ID_CF375F45B0,0,0.010452245073291998,0.013779389,0.00575765,0.009214467,0.0069939257
ID_3F00912E13,0,0.05562159669393349,0.06614272,0.047274813,0.051742297,0.030730693
ID_714B3C972D,0,0.1456880226345011,0.12818436,0.1892979,0.17255802,0.11443933
ID_D5B2285DAD,0,0.21356261712968735,0.23817967,0.17985818,0.19288222,0.1907878
ID_CDD89B0E9B,0,0.013078058324160185,0.015939454,0.010145336,0.008904574,0.0090894
ID_54FE776A22,0,0.05706360456371922,0.046134453,0.06250634,0.11473007,0.06646301
ID_19FC39412E,0,0.022721508455686937,0.024461094,0.01925215,0.029756187,0.01974161
ID_ADCE1036D5,0,0.008893656033655904,0.011256839,0.005239617,0.006125512,0.007946268
ID_31AB4A3306,1,0.5446264711876958,0.6174684,0.45110682,0.34928876,0.52238506
ID_65924D6015,1,0.757968499599688,0.67621833,0.8586767,0.86185765,0.84231955
ID_BFBD1110DE,0,0.19703327903134893,0.13653539,0.3057572,0.2089575,0.21441717
ID_1CED5CA940,1,0.47339113823880824,0.4284911,0.5143115,0.64375085,0.5012036
ID_DEE967C346,0,0.03642420830146515,0.047776043,0.022153726,0.04105059,0.017019928
ID_876526604F,0,0.4674460575864611,0.44669065,0.5274377,0.50100213,0.41189212
ID_3B68D46E9E,0,0.02831667975810103,0.032516766,0.023060381,0.020346764,0.025306778
ID_B011F69B56,0,0.00964638749763461,0.011191645,0.005349882,0.013189864,0.010784294
ID_43043A46E6,0,0.6103822096922014,0.5313255,0.6569761,0.7813214,0.77019614
ID_6A2C23085A,0,0.0682034669900889,0.086664565,0.04818193,0.07448788,0.03035285
ID_6B9556A88E,0,0.009706819770877447,0.012344089,0.004994089,0.010180966,0.008458154
ID_D2260725BB,0,0.02873218027873376,0.026061758,0.030120347,0.029082865,0.036892917
ID_63BC365ADB,0,0.06579612701620102,0.07890254,0.043733906,0.056787137,0.061630577
ID_6E441657A0,0,0.20220134566747486,0.24566473,0.14813347,0.14670104,0.15859805
ID_AB26C9EFA8,1,0.17228735987316815,0.1673444,0.15143815,0.22220898,0.21614961
ID_4DD9C5438E,0,0.2233474116520729,0.2675424,0.12117565,0.16168737,0.28252226
ID_69EF81C8FC,0,0.09570402038184075,0.082485326,0.12927294,0.087148964,0.08331786
ID_1124E583F5,0,0.04102248599209614,0.04313234,0.034989603,0.038950615,0.045945544
ID_782A403863,0,0.4640665221797107,0.45048875,0.44131944,0.7040379,0.46566656
ID_A4FB170920,0,0.2015348661187491,0.22743769,0.17775664,0.09699705,0.18858492
ID_B361F62AC8,0,0.01614916267572475,0.020731488,0.00821308,0.012845848,0.015237184
ID_231AECF4EC,0,0.2864111684638553,0.3132644,0.23053992,0.297488,0.28788745
ID_3EC969546F,1,0.7532522467871685,0.6914158,0.8038362,0.8717818,0.85454065
ID_EB6D32861E,0,0.058845776887604284,0.07539287,0.03325947,0.03352622,0.054801334
ID_DC412C6BA9,1,0.5851806997284097,0.6023841,0.48188424,0.6839357,0.69097054
ID_728D41544B,0,0.040178039725945705,0.042596646,0.027043896,0.047791645,0.05480638
ID_9C543BA239,1,0.8928943363095849,0.941448,0.8170991,0.8062782,0.8879384
ID_F6B425DD88,0,0.03393748434013279,0.03521715,0.029369416,0.03909595,0.036076926
ID_EA55F26B5F,0,0.025671555508732076,0.030103954,0.017723843,0.025236309,0.024168251
ID_10DA2AB1BA,0,0.41884985384519946,0.38564476,0.41287944,0.65248746,0.47021362
ID_0CC57E7507,0,0.15712586621089905,0.18240422,0.12037392,0.15057796,0.13193157
ID_A5ACBC136D,0,0.12441751589414564,0.11931263,0.120882764,0.19843273,0.1213211
ID_07DFD7EC3C,0,0.08887236318732214,0.115566604,0.0512929,0.060398974,0.069023825
ID_F11981E21A,0,0.01937765681958033,0.02176207,0.014507104,0.019463986,0.019705737
ID_31A3D9328F,1,0.4136200106875732,0.42637077,0.3514047,0.40896347,0.49519244
ID_84FD3F1C43,0,0.015922017684721006,0.014658959,0.018119676,0.011329404,0.018550405
ID_D878653F4D,0,0.050735794572917235,0.06434697,0.039982416,0.032489944,0.024204059
ID_2E1ED813E5,0,0.0351585447825989,0.044529453,0.026533814,0.019669114,0.020788243
ID_B013A1F4B5,0,0.45480308346534754,0.40800712,0.48195723,0.49427757,0.57721525
ID_87B00AF23A,0,0.09011380382575893,0.09541616,0.078972585,0.08397917,0.09426678
ID_B6C83526FB,1,0.21957917140616168,0.22788113,0.22735573,0.22783893,0.16419426
ID_251BB89501,0,0.04282281717031315,0.055450663,0.027562989,0.023254253,0.030692136
ID_4E3E3B9195,1,0.10243706512973996,0.12173372,0.079988696,0.108174875,0.06649748
ID_48B16B9FA7,0,0.008957604383199088,0.010854906,0.0057394225,0.0074295294,0.0085045975
ID_8E89E2894D,0,0.009475776053040563,0.011136784,0.006302301,0.008080234,0.009868218
ID_EA635FE166,0,0.05527180551198954,0.076771416,0.029298747,0.03817278,0.027532913
ID_770EB4DDFD,0,0.09253478170313253,0.09617338,0.107665956,0.07588895,0.05194822
ID_DEACD1404B,0,0.01778723054111056,0.017701598,0.017500537,0.017703222,0.01880091
ID_BC9EAB036C,0,0.0210650655510218,0.021532629,0.017584592,0.01818635,0.0278088
ID_444A48DE72,0,0.0933414635207922,0.10086004,0.07618139,0.10366868,0.0938587
ID_18DF05D5DA,0,0.04963937482465907,0.05446917,0.04480911,0.048739024,0.039971348
ID_74ED023245,0,0.27864392493856516,0.16957152,0.35608545,0.42113948,0.5116013
ID_6B05799952,0,0.015128161848014013,0.018732801,0.010271864,0.011728211,0.011785879
ID_E022EB4CB1,0,0.038654514528322304,0.042634588,0.025396988,0.027820013,0.054986823
ID_8D57D0153C,0,0.039276436002380996,0.047481477,0.02614754,0.029206859,0.037134986
ID_079F297C08,1,0.11447785144831582,0.13406968,0.07472178,0.08366566,0.13034886
ID_6E04414AFA,0,0.018963627547717167,0.02148876,0.01371065,0.023016147,0.017788148
ID_2AF06A14A1,0,0.014620497021163838,0.017254926,0.010668645,0.011974516,0.013111781
ID_53FE6E7149,0,0.15001274679039095,0.17321694,0.0925104,0.18644117,0.15936615
ID_CB3A0147EC,0,0.20713139170779715,0.18600512,0.2117604,0.3699595,0.21555212
ID_0B35C9BCC8,1,0.06361987459083046,0.068351164,0.057587948,0.05190106,0.06166184
ID_48D68740EB,0,0.028652303547098808,0.040095806,0.012662595,0.014957165,0.020534758
ID_04F672EF7A,0,0.04502864448835178,0.047112856,0.045831177,0.0231468,0.044032924
ID_B0717039A4,0,0.16737334613687743,0.16708253,0.16774112,0.2049515,0.15143354
ID_1B191B5EF5,0,0.27499342730130844,0.35790393,0.176245,0.23898865,0.15194114
ID_907B772554,0,0.21502516598055105,0.22694318,0.20012902,0.2631918,0.17558956
ID_CF6C77BA01,0,0.01755275667534799,0.019301903,0.014940838,0.023978913,0.012958419
ID_79ED7CBAE8,0,0.03866122930309798,0.046588406,0.026730891,0.043411043,0.028663814
ID_75C5D27986,0,0.08538272502543223,0.0868813,0.08908677,0.07224214,0.076828904
ID_D5B9515A5D,0,0.04583252949362144,0.055892244,0.033125695,0.047697403,0.029741328
ID_61EB02733F,0,0.4029456816574012,0.3845844,0.41045198,0.41526282,0.45911187
ID_49F5BB58D5,1,0.44816594172805746,0.47585177,0.39200786,0.453362,0.4493005
ID_80787166A6,0,0.06176459060754251,0.07832878,0.04226614,0.065923266,0.03173921
ID_0E0A05853B,0,0.03752304002670092,0.04561761,0.027559595,0.020955164,0.031891212
ID_0BB5CE86B1,1,0.08856676420915628,0.10170499,0.064695686,0.07594495,0.08972169
ID_5B7ABA112B,0,0.06186461349963054,0.072701685,0.053209245,0.056258257,0.03705257
ID_F60D115736,1,0.11496570039199139,0.1266547,0.10912265,0.1257163,0.07338873
ID_49F3BC4832,0,0.5757103092892372,0.50298977,0.6884882,0.62442774,0.6200407
ID_77B7495652,0,0.012718228595771638,0.015090669,0.009218425,0.010981265,0.010951356
ID_3CF5058116,0,0.010547623325654861,0.012750195,0.0056347516,0.011162095,0.011505134
ID_46FC3CDCEF,1,0.38654607467424873,0.40228206,0.42331883,0.42417812,0.22472535
ID_5492F84F24,0,0.018543449899809474,0.023039887,0.011098689,0.018404767,0.015561228
ID_A1A8DC9115,0,0.09343046224413892,0.099299915,0.07025961,0.071539216,0.12785846
ID_BECBAD8759,0,0.06955593021566456,0.075230345,0.067209855,0.07701726,0.047342915
ID_EA09DE81A4,0,0.0307367740799942,0.028413363,0.029097775,0.043067165,0.03870172
ID_8BD079A91B,0,0.499986355673297,0.546415,0.48809537,0.5800824,0.2942653
ID_BFF494CE97,1,0.507093645212344,0.5815036,0.48872975,0.4394439,0.26134738
ID_8866BB44E5,0,0.012395066523440714,0.016691273,0.0050510354,0.009128297,0.011406956
ID_3AAD2B0BB1,0,0.0172747099970476,0.019727351,0.013786744,0.01783452,0.014142152
ID_8D116B5809,0,0.05145734386013051,0.06810565,0.030683078,0.049783085,0.026355619
ID_658D583809,0,0.015428416240014581,0.020618498,0.008951503,0.01303166,0.008421462
ID_5053E68A84,0,0.03443632119692981,0.026361458,0.04287177,0.056736264,0.040763848
ID_29FD59C20D,0,0.41710740990602224,0.3671544,0.4820444,0.4266337,0.48487607
ID_C1DC737923,1,0.33396402973621936,0.26686913,0.44073611,0.36397958,0.37554273
ID_89C8B81924,0,0.012450250322292303,0.015878864,0.0070515615,0.016163105,0.007915211
ID_BF7F5A9C06,0,0.015267293769343736,0.014592058,0.014980253,0.025764253,0.014162424
ID_57F4BAACA9,1,0.34681508961530316,0.31315,0.37130615,0.4344049,0.39844486
ID_24AA2B9207,0,0.07502847311571295,0.093888886,0.054498807,0.039800312,0.05467499
ID_3BAFA6889D,0,0.03475904064023476,0.034664094,0.032509156,0.056685258,0.030428903
ID_7AE8A50F31,0,0.23992601419486395,0.30279985,0.16955186,0.18040934,0.15097861
ID_DC28180CE9,0,0.019516339732386322,0.02543536,0.009039784,0.023909453,0.015047011
ID_79DD6C7CE3,0,0.03712259849959787,0.034279615,0.035915483,0.04433244,0.048590105
ID_BB9A5302DB,0,0.02348767310175206,0.0277501,0.020754183,0.02168001,0.012116405
ID_551E2DB616,0,0.021455633603071244,0.02485012,0.015684977,0.024831655,0.018009616
ID_6253E16653,0,0.02479856766463123,0.023179563,0.023267714,0.04751292,0.025026666
ID_E02B8766F9,0,0.09401869216541323,0.10395644,0.09215803,0.07366829,0.064861126
ID_C7C323E412,0,0.045575818521955316,0.048949536,0.039464444,0.042977322,0.045552816
ID_7F803A7EC0,0,0.017708897188197476,0.021754663,0.012403162,0.014431411,0.013412094
ID_4D4B52222C,1,0.301444518324148,0.27551413,0.30602452,0.41533938,0.35161388
ID_D03A83309B,0,0.08437419953515202,0.09512256,0.079734534,0.038044177,0.06907496
ID_106799FB7A,0,0.01647736448580968,0.016937457,0.016590284,0.009796657,0.017201899
ID_C1C056F495,0,0.02177147886995018,0.026634157,0.016522473,0.014377402,0.015693294
ID_39B3F86BEA,0,0.030766622363654184,0.033073004,0.028716894,0.030971276,0.025322178
ID_6F34C93129,0,0.017388370705908797,0.021306781,0.013084164,0.013067459,0.011936547
ID_0D9B9D1EF2,0,0.2100348025446087,0.20771936,0.2557319,0.1895844,0.13071589
ID_FB3709AB1E,0,0.03818489800344433,0.042071365,0.0402875,0.018156907,0.025971867
ID_1B7B7801F3,1,0.9107975388232918,0.9071981,0.94274485,0.88795215,0.8674462
ID_6479BD70D5,0,0.07381834384698521,0.08841282,0.04231038,0.11918481,0.059920076
ID_51A869985A,0,0.044865308282826755,0.053491972,0.038320567,0.03558875,0.026471924
ID_BB53A81A12,0,0.07402167249942378,0.071585886,0.100852855,0.04189775,0.04076899
ID_5168F9E245,0,0.07996929330723117,0.08424011,0.06768485,0.15624994,0.055010896
ID_7136CA9C71,0,0.03794612756770606,0.042851362,0.033685807,0.03383332,0.028136868
ID_3D8BE0927A,0,0.2474824279920687,0.23875825,0.28130552,0.24729495,0.21189943
ID_5A74AB42CC,0,0.07710903323942579,0.082311295,0.083118066,0.08081928,0.040605202
ID_68A301021F,0,0.3849959629910696,0.31629702,0.4760185,0.41414642,0.4675181
ID_0664B36D70,0,0.08172642859722257,0.09629084,0.06170319,0.09545309,0.05711166
ID_F4196B007C,0,0.016448042735092025,0.019095002,0.014063403,0.012234253,0.012207976
ID_2D411C9BFE,0,0.016753096476558194,0.022783328,0.0077464045,0.013909661,0.011815022
ID_110CDC2FD5,1,0.21591175695301681,0.20980324,0.20740919,0.25338036,0.24364622
ID_16C5916E8F,0,0.04783850383099383,0.053669203,0.04286409,0.05607483,0.030264828
ID_B999F9EEE2,0,0.3199203731568101,0.3007769,0.2885066,0.4820338,0.39758328
ID_B5EB39C0D3,0,0.2548561799256509,0.2483584,0.21054313,0.3672849,0.3283772
ID_D888A26291,0,0.02009216953949828,0.025018249,0.01327851,0.016319793,0.015523483
ID_723985E4E2,0,0.02523234765727716,0.027196333,0.02196392,0.020788735,0.025876066
ID_450A1ABB07,0,0.05439516693839312,0.070865534,0.039464224,0.04239735,0.022011563
ID_9E937BF6B1,0,0.157131497893065,0.17425412,0.14684857,0.14548492,0.11186651
ID_409EDDCC51,0,0.05598971895997133,0.06503937,0.04377841,0.063232094,0.040762354
ID_7D49971514,0,0.014719268635876226,0.015537642,0.013658114,0.015655179,0.013127236
ID_998A50E88B,0,0.03456710486120804,0.04566928,0.019902537,0.024166819,0.02361402
ID_2A6873DBD0,0,0.09661131395909779,0.108664945,0.06862986,0.07706911,0.11418594
ID_643646DB31,1,0.3054340147215392,0.3280039,0.25714743,0.2568912,0.33474037
ID_953B9118E6,0,0.3140053154188014,0.31566107,0.34148052,0.26008788,0.27157083
ID_648E1DFED3,0,0.012669935707241025,0.014162515,0.009800299,0.015770871,0.011162744
ID_2FA753D993,1,0.3803559708668917,0.28069675,0.46887222,0.60872173,0.5123242
ID_44121DEF03,0,0.03414788138759736,0.04882384,0.014042089,0.01871015,0.021951482
ID_6772D667F8,1,0.4294368201821344,0.42617768,0.48060107,0.3788154,0.3555324
ID_200F901A91,0,0.03210347441785775,0.0335135,0.03238764,0.026681751,0.027895274
ID_C4F16B77BE,0,0.036502571053050936,0.031910133,0.050585095,0.03374149,0.026916238
ID_44CBDA4EAD,0,0.07443721780507405,0.08768305,0.056793984,0.06085308,0.06219744
ID_EAD4FE216D,0,0.15876300810180463,0.1816412,0.11064579,0.19408354,0.14984593
ID_C267A905DA,0,0.3430310874506148,0.25019136,0.4619709,0.5409784,0.39416328
ID_0C8ACF1B12,0,0.09056635486168241,0.090961754,0.08299881,0.12680675,0.08933003
ID_9C1FF272F4,0,0.3806262563855045,0.40400204,0.37013206,0.24195026,0.36474717
ID_9E009E3702,0,0.012255520970209769,0.016662976,0.006118514,0.0060593374,0.009484812
ID_F3DE3827DC,0,0.05466174235593206,0.065587625,0.039647628,0.05769816,0.039346736
ID_6094813259,0,0.02079951072813147,0.024634708,0.017569788,0.013061435,0.014884251
ID_BF296C89B5,1,0.5075854818447431,0.59224755,0.363614,0.35714588,0.5240168
ID_8CA1B4BB38,0,0.04877442320662673,0.050183926,0.04357755,0.050106313,0.053381737
ID_B99247EDFE,0,0.04181471769783669,0.03838773,0.051502604,0.06393697,0.025880547
ID_2C439AEF3E,1,0.023811022614809395,0.025398128,0.021726903,0.022807099,0.02200849
ID_6F7FFB67A9,0,0.05613297178250363,0.053828545,0.04282824,0.1286506,0.06280554
ID_92E135A724,0,0.06398606109701827,0.077910595,0.046985764,0.04020503,0.05194228
ID_B6AC9B0D0C,1,0.7250560306590519,0.63516617,0.8287294,0.7761545,0.8604753
ID_7B42FCB37F,1,0.08391223207869519,0.08717674,0.09469168,0.05537715,0.059424825
ID_0961019B51,0,0.019841493712774425,0.029188316,0.005277648,0.014597099,0.013847009
ID_C1EE9749B5,0,0.6199709360728716,0.6052572,0.6580586,0.63473123,0.5940499
ID_321EE9700B,0,0.14622789219602733,0.19324136,0.08146493,0.15694,0.081693195
ID_52963141B9,0,0.02495431836089126,0.03245766,0.014484863,0.017190149,0.019070216
ID_A35CC9B00B,1,0.31808575339059,0.26712683,0.38043293,0.30830604,0.4040786
ID_9C631D3102,0,0.3921746172515592,0.34921697,0.48594308,0.4164927,0.36207128
ID_C576C44D36,0,0.04526684958275972,0.041536987,0.043409124,0.06216025,0.057658825
ID_BD29DFFF71,0,0.13627630584265954,0.15816024,0.117789626,0.06840579,0.112985134
ID_EF1664CB2F,0,0.02917656130803078,0.029957179,0.021021405,0.039372552,0.038924813
ID_4F0A23968C,0,0.026815754323000613,0.034992933,0.017652804,0.02325058,0.013449554
ID_F7DF812B10,0,0.09180383168055362,0.09100924,0.107567,0.12395996,0.04733338
ID_3A59A7C123,0,0.20331332072457287,0.20804118,0.18768215,0.18247786,0.22593491
ID_06C78EA6D2,0,0.016213965884742793,0.020427236,0.009365326,0.010850029,0.01542805
ID_76C388CFC5,0,0.030237127204350043,0.03589114,0.022658082,0.04402538,0.016577544
ID_3880242FC2,0,0.3770359089462133,0.4182617,0.35328,0.4085676,0.23993453
ID_D44AED55B8,0,0.03619638769675325,0.043296147,0.023491431,0.026172282,0.03779919
ID_29DA493BB5,0,0.053026827142396774,0.06410303,0.032671884,0.050628677,0.050901666
ID_48763F66F1,1,0.7424301524283903,0.7097051,0.7942664,0.75913304,0.7623276
ID_C529D66CEA,0,0.07134430613406093,0.09839382,0.040597133,0.04171884,0.035839986
ID_ECA6E75DDD,0,0.017225487318886,0.021355506,0.011966204,0.011220828,0.013661589
ID_457BCB2632,0,0.08674182270198441,0.11077142,0.062774874,0.055420373,0.0502018
ID_58AC5DD4E8,0,0.3508235613195095,0.297571,0.46842337,0.37378833,0.31372
ID_B86465A5A6,1,0.1209523094971528,0.1216245,0.10567844,0.12448333,0.1493345
ID_35F978910A,0,0.12116543765662172,0.14001906,0.09720123,0.17707099,0.06848229
ID_35BC7A248D,0,0.020399801245658475,0.026591238,0.012410466,0.014079643,0.014113323
ID_6D6183FBAE,0,0.033561040645163326,0.041521933,0.021193534,0.02534854,0.030009177
ID_C32C0C255E,0,0.031880062839675,0.040333368,0.019448694,0.031622026,0.022915725
ID_D6BF5920C5,1,0.14263909949996167,0.16784693,0.10432955,0.13655116,0.120883666
ID_30B837A304,0,0.11290795750048206,0.15283182,0.0636975,0.06899207,0.06880154
ID_1AC5C6F1DF,0,0.04990536030541548,0.056530923,0.032715667,0.08830135,0.04202669
ID_DDD2327CC1,0,0.4828108443049456,0.4702298,0.53353256,0.5103115,0.41521755
ID_41EC732CA7,1,0.461816178924477,0.4087326,0.59701294,0.61754113,0.32838038
ID_FA2C38A6EC,0,0.12538566355762287,0.120711096,0.12924947,0.15322389,0.1247281
ID_6D3C1FFC31,1,0.46183870362543866,0.4231964,0.52277666,0.49863735,0.47847235
ID_3F6DD9E1C4,0,0.02836603280775381,0.03953221,0.013354168,0.022068013,0.0160991
ID_4C2A201A5E,0,0.09489810045447492,0.11084119,0.063997045,0.15653498,0.066903256
ID_30C60B2AB5,0,0.015858328108534263,0.018327545,0.011730512,0.0113046765,0.016257199
ID_7C91F33FC8,0,0.2779393773456192,0.2870366,0.26325244,0.20853531,0.30123192
ID_C3D188B497,0,0.06212827315242461,0.072609246,0.042716578,0.049906254,0.064778864
ID_622824A814,0,0.019124165720879813,0.022265922,0.015991002,0.0139085725,0.014834282
ID_E40D370F8A,0,0.09281608163563798,0.116775654,0.07638622,0.05346069,0.043906555
ID_55F81171F9,0,0.02462971103338181,0.030354654,0.016306309,0.03016033,0.015866473
ID_F1F46D9A65,0,0.20285858612473856,0.26062697,0.14119764,0.16019523,0.10946158
ID_EEC33F02CB,0,0.07890249623155532,0.09190296,0.07559548,0.036440913,0.049535807
ID_BA155B92DD,0,0.07525347959085507,0.07621112,0.07461406,0.074703164,0.07281579
ID_FB0F3DB20A,0,0.022186504855777604,0.019060057,0.018449256,0.0188572,0.044873986
ID_6F7AF77C60,0,0.01252169924590503,0.016366698,0.0068524173,0.0081166215,0.01034516
ID_A7BA40A771,0,0.4412173426030828,0.4432929,0.43942595,0.43102306,0.44072777
ID_781CCB30D0,0,0.011890088194418561,0.012180643,0.012434759,0.013550998,0.008769176
ID_15B9FF53FB,0,0.11297760483827837,0.08289407,0.15628225,0.08971424,0.15742849
ID_1FE1E6C976,0,0.020898002548382727,0.02063428,0.021131996,0.026373178,0.0191245
ID_DF788AE07B,0,0.15951511802298235,0.19375458,0.11685318,0.11612465,0.1251679
ID_E49F83B16F,0,0.02943987567841995,0.03410238,0.02055784,0.03079436,0.028187655
ID_9942353F34,0,0.02218894231506591,0.026076693,0.016385924,0.024462212,0.017207377
ID_E64DCC25DC,0,0.07720003804819975,0.08340867,0.066482544,0.08667375,0.06980832
ID_56E28C4F32,0,0.04099226005924853,0.0497283,0.023492588,0.04605084,0.039386783
ID_4488FF8E22,0,0.03844812264947806,0.03687902,0.042812113,0.05024109,0.030581025
ID_6B59F2FE3A,0,0.07610818662256,0.085987784,0.046430703,0.10673382,0.084644906
ID_AC2DFFE020,0,0.0581774546811661,0.06364094,0.055112746,0.088939615,0.028240874
ID_7CC7DBAA6E,0,0.02598443088525112,0.029051865,0.020462159,0.026752215,0.024525434
ID_EDBF9D12E6,0,0.011596843589118935,0.0144595625,0.007789173,0.0072082356,0.009573193
ID_EDFF16A602,0,0.02252416185202711,0.01717644,0.033625387,0.03080052,0.017715212
ID_EDF67AD159,0,0.1511663536581338,0.15590678,0.16041166,0.11217818,0.12828575
ID_524B5A8B07,0,0.007532633256849073,0.009006817,0.004285678,0.0082130935,0.007967702
ID_5A5844D2CF,1,0.650323408824691,0.60121745,0.69885296,0.80007666,0.68857986
ID_07386D85FC,0,0.01609598514643358,0.016659258,0.012491571,0.022897115,0.01848139
ID_B58ACA7CE0,0,0.285870643625444,0.32032064,0.33181956,0.19288966,0.08217308
ID_44A2315ABD,0,0.015310931507630491,0.017908469,0.011263662,0.012637538,0.014174832
ID_9E11D8BB5C,0,0.05399258478701842,0.052690312,0.061429318,0.08910244,0.02824202
ID_CE757DA3DE,0,0.41226305698263116,0.3229333,0.5381883,0.5190112,0.47332415
ID_2D374426B3,0,0.054865572081499545,0.04747178,0.08186239,0.041154087,0.03419539
ID_F3DF76F22A,0,0.014023598673660393,0.014140133,0.013383017,0.024753941,0.010227533
ID_9095BA1298,1,0.6443844910092597,0.54647785,0.7874425,0.7568435,0.70247054
ID_DB5DABF7B8,0,0.05198646550197106,0.045396104,0.052063987,0.05952177,0.076401465
ID_4A3C2B8F51,0,0.03703674614148728,0.04050585,0.034886304,0.04909558,0.021724708
ID_65979B8156,0,0.011919296082308411,0.015626747,0.005933504,0.009639506,0.01007686
ID_72448922F0,0,0.00924545048830943,0.01129561,0.0059673474,0.008467039,0.00794787
ID_21096D35B1,0,0.02426108955820815,0.029301774,0.016187778,0.031033542,0.017313315
ID_3582F407A0,0,0.07775531746845021,0.09520224,0.04760026,0.07380522,0.070391394
ID_76C941C908,0,0.008332955876846172,0.011400991,0.0045390953,0.0044748867,0.0051802797
ID_9B6910332A,0,0.18851642474235947,0.17455153,0.18928832,0.23351768,0.22629198
ID_24FEEDB0CC,1,0.3787764360434328,0.5078808,0.26049757,0.20273751,0.16333897
ID_250AC6D791,0,0.04802628286481417,0.06220415,0.032798372,0.03773092,0.025230953
ID_FD02D661B9,0,0.039258869173746117,0.045550644,0.033498634,0.05088832,0.019942198
ID_8D211BEA07,0,0.39857712710943843,0.35236478,0.4308477,0.4452487,0.5044092
ID_207D38345F,0,0.1863220414524019,0.21938647,0.15006448,0.16282628,0.1345331
ID_3DDB4008F7,0,0.39845035288769326,0.43483663,0.33589792,0.48096895,0.3428079
ID_715C52D3F7,1,0.024865987357298985,0.029774906,0.014914482,0.040156636,0.018791089
ID_B4F73AEE15,0,0.1858605466372159,0.14425735,0.2355482,0.22934918,0.23623028
ID_F34386258B,0,0.05145561509844715,0.054183397,0.053971127,0.05413404,0.03335825
ID_F429EC1AEE,0,0.11389661235210338,0.102717854,0.17309922,0.056238886,0.059302956
ID_0CBA29D4FF,0,0.013257422598277224,0.017331047,0.008968803,0.009964991,0.006667552
ID_B8C93047A2,0,0.031673633454275964,0.036398415,0.020092338,0.052179065,0.02760019
ID_12FE206116,1,0.33623821810984944,0.30403778,0.2653838,0.51028883,0.5485094
ID_8B8A850203,0,0.035470648967150645,0.027796308,0.05646203,0.040933058,0.02051081
ID_A3F9DED2A8,0,0.1267029049710983,0.12565957,0.106359795,0.10597547,0.18378715
ID_49653CB2B8,0,0.46812375996326305,0.51981306,0.41549262,0.57133514,0.3174736
ID_D32F64CE41,0,0.03720143559827135,0.0351952,0.036855493,0.076797925,0.029166102
ID_A433A4D04E,0,0.031966439914791256,0.03545296,0.022327669,0.038013376,0.035264418
ID_86FEE3A88E,0,0.0159483989912484,0.016175956,0.017100107,0.015063978,0.0129012475
ID_630C4945DD,0,0.07813307622133517,0.06925645,0.08753902,0.09438786,0.088404045
ID_5788FF0CAC,0,0.02568720970765406,0.025733741,0.025940448,0.025432305,0.02505836
ID_6824D58A8B,0,0.06701822991744907,0.08615387,0.044345904,0.0422832,0.045523144
ID_6118FFE8A7,0,0.05647641323304934,0.065560244,0.029393977,0.086423375,0.06310713
ID_53DA907527,0,0.013801237334069332,0.018909216,0.0066190036,0.0099645825,0.0092820665
ID_E7C0F3770E,0,0.14900653529292823,0.14586763,0.15232697,0.27591673,0.09983523
ID_C996BAA6E7,1,0.5293919608631213,0.545971,0.53011155,0.5321942,0.45652595
ID_8A5BD15D87,0,0.011942964752868329,0.014177023,0.00865897,0.009361941,0.010666213
ID_7789E7AE77,0,0.13451470283543387,0.17199646,0.08409418,0.08996966,0.10360417
ID_7FA60725A9,0,0.3013699120319133,0.3066582,0.3139991,0.2369107,0.28001708
ID_82C71D46E9,0,0.018782339684763255,0.023923492,0.010356363,0.02123158,0.014050763
ID_8294FCADA8,0,0.20403650756564715,0.2047731,0.24418914,0.2128827,0.11093544
ID_B4D8809D07,1,0.0413287326715798,0.03899873,0.0491239,0.047951885,0.03157237
ID_B8EA9207EC,0,0.015829260150401453,0.021312602,0.008421001,0.008688064,0.011648255
ID_AB81B0CFAD,1,0.5345008245860315,0.5660287,0.562101,0.45323986,0.37740937
ID_9BE70AAA72,0,0.07186672906074423,0.075178914,0.07801321,0.04896934,0.054658286
ID_62EFE21457,0,0.49205829931095113,0.478713,0.520546,0.52437794,0.47328946
ID_F6DE7E2442,0,0.0658961735386723,0.07258099,0.06198364,0.046138052,0.054636165
ID_6973F865DA,0,0.01777837396456534,0.024962133,0.0073578563,0.015456294,0.010768349
ID_604720F9B8,0,0.06702907944452088,0.0813968,0.0483385,0.05626225,0.05106418
ID_0D33941228,0,0.048837988853640685,0.06457303,0.022967279,0.03281869,0.044783186
ID_FDF3422535,0,0.06669959258549685,0.058443867,0.07882985,0.10090483,0.06067663
ID_3DC43566E4,1,0.6318633290221334,0.61270916,0.64244026,0.65883183,0.6784087
ID_03126FF1C2,0,0.030745856429393852,0.032992724,0.030935518,0.033007402,0.019852782
ID_AD3A77C1FF,1,0.6629806168552037,0.6313349,0.720535,0.6973757,0.65833646
ID_D71699087A,0,0.5705407329057199,0.5725834,0.5454767,0.733662,0.5445626
ID_7A07B47104,0,0.06817153640532797,0.071416475,0.06882796,0.053959265,0.059238132
ID_372BEA99CB,0,0.13911197790584923,0.13651912,0.14030987,0.13422953,0.14963406
ID_1B28071B91,0,0.013539021130631658,0.01725324,0.0073896204,0.014968037,0.010402229
ID_11E50EE8D4,0,0.037715132733381215,0.053335346,0.02109182,0.01585903,0.016853774
ID_AF7587FE00,1,0.08285100715597685,0.10664533,0.057599273,0.05157292,0.05004284
ID_A2C284E3AD,0,0.07250208217221216,0.08127264,0.059444856,0.042819142,0.076365314
ID_EB767961A4,0,0.06295753261974334,0.08017908,0.034066062,0.046285365,0.059381682
ID_4F0D8D59E1,0,0.08398420278968478,0.09518703,0.069944635,0.12953117,0.046877105
ID_17FEA87A69,0,0.07639740093045466,0.073532015,0.08335374,0.09552491,0.065253414
ID_C8ED2A5E23,1,0.11294633501071501,0.16459751,0.03363578,0.08408715,0.0772571
ID_1C8E0FA657,0,0.019228649704065237,0.018582387,0.019882241,0.025682999,0.017745744
ID_CAA54FF55F,0,0.014791227077109954,0.016050572,0.014133413,0.012421942,0.011910196
ID_34875B115F,0,0.03375945904973857,0.045302093,0.016366651,0.03840844,0.020236198
ID_C7A1CE537D,0,0.028158506395885206,0.023652751,0.027914338,0.037100982,0.043835837
ID_169A2921A5,0,0.050428494860827656,0.05083316,0.041361354,0.05141686,0.06773633
ID_CD5FEE5224,0,0.023219089339600707,0.026105681,0.017821401,0.023974178,0.022263035
ID_0CD86AA7D3,0,0.14160171870819244,0.15297692,0.15559971,0.1064167,0.07881467
ID_3BC17B0283,0,0.01280194647599139,0.016701946,0.005766443,0.015228405,0.0103455875
ID_9FB99D7A5A,0,0.03952858857560464,0.044819195,0.03066345,0.03786189,0.036901277
ID_D159355122,0,0.4548102235808378,0.43289185,0.5109121,0.4632466,0.42346725
ID_6350D640A0,0,0.13094686035362246,0.13464342,0.0945521,0.17287062,0.17511141
ID_21C30891F8,0,0.03283689714005275,0.033980068,0.03132041,0.06445069,0.01747557
ID_B55F3A14B3,1,0.07081619728963003,0.09155916,0.043438535,0.046148326,0.052588932
ID_0B58E49685,0,0.08000589428532612,0.09394821,0.07267317,0.046461053,0.051405363
ID_A0AD399F47,0,0.03750568717175417,0.050817266,0.021540564,0.025957549,0.020500742
ID_F17162DA87,0,0.5659222669715779,0.5644437,0.5794907,0.6553263,0.5040969
ID_9F8AC1277C,0,0.023694232827676777,0.026083931,0.019081444,0.025497643,0.022698553
ID_019C4DF01F,0,0.015503437497977163,0.016964631,0.013498289,0.01688239,0.013025186
ID_7F11E9B319,0,0.039071101299266275,0.035772108,0.045676127,0.053464673,0.032577686
ID_95B60599F5,0,0.23588307695981597,0.19928339,0.2588402,0.37195435,0.28207818
ID_4070F596B0,0,0.08755918308243049,0.0754194,0.0903783,0.112887,0.12180195
ID_AC887EF95A,0,0.15072203375145987,0.17483255,0.080916084,0.19934031,0.17732175
ID_2EE7192E95,0,0.03475626325124975,0.044593953,0.019598596,0.033788424,0.026095867
ID_E2F68F862F,1,0.7428225035226947,0.64959157,0.87376183,0.75992644,0.8486997
ID_DBC3931F81,0,0.010935844453509511,0.012833719,0.008234146,0.01151875,0.008452331
ID_235B1ADF2A,0,0.0798070758171667,0.10182671,0.051630564,0.09061327,0.04243188
ID_15B7FA80E6,0,0.020887952240444367,0.024078118,0.016661258,0.02052447,0.016624022
ID_F7B9A99DCD,0,0.7149207273462377,0.70862216,0.73130184,0.70323056,0.71151
ID_C8F9AB4E7A,0,0.23366160222192106,0.28930274,0.13115981,0.22831976,0.22059725
ID_5671505597,0,0.02695570377483526,0.029744135,0.028609809,0.023323774,0.013200401
ID_412B6A1876,0,0.05252568887423381,0.057239883,0.043326274,0.090319395,0.035851635
ID_3094718E53,0,0.025865778440467516,0.02495461,0.021817666,0.03837298,0.03295001
ID_FA5FF851FD,0,0.02601969996399885,0.0321857,0.018991904,0.019439287,0.017891645
ID_5ECD735177,0,0.4081539760960443,0.33068576,0.4752968,0.5866333,0.51388556
ID_86E7B3666A,0,0.027577331477919492,0.029213808,0.02646185,0.02982442,0.022071099
ID_1398A5440D,0,0.3773106858343875,0.36715153,0.4499236,0.43962738,0.23734215
ID_37FA1FA747,0,0.04042831016353655,0.041424654,0.046762764,0.026017958,0.028909152
ID_CF1425CF89,0,0.010691508355984296,0.0131171215,0.0063859094,0.0118771,0.009154336
ID_0EEC1299B4,0,0.01651722296212508,0.016444148,0.01729943,0.014741592,0.015922317
ID_D1CA235091,1,0.4667769599937348,0.38168645,0.586547,0.36939698,0.6120972
ID_E5B95E4CF2,1,0.21096083150439898,0.20430428,0.25671393,0.28909487,0.10690374
ID_775B3A7C86,0,0.07916909981033317,0.084599994,0.06956384,0.14752916,0.04701113
ID_A2A188CE84,0,0.014829932779369805,0.01593961,0.01390736,0.019471005,0.01009381
ID_36A90A69A1,0,0.07192394051428105,0.06878845,0.0822475,0.06470992,0.06618154
ID_B85F3ADEC7,0,0.0750417507670189,0.0698984,0.09051542,0.075660385,0.0633275
ID_182848CB92,0,0.42249442029597517,0.3723413,0.4938726,0.49114996,0.45151746
ID_A4C16876A7,0,0.016975495030671084,0.022332523,0.009848345,0.009612011,0.012822478
ID_4D1A1B6510,0,0.4986159153801496,0.531272,0.4571173,0.4222262,0.4828529
ID_9852033D04,0,0.01802254842713291,0.0225997,0.013186014,0.0144741945,0.010590491
ID_354F21335B,1,0.12749524536100304,0.1413071,0.13346452,0.11813938,0.06036843
ID_38EFCD8ECF,1,0.7166383761734887,0.725521,0.6942951,0.71834445,0.72626424
ID_043C6DA786,0,0.3083438331916936,0.24659579,0.34030288,0.39028412,0.46515977
ID_96434F8D7B,1,0.6607375509639554,0.73057884,0.5020434,0.7059784,0.6861183
ID_436B506ECE,0,0.17125468482553236,0.14057085,0.24074814,0.1614863,0.1561843
ID_F5694F8796,0,0.01444505406824341,0.01927214,0.0074395365,0.009519601,0.011209127
ID_10E39D7481,0,0.24399535973395195,0.2341335,0.23854049,0.34926438,0.2515079
ID_836B7650D5,0,0.05049745272459942,0.05098722,0.055150528,0.05021291,0.038569406
ID_C3CC5707BA,0,0.011258359331895765,0.013073641,0.008203851,0.008997082,0.011120674
ID_C532EA3407,1,0.5458335970160743,0.52496874,0.5861254,0.7192939,0.472015
ID_4D5157CBF2,0,0.009670659228868818,0.011132879,0.006217269,0.010110391,0.010704067
ID_34A880F7F4,0,0.02437106848237789,0.026265068,0.021303918,0.021353928,0.024257144
ID_858C4215B0,0,0.0314870998322316,0.039971977,0.02143627,0.019692702,0.022311596
ID_C42C3B946C,0,0.02304754500007516,0.0156646,0.03576155,0.022959674,0.027030597
ID_818DDE1740,0,0.03987583698822903,0.04951602,0.03302191,0.028460506,0.01879254
ID_23F3CAA13C,1,0.15384512722262608,0.17253216,0.13132428,0.12513946,0.13565281
ID_F1922D690E,0,0.053357162245929735,0.06393866,0.040356886,0.045253824,0.040034357
ID_4C82CA0987,0,0.033387504692027725,0.044853352,0.018161807,0.036480643,0.016218506
ID_13E9028AA3,0,0.03863635111191809,0.049911186,0.023729848,0.030562721,0.026457975
ID_37A0ABBDB1,0,0.17202178347845704,0.18904044,0.17203097,0.15583633,0.10709757
ID_A1259D3E91,0,0.021306811304646452,0.028608909,0.0137929395,0.014259853,0.009621044
ID_158CD1165D,0,0.0378059520871853,0.042791396,0.03497271,0.034524508,0.02423396
ID_91A95A5A8D,0,0.10517568038376782,0.11537669,0.10313155,0.08693972,0.07437682
ID_A771DB956F,0,0.024754617386142097,0.033764064,0.011761492,0.020559553,0.016359933
ID_82093D1C3A,1,0.7739910642402248,0.77166086,0.790167,0.73868304,0.76453626
ID_6AAFC7DA63,0,0.22663048224247317,0.24989821,0.1420811,0.26063797,0.29478848
ID_5DC621A318,0,0.03574373645276108,0.046255443,0.019337906,0.027134001,0.030241951
ID_AC332E6320,0,0.25111972471670396,0.22616762,0.25112432,0.34178686,0.3170923
ID_26E99A160F,0,0.040230847580028956,0.029759297,0.048345085,0.038055167,0.06805036
ID_CFF3B51899,0,0.15150107620887265,0.12250878,0.20247771,0.22068314,0.13458337
ID_29CFED9D11,0,0.0726152890955779,0.09962409,0.037266586,0.05501941,0.041909978
ID_D20640B5EC,0,0.06537356654731993,0.06860608,0.062491417,0.099802144,0.042880364
ID_179B7C28A3,0,0.022096205088962845,0.015630567,0.028247466,0.02440348,0.035234135
ID_2CC0F016DC,0,0.04978330087542761,0.06295642,0.032755654,0.021080367,0.043120865
ID_9C49A31DA9,0,0.107494321066166,0.14177905,0.054684166,0.08850602,0.08408736
ID_1A0C60ACDE,0,0.022089087678066298,0.022283375,0.01706568,0.021316476,0.03237996
ID_94458771B1,0,0.04169454891210163,0.047306016,0.030761046,0.040192433,0.042075597
ID_447B20E8CB,0,0.018052853743209453,0.024218034,0.007960052,0.0094855325,0.01736904
ID_A4CF63ACA0,0,0.007118504513863259,0.008568771,0.003934538,0.0062234197,0.008206375
ID_9639EE0B0E,0,0.025704880936002896,0.017278152,0.033240013,0.05287459,0.033328686
ID_1CE47341F7,0,0.01597231648251488,0.018198956,0.01170429,0.01587508,0.01575506
ID_A04632C116,0,0.021186332131023042,0.025559768,0.014354635,0.014031734,0.020467406
ID_F8671339C5,0,0.009597046011141683,0.011371357,0.0059906174,0.010081293,0.009619715
ID_1576A95591,1,0.3208187832352507,0.32536787,0.33229563,0.39001906,0.24680041
ID_7E175B0C8D,0,0.06721449500077743,0.06587281,0.073713854,0.082947895,0.052087627
ID_3B6ED0648C,0,0.44565525726603183,0.40388715,0.51680773,0.42352402,0.4792827
ID_8D937DD6CC,1,0.44223265478015783,0.47658265,0.3511751,0.51078176,0.46243522
ID_52BFA7E08E,1,0.8750195266688048,0.85929054,0.90711796,0.85157734,0.8828913
ID_A1AF3459FB,0,0.008430689607512643,0.009426958,0.005148777,0.010300038,0.0104432665
ID_628301D6A4,0,0.025471240929831752,0.03151135,0.015914038,0.027379215,0.019601114
ID_6902AC598D,0,0.013986834027332666,0.016870089,0.009036299,0.013118748,0.012793266
ID_3D38EDE503,0,0.382364967977509,0.38555494,0.3721637,0.534122,0.3246075
ID_50856F2C74,0,0.31577605223404565,0.34128258,0.2716517,0.33951703,0.29222828
ID_9D46DCE38C,0,0.061309745453107044,0.054877225,0.06039295,0.07574379,0.08418303
ID_E65D8FFD47,0,0.011814219513342987,0.0132654235,0.0103863,0.013473718,0.008017714
ID_5D4C6D08B9,0,0.18838520420252153,0.1830416,0.16698833,0.25768635,0.22666864
ID_AA5F051AB6,1,0.13686696136482662,0.12068853,0.15183434,0.23466061,0.1305391
ID_AD033E22C6,1,0.19381118059920185,0.20316471,0.22135143,0.10687217,0.13308305
ID_9845772FB2,0,0.020768137420021655,0.021949708,0.012707882,0.019970944,0.03340947
ID_45EAE80BF1,0,0.13085770876010666,0.12226177,0.12025746,0.2143797,0.15353444
ID_6DAFB35C6F,0,0.042336636391565305,0.048903096,0.03325534,0.030941235,0.03901912
ID_7BA8EA072F,0,0.034764667698563914,0.04438973,0.017654177,0.043103598,0.027135404
ID_0D1CA0951D,0,0.06108918003310572,0.062071245,0.062547676,0.054534066,0.05666555
ID_E68EFF5841,0,0.02728592510346481,0.024432138,0.037188232,0.017414343,0.022414459
ID_1D3A6255C6,1,0.20591153047308108,0.18675183,0.2682909,0.23030467,0.14248276
ID_521F6D423C,0,0.01547024439779266,0.020287512,0.008223694,0.008942893,0.013491141
ID_EDB25159A3,0,0.16473561015283328,0.17975111,0.16080414,0.11507349,0.131327
ID_853AA7936C,1,0.1469275492136418,0.15224785,0.15646408,0.14808783,0.10346942
ID_05D8CCBA03,0,0.15154849832205167,0.17606,0.12943251,0.08889825,0.12265676
ID_65DB526384,1,0.8676575308509693,0.8050963,0.9541911,0.93538576,0.9170404
ID_45A14A7A1F,0,0.05360638499867566,0.067103826,0.03751071,0.038143467,0.037802078
ID_99A590E15F,0,0.00933668146940339,0.0100641595,0.006826919,0.007068141,0.012633192
ID_A94F0E5FB5,0,0.4967672930691649,0.47884712,0.5140519,0.40964663,0.57343864
ID_784A303AE4,0,0.01708241381956941,0.021915618,0.010206073,0.012833298,0.0132487
ID_DCC87150BA,0,0.11302779972392213,0.12779073,0.10764206,0.07153946,0.08024363
ID_1F00C5FD8F,0,0.01722775433473608,0.020334154,0.013301307,0.014213692,0.013829361
ID_4B2607D096,0,0.08519439886966085,0.08223832,0.09394775,0.060801372,0.08955004
ID_ADC18F2D61,0,0.019847007475698522,0.016762555,0.026823387,0.01863363,0.018453034
ID_783C06ABCC,0,0.026270777311166567,0.026740728,0.027734727,0.03133294,0.01893678
ID_FAD0E0C563,0,0.022557325893256187,0.02843147,0.014535367,0.020750046,0.015715243
ID_0CA2CA3797,0,0.1835581860677425,0.16956611,0.18044671,0.24203125,0.22390635
ID_B2B189E6CC,0,0.09046245868229472,0.110437736,0.073323935,0.05891791,0.056515038
ID_21E8A12D3A,0,0.06444517311430895,0.082335524,0.047051765,0.069342904,0.023974765
ID_8104815CAE,0,0.03507111307746251,0.049373485,0.019938687,0.022916593,0.012354932
ID_AE05F76FE1,1,0.11898861874929195,0.08106085,0.17546797,0.11413821,0.16032016
ID_04DCF0D28A,0,0.16183177324468484,0.17987065,0.1428979,0.113206714,0.14736867
ID_DE8402780F,0,0.04440716212961354,0.046476405,0.04241046,0.052204434,0.036542
ID_7A358F03C9,0,0.04027211880470066,0.043821335,0.04411704,0.02927747,0.021809982
ID_7E5AE9FF67,1,0.6999761915338365,0.70225793,0.7096729,0.77408,0.6372258
ID_07E5774E89,0,0.029050605166889006,0.037246175,0.016990565,0.02196286,0.02335663
ID_2710BF3680,0,0.3066834155569567,0.3307255,0.23275831,0.30561388,0.36406764
ID_7DBB50C435,1,0.32627607850277396,0.41041568,0.21827607,0.38130283,0.17819095
ID_B4A9DD64F3,0,0.34562272235476543,0.2755823,0.4431207,0.40278745,0.40771508
ID_2B3DD3EDE0,0,0.027128016277543868,0.03044149,0.021879258,0.032450777,0.022056445
ID_171A4215CE,0,0.29696016474118736,0.25352418,0.30932066,0.4412283,0.39121863
ID_B33F410367,0,0.02317576593328801,0.030019987,0.015177961,0.010756226,0.016806046
ID_1BC1A5B812,0,0.10832749276550799,0.117361456,0.10042721,0.080619074,0.09915423
ID_FDC05A24C9,0,0.03732380935910011,0.046465356,0.028351549,0.0339105,0.019404737
ID_2B55323D13,0,0.2717920153869434,0.34039742,0.15956321,0.23592386,0.23808274
ID_0AC11FFF10,0,0.09879780145266398,0.10479115,0.08201536,0.13638264,0.093072325
ID_4D9CFB0C3D,0,0.03862343898680767,0.02515114,0.068982735,0.042391557,0.02882273
ID_C0D618C823,0,0.07216539752349081,0.074740045,0.07918183,0.08649257,0.039982963
ID_2C0238D010,0,0.3640251758418938,0.40948382,0.32228053,0.23380992,0.3181198
ID_EA449C32A7,0,0.10790792844389314,0.11949712,0.090446316,0.13220853,0.08576914
ID_1E47731A30,0,0.03104076488422588,0.035878047,0.020646134,0.042181887,0.028028106
ID_55E18180D5,0,0.111397927468953,0.10762065,0.13700174,0.11537442,0.07071388
ID_A30C09696A,0,0.01575710414846167,0.021889506,0.0071327756,0.009912318,0.010875132
ID_021B10E64F,0,0.0502372036327349,0.060247555,0.037227154,0.046624765,0.037392735
ID_23B32F1363,0,0.1344615592840144,0.12653604,0.15012404,0.18284671,0.11328437
ID_79DA470F6A,0,0.10366194244856938,0.13315749,0.07354979,0.05264349,0.06577823
ID_F20F8F4C12,1,0.6203027493738091,0.56778765,0.63438994,0.80901456,0.72987324
ID_A08CC6DD1A,0,0.020370549193074333,0.028363476,0.010770114,0.01313138,0.010323377
ID_2CDA30730A,0,0.015247176961370366,0.017632646,0.012212238,0.018455343,0.010272428
ID_F0E33512BC,1,0.722216540890562,0.7585962,0.78058034,0.7131067,0.44716907
ID_A478E084D8,1,0.5843948154156532,0.5519985,0.6303137,0.6503629,0.59412056
ID_08594C1B37,0,0.22990889363763128,0.24525371,0.1790971,0.29429495,0.24595538
ID_AE6612A6C3,0,0.25410868388543595,0.23086773,0.24785258,0.30140558,0.34518105
ID_DB60D29541,0,0.058549923912735856,0.082141764,0.033239424,0.036220685,0.022823114
ID_0CEF7415FD,0,0.22574264536161007,0.18639728,0.23244688,0.47815317,0.26769796
ID_94DEE61C61,0,0.011059382999317907,0.01414153,0.006530009,0.009001752,0.008639948
ID_BBBF5B4C33,0,0.13392211220718117,0.1359767,0.13327035,0.110804096,0.13671006
ID_8BDFEC03C0,1,0.32394527573680093,0.3158645,0.27627417,0.51822513,0.3756835
ID_6317CC729A,0,0.035307828764980266,0.045777764,0.023582429,0.024835374,0.020754758
ID_82F1BF80B4,0,0.08873384740944494,0.10137179,0.06982233,0.083979286,0.07793613
ID_37C86743AC,0,0.09669484264565942,0.119034246,0.059260104,0.12352841,0.070840746
ID_700F712B1A,0,0.014722321231101705,0.018593395,0.010836057,0.008882952,0.009236036
ID_98D24CE15D,1,0.8127508417287572,0.84592235,0.7742277,0.7260102,0.7929379
ID_5CE866BD76,0,0.041552711345514304,0.056064058,0.024724927,0.029616535,0.021494418
ID_FBCF47D764,0,0.01674009175892053,0.0208977,0.010239567,0.018035663,0.012539881
ID_BCF38E5407,0,0.06150725089472182,0.08231062,0.03483555,0.060707293,0.031106059
ID_B6F8D8ECAA,0,0.06462763000367902,0.0807747,0.032879706,0.07583412,0.05956981
ID_25F8F0D904,0,0.14334137967363939,0.13562614,0.15011343,0.14219399,0.16193727
ID_4B381EC055,0,0.01376730049309935,0.017531332,0.0086217895,0.011501929,0.009876876
ID_0298E2D005,1,0.2758135207272079,0.23230962,0.32673055,0.31866995,0.33185846
ID_D451724FA4,0,0.010310188182309298,0.013735857,0.0048657083,0.008245954,0.008404093
ID_10BCBBAC55,0,0.2068076396263852,0.21781924,0.16823623,0.24728872,0.22534001
ID_3C5A69A68E,0,0.031707239701890155,0.035522144,0.030656872,0.022481326,0.021851458
ID_6B6F65398B,1,0.13000671025735783,0.14267734,0.098360315,0.104357645,0.15549609
ID_DBEC96C269,0,0.04848707404482994,0.057898045,0.03314653,0.05248493,0.039858676
ID_EB5F0B3F1B,0,0.263309614890887,0.23738153,0.30884412,0.23468912,0.28774202
ID_0925A3A329,0,0.05147910335324707,0.0502858,0.046504747,0.063159116,0.062103715
ID_10E2BF06FE,1,0.28761539752764465,0.25057945,0.32114157,0.27451435,0.37800887
ID_E3113BDD6C,0,0.09475226188050452,0.09217644,0.10871608,0.100898884,0.07301081
ID_1C14AC2E70,0,0.013180141966991094,0.018624127,0.004290807,0.012507019,0.0095230965
ID_DA476D0F67,0,0.009186444595818848,0.012046733,0.0042752563,0.0077492427,0.008253665
ID_D8DA70FFD7,0,0.10031111222897224,0.12640792,0.056251,0.107477605,0.08135453
ID_B24DAD282C,0,0.015323372850212555,0.017099222,0.013624661,0.015638677,0.011320986
ID_446E76D944,0,0.034833361166896185,0.04533208,0.020098057,0.03546768,0.021773541
ID_465553975F,0,0.017579065421169986,0.018410753,0.013836913,0.029060526,0.017084807
ID_778FCA2246,0,0.027024090009007594,0.03523847,0.017991256,0.022831751,0.013494865
ID_0B6BCAE8DC,0,0.04702175661754161,0.059634894,0.027016407,0.060449902,0.030749302
ID_527E1A53E8,0,0.03754870145972654,0.042561274,0.029861642,0.027550329,0.037201755
ID_84D07DFB73,0,0.02589362028417416,0.02938055,0.019740745,0.026373511,0.024139054
ID_D44AFC92B3,0,0.24909029188274978,0.2822546,0.193,0.2550194,0.22659525
ID_C7D3DDED20,0,0.049431229769366425,0.054651346,0.050407782,0.04046084,0.029174522
ID_3966B02021,0,0.019292570143726852,0.023475816,0.014354331,0.015582169,0.013814864
ID_B1DB17E749,0,0.25304811546261335,0.2443197,0.2954599,0.32211033,0.16887327
ID_9E8837BCCB,0,0.03998315945916635,0.046214584,0.032804262,0.029307056,0.03368793
ID_40883DA52A,0,0.15770843176513671,0.16391131,0.13394119,0.21884225,0.15581477
ID_6663BF1B64,0,0.07156002628042975,0.09209533,0.046758123,0.059026204,0.043396287
ID_89BD521B37,0,0.24972687476704986,0.21500754,0.2934128,0.3725474,0.24928252
ID_CCDCB7AA0E,1,0.6964107711724654,0.58983576,0.8228991,0.78618175,0.8365823
ID_30656ACD39,0,0.008415870662550867,0.009821867,0.004923966,0.008715479,0.009830708
ID_CB8029DB31,0,0.04757486863758126,0.06212997,0.030801747,0.0284783,0.030335568
ID_3806838149,1,0.0401630707311804,0.05609951,0.019055972,0.044430226,0.016195385
ID_132AEE1497,0,0.16725082781948197,0.22359249,0.071025126,0.18706764,0.12679495
ID_96F642DD31,0,0.09321224336223882,0.10063433,0.0811319,0.07362078,0.09628279
ID_FB48A1E782,0,0.17399132849909843,0.16438368,0.2297136,0.117261685,0.11981558
ID_8703376774,0,0.04438970712663997,0.031006733,0.06424205,0.07986963,0.042926144
ID_AB59F166F9,1,0.7962512846873226,0.82711816,0.76632094,0.7088986,0.76801753
ID_BA60DE3AA0,0,0.05961429637838391,0.08337882,0.032479323,0.04217622,0.02493887
ID_3EA14F1E64,0,0.22825967518827325,0.18559942,0.28100273,0.30570447,0.26174322
ID_0C80682834,0,0.03866324122700521,0.05723476,0.015498875,0.012207525,0.021358956
ID_3D583A0CEE,0,0.05511744240569984,0.0626294,0.04553073,0.05103321,0.04569925
ID_C49BD54FA4,0,0.03164415027975785,0.03897264,0.02259079,0.027938541,0.0216926
ID_407AC9D694,0,0.10166273979509058,0.1169432,0.09754455,0.057547856,0.06511625
ID_A340335947,1,0.19674597762530516,0.24365476,0.16511491,0.098098494,0.10925402
ID_3F6C2C1F0D,0,0.3471898474104629,0.29564127,0.4738547,0.26864386,0.3276853
ID_4DF1A6376E,1,0.4625182869606122,0.42993757,0.4879001,0.44412816,0.5538495
ID_95FCCFD35D,1,0.4970538786031653,0.5589919,0.4101199,0.48838526,0.42542046
ID_47E563DA5A,0,0.016401991546166228,0.019510025,0.011288111,0.0127026215,0.015842555
ID_916F14FED8,1,0.764913263354751,0.794775,0.7366892,0.67245924,0.7394931
ID_D75A4C8F80,0,0.13362190557997408,0.11249911,0.17843242,0.11650853,0.13427314
ID_1106BA5438,0,0.11401078808742743,0.10889407,0.13017166,0.14392161,0.08794116
ID_DCD34DA2C9,0,0.026689853688801467,0.027175102,0.02710485,0.029622952,0.022469325
ID_DFB39B595C,1,0.10054810337173244,0.1097799,0.10236599,0.065523945,0.072881095
ID_AB7AEDF529,0,0.0948500105504135,0.070642814,0.13866358,0.12158303,0.09156862
ID_65D7436E8F,0,0.03869040601086057,0.04143666,0.04365134,0.024618594,0.02257085
ID_31A2AEA0C5,0,0.09152123899316288,0.074354604,0.08595478,0.11859456,0.16424584
ID_14CDED4B66,0,0.017660884844905966,0.02142665,0.011994336,0.009368679,0.01750793
ID_D0E02E5D16,0,0.10047431259436279,0.12202647,0.06377495,0.09007107,0.09260322
ID_0D252B4527,1,0.6499767036439701,0.67991054,0.5910715,0.7266396,0.616346
ID_1205AF2B08,0,0.01837761688366106,0.024108633,0.009675062,0.019570114,0.012293025
ID_064F808890,0,0.03533282183266071,0.037357524,0.035295226,0.038796946,0.025342403
ID_F70E91E8FC,0,0.05404428391142448,0.06104472,0.040782712,0.036204018,0.06066815
ID_4347CB3D92,0,0.20494034841153755,0.24034451,0.1580267,0.14953756,0.18002495
ID_0E5831D039,0,0.03044281550047235,0.029009309,0.03233592,0.023319699,0.035548262
ID_B5CA12B292,0,0.27619039323393935,0.30446488,0.21540521,0.27612063,0.28705683
ID_DD0E10DB4D,0,0.012574910586926745,0.01439164,0.008520599,0.00924333,0.015042307
ID_248D190305,0,0.4539938213783776,0.4357571,0.47877678,0.49354163,0.46070355
ID_0BCAA4E287,0,0.02028580061909286,0.021771466,0.018216392,0.025455872,0.016189344
ID_5E39864A82,0,0.06689563877049012,0.076494776,0.04512962,0.055355217,0.07802798
ID_1432503160,0,0.044511493838950644,0.04769764,0.04298355,0.047536857,0.032998312
ID_DEDD28F8FF,0,0.041319179930248515,0.05661418,0.019274905,0.031691242,0.028130965
ID_5B4F083221,0,0.015495860755478336,0.020532032,0.008407554,0.010069119,0.011771959
ID_2F6B6B7D45,0,0.03965504745796272,0.044925626,0.02073506,0.037569676,0.058863327
ID_53DBD55FC4,0,0.014795032723329625,0.017180467,0.012007792,0.01373786,0.01114839
ID_59020D2378,0,0.2347241067226321,0.21833499,0.25682828,0.20010434,0.27169794
ID_EC6C28290D,0,0.26003350287180516,0.27778992,0.26980373,0.2770371,0.15658432
ID_CD8FAFBDA4,0,0.0390595429750034,0.04982125,0.026084224,0.027791526,0.026300738
ID_968D112E84,0,0.030076792195787374,0.026376395,0.028387215,0.05258393,0.039536428
ID_DADA7786EB,0,0.0610893861570341,0.05974294,0.066180676,0.055675168,0.05822145
ID_03F28FE902,0,0.10294576381945418,0.11093988,0.086540766,0.14737488,0.08496733
ID_DC49B4E0A4,0,0.27961227400392574,0.2784671,0.26601577,0.2733874,0.31633344
ID_5386DDE485,0,0.01407691432273368,0.015286854,0.011496042,0.014495702,0.014314552
ID_A1C5990710,0,0.018959589713055648,0.022579003,0.011045235,0.038869563,0.011953662
ID_60211F6958,0,0.09477347764848118,0.107857145,0.064803824,0.15415105,0.077856034
ID_408020F548,0,0.04679302731256248,0.057237778,0.0423175,0.012232297,0.02729515
ID_F4DA1C31C0,0,0.016443907680528773,0.018626964,0.011362233,0.015900388,0.018350808
ID_5C302905AC,0,0.1113242626812151,0.11597808,0.11238892,0.14187714,0.07604463
ID_A0173F21C3,0,0.033580025470986916,0.039702047,0.028268926,0.026745051,0.022066448
ID_40D0744955,0,0.013704309347234695,0.016951596,0.007311217,0.012102906,0.014385559
ID_A2FA3C1353,0,0.15838081679788435,0.15935093,0.16023804,0.18653937,0.13802052
ID_3F4AB7F840,0,0.24449803781812246,0.27330646,0.22291322,0.24364956,0.16935854
ID_3839C19AC5,0,0.03501380625744066,0.03837884,0.029011548,0.04967265,0.027270887
ID_31270E4F1F,0,0.1738147084049932,0.13681006,0.22558247,0.277187,0.1741748
ID_280E4415B1,0,0.0830158212241918,0.08591366,0.09778247,0.04862221,0.054079726
ID_A351A00646,0,0.07575734163673407,0.08552513,0.05719373,0.056846235,0.08252008
ID_9D179CCB0B,0,0.014027917776946276,0.018214233,0.008478987,0.010722359,0.009670742
ID_8611A69F96,1,0.6309973274337006,0.6091863,0.6988038,0.6358614,0.5756505
ID_BFEBA68FA6,0,0.011562597623064092,0.01336424,0.008386015,0.010004321,0.011438001
ID_30A4641339,0,0.0297727112719269,0.038239535,0.018291024,0.026402464,0.020070704
ID_81D23A2214,0,0.5276695084512155,0.5545381,0.49785012,0.52915025,0.47738075
ID_F344B159F2,0,0.06372607545055584,0.05674144,0.0735424,0.05594825,0.0755928
ID_923880DD62,0,0.1419154802574073,0.17797445,0.098864324,0.112831585,0.09447346
ID_DEAA0097C8,0,0.032353903826034605,0.028483726,0.029879797,0.06206069,0.041075923
ID_3E3C29CC55,0,0.19494929813205103,0.20742261,0.17630883,0.2181098,0.17209789
ID_1F0706C93C,0,0.057047281596519665,0.08473794,0.022276016,0.03962759,0.022143422
ID_D323A71CAC,0,0.060155075982351605,0.07147844,0.05119824,0.044570208,0.038283207
ID_FCA0A7072A,0,0.03435606596080602,0.03800422,0.02885502,0.04769819,0.024914853
ID_2520E75991,0,0.030067268280338465,0.035834838,0.025382161,0.020977188,0.01969263
ID_021A1BD87D,0,0.15697976400220412,0.16485943,0.13029876,0.2227061,0.1522445
ID_B97825FA74,0,0.02466055231593018,0.030104447,0.018511308,0.02102833,0.016416075
ID_C4F79B4526,1,0.20432727208808732,0.22225566,0.14560562,0.16938174,0.26971614
ID_683B88BB9A,0,0.15014927031487046,0.17725661,0.10023137,0.13960262,0.14720652
ID_55ACBBCF2F,1,0.3843270656241343,0.383637,0.41562134,0.28807452,0.3620733
ID_D64EEE806B,1,0.08705890120914603,0.088188946,0.09075327,0.042881183,0.09361337
ID_DF8171443E,0,0.03450733034383534,0.04387432,0.021450398,0.03705288,0.021799447
ID_2C93F09CCD,0,0.01467771782029873,0.01973754,0.0072024846,0.01117381,0.010845627
ID_E2DD9B75DB,0,0.03904501459384726,0.032089565,0.046976175,0.04203468,0.050138537
ID_EF8FB7B99D,1,0.26454050614559677,0.24223289,0.20889412,0.2989927,0.46321142
ID_72DF844B23,0,0.2635266707666667,0.28523493,0.28474352,0.20042814,0.15373111
ID_9C4ECF3A56,0,0.08605517744935516,0.09554636,0.075686805,0.1238168,0.051704116
ID_EFC443737C,0,0.0762411309953375,0.09018819,0.049565632,0.07474877,0.07514038
ID_CA245B781D,1,0.7603090010163502,0.7157888,0.7822319,0.81505084,0.87766486
ID_0F8BDA908B,0,0.1938039804812543,0.2175009,0.13837557,0.189026,0.21458739
ID_D0D7A434AC,0,0.038700462502352775,0.036319744,0.04204725,0.050511282,0.036439314
ID_266F84EB01,0,0.05731615840446868,0.06878154,0.039493587,0.040802896,0.05426617
ID_A795172B98,0,0.09870021818354403,0.13889816,0.03753346,0.096309625,0.060980953
ID_174B9CF2AB,0,0.020282662963939706,0.02552998,0.015221857,0.01653622,0.01058438
ID_D04A1BDA74,0,0.008364014300691839,0.010657681,0.0049643195,0.0058321767,0.007061966
ID_7D53B9DCF2,0,0.02207747667687697,0.025693595,0.0178682,0.018386805,0.017425472
ID_315C3E6E20,0,0.03001326657636874,0.037463043,0.024165507,0.02606807,0.012777056
ID_AD431DB8D9,0,0.11492268500581893,0.113551535,0.12107821,0.12947801,0.10117149
ID_BA7F5CE593,0,0.025879213079377808,0.034398757,0.013923431,0.019748203,0.018174693
ID_C0F7033AFE,0,0.17417663465375144,0.14798933,0.18802036,0.23772976,0.22750516
ID_993E12A0EA,0,0.11223563133043135,0.12559365,0.09347713,0.15631077,0.07677982
ID_23C3DF6F82,0,0.010196397567589447,0.010465032,0.008300135,0.009752428,0.013321687
ID_61AFA6D271,0,0.009833022505314568,0.012789489,0.0046731536,0.010288783,0.008201859
ID_BEB14AF388,0,0.01986382537760204,0.027097415,0.010415483,0.013037622,0.012521085
ID_6FD824D56C,0,0.06738141914291892,0.08127393,0.054500047,0.046955932,0.04517494
ID_32834688D8,1,0.07461872211562404,0.07133536,0.08242175,0.06382943,0.07646677
ID_C11DADDD27,0,0.3569764357014972,0.37685543,0.3493163,0.445065,0.25095546
ID_A568666D47,0,0.020539696395682663,0.020973196,0.017056834,0.02278341,0.025199687
ID_15BA90AEC9,0,0.031593153573025584,0.038780857,0.021241939,0.021081546,0.027987655
ID_CF82815DE0,1,0.5494157357421536,0.47575694,0.63310385,0.6798909,0.6244744
ID_7FE2B8923C,0,0.12262562048336523,0.108490415,0.1317118,0.16530769,0.1442975
ID_2556D92F45,0,0.2531060359188315,0.24455094,0.21203002,0.3550213,0.33296514
ID_513460B9E9,0,0.08660109153665083,0.11165317,0.056022827,0.06564612,0.055400666
ID_E43FB59DBD,0,0.023745232357699646,0.021264523,0.026887028,0.023743842,0.027495613
ID_D3A17AA8BB,0,0.05338955354241014,0.05356747,0.067965806,0.045686014,0.024728132
ID_057F8AFAD2,0,0.03321021771282718,0.034189604,0.027950421,0.052998614,0.031725865
ID_E857F872C0,0,0.3257236358307947,0.2755416,0.39032292,0.3263679,0.39905673
ID_A5A0D68538,0,0.16734252443821246,0.1542827,0.16264391,0.18470694,0.22507289
ID_8C77913FF8,0,0.03204462174262532,0.03935307,0.02173695,0.025827058,0.025963381
ID_4E79182E85,0,0.02931268257990379,0.032590218,0.028544145,0.022134986,0.02023168
ID_DA9E1DF8E2,0,0.041859682369104464,0.044515606,0.04196634,0.06541047,0.020134937
ID_E0103CC4A8,0,0.2915403598115149,0.3453049,0.2567937,0.16348015,0.19456457
ID_41953B518E,0,0.018436374174637584,0.02115048,0.014468847,0.015988208,0.016538162
ID_87F47D807D,0,0.0128490160989213,0.015292747,0.007337226,0.009605154,0.015753433
ID_9A4F82B62C,0,0.06869699062280517,0.08159986,0.043624904,0.05621081,0.073364206
ID_D4D97D893E,1,0.29539667756398347,0.2381348,0.32614726,0.41858882,0.4178541
ID_C8E706F837,0,0.04747483948219286,0.042250734,0.055877604,0.035230163,0.05687685
ID_EC97CF8D96,0,0.02681462528388282,0.03679478,0.0139943985,0.022289298,0.01408858
ID_F0B7751FCB,0,0.07317008977504066,0.07850741,0.07342627,0.05929843,0.056099564
ID_F4B5E7739D,0,0.3768471620023157,0.42071757,0.33003348,0.34232298,0.30681846
ID_8E9BCC8744,0,0.014920408150129986,0.016978033,0.014025746,0.010702393,0.009977946
ID_3BEAB34638,0,0.013749319043165328,0.016423771,0.009056239,0.013810739,0.012481191
ID_E3CEBF2C0C,1,0.9184917802161475,0.9364896,0.8944283,0.87799907,0.9116608
ID_BFAA61B155,0,0.04827720596459256,0.05084682,0.050457276,0.055830684,0.02944311
ID_475B3F7C7C,0,0.0658691142682271,0.06968874,0.07199335,0.03232675,0.051203
ID_30AF6E4A7E,0,0.08321049085174298,0.095528156,0.06574865,0.082530126,0.068881355
ID_6B2534A5D5,1,0.5520565806820164,0.6830618,0.43056303,0.4422084,0.30662465
ID_6C48879854,0,0.06443389142195205,0.046307214,0.08337517,0.07053666,0.09778807
ID_3006C98005,0,0.3469170823536988,0.2880299,0.43643892,0.38789454,0.38601583
ID_186843E7A2,1,0.2349437058542156,0.25825423,0.21171314,0.2288208,0.18888034
ID_7419AA3BE4,0,0.012677551135836653,0.013433902,0.010595254,0.011273926,0.014558014
ID_9FD73B0922,0,0.01062101027907648,0.010202793,0.010847681,0.018240707,0.008581655
ID_D6E2547A16,0,0.08005653701120236,0.11919564,0.02915274,0.041206084,0.040692613
ID_421473C5FB,0,0.03011305966289533,0.032638304,0.029326959,0.028586451,0.021787293
ID_D53E71DCC1,0,0.011153394616961028,0.014944565,0.004966471,0.017093828,0.0058051683
ID_9666FA3103,0,0.009058113555858583,0.010041778,0.0058672125,0.006922918,0.0126743615
ID_4C6734B561,0,0.07426950807040822,0.075087965,0.074896626,0.12825507,0.045930985
ID_684A653EC9,0,0.010973673575216537,0.014922544,0.0050869896,0.0071949647,0.008551238
ID_AE3CAA7C17,0,0.08362184776256734,0.09576651,0.06659964,0.11311785,0.05592712
ID_2D64D44374,0,0.03054452080153995,0.040815927,0.01665504,0.023568429,0.019948918
ID_281706DA32,0,0.023973639524274677,0.032633122,0.012541218,0.020526048,0.013385052
ID_903C0C2147,0,0.2260331850151448,0.24969408,0.21924612,0.12382795,0.18509866
ID_5F5B7E2C80,0,0.06133336551822535,0.06118568,0.068510726,0.072287746,0.04178676
ID_D798D31DD7,1,0.6952122382739836,0.5927262,0.79810655,0.74679816,0.8853506
ID_894E559C12,0,0.05167344252515081,0.06721341,0.034913857,0.017638536,0.036752526
ID_AB8649E585,0,0.02604650577913362,0.031812917,0.018302592,0.022986824,0.019609448
ID_B60EDD9D94,0,0.22426140105547332,0.28764984,0.15175514,0.18917215,0.12706359
ID_F626C06B31,0,0.030038584525240084,0.036141206,0.020285267,0.030901413,0.02478041
ID_D6503D8AA3,0,0.023116919188470732,0.02592061,0.016240943,0.018934125,0.027834885
ID_440067B565,0,0.02958173077018443,0.03495992,0.026329705,0.023702465,0.016379824
ID_7BD8E3DB08,0,0.02078269757805335,0.020624049,0.023697672,0.019706959,0.01566959
ID_9855107DFA,0,0.3027704741320174,0.32635003,0.2261874,0.3347317,0.3534136
ID_EE955291FF,0,0.029665588581596042,0.029464383,0.032620545,0.02036804,0.028230598
ID_F3DB339FF3,0,0.022775447625980737,0.028367262,0.018150391,0.014646089,0.012596354
ID_A3157A7B1F,0,0.42470070221777284,0.4364405,0.436091,0.33825707,0.38830966
ID_D9398B8E25,1,0.7559440273629634,0.90692616,0.54572535,0.55775315,0.65487504
ID_C0F7826F56,0,0.0654382648491087,0.09824043,0.025710836,0.027465146,0.028512185
ID_441BA5C30D,0,0.037140852838882465,0.043542285,0.03243497,0.025559612,0.025216537
ID_3F26B1CF66,0,0.14436445889636215,0.15010387,0.12795858,0.19641528,0.13259915
ID_CFCC911387,0,0.049149821685744374,0.040432446,0.06639006,0.07064115,0.03965962
ID_71A157EB40,0,0.10566262212210847,0.09150923,0.11850799,0.16568339,0.1117896
ID_03A59AA434,0,0.03743390985756566,0.044079382,0.029782047,0.031117536,0.02850208
ID_CBF9FF78C6,0,0.02150077260834013,0.026238775,0.010463545,0.017873023,0.02672416
ID_9A08B30385,0,0.04928934379269822,0.041369736,0.059633683,0.05063739,0.059998747
ID_EDF5A86460,0,0.513562817914078,0.4950549,0.57715607,0.553012,0.43821123
ID_B60318BFF4,0,0.019603245436107072,0.02451039,0.013276555,0.0121985,0.01565341
ID_8AF7A26654,0,0.020096503636425823,0.024667332,0.011736844,0.021891108,0.01791953
ID_E18E6D2BDC,0,0.03464993896803702,0.038047493,0.026612764,0.03053196,0.03931949
ID_2845F421BD,1,0.9245383409302086,0.9475481,0.90508896,0.89871377,0.8802239
ID_5863882636,0,0.011534629823398724,0.014789592,0.0071910876,0.007715729,0.008753609
ID_3FEAF71099,0,0.04577855292152795,0.05852381,0.034253057,0.041956607,0.018276945
ID_0A3292EEBD,0,0.1683596229556359,0.1785864,0.16383594,0.1725409,0.13299884
ID_0FEC9168D9,0,0.029196064946646016,0.03590349,0.022676304,0.017051397,0.020114422
ID_9FE3B7C41F,0,0.09901317471709929,0.11303372,0.09389685,0.07200334,0.062478866
ID_08DDC86D22,0,0.43306711374556695,0.40897158,0.47917816,0.45778033,0.42526576
ID_F39357944E,0,0.007896472671241701,0.009574556,0.0051029786,0.0067123002,0.007309491
ID_6CDDAC015E,0,0.10131370009135009,0.12732801,0.06485339,0.09391285,0.072753794
ID_8715FE8D9B,0,0.4388136808155186,0.35603485,0.5481081,0.5129574,0.5220623
ID_31B8015097,0,0.021660969280906706,0.021942163,0.02254727,0.023548236,0.01774815
ID_221EEFD7F4,0,0.07362221973710545,0.0976315,0.03412819,0.050927747,0.06671431
ID_E88C51E541,0,0.13558096789957502,0.13058932,0.11939698,0.23369437,0.14863476
ID_68A68979FF,0,0.06654948697855881,0.08042511,0.04449764,0.080788225,0.04897541
ID_F27236694E,0,0.009534102534299673,0.009708682,0.007760385,0.016910713,0.009385178
ID_2BADBC8668,0,0.2350189565326324,0.26085702,0.163241,0.23352066,0.28039035
ID_DFBB7A2633,0,0.03687182537838825,0.028067935,0.03732483,0.054509412,0.06543718
ID_BF8CCBB6CD,0,0.026521805448548926,0.031601563,0.019830724,0.027216375,0.019093214
ID_9769649612,0,0.05977558740611294,0.06387219,0.0436408,0.073214635,0.07120614
ID_29F5001A5C,0,0.043432172216430004,0.041359894,0.055755645,0.04333216,0.025803186
ID_101AAFB719,0,0.014648982327578906,0.017892169,0.0095599685,0.012599925,0.012745358
ID_525148D37E,0,0.025272907184016587,0.03203329,0.017179359,0.020540146,0.016112342
ID_1535F870C1,0,0.013753772838697519,0.019152878,0.0062113036,0.010892278,0.008351289
ID_EE7D2108EE,0,0.03900039434446005,0.044577714,0.033166148,0.043947473,0.025776295
ID_2BE70D17EA,0,0.05354262833834466,0.05770527,0.052126553,0.03795334,0.045774825
ID_B5B648993C,0,0.16277464354434834,0.19644676,0.12285753,0.1870613,0.09543761
ID_0D2BD386B8,0,0.23032954709547523,0.26773155,0.16317384,0.30155212,0.18519068
ID_8AE2A868F4,0,0.1985147801501785,0.23238373,0.11765205,0.12679274,0.2600277
ID_96DD5CC5F8,0,0.02536378505585779,0.027963664,0.024094837,0.029373927,0.01534468
ID_9F4AA851F9,1,0.31346161308691534,0.26773977,0.34303835,0.32587397,0.43793195
ID_02DDEDED33,0,0.408093076024298,0.44096413,0.39797637,0.3919177,0.2978567
ID_9B0F2A8626,0,0.14762316610832113,0.1781089,0.11604881,0.15670301,0.08249199
ID_E6DB922E38,0,0.03754283834190532,0.04127265,0.033965465,0.026115239,0.034427196
ID_CD0E540154,0,0.019756742893350738,0.021186678,0.020386182,0.016346673,0.013846837
ID_63BAF2F5B8,0,0.03342606645281075,0.04217784,0.026187178,0.019118652,0.018185658
ID_13A8899B04,0,0.028367745930511293,0.03130895,0.021341562,0.053701058,0.01996023
ID_3C76725D4E,0,0.15412511077023852,0.14209613,0.1657065,0.15072644,0.1816257
ID_B381C0D5A7,0,0.029767400356633604,0.043351408,0.008815458,0.021047961,0.021074602
ID_B3B0289969,0,0.013141164662056146,0.014775667,0.009185328,0.010901201,0.015691992
ID_51CE1B35D1,0,0.05474014259108741,0.062281307,0.047304504,0.049338903,0.041158337
ID_43CC9259F9,1,0.0772305796252993,0.055300206,0.09429021,0.106521375,0.12059637
ID_95004309C1,0,0.10237824449904973,0.069049366,0.11930057,0.17486064,0.1754073
ID_392C1196CD,0,0.04118857231594025,0.049188327,0.038165826,0.028790183,0.019251823
ID_2AA7389F81,0,0.03436025875915009,0.036369573,0.0338753,0.028653959,0.02939197
ID_04C7ABEC8D,0,0.05430095324716108,0.06254099,0.05147805,0.038946345,0.032208163
ID_B774DDF3BE,0,0.024822375196183175,0.027497362,0.019558514,0.030287184,0.022420986
ID_8B44FC51EB,0,0.059957387607340915,0.06912308,0.048148036,0.05967246,0.046658307
ID_BE53CAC7C2,0,0.012662935647508852,0.011258508,0.015728028,0.01840112,0.009525101
ID_2B2045BBAE,1,0.8812731025568049,0.8951274,0.87269473,0.86671376,0.8474408
ID_B3B50D3901,0,0.017528074386826617,0.021029714,0.012269455,0.010812476,0.016929623
ID_D9C1744493,0,0.023233474385822975,0.025415754,0.020426631,0.014635859,0.023774803
ID_6A2E70E16C,1,0.41133292698528207,0.41250828,0.3448857,0.51687324,0.50289184
ID_E06762DDD2,0,0.02386678187822612,0.02359191,0.024013937,0.017413063,0.02752658
ID_48598CC570,0,0.023086733958761152,0.030673841,0.011652946,0.019313091,0.017177522
ID_0568DC52A8,0,0.04173018712742253,0.05436969,0.029567106,0.027046006,0.02077832
ID_C2AC18B9D1,0,0.023841260966683202,0.02681764,0.021878136,0.017341083,0.018300777
ID_CB709FDD98,1,0.46508438464939833,0.38082057,0.52863777,0.4019894,0.7125531
ID_0930EE20EF,0,0.07991002812726795,0.09997175,0.05424194,0.06064373,0.058541495
ID_92E768182D,0,0.04533804328207593,0.05585999,0.029041909,0.045776334,0.035613563
ID_3CE8E598A0,0,0.16205364372400516,0.12989922,0.18122405,0.34427077,0.17746043
ID_B55AFA77D5,0,0.11028822736094807,0.12992606,0.08600653,0.087381445,0.08932503
ID_4DECDA9155,0,0.02868161649086516,0.03563241,0.020956941,0.019427415,0.01989561
ID_2FCBCFE9DE,1,0.2260728580198034,0.21167901,0.22804579,0.23234256,0.27996916
ID_46D437C1D7,1,0.171547744483308,0.16943279,0.17279574,0.2578951,0.140174
ID_D8406EE11B,1,0.5351295415623978,0.62041104,0.39322296,0.5418108,0.4760224
ID_8C4ABE2C82,0,0.05053932160925802,0.061659448,0.031291515,0.050933894,0.044636182
ID_FCF9C5DC01,1,0.07420369116060078,0.07808084,0.07518317,0.07230379,0.0565371
ID_CBF2C9ACEF,0,0.023342675594543272,0.029229857,0.017043736,0.027224686,0.010269462
ID_4FC7662C5E,0,0.14606062544310128,0.17799285,0.09889435,0.12012178,0.12352397
ID_D7A1FF43B3,0,0.02459366331997248,0.03207014,0.013647293,0.01873441,0.019015806
ID_AA5BD196E7,0,0.015251843123931285,0.018708114,0.009246737,0.017100487,0.012713294
ID_33967C177B,0,0.05055320274658126,0.049168974,0.04865921,0.083451346,0.046128385
ID_CEBFC23398,0,0.014400710385928106,0.020737996,0.005576302,0.010854224,0.008079772
ID_56FC4EB19B,0,0.5022806530448819,0.49981248,0.4465323,0.61766016,0.5820066
ID_CD920319E5,0,0.06995104507536817,0.085291795,0.056529265,0.053024672,0.04125491
ID_60BDC4F45B,0,0.020645004853271223,0.020001072,0.022573868,0.020858651,0.019137053
ID_97B6B176D7,0,0.04912187501108778,0.058966078,0.038676955,0.052200258,0.028560966
ID_28BCD04EED,1,0.8040076542683376,0.8284172,0.80388266,0.7053468,0.744072
ID_4B1F1F86C3,0,0.012684652482766297,0.013487221,0.010981364,0.0138569055,0.012433849
ID_4DF127CD73,0,0.07534237744564193,0.07846255,0.064058095,0.09924235,0.075936876
ID_86A960169C,0,0.02172733430946509,0.026449438,0.016274124,0.021023387,0.013765302
ID_7357F9A166,0,0.0847014091994081,0.095015295,0.08134325,0.098949224,0.042084087
ID_E003A8D32D,1,0.37399059949135527,0.28604063,0.5051969,0.49777624,0.41046235
ID_3B9B1F65BE,0,0.13019729220905954,0.1512258,0.08400002,0.0811178,0.16177328
ID_0B7A6715F1,1,0.7743353027186081,0.8703054,0.6895512,0.71975386,0.57420635
ID_CF48758D6E,1,0.3357645339171873,0.29783985,0.39556575,0.38965517,0.3443518
ID_6DC55F3955,0,0.6822773002966354,0.69705653,0.6755966,0.6468623,0.6495546
ID_301C683829,0,0.04646283012255312,0.04870299,0.0416349,0.062745295,0.040249437
ID_3B38696181,0,0.4059313856402772,0.33485502,0.47811446,0.5897597,0.471493
ID_71DC5D5B9F,0,0.013789104697661748,0.014286632,0.014964619,0.011976009,0.009954188
ID_3A13D705F3,0,0.035991123407723764,0.042530518,0.034705892,0.020915337,0.017669197
ID_5FE179A003,0,0.01034294028851631,0.010967844,0.009647898,0.009379398,0.009611595
ID_97355DFCE2,0,0.011880255567286247,0.014719061,0.0064369007,0.010266776,0.012256691
ID_CCA89C2BF4,0,0.018691795672944742,0.02376025,0.011454474,0.014778296,0.01449141
ID_FAADA9A04B,1,0.17307411125464028,0.15769178,0.2126402,0.17229708,0.15358159
ID_990CCA6A0F,0,0.08771223837578468,0.09132105,0.088022605,0.0965721,0.0679253
ID_BCB9AAF5FC,1,0.21470987523284243,0.22910595,0.20296185,0.1922109,0.18884692
ID_3886173B00,0,0.08286185849724527,0.09326433,0.06039528,0.12717295,0.06775422
ID_922CC21C70,0,0.18514373492582775,0.19293547,0.1345578,0.22463877,0.24349254
ID_C18E23A9A5,0,0.6123767355680896,0.5510216,0.6893864,0.5330255,0.74120235
ID_82D35B6ED0,1,0.22333049343255512,0.20626323,0.27538025,0.14264034,0.21901853
ID_C27E3DC455,0,0.05589485024519428,0.05508946,0.059253775,0.047054157,0.055948846
ID_844C3FE770,0,0.04034622626363698,0.053218957,0.028477505,0.02414673,0.018437322
ID_018B68C94C,1,0.7044897537208694,0.7601614,0.5917886,0.697723,0.71379596
ID_D2EC27F3EC,0,0.013497083985713641,0.016688311,0.009882011,0.009764831,0.009385157
ID_687906E26F,0,0.040845208466289834,0.04471877,0.032948475,0.06984701,0.028763693
ID_4F27E46132,0,0.021356306089739478,0.021282563,0.022098485,0.02361248,0.019092603
ID_01F500509C,0,0.03085617866745418,0.030204674,0.030081563,0.035845958,0.033097465
ID_DFA04C904B,0,0.24931383154693945,0.25118107,0.1922227,0.3641145,0.3138411
ID_C499E6536F,0,0.17044100653094446,0.13205943,0.18680902,0.21150802,0.27971756
ID_B04319AF56,1,0.17480985931515322,0.16690522,0.16376425,0.14555365,0.24467959
ID_CE0983CE3E,0,0.10698665292498519,0.11763707,0.09802174,0.0645163,0.09969709
ID_3C39DDA392,1,0.35220848052889164,0.44662195,0.2384988,0.21478638,0.2568197
ID_00055CEC03,0,0.04095860826918461,0.046963874,0.033245936,0.04771885,0.029164024
ID_23FCEF29FA,0,0.1083807530786432,0.13486302,0.07114773,0.08021396,0.088551715
ID_97D589F2E7,0,0.13207753560690066,0.12894475,0.1230086,0.2220859,0.12554221
ID_B27C0652BE,0,0.09003073882445428,0.1102694,0.08076828,0.06941524,0.03331087
ID_EE1131A8E3,0,0.020033692310012244,0.024183813,0.013575859,0.021955753,0.015500469
ID_00BBB006CE,0,0.0385990999393869,0.050179895,0.026095994,0.03436502,0.018297883
ID_093CC067D7,0,0.018833438740659483,0.025943063,0.009359846,0.007682577,0.01395417
ID_C55967313B,0,0.18464198125322095,0.1716678,0.21538787,0.3105479,0.11866522
ID_B0F8F277C5,0,0.2554363521584687,0.31536174,0.17775628,0.17924039,0.20189822
ID_4789D56ECB,0,0.011661447773946673,0.0119043505,0.0117688,0.00914542,0.011500857
ID_0CA52EEAB6,0,0.0299338601197901,0.02113522,0.045538727,0.03894194,0.029736785
ID_F8A55A90CB,0,0.2507056461787085,0.23681314,0.26132333,0.28990588,0.26958385
ID_05B889C912,0,0.3999958235523732,0.36551726,0.49247435,0.37442273,0.35855532
ID_CB6F619BF6,0,0.07478400817817824,0.07669977,0.06783784,0.08920101,0.075299196
ID_94D3B9EA90,0,0.1652121869997613,0.14481427,0.13667415,0.39674133,0.21175183
ID_85943A243D,0,0.24662488898789073,0.22462359,0.29779917,0.19354478,0.25301805
ID_E094BDC5DB,0,0.14180106645281948,0.19517359,0.07834575,0.08894299,0.075284034
ID_9976B7007B,0,0.012957304296023129,0.014620514,0.009919929,0.015900353,0.011157275
ID_E95C5A4CB5,0,0.02100851813419146,0.022836689,0.020306164,0.015233374,0.0173025
ID_52C325D0F1,0,0.01818998807369373,0.02174032,0.010612778,0.021362878,0.018048756
ID_BD5B7ABF64,0,0.09559691567624108,0.1130021,0.08850024,0.059430234,0.0529909
ID_54BFA7EB5C,0,0.1414017765242178,0.18364684,0.07446509,0.16060627,0.09799019
ID_82D9142CD7,0,0.04086264381320726,0.057576552,0.015335473,0.049182303,0.021322476
ID_8EB2D378A3,0,0.04681358412489702,0.059169315,0.03516033,0.03360384,0.025325265
ID_900AB1DBB9,1,0.7816786282274113,0.7473846,0.7999941,0.8013617,0.8788157
ID_5F417E0EE9,0,0.01242105977033149,0.011717215,0.012160567,0.016607286,0.014131096
ID_4193BD2487,0,0.04715907544319275,0.04484975,0.048403036,0.05944377,0.048900217
ID_68D7DCD95D,0,0.2528517853328274,0.2464607,0.24792878,0.24100801,0.29559812
ID_46A9958DF5,0,0.1266291790213666,0.14386018,0.1227856,0.103638664,0.072037965
ID_06EEE24497,0,0.10390533629741103,0.09849224,0.08264599,0.15322368,0.15089822
ID_BB4F2B1251,1,0.75172170004567,0.7984034,0.6698021,0.7218515,0.74308217
ID_1236B6EAF5,1,0.05672908825614617,0.0730634,0.03361521,0.049747214,0.04028729
ID_8FB983C0C3,0,0.03442688333347839,0.03891769,0.027883444,0.03602365,0.02877857
ID_338E7BDE9A,1,0.08089827606433825,0.08741084,0.074064456,0.091116734,0.06356604
ID_E01D8BAE16,0,0.06621363691078572,0.08739298,0.036346525,0.057988174,0.044313934
ID_916380F156,0,0.0728440719975395,0.098265834,0.04593356,0.03816436,0.038195614
ID_78550466F6,0,0.013388320833956783,0.015064678,0.010604745,0.013198175,0.012354059
ID_ABE71E75D2,0,0.009741357177527124,0.011924304,0.006341361,0.012575422,0.0065690824
ID_27DBFABF99,0,0.013515525010111462,0.014227197,0.011192292,0.017095247,0.013929457
ID_1C2507206C,0,0.11557647659637306,0.13121086,0.07946364,0.11785959,0.12593926
ID_0BD8AFD5D5,1,0.669386390060321,0.6143438,0.7522988,0.7462431,0.6907668
ID_D83EE98A79,1,0.4545239203971625,0.49748865,0.40006116,0.5046242,0.36784422
ID_E293F38CC6,0,0.13321040525772293,0.14738601,0.12180408,0.08457526,0.11893957
ID_FD4CEB2062,0,0.014068975482686388,0.016556596,0.011276085,0.012181981,0.010364101
ID_EC40C0EA4A,0,0.01970775197841804,0.020333448,0.022512643,0.01834107,0.011641167
ID_8FDA989867,0,0.550311110159222,0.47540888,0.6825154,0.5481737,0.58436316
ID_D865DB7865,0,0.07843752702028456,0.08971347,0.060690656,0.09801472,0.06029411
ID_6E5CD1EE9E,0,0.012518156195595338,0.017071975,0.007127331,0.006644543,0.007387349
ID_D9D8E5F6BC,1,0.3862443000630832,0.3512856,0.38609383,0.542298,0.4663579
ID_D5E8E39FF9,0,0.030369902448098302,0.034931656,0.028031766,0.0184182,0.021306774
ID_AD9FF90A66,1,0.7181034008851115,0.7085084,0.747011,0.72278255,0.6946253
ID_75438AC37D,0,0.1436632343859932,0.14324164,0.17255482,0.21858154,0.05081386
ID_A29CA10F55,0,0.05642825653025449,0.0658238,0.042059638,0.06244596,0.04489977
ID_673B7C063B,1,0.47690106720656983,0.45979178,0.46520624,0.46935463,0.57761997
ID_3E0994C2D1,0,0.013125238527910041,0.014095468,0.011306907,0.014576852,0.012290514
ID_AC6C6757CD,0,0.0565532202959059,0.057260934,0.063352264,0.09963316,0.02019753
ID_26B887FF1A,0,0.08208164853885139,0.08820804,0.061350126,0.0715848,0.10522379
ID_C3E9DB7B2A,0,0.4437337234718258,0.3780175,0.5499815,0.5092158,0.4651477
ID_66FBD4EE65,0,0.01939238371532494,0.02444483,0.011289532,0.014826978,0.017400483
ID_68052018DC,1,0.2610786548368522,0.23956056,0.30986887,0.18251024,0.2816532
ID_51675B3F17,0,0.03211585187537286,0.03804126,0.018122496,0.050041076,0.029264586
ID_A4C56E2C97,0,0.2034221124665658,0.19056733,0.18583383,0.18441124,0.30379105
ID_5A2BD39A58,0,0.04995898022417153,0.043920144,0.07179919,0.04718939,0.029851327
ID_3565D2ECE8,0,0.023483119800082358,0.030233437,0.013894609,0.026308525,0.014277274
ID_2BAADA05F8,0,0.023389221751648842,0.029406203,0.013468523,0.016273703,0.022330014
ID_F233C8175C,0,0.01836117753826988,0.025335506,0.008582186,0.011851294,0.012686054
ID_DD75C4E204,0,0.016567672445645634,0.020607201,0.008439691,0.022408042,0.014376646
ID_B9AEFFBA00,0,0.0615601335374322,0.07716958,0.046790026,0.044414323,0.034715783
ID_9A4F9FFE27,0,0.06289102660873117,0.055293992,0.072154604,0.083888516,0.0659895
ID_8384B2BEE5,0,0.05656639601689731,0.061016716,0.044327725,0.102151774,0.044131074
ID_C41B645B9A,0,0.11916631558740039,0.10923506,0.146213,0.15370762,0.088084616
ID_8E21BDAD1D,1,0.46224788949806805,0.48101565,0.49760866,0.44222844,0.31576738
ID_EAEA9879FD,1,0.5476398790297484,0.6984967,0.46770394,0.29056567,0.193302
ID_DF1D26F96C,1,0.35307556547746466,0.18776372,0.5224933,0.41399324,0.6620941
ID_931D9A738D,0,0.4912068870010534,0.42899552,0.61651444,0.46314427,0.4976932
ID_7F109A8F83,0,0.015823445350863906,0.018608492,0.0126239145,0.015219924,0.011173769
ID_9FA74F9B11,0,0.5847122554271573,0.5376868,0.60285217,0.70838165,0.6907298
ID_057FF0543C,0,0.022140863006088474,0.02883304,0.014331512,0.01403618,0.014128915
ID_279315ADE6,0,0.03898370455519334,0.05036721,0.029532278,0.020826079,0.01903996
ID_C949A3ABD2,1,0.3435188230946473,0.35917065,0.3098299,0.31042284,0.3640304
ID_4A6EAB4E6F,0,0.04044866711052563,0.05037101,0.027054837,0.041564565,0.026738454
ID_B084F65A74,0,0.030764593430737563,0.03455497,0.028647957,0.023241727,0.022557383
ID_900170C6FD,0,0.4893603277056923,0.39406666,0.58513296,0.4674668,0.6963938
ID_C54E39E0EA,0,0.06840889755006915,0.059638336,0.096283026,0.085340686,0.038320612
ID_A41A8D31C7,0,0.13196942569604636,0.12540454,0.13889399,0.11992731,0.15012321
ID_EBA4303CCE,0,0.03406802727648201,0.049689725,0.011533688,0.030324273,0.01798471
ID_8340979E9E,0,0.00961531229030373,0.010420673,0.0056133145,0.015843011,0.012079909
ID_C4D8CB4E6E,0,0.01128166380190009,0.014596824,0.0063723866,0.009488262,0.008576725
ID_161CF553B5,0,0.1244926842611084,0.12904201,0.11362642,0.15026453,0.11733164
ID_D00F7949EB,0,0.10524501497088112,0.11363358,0.108084016,0.058374517,0.08411697
ID_83F5D5B9BA,0,0.014998453108913349,0.01574996,0.015452478,0.011343712,0.012440071
ID_C598CE4446,0,0.1643732870213453,0.20192517,0.11233931,0.17793986,0.111296
ID_268FAB1F2B,0,0.058860171448183105,0.06280319,0.05472028,0.07727124,0.04304284
ID_74855CC521,0,0.0307517853713423,0.041523233,0.01392489,0.033617593,0.020052696
ID_A4DA31C293,0,0.7514958742422115,0.73088014,0.7823654,0.7322906,0.7808195
ID_38E926DA79,0,0.0147790868672252,0.0204563,0.007240461,0.00824737,0.009792311
ID_15FD70BDAD,1,0.052180128050061544,0.0629847,0.04126827,0.033535782,0.038029194
ID_B037092956,0,0.08587033093386835,0.104699284,0.06140485,0.06861422,0.06625836
ID_344E4D39F7,0,0.008384047451310123,0.011239115,0.003923053,0.006447617,0.006725259
ID_8DA5B242F4,0,0.02882491415064062,0.026312862,0.03359866,0.023696072,0.03144225
ID_5BA71FB5F6,1,0.3673412275646428,0.32339922,0.48379138,0.19865067,0.37687975
ID_D61E6BC9D7,0,0.019462424339666357,0.024082333,0.01219766,0.011669866,0.018908393
ID_312ABBBB67,1,0.6546288456420433,0.550605,0.85839313,0.65486026,0.6572814
ID_99F48DDE29,1,0.1130879123669094,0.093419656,0.122962244,0.16641621,0.15182373
ID_707DF3723B,0,0.01483113681316628,0.016755372,0.013339449,0.008244593,0.012765805
ID_C328EBE65E,0,0.01642959509730541,0.019648738,0.011297007,0.017527755,0.013349212
ID_BCFCCD9D01,0,0.009538075278963424,0.011003415,0.0069577545,0.009302345,0.00897993
ID_2C35B250FE,0,0.0274815821660993,0.033000223,0.01893299,0.020695614,0.025442574
ID_98CB88B040,1,0.055226789831352166,0.05479159,0.05416261,0.035043247,0.06814782
ID_D3F24088E0,0,0.03380036979886686,0.03229069,0.038270213,0.030243853,0.032145895
ID_A2331FE2BA,0,0.0628725821857822,0.06370206,0.051820207,0.094205685,0.06941519
ID_5788A9D6F7,0,0.016411329622566043,0.018374672,0.014630036,0.016346434,0.011959041
ID_44AD10E41D,0,0.08174966207290627,0.10588637,0.053333804,0.05829058,0.05087273
ID_B60CB37A65,0,0.038581310979288894,0.052017327,0.022960795,0.020757364,0.023046661
ID_08A6FFD3CB,0,0.014828582338395567,0.01681593,0.013087563,0.012444594,0.011199306
ID_7A51DA45D2,0,0.09029453765735751,0.10463949,0.08406829,0.054218408,0.05872145
ID_5EC0908528,0,0.025746301447284348,0.033385523,0.01587753,0.022799067,0.01589942
ID_3C68B9CD6C,0,0.029247384162771,0.033338167,0.02580099,0.0142688025,0.02587239
ID_05F5DAE508,0,0.10277746910586621,0.11843056,0.0866638,0.1022725,0.07137678
ID_2E4CCC0ED2,0,0.46733035866226674,0.44292983,0.50024664,0.6510269,0.41982055
ID_D49D6ED858,0,0.0167214066650855,0.018464733,0.011416784,0.024347506,0.017404668
ID_37E541F8E4,1,0.14994260261502987,0.14479876,0.15772204,0.1580615,0.15146573
ID_B3292DEC3B,0,0.042501817800754876,0.053031947,0.030572621,0.034704085,0.02696546
ID_2C73BBA8F6,0,0.011491826021009498,0.012245042,0.00956587,0.016478747,0.010264499
ID_7079439CE5,0,0.0372310629965326,0.047144677,0.020834109,0.04185862,0.02846893
ID_77D700BD75,0,0.013985916675198325,0.016308477,0.010830211,0.010231721,0.012571155
ID_C94F540568,0,0.37251297322278376,0.34592217,0.38790333,0.35355425,0.4601974
ID_64E578FABB,0,0.014174678748112981,0.01383284,0.015722249,0.014815772,0.012020961
ID_E9D2D47685,0,0.08400210529161345,0.09666278,0.07081074,0.08591569,0.05793139
ID_CD751AFFDC,0,0.06466952949629573,0.07987978,0.04369893,0.035172794,0.05819746
ID_59FFAE7EF3,1,0.6196770985504358,0.6841273,0.51284945,0.5561916,0.60399
ID_9C23E5CE4C,0,0.018542840618879095,0.020107578,0.018772373,0.015120256,0.012926233
ID_9BC89AECAF,1,0.7596197988320935,0.79866457,0.69641274,0.8034321,0.71101296
ID_87DABC3FAE,0,0.28186842810565677,0.27507913,0.2791728,0.21486586,0.3455647
ID_BEEC9A12A6,0,0.06133905010948634,0.06298264,0.059782065,0.080330916,0.049450647
ID_1F9E68659F,0,0.022432728172781996,0.02396843,0.022317555,0.020391505,0.017076168
ID_5C9CFB5BD7,1,0.299095964282291,0.37139162,0.20887636,0.35499376,0.16257048
ID_44CCBE3E70,0,0.07309850072606099,0.10133065,0.036712274,0.057155523,0.03872556
ID_40C57176A4,0,0.19134169165417292,0.14193046,0.24770236,0.3362694,0.21619405
ID_5EFE56F68E,0,0.2638048555907593,0.29427254,0.21705803,0.21783586,0.2552922
ID_55C8B6CB9F,0,0.14761309143483875,0.15848084,0.116061784,0.14199556,0.17178974
ID_2988A83ED8,0,0.02780761771950809,0.032823924,0.0145712765,0.023042405,0.037067346
ID_60537BB4E6,0,0.015304870564963463,0.016995015,0.0130873285,0.015312924,0.012911732
ID_21C3522FC5,0,0.41956779252182397,0.37513193,0.4334318,0.3894909,0.5908269
ID_30D7C86308,1,0.4546953352678184,0.3465544,0.52780783,0.50761354,0.7320476
ID_BF3F8B5059,0,0.011488983165631104,0.01273441,0.010267052,0.010404411,0.00931686
ID_0730DF5849,0,0.10295388416029144,0.113108434,0.0625708,0.15606473,0.1234909
ID_EBDBEA4A9F,0,0.13037300187377104,0.13931425,0.11563031,0.13636126,0.121580675
ID_757C8AFDEA,0,0.011880239293906785,0.01479984,0.008035635,0.012207675,0.0076395515
ID_CB9CC8F825,0,0.06356718486572593,0.080981985,0.04440928,0.039235596,0.041633766
ID_19A9C8822C,0,0.008833858318792787,0.010689131,0.004261894,0.012145756,0.009352756
ID_75F5A8474A,0,0.023979851623535955,0.023687566,0.026634514,0.022711292,0.020074243
ID_3E9E954BE6,0,0.03880398827338896,0.044822574,0.026483791,0.038998056,0.03969881
ID_145DEF0970,0,0.05615905910877525,0.067274876,0.041147586,0.041212104,0.04787435
ID_C1D0B1D6C1,0,0.010533597818299236,0.012916374,0.0072386004,0.009059478,0.00816912
ID_CA55362087,0,0.05155032220918871,0.06366888,0.042210493,0.04253456,0.024274196
ID_1471B2EACF,0,0.053851994940765424,0.058793068,0.053860288,0.049592048,0.034798842
ID_091533D129,0,0.020492022481017176,0.028418766,0.008632475,0.02532531,0.0103082005
ID_F9D1ADB701,0,0.026247298570271062,0.029683834,0.020721143,0.036390126,0.019149324
ID_49DBB966DB,0,0.06046298675373083,0.0585708,0.07419422,0.028417042,0.052978195
ID_46DDBC9B3D,0,0.023534870126792493,0.026262606,0.019399013,0.016438635,0.023966225
ID_6671868E3C,0,0.06639634625996191,0.087800525,0.029605556,0.027968353,0.071563244
ID_7CFF0DBC50,0,0.03387019480693249,0.042874876,0.023191398,0.023783818,0.023099309
ID_BB73E39A81,0,0.39944633238442684,0.37299547,0.4524833,0.4371716,0.38107535
ID_B038AD2C48,1,0.9477588355345616,0.9756292,0.92247117,0.89539385,0.9069849
ID_745B5B29E2,0,0.0368382882428292,0.042823784,0.026502816,0.04518774,0.030060655
ID_620F3FD040,0,0.017985991527186364,0.021584775,0.014252983,0.015407756,0.011900736
ID_AF095860C3,1,0.25004793177420065,0.2133751,0.31506473,0.43334234,0.18574627
ID_29F7A8BC72,0,0.12072997582629309,0.16844043,0.065762445,0.06844921,0.05969524
ID_A311513201,0,0.7920452241241007,0.78215694,0.81519645,0.76278925,0.7969475
ID_B1A7422D7E,1,0.6844886780611918,0.65474266,0.74442166,0.58326906,0.725825
ID_C38036D18B,0,0.047998614185049276,0.06044131,0.030800477,0.033226926,0.038717628
ID_A41FB64A93,0,0.02202309323791255,0.022174075,0.020636996,0.026220182,0.022528443
ID_F666178662,0,0.019611178666034068,0.02234823,0.0150913345,0.016083784,0.019271143
ID_44E8986F9C,0,0.026299630065499194,0.032506425,0.020434892,0.015678562,0.017265582
ID_7A36C34385,0,0.012733350164392629,0.013229627,0.012063186,0.0138767855,0.011574069
ID_4FCF0792AF,0,0.22348283743906824,0.22225729,0.2225546,0.2786067,0.20662715
ID_93408C204E,0,0.017073643761685492,0.022378096,0.010547369,0.011544354,0.011054472
ID_B9F718F024,0,0.2605835584357469,0.24581014,0.29610047,0.3461357,0.20957075
ID_01F262A6E4,0,0.022391097125785582,0.032266192,0.00935247,0.012998386,0.01269949
ID_C2712D5010,0,0.03871255253177641,0.050404336,0.0243204,0.048361573,0.015942464
ID_3727B61B8D,1,0.4499329226117359,0.49763456,0.43416753,0.46083346,0.2773028
ID_48F3A642F4,0,0.014964040140012964,0.016973335,0.012313057,0.013528521,0.012780464
ID_23A678E690,1,0.03180831388584202,0.035957333,0.030476583,0.029457498,0.018146448
ID_265F2B860E,0,0.051526334327028536,0.059783086,0.039343294,0.07769324,0.031341605
ID_35493F8A5E,0,0.5354966975704272,0.4697155,0.5902842,0.65707624,0.64311814
ID_A1B7CF2AFF,0,0.013413814846956838,0.015721427,0.012237448,0.010570566,0.00741934
ID_326EEC1FD2,0,0.017763849775088332,0.023486806,0.009602344,0.018191064,0.01088634
ID_7F1681505B,1,0.0853897515005192,0.101668656,0.06876081,0.064084,0.061515424
ID_B5D86FC80C,0,0.20514885051321585,0.21534525,0.1892404,0.19510995,0.20053636
ID_620AC7975F,0,0.0444420778651413,0.053567026,0.027172573,0.038538188,0.045477066
ID_E500996551,0,0.6535485104359957,0.65452933,0.62221706,0.7489567,0.67502064
ID_1D57E5B449,0,0.022562622309792793,0.02894425,0.012416439,0.019350052,0.018743943
ID_A736084923,0,0.02191715682481973,0.02771616,0.014923085,0.01807779,0.014073692
ID_3B24984BA3,0,0.02391256058766849,0.033982176,0.010669671,0.014315447,0.013925722
ID_FBBC8E05D2,0,0.017148315250923436,0.021038027,0.012296095,0.017402643,0.010998992
ID_932B7D5E8E,0,0.009914315589154527,0.0102858795,0.008624679,0.008318038,0.011805429
ID_0D16B9C5F8,0,0.026475275576695427,0.03166735,0.018951459,0.034408055,0.017202869
ID_1C604EE857,0,0.56021083160595,0.52781576,0.64035183,0.50709605,0.5484312
ID_60A5AE0529,0,0.03323347861327465,0.033923235,0.023592846,0.04091498,0.04764846
ID_24721FB61F,0,0.02049029885189284,0.024234194,0.01543786,0.015532808,0.017658878
ID_43BD44A9F7,0,0.06857975336883415,0.06974448,0.07371538,0.052342474,0.059716556
ID_F061A9D545,0,0.28799330514686183,0.22685745,0.36580384,0.5780857,0.25313103
ID_18D3B4988B,1,0.7297393319103639,0.7633672,0.72842723,0.6650493,0.6185643
ID_4BB5E120B3,0,0.022263723426905285,0.0263968,0.013973306,0.033137932,0.017831307
ID_ADBCBD9584,0,0.06859654341365505,0.07595357,0.06286271,0.06188877,0.05271234
ID_A203E0C8CB,0,0.07071545896860555,0.0683279,0.07057195,0.099132866,0.068731286
ID_F1B1AAF14B,1,0.4022233934159983,0.38502064,0.4394546,0.4191364,0.38772544
ID_79FB53C3E8,0,0.05001714033042802,0.04257854,0.05253381,0.07836298,0.063715145
ID_36506D82B0,0,0.07517745708055214,0.074778154,0.07753044,0.075767696,0.0715612
ID_8F40A366B4,1,0.3366810728089726,0.3569651,0.3111029,0.34089333,0.30394527
ID_D3B31BACB4,0,0.1671924005959482,0.19094475,0.15479727,0.14254233,0.10409415
ID_6D83BB3BF0,0,0.03647485367072242,0.045832817,0.01983539,0.052048597,0.02581087
ID_AA903D03CA,0,0.046774977467094574,0.055028707,0.036570434,0.03604401,0.03844301
ID_109C73C378,0,0.008717230015488558,0.010109599,0.0065745558,0.007551932,0.007934047
ID_8FD305F6DF,0,0.02342312938073121,0.028257485,0.014419952,0.019351687,0.02406932
ID_81030C95F3,0,0.11183977340796426,0.092492685,0.16432747,0.096054524,0.08793572
ID_F7AB00DB84,0,0.053933035189378566,0.07159747,0.03441838,0.03251654,0.030438622
ID_BF38C95D89,0,0.12257864349995434,0.13533369,0.09721892,0.21156684,0.084254615
ID_850C85DDFB,0,0.04004053628814183,0.037212957,0.042802915,0.060265485,0.03725468
ID_1AB6808115,0,0.012861239811880327,0.017923819,0.0057220804,0.008182582,0.008808668
ID_BA5BC09FA5,0,0.042217214576392215,0.038071785,0.05281932,0.044228327,0.03612633
ID_1B306468EA,0,0.2954538738347093,0.2961687,0.31570724,0.376468,0.21367177
ID_94F44F9910,0,0.05261640265915066,0.04247204,0.06958957,0.06436769,0.053978555
ID_EC507853F4,0,0.009227828442005403,0.011819374,0.0041310005,0.0050136507,0.011040084
ID_839AD3F5DD,0,0.027713427027359527,0.025349813,0.030468611,0.021944828,0.03431197
ID_65135F1B13,0,0.012807431253376635,0.01690919,0.006259394,0.0121895,0.009779394
ID_AAFB155B3F,0,0.024095829928935053,0.026929852,0.016782641,0.032411624,0.024175195
ID_A80FA56A05,0,0.0894616223704084,0.07889926,0.110651955,0.1124905,0.0786291
ID_BF6FEBE7C8,0,0.014095465366870886,0.016555954,0.0102003375,0.02029474,0.009344843
ID_3BFCD8530F,1,0.1667436650996742,0.14595546,0.17225398,0.13194484,0.25799125
ID_0D34701EBF,0,0.03689178383548266,0.044527415,0.028046679,0.04432632,0.020338763
ID_311620ACA0,0,0.01965393516676978,0.026777783,0.010228592,0.01104367,0.013503564
ID_9780D49A34,0,0.014451650574711768,0.018661961,0.0081860665,0.008123342,0.012847927
ID_9E0774DE33,0,0.010211282847548457,0.012656959,0.006316879,0.007856262,0.009250609
ID_6D3B219FBE,0,0.019708722867566225,0.025041588,0.0124879945,0.014312565,0.015001038
ID_7EC997F872,0,0.1250544403885323,0.07941305,0.17031525,0.13214868,0.2178593
ID_B3B9B35699,0,0.0137372821727756,0.012285976,0.013093815,0.025108289,0.016297424
ID_8EDFD0A763,0,0.02782445491151148,0.03511523,0.021148061,0.014827988,0.016983531
ID_01A9CADC6E,0,0.011653810653915176,0.014183012,0.008523142,0.012716811,0.0072117615
ID_A340EC31B4,0,0.05696257761080273,0.070293896,0.043911643,0.044316188,0.034101747
ID_7546DED653,0,0.011698452374342583,0.014509194,0.0055621495,0.013458103,0.012209608
ID_09D966569E,0,0.08296801745108198,0.110972665,0.05338429,0.041496046,0.0460934
ID_145E2123B6,0,0.023441507275852695,0.029408146,0.013422949,0.018396193,0.021902664
ID_B3A8705CB2,0,0.05141338746350047,0.04588586,0.051434238,0.04854533,0.07599086
ID_357AAA5360,0,0.01506377141665903,0.019023005,0.009653918,0.010107493,0.0120879905
ID_205C14A5FA,0,0.10953020073159205,0.10592287,0.09768097,0.086886585,0.16007103
ID_37CB4A372D,0,0.13125489680628272,0.14777948,0.12018363,0.16410224,0.070814475
ID_0EA4AE998D,1,0.05996434992766363,0.07920908,0.03952008,0.038830787,0.03165875
ID_9A6A3E2FAE,0,0.12012779908151039,0.11978724,0.10981572,0.181097,0.11711114
ID_B9F87BF6A8,0,0.053448339491293954,0.06526059,0.03913724,0.036705345,0.04149946
ID_BF7F71641E,0,0.2854186664457322,0.28881988,0.2792612,0.387878,0.23958293
ID_72F1393005,0,0.101000505364011,0.10421484,0.110468276,0.09315195,0.07052151
ID_72C9DEC77A,0,0.10484035294261193,0.122137174,0.10142608,0.069607496,0.05438643
ID_57665EDA70,0,0.04479560297434451,0.04933567,0.042006273,0.047996093,0.030187085
ID_49189B4ACF,0,0.5195774343665396,0.44889385,0.5840016,0.6284016,0.6328165
ID_21D0840C17,0,0.01184829751356634,0.014893921,0.007362009,0.011123847,0.008909731
ID_3893CADDA0,0,0.009252853172031408,0.011510676,0.0053608236,0.011955955,0.0068765185
ID_583EC24E58,0,0.012726277427420257,0.016520513,0.005674093,0.01186217,0.012187278
ID_13CFBF33D0,1,0.8171252274229077,0.8360716,0.8267398,0.7960216,0.72558963
ID_61654D394E,0,0.1448019560025432,0.19773804,0.08928866,0.08544746,0.06592594
ID_24961235F8,0,0.06257584889176955,0.07394265,0.03465704,0.09708785,0.059357673
ID_6F94BB1512,0,0.026369164530847675,0.02411624,0.030161986,0.03491993,0.024031967
ID_FF787FA673,0,0.046969883686815594,0.035839874,0.060154684,0.0795681,0.05153866
ID_97559A90F0,0,0.03981576539848584,0.039941426,0.0445599,0.05316775,0.023287697
ID_3AD7693CDA,0,0.05001868181183663,0.05133988,0.045663927,0.076082245,0.042412285
ID_F486B65E0B,0,0.010925052943835294,0.0115076285,0.010771095,0.012784383,0.007981512
ID_1DCC6886F4,0,0.024163731272442257,0.025824457,0.020024186,0.036065064,0.02083347
ID_EBC3CBE8C8,0,0.028408587369437757,0.029621305,0.030880677,0.020156156,0.02157533
ID_4F77ADDEC4,0,0.03017731878968288,0.03687568,0.023322914,0.025057182,0.018789805
ID_D0DE7B5610,1,0.5875246979510493,0.61320627,0.5233652,0.7142031,0.5613426
ID_00B7CE125E,0,0.060251023427272704,0.059461955,0.06417666,0.04030686,0.06386044
ID_9C026B8141,1,0.2703616732962261,0.2840231,0.1989319,0.35870263,0.32731104
ID_2846179F0E,1,0.099530117014967,0.08850378,0.1010969,0.07917423,0.15166509
ID_8405EB06AC,0,0.6091262697799353,0.63888633,0.5693435,0.6387077,0.55573434
ID_772D2EADEE,1,0.3957212557514258,0.34127223,0.46101293,0.36411256,0.49967048
ID_510BD5DE73,1,0.14212509125999778,0.13261963,0.1637345,0.17296277,0.122520804
ID_1433D187EB,0,0.02090608339679965,0.028791001,0.010948015,0.011294844,0.013116754
ID_9BBD7FB3C6,0,0.01274482981588019,0.012916269,0.013840629,0.014669651,0.008830323
ID_91D2986EF4,0,0.07345320917665923,0.087969266,0.040459808,0.09228161,0.074641004
ID_EFE27F9B88,0,0.06730499479972599,0.07303287,0.056782145,0.07517389,0.06222807
ID_E02400EDF2,0,0.2747291104372964,0.3035657,0.2880692,0.17405173,0.16806994
ID_5181F86A06,0,0.06618412236856978,0.098738186,0.022186803,0.026910014,0.040033426
ID_47997A0590,0,0.05392466534496341,0.05685545,0.065271914,0.045786448,0.020739239
ID_9964DD31B6,0,0.016822069118845706,0.020056369,0.011927018,0.01727712,0.0134484
ID_EC88D52D39,1,0.06805805689643665,0.07509552,0.046522733,0.11395002,0.06449192
ID_78CED43DDE,1,0.3454975637228145,0.24279147,0.43183538,0.49191675,0.53074276
ID_F4652C8E9C,0,0.6691866253877781,0.637255,0.7424524,0.67635196,0.6439188
ID_5ED9728DA4,0,0.18982601386220138,0.20363228,0.17825928,0.16830058,0.16564366
ID_39C0A7C98C,1,0.2108629604820305,0.19596998,0.2257367,0.22579165,0.235422
ID_43C7D2AF69,0,0.3077655341647686,0.21883832,0.47499266,0.37569028,0.29545215
ID_E853FD2E8E,0,0.03898760906213038,0.04410943,0.030999582,0.044540722,0.03204534
ID_F9F51EE9D9,0,0.04815382044217229,0.06663628,0.02851316,0.034862902,0.017928878
ID_7958B661AA,0,0.011910430494817974,0.010951912,0.013377194,0.021464182,0.008652469
ID_3C8626105F,0,0.038224143503189326,0.051361904,0.021631878,0.026719198,0.023280594
ID_C910C3A67B,1,0.5362843990483644,0.49547145,0.6026194,0.47208038,0.5945468
ID_168313D846,0,0.0224728244608474,0.03094175,0.012425465,0.011741674,0.012893849
ID_6C7C8903AC,0,0.15484905988236553,0.15454882,0.16730635,0.19451173,0.11210752
ID_9E536EC702,0,0.16523798749171145,0.17232405,0.1620122,0.18886995,0.13189429
ID_8D29D24469,1,0.26936095575156455,0.21433058,0.3643592,0.21306379,0.3228073
ID_864DD09FED,0,0.6394021757179644,0.6341759,0.6640469,0.6587137,0.60021764
ID_E0B6BCD2EA,0,0.0369217297179161,0.035222553,0.033230193,0.08483035,0.031141313
ID_491C69188E,0,0.14697067527822572,0.1643462,0.12076726,0.16986552,0.119730175
ID_1392CD90C5,0,0.0798188545326828,0.090619214,0.06660037,0.071852595,0.065978974
ID_75F48565F6,0,0.012169495842793782,0.0144939665,0.009343731,0.011151068,0.008846372
ID_E106FDDECA,0,0.029139955577594655,0.027962292,0.033198867,0.042073265,0.019775083
ID_DBD2A4F575,0,0.018323907817917255,0.01937054,0.016664445,0.019742273,0.016839843
ID_7DBB0B132A,0,0.1256767107918719,0.11176326,0.12692292,0.2067163,0.14650798
ID_F26A3EAA4C,0,0.011563111249522877,0.013740766,0.00771998,0.013713954,0.009661593
ID_53CF2CC4BA,0,0.07027719425164324,0.07767027,0.04931483,0.046805874,0.09421426
ID_6EB6561712,0,0.10434340766622625,0.0923587,0.116135955,0.10423618,0.12976909
ID_4777430BE9,0,0.02973960667064407,0.02806037,0.03265618,0.035705127,0.027983233
ID_9E993A8A37,0,0.02243427202431822,0.02694959,0.016550988,0.017069254,0.01830092
ID_BF37E6CC09,0,0.039218694817688714,0.042831212,0.028962178,0.03917994,0.045961812
ID_F95B06ABB6,1,0.17508565466887013,0.17661713,0.17871968,0.14882106,0.17226376
ID_D807705D8F,0,0.011311492105670059,0.014805444,0.007040229,0.008699891,0.006838639
ID_109A62DEB5,0,0.02084808812982003,0.018156832,0.029698651,0.019020785,0.014038911
ID_0E76280C35,0,0.13049165627528264,0.1711292,0.06367197,0.13150778,0.1015546
ID_1EBD391ABE,0,0.011980596743466907,0.015341203,0.005535992,0.009458129,0.012694696
ID_10766A1003,0,0.018803636930159455,0.018643098,0.021244908,0.026770668,0.010772855
ID_0F6DEFB35D,0,0.026033998863406325,0.0379443,0.010165215,0.0141709875,0.014884673
ID_1450F37C36,0,0.03396850156711456,0.043461822,0.019734431,0.039851356,0.021796754
ID_B17A3014C9,0,0.014562275415097985,0.017673997,0.007834418,0.019408448,0.013724294
ID_020E120E74,0,0.02967046537322239,0.02359235,0.040675253,0.039379306,0.027532274
ID_4BAAB4BFF3,0,0.030115183848678315,0.0381836,0.018202892,0.023710268,0.024344273
ID_1D221416A6,0,0.16627276348604214,0.18416658,0.15446675,0.120028175,0.13609557
ID_E365A2BF8B,0,0.017930569374544226,0.017891072,0.017484268,0.0128944935,0.021250183
ID_DA3156E824,0,0.15929974647918632,0.14652608,0.17715438,0.13998125,0.18343204
ID_EF16D04358,0,0.15972505722551145,0.18008663,0.14209421,0.14041112,0.11986895
ID_148F517769,0,0.025869746578342942,0.027603874,0.019202176,0.027932141,0.03194078
ID_B6868D4267,0,0.5340261427309598,0.4524959,0.64366955,0.5778052,0.62448287
ID_1B634CAFD0,1,0.7680946965500863,0.74158806,0.8217296,0.7134024,0.7889623
ID_17D67B50CA,0,0.27046422933771813,0.30237558,0.2287231,0.20782568,0.2523761
ID_D47F072668,0,0.012394468670671354,0.016327977,0.005953868,0.010937806,0.010212989
ID_3FB9373F91,0,0.10215456278495665,0.1230748,0.06334952,0.1546232,0.074066035
ID_E361A9BEED,1,0.025905215815416757,0.028352764,0.019031093,0.0363262,0.025759213
ID_AF49E192AD,0,0.01258194134166871,0.015735844,0.008450448,0.01192008,0.008397195
ID_315C559131,0,0.012639201160675661,0.015439958,0.0058983504,0.014215346,0.0145693645
ID_0A0B61CEBD,0,0.015495005483535374,0.01970212,0.010503607,0.015602812,0.008366031
ID_400B4ED7E6,0,0.014335878016258775,0.020009551,0.005734437,0.009481702,0.010912635
ID_6EE7E56E0C,0,0.1641440859322057,0.15028673,0.16035543,0.2883223,0.17673393
ID_D9DBD19277,0,0.024707920684525195,0.03005376,0.018700235,0.022774683,0.015833797
ID_08AB7FE799,0,0.02243816854105509,0.026141563,0.01597891,0.020328108,0.021554518
ID_9C1E6F85B6,1,0.1696411292257271,0.15095712,0.15612718,0.22197466,0.2548185
ID_B2F5CB5118,0,0.039211442887003865,0.048216358,0.031523593,0.030111665,0.0215937
ID_77426A25A1,0,0.016708360646085295,0.020296954,0.011522092,0.012867026,0.01433414
ID_F8A0D7FDA2,0,0.09884904753262086,0.112134956,0.085013136,0.09618756,0.07351158
ID_5CCAEB6C46,0,0.44938476490379237,0.46103302,0.44011062,0.4292399,0.42880756
ID_BA7CD64667,0,0.23910994593634938,0.22115713,0.31618032,0.21730648,0.15920217
ID_524793C5FF,0,0.016155738950616262,0.020720014,0.009475455,0.017255886,0.010706803
ID_EC7F94774F,0,0.011949029313154886,0.0134567125,0.010572773,0.0077284737,0.010366043
ID_4BBA0C01DB,0,0.1575671341773559,0.14105006,0.18787359,0.17693657,0.15395328
ID_C2A1C96083,0,0.09439204818070669,0.093266904,0.08935341,0.094545655,0.10989078
ID_92D8669549,0,0.21411641808430282,0.17526866,0.26967782,0.3144081,0.21547492
ID_320BFA747B,0,0.0189972723219425,0.020343624,0.01774076,0.021788172,0.014783247
ID_3D43EC3492,0,0.042337693868093176,0.055487487,0.023246402,0.03825364,0.029469052
ID_9A5CF4A180,0,0.2590365190295416,0.25961635,0.27670076,0.25931638,0.21857171
ID_0C8F9CAE40,0,0.019748914522499383,0.024180876,0.010546901,0.01577756,0.022479437
ID_B62952FB3D,0,0.016312303675995895,0.015961207,0.017667107,0.014888435,0.015511358
ID_0AC639D2CD,1,0.6488180170928173,0.64768124,0.71194243,0.532085,0.56910264
ID_9ABFFCD65A,1,0.6822518507230699,0.6261817,0.7854548,0.7207132,0.68118906
ID_A7ACD87CEF,0,0.016648692050516004,0.02390787,0.0077314074,0.00749292,0.009074072
ID_2D9D3BBE67,0,0.028627120392919245,0.037417054,0.01472705,0.033205394,0.019281715
ID_B93E52DF9F,0,0.01809454241680301,0.019454693,0.015696753,0.019437905,0.016901286
ID_CF1F03C1EE,0,0.28615031671439106,0.38622168,0.1481653,0.22110578,0.18736096
ID_E7D2154734,0,0.0927960282498334,0.10919318,0.076210976,0.07846346,0.06528791
ID_AF3ECE6318,0,0.6100029528505193,0.5473983,0.67108566,0.6836681,0.7115755
ID_4C495B1F05,1,0.9068851314537646,0.9119798,0.9184462,0.8625859,0.8798544
ID_2FB48DB6BB,0,0.17530148676991797,0.16728385,0.2235346,0.10380841,0.136903
ID_47131E7E4B,0,0.19015562658387597,0.20255046,0.1507313,0.17285548,0.22985607
ID_CA5318BB2E,0,0.01162216748925394,0.012278171,0.011552959,0.013725955,0.008079796
ID_854C14E38A,0,0.036382613251543267,0.04462999,0.019179886,0.03909821,0.037227694
ID_3F32780D7D,0,0.04341662456806137,0.048334684,0.039217193,0.039736886,0.03323375
ID_F1F240EDB6,0,0.4053894975654837,0.27742657,0.58929706,0.569871,0.48026004
ID_A4EE9AEFEF,0,0.08181031436948649,0.096555345,0.07435156,0.053981468,0.04759438
ID_249D302256,0,0.03324525169103956,0.044667084,0.018932024,0.033019457,0.015751788
ID_55C127913C,0,0.1449434723505024,0.1650022,0.11252851,0.13090764,0.13578017
ID_8C5FEF02C3,1,0.6870874318442914,0.6552223,0.6856798,0.69504607,0.8213728
ID_60379D9DE0,0,0.41547979540337954,0.47416967,0.28526625,0.43373224,0.4386834
ID_E8B0BE1B48,0,0.13953886589939535,0.14934455,0.13379303,0.114745505,0.12121041
ID_F5DC951554,0,0.012873331282405844,0.01725312,0.0060149003,0.01184748,0.009513334
ID_A1E57DB417,0,0.1883350824462536,0.17561628,0.22323887,0.16140419,0.17898197
ID_B7542FA982,0,0.030826106241515373,0.027691806,0.039433733,0.027891172,0.026894191
ID_FC792F91B4,0,0.10038303908328489,0.10212535,0.0880364,0.14177091,0.101459295
ID_4F4D079CFA,0,0.0185630503419384,0.02423253,0.009590719,0.024904475,0.011072901
ID_9422BA16F6,0,0.3044135905755412,0.33499888,0.27833316,0.3348554,0.2177648
ID_09AAA12F6E,0,0.10519983850906656,0.106751874,0.084367745,0.16902788,0.11550076
ID_C86BA5662E,0,0.2469337628195155,0.24250756,0.25244918,0.28063026,0.23912953
ID_7A572243D2,1,0.09950950090529581,0.07893031,0.12440345,0.17808793,0.09887212
ID_93E8A69335,0,0.007156315573931265,0.0093461955,0.0037807385,0.0055380696,0.0058431346
ID_3488D75660,0,0.20373464790100818,0.18418263,0.23182029,0.25194216,0.20514654
ID_577EF5624B,0,0.6349858073973285,0.6089589,0.6136996,0.6829321,0.7697956
ID_C398BF7651,0,0.01911988101914631,0.02403263,0.013137873,0.01847991,0.011458169
ID_BF4D01A607,0,0.040803652304510656,0.058440432,0.013293074,0.036355868,0.027181279
ID_9826A6EFD8,1,0.16267193327594545,0.21052323,0.09065088,0.15064189,0.12007723
ID_9CAFD80848,0,0.014717993329240958,0.015302128,0.017194401,0.0082800025,0.009742377
ID_99266BD099,0,0.6539527623883643,0.6007589,0.68333673,0.7572555,0.7708108
ID_A156ECDA32,0,0.021507398170383562,0.018940808,0.02409421,0.018428931,0.028152708
ID_D0CC6959A1,0,0.02833554932693676,0.0324544,0.018664392,0.025484579,0.03290796
ID_102A987511,0,0.014114920069766765,0.017752634,0.008646279,0.012429545,0.011198916
ID_D8168FA5B0,0,0.0314902657444538,0.036756735,0.022776214,0.040017977,0.02419711
ID_62C1098047,0,0.09504416482575151,0.11058239,0.084614225,0.06372374,0.065369785
ID_6C31480C70,0,0.17760639155125896,0.19807595,0.16406547,0.09718169,0.15515904
ID_4C7307352A,0,0.11606353715189671,0.121553384,0.1079857,0.13005246,0.10408058
ID_36CF14D05C,0,0.1306298399610027,0.15961082,0.09700244,0.084992245,0.1001168
ID_57EAB602CE,0,0.2715481156152883,0.27582288,0.2734588,0.34901446,0.21560654
ID_AFF0053C4B,1,0.2626171364561254,0.30758837,0.21509677,0.23649578,0.18578686
ID_6F6DC8679C,0,0.05121782541881964,0.05183051,0.03883403,0.059005335,0.07179676
ID_1A5D6F9C36,1,0.24315239720931825,0.24226795,0.2537118,0.24609756,0.22295758
ID_1488B7CCE3,1,0.41519052441370097,0.4916927,0.2707486,0.3935397,0.4109936
ID_4BC11ABAE3,0,0.07427250398727214,0.08201768,0.06943868,0.06914327,0.054128405
ID_A86088B860,0,0.08661996666913882,0.07630364,0.089396246,0.10015722,0.118384115
ID_851D70C25D,0,0.3362084367358692,0.33274153,0.2989048,0.44565442,0.38317847
ID_3872F14EAD,0,0.018079820472982032,0.021554971,0.009484719,0.020780033,0.020645972
ID_EF706E08AB,0,0.011253616709415212,0.013850647,0.0071598315,0.012060608,0.00870232
ID_EBE08857A4,0,0.06521035173292,0.059205998,0.06454557,0.08088248,0.08519294
ID_154FD01BDE,0,0.0838894270251696,0.08427503,0.097471155,0.052958008,0.06660835
ID_219F94622F,0,0.04206688812291314,0.04651417,0.03458307,0.061990462,0.030631037
ID_64997BFCEF,0,0.4185582258856335,0.28658354,0.5549357,0.5218992,0.6389988
ID_6A881A330A,1,0.020675473538451696,0.0210578,0.020650918,0.0219349,0.01856257
ID_30B4BAF0C9,0,0.39856646401232065,0.42915177,0.38962007,0.3162995,0.3242942
ID_D0245DE908,0,0.013622935646440827,0.016049774,0.009695145,0.011791184,0.012585431
ID_F6E9183582,0,0.039846549733881964,0.04660995,0.031300623,0.04019168,0.029430134
ID_B0EC79A73A,0,0.01043235712029987,0.011884018,0.008288889,0.009400016,0.009342216
ID_D9C21AB097,0,0.02931886169670367,0.031935252,0.025916403,0.038377956,0.021605615
ID_045A0FDCC1,0,0.33581005650036944,0.30276257,0.34557244,0.5092411,0.3790038
ID_4FC9F4F8A8,0,0.03165645224729151,0.03906794,0.019522084,0.04174352,0.021950644
ID_F0C3C14AB6,0,0.18819890442085913,0.20345509,0.17519403,0.19641463,0.14800645
ID_78A29C570B,0,0.13328062421549086,0.16327445,0.05970277,0.14417155,0.1595406
ID_EFC20487F1,1,0.46348517615835316,0.44035667,0.43989757,0.51204395,0.5907094
ID_67AA154B8E,0,0.14286712913294097,0.17069294,0.124943845,0.119306184,0.07392865
ID_AD2E916CEB,1,0.5511663054270731,0.55761826,0.5210589,0.59166104,0.5708163
ID_12B684BD3D,0,0.2745561129146239,0.28283143,0.23735033,0.24295777,0.33314878
ID_CB6BAE7FB2,0,0.39849206115898483,0.34343013,0.48690638,0.39332873,0.44390532
ID_83F813830C,0,0.023344084200414394,0.02833518,0.017471667,0.025355468,0.013960276
ID_0B6C4EECCC,1,0.23783334104569198,0.283258,0.20950599,0.1608052,0.140106
ID_15A6C33E84,0,0.03361661566471065,0.035556413,0.033161096,0.03586749,0.025410539
ID_F8D3628F4E,0,0.04441454299717497,0.056248676,0.022729637,0.05045478,0.038259156
ID_A10C43531E,0,0.05544339744037307,0.07079366,0.038702134,0.039616924,0.03334814
ID_FC856C3D0A,0,0.025064860893528607,0.026236877,0.027502568,0.026576266,0.014221338
ID_2DEC5043F5,0,0.020066498532995858,0.02416391,0.014560565,0.0145274075,0.016966615
ID_E2DE2A5C33,0,0.06443434509918863,0.060464956,0.062277414,0.09493764,0.07254829
ID_99C22DE193,1,0.40880596082611753,0.34805277,0.4437397,0.4985724,0.5516229
ID_4D41F54250,0,0.021449436805387488,0.029025821,0.012268663,0.01904192,0.010157174
ID_842985B7B4,0,0.02038132146890714,0.021195592,0.016891388,0.026712405,0.02166476
ID_7725757C7D,0,0.011825001886089691,0.011674952,0.013569609,0.008658073,0.010097627
ID_C0FED762E5,0,0.20959710847303034,0.22168018,0.22828798,0.17438893,0.13376048
ID_E926B7BC44,0,0.04226024888337862,0.05305031,0.027265884,0.060962263,0.020648444
ID_DDC36AD131,0,0.16242172411856745,0.18918304,0.1184396,0.1420756,0.15248103
ID_D35A382C04,0,0.23789143490392942,0.27256936,0.16841419,0.21628948,0.2497134
ID_9F38C3F887,0,0.013562524866804607,0.01604687,0.00823327,0.012117628,0.01511948
ID_27561C2FD8,0,0.1408149191624628,0.16202831,0.14427245,0.089841746,0.06592135
ID_1E42CAD332,0,0.10350198556109089,0.11950497,0.07927944,0.07489471,0.10026596
ID_002B69C256,0,0.023371634190584564,0.025239944,0.018895792,0.02519059,0.024279999
ID_BC63249949,0,0.23557427686181454,0.25398096,0.20622237,0.33823013,0.17595917
ID_02BAD5E2C4,0,0.01378428664046637,0.01623042,0.009027869,0.011707322,0.014549559
ID_82A63AAC93,0,0.09098294048907193,0.09504348,0.09952029,0.12650965,0.040014226
ID_AF1C295D0A,0,0.028867159296983084,0.030524,0.02327427,0.024951955,0.03556538
ID_25AF896444,0,0.02706625482826933,0.03572062,0.014487354,0.030323636,0.01603585
ID_03DE8ABD78,0,0.08656115217800156,0.08963408,0.079680964,0.12266855,0.07258699
ID_CDF8254390,0,0.04847248031196981,0.058536462,0.03602503,0.04037819,0.036148097
ID_5CB5F2B611,0,0.014386853997684822,0.016765948,0.012049828,0.009874334,0.011307481
ID_A07F0B061B,0,0.13527836514561964,0.17026173,0.0806427,0.1209278,0.11081162
ID_276A5B59ED,0,0.014455854516147847,0.019899169,0.006206052,0.0084862085,0.011738585
ID_ACC8E7979B,0,0.013757651020383014,0.014353639,0.012912461,0.017926326,0.011233484
ID_682F332D85,0,0.20291447825978542,0.2640285,0.12417776,0.13833685,0.14155257
ID_C3FC38402E,0,0.02726673524797603,0.033613123,0.021767387,0.01649213,0.016925586
ID_FB944A2812,0,0.12165616107747317,0.14033042,0.10952095,0.10815119,0.07461379
ID_0AA68638C6,0,0.043769086858332876,0.052903134,0.023507884,0.043790948,0.048599947
ID_0E6F73C596,0,0.05222703202018057,0.0665041,0.032375958,0.04518273,0.03751213
ID_ECF3A35EDF,0,0.036095596667153194,0.050047435,0.015257783,0.032506756,0.02336623
ID_0337BB0214,0,0.06335714281253801,0.06549422,0.06690289,0.07069252,0.043517537
ID_F47F42DE05,0,0.03837519886373363,0.033888698,0.05091141,0.04160965,0.029044397
ID_BFBAFEB3F1,1,0.655417500634295,0.6165565,0.7403186,0.70045596,0.61798126
ID_F99D3D0DED,0,0.015397010083861414,0.013709942,0.018386172,0.01787082,0.015040101
ID_8E381FF721,0,0.07678597472200721,0.099651314,0.046539,0.053263657,0.055240203
ID_1D50150981,0,0.05430081131400611,0.051673777,0.047141846,0.05467953,0.08060011
ID_EF889C9F80,0,0.01076398478997085,0.014568414,0.0054362216,0.0068563414,0.007809568
ID_829DFFCC10,0,0.2413523005615933,0.18486488,0.29495794,0.35202444,0.31696683
ID_AA8BA5B70D,0,0.016733611005371005,0.019533869,0.0108769,0.020708133,0.015723873
ID_4049231538,0,0.03477191484505654,0.030217465,0.040324435,0.03734932,0.040995378
ID_FED8923BC8,0,0.09453756674514258,0.095636,0.07530503,0.08894561,0.13358587
ID_5680991F7A,0,0.028602524488811933,0.031034008,0.027231324,0.022427501,0.023954561
ID_BAA4526743,0,0.010484050862227182,0.013136814,0.005241126,0.011775372,0.0099509675
ID_9C4275C119,0,0.0800688356888466,0.06296569,0.08553707,0.12525731,0.120958224
ID_25E1C86830,0,0.050367264757121596,0.06946449,0.027204923,0.022541245,0.03143312
ID_B4D345FBC1,1,0.32153825115533835,0.28811973,0.32902706,0.35271326,0.43318808
ID_F9FE3AA5B4,0,0.04150464187519521,0.031306084,0.04790242,0.09191249,0.048930317
ID_864CB72221,0,0.136754585333432,0.18134247,0.05607101,0.13636339,0.12146688
ID_94EFCC71F6,0,0.12830648332081118,0.12918632,0.10137952,0.086291604,0.2006612
ID_6BBC1DA3B9,0,0.11115458276763919,0.16093068,0.043301564,0.06786967,0.065104716
ID_1DD1E96E72,0,0.019898492788759218,0.028322836,0.008595122,0.00871066,0.013401335
ID_27A1274084,1,0.832308818382452,0.81644744,0.8596724,0.85933995,0.82889533
ID_C10F45808F,0,0.05602487229333599,0.056120988,0.050648775,0.056391127,0.06699095
ID_E0E87FB070,0,0.09618298429658159,0.09751351,0.08089472,0.11010826,0.11728149
ID_4145E507AA,0,0.02976330913123971,0.034892317,0.028044008,0.022783205,0.014807067
ID_C156D054A4,0,0.18456298337237842,0.19166899,0.14991148,0.20080861,0.22176525
ID_616E3842F6,0,0.017423506545556695,0.020625329,0.012947795,0.011885176,0.015900198
ID_7E5B656481,0,0.06752129214294106,0.08376451,0.041147668,0.066892795,0.05568761
ID_B02880C859,1,0.2314219395052196,0.21480666,0.25281638,0.28813308,0.23106277
ID_FDEAD37748,0,0.18447226514260864,0.18936723,0.17777674,0.17564155,0.18198667
ID_D4F4D15D7A,0,0.014271650390731087,0.018060008,0.008790743,0.0089601185,0.0123256575
ID_32422F3F44,0,0.33839452274224024,0.3152048,0.39490944,0.3653669,0.30346125
ID_7F300120A8,0,0.01652919691218085,0.021377195,0.007850223,0.019883169,0.013185483
ID_932305217A,0,0.2148840291724188,0.20290613,0.17594422,0.2953442,0.31398582
ID_ED6AD448FF,0,0.020515473688045877,0.026427723,0.013656803,0.016809518,0.011844569
ID_F43C941FF2,0,0.0977044947198824,0.12413641,0.080407895,0.0864203,0.027963994
ID_3AB63EAB6F,0,0.043496090998189116,0.031176852,0.047354847,0.046180263,0.08613806
ID_4295A62D47,0,0.02784517560280065,0.027533634,0.030058894,0.024851097,0.02571901
ID_B920BDE462,0,0.14203718204221388,0.16425826,0.10598341,0.2107004,0.09548735
ID_A0036A7872,0,0.016254734844482314,0.019494858,0.01070212,0.014300452,0.015317211
ID_9F3DDD1BEC,1,0.4971935807863691,0.44155642,0.5258601,0.60649633,0.6233062
ID_164E7EE8E4,0,0.032997315976454764,0.039384734,0.019991737,0.029397216,0.035456702
ID_F96D9DC89C,0,0.04198946686118329,0.04999328,0.03251611,0.03539702,0.031341758
ID_479FBC6D7C,0,0.06275173358301103,0.067782365,0.056604203,0.059677508,0.056007747
ID_A632A207C0,0,0.014913656758854485,0.016817497,0.011300235,0.018172923,0.013193992
ID_771EFD6F65,0,0.03624379900603508,0.04669109,0.0210331,0.041003406,0.022622956
ID_E07B5FE4A5,0,0.006252383060181971,0.0073875957,0.0033167717,0.0058330656,0.007932263
ID_259A21B048,1,0.4023314165586346,0.4102397,0.4089523,0.5012319,0.3115793
ID_DF949EA834,0,0.05017593821729168,0.07409211,0.02295357,0.030852731,0.015868505
ID_F3430E4F8D,0,0.025248432103581332,0.025842834,0.030433103,0.019894822,0.013947286
ID_DB4269D7CA,1,0.06595465020725394,0.08984468,0.0361876,0.033423584,0.04297368
ID_5925121407,0,0.47146638809442853,0.47841516,0.41772017,0.47024858,0.5579055
ID_4CAB3CE1D7,0,0.0679416534597135,0.063071094,0.08483434,0.03344689,0.067336194
ID_7B86CB0648,0,0.3798514441718571,0.39623487,0.33338505,0.47856233,0.3672228
ID_A12082795B,0,0.11608810027178602,0.10021624,0.12063488,0.12516998,0.16948693
ID_12E9F1C0D5,0,0.021195761798612205,0.031093715,0.006693875,0.014944576,0.013176898
ID_666A8A0A55,0,0.035537354362717904,0.03992752,0.02850084,0.042608637,0.028985891
ID_4430FCA194,0,0.014726210478124087,0.016361501,0.012176552,0.013474621,0.01382651
ID_FCBD77151B,1,0.7359963822364756,0.82709885,0.5847212,0.71438724,0.6847048
ID_D5A3AB7BEC,0,0.011557438617292068,0.014535506,0.0063407295,0.010449535,0.010638475
ID_4384F140D7,0,0.05400841676431804,0.0689586,0.030773912,0.050416633,0.04220011
ID_704AE32257,0,0.25149683210778195,0.19879328,0.36174995,0.34859908,0.19551414
ID_CC79DD72C5,0,0.4011213756769571,0.41330594,0.39364213,0.4136765,0.36017218
ID_3812D780CB,0,0.025269814827135598,0.027477095,0.018768363,0.03233689,0.026802314
ID_E531A739A5,0,0.05915146507531198,0.0686669,0.044434123,0.083754405,0.039762676
ID_36F2A95C0C,0,0.1274109454799683,0.15760237,0.08217668,0.081282064,0.11689156
ID_F4B9B7F181,0,0.15629908021148442,0.1939574,0.10279565,0.19952123,0.09299678
ID_D1EA33E4EC,0,0.011433902276804082,0.014387791,0.0064863213,0.009560727,0.010373461
ID_FE0EAA2544,1,0.17623450706680255,0.20881304,0.1268475,0.20724492,0.13090417
ID_B34C19FF65,0,0.09547705477952843,0.08896763,0.11607227,0.10812295,0.0733101
ID_CA285B1239,0,0.4797474320526216,0.46841508,0.52506244,0.5577665,0.39645082
ID_794B43CE66,0,0.15971278036511305,0.19969058,0.10549602,0.2004711,0.08920721
ID_3A1868E92E,0,0.0933265332381932,0.1031119,0.09011616,0.109098285,0.051962636
ID_C5F300C4CB,0,0.011397964470033925,0.014458534,0.0067550503,0.009487596,0.009249124
ID_39F3AE76A6,0,0.031119470526233962,0.036422256,0.02481004,0.030632205,0.022444349
ID_DF19112A99,0,0.05589962731914122,0.03544138,0.08487687,0.11111645,0.056175347
ID_5267276F6A,0,0.16120863508012764,0.16574888,0.17578068,0.10278441,0.13622048
ID_198DD50E27,0,0.2404274297711674,0.20923337,0.2985291,0.17173642,0.2776354
ID_40AB12DE9E,0,0.2570329686125736,0.22229375,0.34098116,0.31322163,0.19935235
ID_430F5AA23A,0,0.02902350109082062,0.034939952,0.021797402,0.026919784,0.020424569
ID_C8280C135C,0,0.1175164983707655,0.12832302,0.08985337,0.11364241,0.13285162
ID_5B7CE5C5B2,0,0.008199636323253573,0.009665153,0.0062895357,0.0077808774,0.0062828534
ID_1B962988F2,0,0.05703253267481437,0.05538903,0.06742231,0.062071275,0.039498463
ID_028FC16889,0,0.013542905560457594,0.01687928,0.007054694,0.010480973,0.014688162
ID_5D7DE5941E,0,0.047586602483636886,0.03843232,0.06375836,0.08240168,0.036427848
ID_490029A14B,0,0.02166510608867543,0.02492043,0.015164973,0.030627163,0.017937306
ID_815D50A6C5,0,0.03620217421994054,0.04395777,0.025891269,0.02990313,0.028272713
ID_35E7869796,0,0.044291925818598754,0.06333512,0.018980496,0.026040528,0.026022559
ID_7A7FF7CAF8,0,0.14134022941383226,0.13594688,0.15391132,0.16214111,0.12811169
ID_90C3FFD31E,0,0.01803891540041875,0.017879216,0.016782861,0.028965654,0.01664547
ID_D00C30E20B,0,0.021243593961537993,0.02064387,0.01664856,0.04253389,0.024355529
ID_B2CE933F73,0,0.0204336205857409,0.029177265,0.008763127,0.011185156,0.012528488
ID_44613E5D6E,1,0.3817538846238756,0.35031673,0.40899885,0.45908776,0.42252654
ID_89EAAD64B3,0,0.007620314524974011,0.009983645,0.0037960839,0.0050798096,0.0069381488
ID_3199D65139,0,0.024399396372574392,0.032287784,0.012419199,0.019466529,0.018893685
ID_6D6E295267,0,0.011057355744245902,0.011499795,0.008862354,0.011228124,0.013820599
ID_3A03AEB2D4,0,0.0419368547477843,0.049824588,0.024776757,0.031094387,0.050121218
ID_BB1D43C092,0,0.0403501149080072,0.037883785,0.053362995,0.037637714,0.02404722
ID_E4F62484F4,0,0.03916894501709259,0.04713314,0.027163763,0.03430797,0.03336495
ID_BB2EC69FDB,1,0.3276577334300852,0.31483305,0.25829443,0.278961,0.551901
ID_8349B85C00,0,0.026236993574159224,0.030694073,0.021796834,0.015688539,0.021513773
ID_10D10B0817,0,0.02997618774666468,0.043573797,0.014266275,0.013952521,0.013165288
ID_5829F50515,0,0.01793796656084818,0.022802394,0.01166505,0.011636849,0.013572322
ID_202B4161F4,0,0.16605692024826715,0.19094695,0.13918793,0.25105652,0.08139876
ID_7D6034013E,0,0.4499149113150507,0.358266,0.55415064,0.5808971,0.55674386
ID_B5650F5A7B,0,0.1577799677821361,0.11876247,0.22228996,0.21666785,0.15870894
ID_F834120B11,0,0.06431810641055383,0.06973867,0.05688217,0.03889652,0.068430446
ID_104B42D287,0,0.06722241491655453,0.085517436,0.039104037,0.047737066,0.058675546
ID_3F75D3A671,0,0.03568375831905913,0.031206788,0.040516857,0.076986,0.026242435
ID_165BC84CAD,0,0.048655470262906744,0.062641375,0.034497213,0.025714554,0.029889597
ID_E43CBD2DED,0,0.011650956219660603,0.016103553,0.0054329433,0.008229937,0.007653428
ID_3AA3500E35,0,0.024433743499790658,0.025605557,0.02341881,0.015279056,0.025646664
ID_165B5F240B,0,0.10478390115078895,0.12496837,0.07205629,0.07811265,0.10126741
ID_ACCD7C7796,0,0.03509604746268442,0.038840227,0.03459394,0.038739137,0.018753577
ID_13AB63C1A5,0,0.05067587899152755,0.05554603,0.045945417,0.0422358,0.043909736
ID_F8828161CD,0,0.06887481365063361,0.050193723,0.09429675,0.15050441,0.057749104
ID_8B932F35C1,0,0.03317089704367201,0.036856696,0.025373764,0.055126037,0.024741322
ID_7324A68198,0,0.04603784138078153,0.05023482,0.031740528,0.06947973,0.04874214
ID_03375E4B74,0,0.013351991812336168,0.017193606,0.0079367515,0.009857612,0.010247845
ID_A6E94FADFB,0,0.02192678203922152,0.027055848,0.013730447,0.0146774715,0.020981368
ID_734D6826E8,1,0.7389550952942643,0.7448031,0.7162342,0.7552928,0.7558445
ID_8438C9D707,0,0.027097308215166455,0.031780012,0.021613639,0.031295348,0.017230403
ID_AB1A6C899B,0,0.06917222566929258,0.055243343,0.08965794,0.069144875,0.08413613
ID_2F39A0CE41,0,0.011277046443167687,0.013894795,0.00680119,0.009468152,0.010597997
ID_0DC5FD324F,0,0.06139655430598293,0.05697331,0.065314986,0.057338662,0.07346286
ID_810FD73617,0,0.016022436588405076,0.019415451,0.012259924,0.013861308,0.010688703
ID_05EAB78F3C,1,0.34614741015536354,0.29372504,0.4285283,0.38674688,0.37339368
ID_FC7761C9BA,1,0.37673802574048215,0.32767755,0.36353815,0.43347645,0.5877622
ID_83E23F2449,1,0.6153375826739345,0.5576584,0.6414414,0.69672346,0.76775086
ID_16E79B4535,0,0.04558746874032085,0.03287782,0.06573243,0.07513864,0.043233577
ID_A222B04535,0,0.22079076376514328,0.23388588,0.17393821,0.28911015,0.23614219
ID_1CCE152AEC,0,0.03191911804616075,0.01882937,0.036683533,0.038462263,0.07419417
ID_7947A23D73,0,0.010134602698072068,0.011050846,0.0077590086,0.0077098105,0.012413267
ID_1E59F4906C,0,0.04600925821371235,0.04591818,0.044320952,0.064654835,0.04188818
ID_A100BCD7C5,0,0.2658026120628312,0.25370395,0.27028298,0.19912441,0.33641398
ID_C06D3175D8,0,0.07791855399129954,0.115878984,0.034151237,0.03588638,0.029617043
ID_AC01BE5886,0,0.026214646618766563,0.034000184,0.015513825,0.021704722,0.018215092
ID_F3F327F535,0,0.02974705994365616,0.040781613,0.016124215,0.018183583,0.017352365
ID_8F38B01808,1,0.31660615577878565,0.33466065,0.28744996,0.31071073,0.3053786
ID_E3EFA7D0F4,0,0.0955807825101301,0.112865545,0.070997454,0.08188204,0.08120022
ID_559ABFF498,1,0.6867278258581265,0.7153593,0.63955647,0.7275675,0.6490496
ID_F1C43AF46E,0,0.2634702243738317,0.34431076,0.16976412,0.2006143,0.15005878
ID_892A63855D,0,0.029354155993510513,0.026959196,0.038525797,0.03638109,0.016743802
ID_BC9DBD8142,0,0.01901723093465271,0.022256779,0.013926213,0.015283156,0.017867802
ID_90609241BE,0,0.07568306307914371,0.060344957,0.11396022,0.04566527,0.0715146
ID_E51837C38A,0,0.02026887572655541,0.02658595,0.010878659,0.01302993,0.016856667
ID_16DEE4E35B,0,0.08062060716704836,0.07142705,0.103692934,0.078469984,0.07093925
ID_7A680D10AF,0,0.3323154502685233,0.38178104,0.28647077,0.25417906,0.2555609
ID_D015ED9F36,1,0.14715719554776988,0.17666191,0.13740326,0.08970681,0.06836854
ID_4FD53CD303,0,0.020395331095288197,0.027826114,0.008477764,0.016657177,0.016169377
ID_C714245BE7,1,0.551999131780285,0.4719789,0.699265,0.63800186,0.5369625
ID_049A35C60B,0,0.31053358833229094,0.29432854,0.3438869,0.2543235,0.33201018
ID_8FA199916F,0,0.17372181827059313,0.12712601,0.2105301,0.24558471,0.2604605
ID_8C23483DB7,0,0.14309934282050668,0.11791832,0.16702436,0.16393049,0.18917067
ID_43A81CA2D4,1,0.6209299047350697,0.6613234,0.54701674,0.6557448,0.5935076
ID_0B8D15FA8B,0,0.028280586226843145,0.036659896,0.018280104,0.020771893,0.01757529
ID_664DB551B8,0,0.2227718409428813,0.26896876,0.17316683,0.1951699,0.14587612
ID_12740D0C49,0,0.19480893445916342,0.18724465,0.19178142,0.19039904,0.23520948
ID_754D799E55,0,0.11156761506609639,0.12498855,0.11456339,0.06513171,0.068635516
ID_E9DA6531CC,0,0.04845137825251992,0.057129107,0.035678353,0.052628994,0.03733746
ID_950231B237,0,0.011908547789947302,0.01616107,0.006112449,0.0069593545,0.008518098
ID_704A13DA22,0,0.09010268949120781,0.08856502,0.08113834,0.16331935,0.08391801
ID_E4D7E62DCC,0,0.3977160245924798,0.4571486,0.29262555,0.5130525,0.32156882
ID_1D7A1EAFEF,0,0.03867301817798477,0.050016426,0.023672834,0.02903335,0.027088296
ID_9FE9C4FAED,0,0.05342684605721662,0.07411358,0.022044167,0.05810893,0.03123457
ID_39C6706ED2,0,0.014097775716691878,0.014906103,0.010769189,0.019748488,0.015356822
ID_EFEA7659CD,0,0.299442357535444,0.30639133,0.29061407,0.34329426,0.2698821
ID_9838A98826,0,0.4512760633984342,0.5264875,0.41698304,0.2456005,0.29647636
ID_C3A431C44C,0,0.2292700184558651,0.19895853,0.2591494,0.3589937,0.23679496
ID_56127C2D96,0,0.03530483195362407,0.0382292,0.032387782,0.042244203,0.026172124
ID_5D02E8E6C2,0,0.054805164866692735,0.04970762,0.061128307,0.12027064,0.034258652
ID_EA37D3BF0D,0,0.06692052558832665,0.07467664,0.055691693,0.08999216,0.048155036
ID_DEED794C11,0,0.010065149124053898,0.013522897,0.0049565295,0.0070823426,0.0077033797
ID_C0BF54564F,0,0.013647217812559786,0.017098445,0.008467373,0.012030313,0.010870395
ID_62D0F21C51,0,0.017634531235100066,0.021380026,0.013816659,0.010944944,0.012903141
ID_F602455C70,1,0.09755366729045406,0.10869632,0.085097596,0.10501164,0.07390752
ID_61747334C6,0,0.022727413318928094,0.032101326,0.0101534035,0.0136001855,0.014042588
ID_6CAEBE6AB5,1,0.30393198005870914,0.3300625,0.26004148,0.368372,0.25950313
ID_846B846B49,0,0.1612482823273364,0.12639555,0.17759526,0.2916356,0.21671368
ID_E63B9FC26C,0,0.148724671928338,0.15914276,0.13180006,0.102460526,0.16114534
ID_557B7301F6,1,0.44520939757975003,0.42507285,0.43317702,0.48005146,0.5409751
ID_E1A3281551,0,0.0655602413451567,0.064094715,0.07911911,0.08350169,0.034851335
ID_609383BE27,0,0.0945918897950481,0.104146756,0.05699417,0.1402353,0.11494483
ID_BB4ECF49A3,0,0.12513495915036904,0.1503841,0.09451618,0.09891689,0.09548243
ID_2DD97B0DB4,0,0.047092884303329814,0.057848893,0.03663059,0.04066261,0.026858745
ID_C97DDD8B29,1,0.47049317037774646,0.43713158,0.4582872,0.46393472,0.6405973
ID_7A672AFDF7,0,0.05886414425412164,0.069719344,0.048572145,0.048923716,0.039375395
ID_B3C5C466ED,0,0.12356757771901809,0.124499954,0.1146432,0.09564483,0.15094037
ID_0902C21BC0,0,0.24717202725279705,0.2579393,0.21732791,0.23989235,0.26883596
ID_6D7C96DD37,1,0.40076805889679257,0.3275747,0.45916554,0.6343728,0.48315424
ID_CBF48156F0,0,0.10951775694850518,0.11384238,0.108403556,0.15031861,0.07583668
ID_7D55590319,1,0.6405250349529115,0.64063716,0.6393109,0.6314838,0.6465965
ID_E927C4C824,0,0.10926530864151618,0.10971545,0.08175942,0.16069254,0.14394675
ID_F3C3AA75C9,0,0.027740236571492445,0.037671883,0.012655747,0.03182396,0.016323585
ID_7720AB9F51,0,0.019434769203281053,0.025054948,0.012637539,0.015941605,0.011774274
ID_688845A3F9,0,0.03677463676262592,0.043619405,0.033003382,0.031397052,0.018266702
ID_A2837EA836,0,0.10239805421843104,0.13593431,0.06757186,0.08823592,0.041475143
ID_107E15F02E,0,0.12143888425901782,0.10603421,0.12852217,0.13835026,0.16400838
ID_BBF05429D7,0,0.034342688608840606,0.03420206,0.03254544,0.044635464,0.034305852
ID_938D393B02,0,0.015666775629834456,0.02209854,0.0067863697,0.011013743,0.009548826
ID_7C898AAE22,0,0.2976298875994471,0.2633641,0.36392987,0.4145147,0.24934636
ID_5AB46E6291,0,0.07135254029217869,0.056560267,0.09371605,0.08316875,0.08077642
ID_6F7526742C,1,0.4696190215977809,0.48707864,0.46127862,0.47837177,0.4098701
ID_59C4ADEE17,0,0.23486236962724588,0.20044744,0.28291884,0.30331126,0.2474567
ID_1E0646FC32,0,0.020244318345029776,0.020233827,0.021417866,0.021380788,0.017275939
ID_EEF0A9D9EC,1,0.06368574096299216,0.09025552,0.032623466,0.03205434,0.031760193
ID_1895F132BD,1,0.30668096845081155,0.25999832,0.33803764,0.43397668,0.38131744
ID_50F3FC7BB8,0,0.03933483585370805,0.04536819,0.033216983,0.047240246,0.023501288
ID_BCE1AAA1CE,0,0.04406542511626409,0.033617225,0.06718962,0.036861707,0.04178047
ID_4216418EAC,0,0.20687238285198478,0.22952177,0.1785506,0.23028731,0.16164982
ID_F44CBFC876,0,0.06108431022060034,0.05667923,0.07135342,0.07553088,0.05138491
ID_A3279A14C1,0,0.050221800413917855,0.053874705,0.046359353,0.04776146,0.044133972
ID_7E7DC2D322,1,0.23838897412966786,0.31358734,0.15157613,0.19713293,0.12463219
ID_8FBF6607F0,0,0.0506129678857431,0.06372279,0.039485794,0.02601467,0.02977199
ID_35CB15A8ED,0,0.23834224736273896,0.2624014,0.20629215,0.31287336,0.17287442
ID_1F15B5E125,0,0.019981019470752218,0.024126112,0.014337394,0.016312353,0.016159551
ID_B929AEF215,0,0.12210557154691223,0.10263336,0.16960564,0.13537727,0.09676333
ID_A6849AB457,1,0.4122697403664384,0.44087747,0.41784376,0.25683543,0.34710598
ID_63845572B6,0,0.041897623655566756,0.059769146,0.01619402,0.030741528,0.026330788
ID_DB48D89480,0,0.3728184550948669,0.3497781,0.35119626,0.49888366,0.46166852
ID_85C6279572,0,0.033114292754162535,0.033558697,0.028323954,0.08292879,0.01979642
ID_8DCDCB57A0,0,0.0328846800781434,0.039657738,0.025992863,0.031782825,0.019509986
ID_B9E8E46471,0,0.031157526373475054,0.039224524,0.022058047,0.02210377,0.02051356
ID_9FAD649F23,0,0.08428632107527878,0.094949186,0.05696218,0.07825458,0.10044223
ID_A6546B678C,1,0.05627751746111585,0.05828527,0.05711288,0.041730475,0.052337382
ID_A2B0674448,0,0.055373786429602424,0.037800293,0.064729944,0.104451835,0.088216566
ID_CE01EFD112,0,0.313852477981834,0.2959117,0.3542963,0.35971132,0.28296614
ID_7EFCD2DD6B,0,0.018114682404720354,0.022932742,0.012445134,0.016902663,0.010432456
ID_1BAD5945D3,0,0.03328334613978605,0.037284613,0.025409648,0.052965917,0.024674747
ID_FDC198B98B,1,0.5824126127774207,0.5228325,0.6528906,0.6550137,0.6515068
ID_A42E0DBF5C,0,0.010090938739784809,0.012102063,0.006480403,0.012352905,0.008346186
ID_557352964F,1,0.7812128524961198,0.7416116,0.84120744,0.8366963,0.79578
ID_122AAD26B6,0,0.013943505467079172,0.016813368,0.008148692,0.013221558,0.0145539045
ID_93EAC9710B,1,0.6607829132666136,0.6313379,0.7452379,0.6817997,0.59496146
ID_789559CDC7,0,0.054015991742251634,0.07177696,0.025841108,0.050183095,0.041025482
ID_409CB7F34D,1,0.19890065841169877,0.24489973,0.16145165,0.13164128,0.11405284
ID_4493EC2AB1,0,0.015131096256190121,0.013093885,0.0120777935,0.031375233,0.023213668
ID_5543DE3087,0,0.12399294766486046,0.12868586,0.10789096,0.12392568,0.13871923
ID_F4B0CC5D98,0,0.4203219766022814,0.38372743,0.49903804,0.48874277,0.37637746
ID_39D963C0A6,0,0.01875383309941303,0.023775058,0.011690838,0.019114906,0.012515891
ID_47AEB9FA66,0,0.05563758139008536,0.05781637,0.053812686,0.040265545,0.057040323
ID_C491F85EA7,0,0.13526806748145023,0.15081726,0.12212392,0.115002126,0.106550775
ID_E1096AD331,0,0.37708685291616495,0.37410036,0.39584184,0.34364045,0.36406326
ID_7F9671D905,0,0.04660778462417379,0.04615229,0.04663702,0.039559122,0.05154359
ID_A1D9782B41,0,0.05875464774092838,0.07959938,0.022951609,0.055303384,0.04892168
ID_601975A5C3,0,0.43750635417662775,0.42453778,0.43425548,0.55154,0.4496067
ID_1D5606ACE0,1,0.8141217533457861,0.81058246,0.8473848,0.7886301,0.7688471
ID_E6650E5E65,0,0.6458087279942015,0.65761614,0.6506921,0.5352309,0.6336099
ID_5C2CAB6CB1,0,0.06687315670241584,0.0618592,0.059891183,0.075212084,0.099415496
ID_1824234B21,0,0.01734122083591903,0.016549395,0.018414697,0.014863333,0.01946673
ID_D65CEF744D,0,0.13927295681145616,0.16530634,0.106302805,0.10635034,0.11427082
ID_C132C2D552,0,0.056114003703949325,0.05582839,0.057468973,0.06663542,0.049828805
ID_92DDB79A8C,0,0.030993009128224815,0.03276518,0.029009586,0.037329122,0.024992395
ID_9256104C96,0,0.11892769152604443,0.14303827,0.07671004,0.09151484,0.11949059
ID_5280EDA69E,0,0.050042640704458664,0.05791,0.041865252,0.05090571,0.03394205
ID_7113E22E62,0,0.11745457298022974,0.097603194,0.16770604,0.09696991,0.10252819
ID_CC7E486628,0,0.1365281110478267,0.12275578,0.13100828,0.2734924,0.14689843
ID_1963B85A75,1,0.03814042291938899,0.043125827,0.032297973,0.037905432,0.02969561
ID_3B800D8862,0,0.07864100428850822,0.09532804,0.059817724,0.057192687,0.05781015
ID_052E2A2640,0,0.16350804321828813,0.19352819,0.12066306,0.17333333,0.12419691
ID_4F21F28D9A,0,0.13852484411262894,0.13480295,0.110892184,0.13727742,0.21407999
ID_2D5EFBAC2B,0,0.03605435381500479,0.039866637,0.03331147,0.034809068,0.026361423
ID_44E4D9FAC5,0,0.029819816446337546,0.030977126,0.030945247,0.029964896,0.022448998
ID_E8CBE1E2F8,0,0.016593959915788613,0.018876804,0.014409155,0.016727777,0.011569669
ID_94F66AB518,0,0.015010652033219477,0.01933106,0.009575476,0.012114285,0.009664111
ID_1EC0797102,0,0.12681231156905073,0.12960316,0.120019026,0.09022709,0.14553161
ID_D75D8AAF6E,0,0.04839901502964744,0.04646753,0.049880296,0.071678996,0.043240547
ID_507B64BB58,0,0.12152999361495861,0.13691506,0.10690313,0.11290234,0.09161402
ID_E49739A61E,0,0.024896010741199723,0.024659429,0.028110232,0.02203393,0.0202492
ID_CCA90A90CF,0,0.01303365430029588,0.016181055,0.006756659,0.0093665235,0.014788676
ID_C5C0A41B37,0,0.05963237412393717,0.049100798,0.07511933,0.120030716,0.04461426
ID_246A2CE5A5,1,0.5759909632889455,0.51495945,0.68084717,0.7248316,0.544245
ID_A76F5980B7,0,0.027022428016598807,0.028995227,0.025586545,0.031393778,0.019855436
ID_1298DBC9D9,0,0.024188419203167687,0.01905995,0.019255968,0.033326972,0.052470013
ID_47CB144E12,0,0.008406305109446056,0.010692692,0.0044535818,0.0045284037,0.008908083
ID_4E34F8EFB1,0,0.05222255804759322,0.06743153,0.023367958,0.045844257,0.05259021
ID_DE461BF85E,1,0.14262189915616139,0.17294389,0.07753542,0.20616885,0.12632658
ID_D7C515DD62,0,0.055185063553755256,0.06754634,0.046038948,0.043434165,0.02765938
ID_73FD512F5B,0,0.03078214986763208,0.03882556,0.02151209,0.017605962,0.02240082
ID_D1E3098B78,0,0.02914991057283544,0.036308303,0.018012632,0.023053214,0.025430026
ID_BCDAF8513E,0,0.033719630761519626,0.04822778,0.01499429,0.032126974,0.013236458
ID_83875417A6,0,0.08041881768070928,0.08896171,0.06904415,0.092876524,0.06326609
ID_CD9993C0A5,0,0.13019015605704898,0.11809706,0.13590413,0.14546517,0.16240792
ID_075825B259,0,0.05011297097055887,0.059753392,0.034091923,0.07018678,0.034966517
ID_4739874B92,1,0.7461733655608369,0.87028944,0.573311,0.68013346,0.6209644
ID_26B3D633A7,0,0.14227872870445288,0.16201738,0.10289863,0.16005665,0.13554175
ID_955E16B526,0,0.009999240996952857,0.013313177,0.0047959154,0.0067176134,0.008578959
ID_3776B9F0E1,0,0.1187279589740757,0.15764895,0.06655985,0.060105458,0.09161707
ID_94831AC62D,1,0.2930273003410545,0.25046915,0.3102358,0.341164,0.415079
ID_5E3262CECE,0,0.033829361454806625,0.042761553,0.019636497,0.015386647,0.034545504
ID_D0E158971C,0,0.3596605412599553,0.37281853,0.32100093,0.31974933,0.40435004
ID_16597D3DB7,0,0.4399370877782875,0.40303075,0.42165595,0.4888257,0.6138914
ID_64C4143872,0,0.13258786953920623,0.15204385,0.11210119,0.16005343,0.08229537
ID_A3A3E00721,0,0.07754768424633168,0.091730304,0.053498503,0.06431636,0.07493435
ID_FAD84F4AC9,0,0.01967615119177031,0.025255058,0.01240676,0.01517533,0.013642232
ID_ED7C75ECA3,0,0.015165451708337128,0.0150431255,0.012121347,0.019939503,0.02013148
ID_6767B25D18,0,0.1334586021365799,0.14660351,0.13127269,0.13316044,0.08269701
ID_8C00D5E26A,1,0.4532118803722309,0.485289,0.39438406,0.4412712,0.44897556
ID_34B0BCDA28,0,0.022038530186153486,0.02121496,0.024018485,0.023400566,0.020679953
ID_33C3825561,0,0.023493315092099145,0.023887042,0.02171122,0.024157405,0.025361773
ID_0DC36E7DB7,0,0.02522482006406132,0.026651243,0.02185209,0.030951275,0.023932055
ID_620527CB2D,0,0.0321408631093446,0.02912613,0.037926983,0.03866809,0.029631114
ID_8BEB7010BA,0,0.01574878745683706,0.019421926,0.009333923,0.017820524,0.013074971
ID_28CAD1D791,0,0.013369403185116459,0.01678669,0.008995336,0.009304022,0.010074942
ID_F3DE8D9B22,0,0.11092462624895275,0.12013906,0.11126841,0.12576738,0.06475581
ID_76EDB172BC,0,0.028408315677453645,0.033982873,0.022025425,0.03267319,0.016670156
ID_59BEFE1039,0,0.04738963003475911,0.06393707,0.025553303,0.03743353,0.028602723
ID_305B188BDE,0,0.09890132340225519,0.11170652,0.08140426,0.10440557,0.07989041
ID_0200994321,0,0.04056681430006094,0.046193436,0.023267958,0.034214225,0.0566523
ID_DAB754789D,0,0.013752431490959255,0.018853378,0.0053174333,0.017394867,0.00869009
ID_71CB883764,0,0.02326216808136051,0.025163963,0.019527204,0.020014206,0.024648407
ID_CC7DBE59B1,0,0.20768423047547804,0.20500663,0.1958553,0.21827284,0.23976421
ID_BB6891210B,0,0.03583155903155874,0.048500173,0.02069397,0.028179722,0.018071711
ID_811E49D1FA,0,0.05047177713027183,0.05546732,0.047368184,0.055324413,0.033891317
ID_37A2AC39C9,0,0.023919471322073234,0.031092169,0.01533821,0.02172873,0.012953621
ID_A4BA70EA11,0,0.01453382549604,0.018659132,0.009181357,0.0121081015,0.009629663
ID_D75934E20E,0,0.10588930183511194,0.11549793,0.10385192,0.066957034,0.08660235
ID_590F416E72,0,0.011448232486051129,0.013856961,0.007743319,0.011106806,0.009359572
ID_2099581635,0,0.04684534336956011,0.068687774,0.020474436,0.029447924,0.018640393
ID_D27802A518,0,0.6038029790526619,0.6230649,0.57336766,0.6409391,0.57145625
ID_5602E7F42A,0,0.11894349134915212,0.04994624,0.22617856,0.07947451,0.19786148
ID_B6B6EEC3B7,0,0.09553157134724347,0.1387438,0.04186129,0.060091514,0.04339298
ID_1F53F28402,1,0.51498666488702,0.70413876,0.27084532,0.4053672,0.28668177
ID_DD449DEAA8,0,0.023281291556167552,0.025909247,0.019584866,0.037001964,0.014117716
ID_1DAA85EDAF,1,0.2700652354982703,0.19384193,0.461261,0.2325662,0.19857632
ID_6D5DC29B88,0,0.026648128658777116,0.030071516,0.017573474,0.034154437,0.028366823
ID_FEED716E5D,1,0.7424669579217451,0.70354944,0.754568,0.8130138,0.8503122
ID_2D1A1AE473,0,0.02681342038580606,0.017594956,0.04140348,0.053202108,0.022992013
ID_0E18FA5476,0,0.14555121801693754,0.15718444,0.15393178,0.0778165,0.1079116
ID_9CC0D8B565,0,0.04267716020677847,0.048552506,0.029345334,0.057504006,0.039969146
ID_E1C8CF6DBF,0,0.030904519718113484,0.04070832,0.017739372,0.028540503,0.01872192
ID_A9112B090E,0,0.17607104680425942,0.17580234,0.14659056,0.19440876,0.23245159
ID_4E1F7C9A15,0,0.17396422534099903,0.18740724,0.16936909,0.19781116,0.11658513
ID_907E3B73F7,0,0.019114597352436945,0.022777198,0.015335877,0.018304545,0.012086798
ID_66D839FE8F,0,0.0882326378932898,0.10988874,0.0636472,0.08599105,0.05037905
ID_B880848E3E,0,0.01944995737796804,0.023501942,0.014804828,0.01340258,0.014917225
ID_307E8B9A94,0,0.15997792433219266,0.14222704,0.18107693,0.18135345,0.18045717
ID_BA0BA2C09E,0,0.16163554783926454,0.20042872,0.114445485,0.13272002,0.111437365
ID_B2728BF76B,0,0.1718392911398062,0.16112524,0.1569092,0.25100794,0.2146575
ID_AE15B081F6,0,0.39540352457752503,0.29408145,0.6175535,0.4058216,0.34275314
ID_895C9DF22D,0,0.11302498345211648,0.11175774,0.11814313,0.11334035,0.107266985
ID_ED480AECC4,1,0.3604691432268782,0.36029738,0.41920874,0.28082463,0.26991206
ID_FB556E9CCD,0,0.12912491924404693,0.14744042,0.10557542,0.16003287,0.08872413
ID_5E4EB259E3,1,0.49168612607298734,0.42965367,0.5490148,0.666407,0.5548412
ID_1F53DCC3BC,0,0.20757006166777242,0.19116573,0.20179503,0.2710557,0.26164648
ID_83F88098FA,0,0.2591433086477408,0.26943696,0.2485398,0.24418238,0.24488564
ID_24DE49CB01,1,0.5517353556468301,0.55220383,0.47723284,0.7399208,0.62753683
ID_2F0071098E,0,0.07173171895375421,0.07205401,0.055457436,0.11752199,0.085318275
ID_D32426EA2B,0,0.06032348530478577,0.0576562,0.064878576,0.049115766,0.06671605
ID_04E136F78D,0,0.5239367496053327,0.48133337,0.57312876,0.41744816,0.6449747
ID_9716926BF7,0,0.10546050404941507,0.10937521,0.09190814,0.14126526,0.10237132
ID_35C6DC2395,0,0.05041125058087033,0.053046796,0.050922543,0.0596829,0.034129065
ID_2612498C41,0,0.12003210517991963,0.12386533,0.1211731,0.13162415,0.09632356
ID_BA570F85E3,0,0.052961232298579936,0.071725026,0.029976306,0.02404934,0.035529703
ID_85742C6D29,0,0.03357679448690682,0.040018152,0.020437496,0.026432855,0.037639726
ID_B5A98A8E47,0,0.09529243669353338,0.11448206,0.0614969,0.06565642,0.0995656
ID_308BF503EF,0,0.010175489409155488,0.013442524,0.0047046263,0.008580389,0.008792242
ID_946561AFA3,0,0.0974667349511481,0.052628484,0.13749786,0.1641733,0.17210838
ID_AABC5E5C15,0,0.04973826090753636,0.049757745,0.050665848,0.053826287,0.045884136
ID_8C4EBF3586,0,0.21207862450297899,0.21434435,0.1371309,0.2883284,0.33002925
ID_EA9198BEBE,0,0.06580805606101219,0.08664444,0.040545262,0.0432391,0.04173428
ID_F19EB56997,0,0.020186969996858085,0.02843604,0.009596501,0.015322542,0.0101452805
ID_864A81BFFE,0,0.019621405051080176,0.022940245,0.015233699,0.014913715,0.017052453
ID_0BBDE82EE6,1,0.5076670062355012,0.5148321,0.5189673,0.5781483,0.42240784
ID_4585C4C8A3,0,0.03427982295054663,0.041791447,0.028397813,0.033777475,0.015354815
ID_81DFFEE870,0,0.028571126153483915,0.034949508,0.023646036,0.022353267,0.014876558
ID_A777EDFDCA,0,0.058049978244248526,0.057891797,0.05259749,0.087840475,0.057428956
ID_42217F62C8,1,0.21729463799627605,0.21480434,0.17020386,0.25083432,0.31421748
ID_4519581A15,0,0.024667029743785665,0.032079827,0.016203588,0.010196988,0.017785858
ID_B025A043D5,0,0.09568036788247786,0.10248181,0.07510507,0.103683576,0.10756879
ID_352127605F,1,0.5643194483270049,0.46034223,0.70827687,0.7042694,0.63416094
ID_ECFD0D2863,0,0.028988170187739488,0.03958981,0.014600678,0.031569906,0.013898198
ID_1B820D3B39,0,0.059666323938168626,0.054984357,0.06007373,0.110597044,0.05638812
ID_1BACD53D97,0,0.02357417046700899,0.033057306,0.011641308,0.017249387,0.0118306065
ID_F0A8945467,0,0.06211808828733716,0.07104669,0.049294043,0.056349795,0.05438834
ID_4EC07215A1,0,0.01626847250610084,0.019580469,0.011530014,0.019961378,0.010818978
ID_0F8C207AAD,0,0.06556305491348516,0.06539621,0.050193902,0.092483886,0.087501556
ID_3592811FE1,0,0.053458906247245225,0.06093346,0.050036527,0.046192724,0.032362945
ID_22C78D223F,1,0.5204208007292603,0.5129894,0.5354688,0.5506764,0.5063752
ID_246FEA2964,0,0.08702432078871684,0.11071611,0.056742784,0.06645608,0.06077051
ID_A3C55632C5,0,0.014636309103880784,0.01967004,0.009038242,0.0074358303,0.008499237
ID_A28986416E,0,0.04758495754011005,0.04301728,0.061998174,0.043960474,0.037560932
ID_5621A409F0,0,0.04708354466372648,0.054246675,0.032777,0.042837374,0.049335286
ID_59B64AEB67,0,0.30491640020367106,0.28943175,0.3643069,0.33972532,0.2278195
ID_8560AE7D52,0,0.02162753494764858,0.021620058,0.02210534,0.02340373,0.01985997
ID_E66B1F5670,0,0.22479279826832232,0.22536927,0.2580609,0.1290814,0.19271387
ID_6FFC05534B,0,0.012671222914029619,0.0150514385,0.009006612,0.011780313,0.010856196
ID_E07E2CDFA2,1,0.5545414601083546,0.5269875,0.56634426,0.6341528,0.6110267
ID_19048D54B7,1,0.7783803672577072,0.81364733,0.73556536,0.80188686,0.71085614
ID_AE6EC7477A,0,0.0813782614583885,0.09387879,0.06478971,0.076571636,0.0662013
ID_BE82C94131,0,0.09880100322547203,0.09894684,0.08817103,0.097616576,0.121502765
ID_1C4111B807,0,0.3257760792434069,0.3175541,0.3150091,0.3670072,0.36566418
ID_630B79AE83,0,0.012796685994371598,0.015873475,0.006566488,0.0112528335,0.013824343
ID_898A20AB94,0,0.08440396377565557,0.06934935,0.08249465,0.15247828,0.1224809
ID_305A7003FD,0,0.028408507296565237,0.029041223,0.026295878,0.050625972,0.020580221
ID_0A0F7DEFFE,0,0.011298841021199784,0.013539514,0.007820938,0.011836458,0.0090506375
ID_E374BAA670,0,0.3206611532953789,0.30138278,0.36469662,0.3510366,0.2944755
ID_F4022F40EF,0,0.23746953358892597,0.26049286,0.19635904,0.3564922,0.1764226
ID_470CBE4BFB,1,0.403778837528751,0.42455637,0.37656644,0.5325858,0.31815025
ID_10327C4644,0,0.02609752252829826,0.034795992,0.015133727,0.025258003,0.0132019725
ID_D75719451C,0,0.04861574080298517,0.055115025,0.03553418,0.030072687,0.05727883
ID_57295B9949,0,0.3683743451455299,0.39287466,0.34081307,0.45324415,0.28690562
ID_935F3AEAA7,0,0.05475513325994434,0.060688913,0.048211932,0.0547657,0.043696433
ID_1AA3A90086,0,0.04266240035020176,0.04832821,0.038535193,0.03489782,0.030943504
ID_1F9747DA45,0,0.02829220241125214,0.03595899,0.020890003,0.017481955,0.016465312
ID_B40A873BBB,0,0.011559921784093152,0.013749903,0.008012289,0.0111709405,0.01007954
ID_E0D0A82A02,0,0.20336955940274115,0.18739648,0.22610345,0.25239292,0.2007729
ID_9342B287EE,1,0.19443652028324454,0.22131802,0.13189557,0.21373722,0.20651545
ID_D10623E909,1,0.20933058951769248,0.2187223,0.19362865,0.2595836,0.18139595
ID_6E9DB2289B,0,0.017587761102867753,0.019229228,0.012929616,0.016481517,0.021121453
ID_E75313C52B,0,0.21298093600222298,0.20655423,0.21741776,0.25447738,0.21254903
ID_3F4398F946,0,0.28582536429662386,0.24497679,0.32900673,0.40144134,0.31552008
ID_74EE893DF5,0,0.03729447145101582,0.04948002,0.019851398,0.041334152,0.021426197
ID_A15611D44F,0,0.015082583383911396,0.018604733,0.0096404925,0.014142367,0.012273448
ID_922AF4F872,0,0.10072191141671753,0.12272889,0.08718206,0.058341425,0.055187885
ID_2848222313,0,0.023782044140717825,0.033501893,0.01125736,0.012770269,0.014350176
ID_3401C4E3C4,0,0.03918926695653181,0.042810034,0.03103478,0.05058794,0.036402844
ID_4A9B7CF7C6,0,0.20531275850746683,0.21358505,0.22193398,0.13608052,0.16486008
ID_FD76258AF6,0,0.07533572448477696,0.09904986,0.055398773,0.044686154,0.031192036
ID_3FFDBC285F,0,0.03570275424627136,0.042244334,0.025392132,0.051262222,0.023377642
ID_0F81F901C7,0,0.10617770088839379,0.12022222,0.06912418,0.08899467,0.13376617
ID_04637223E5,0,0.013067924681358624,0.0145817045,0.011308965,0.011304033,0.011209213
ID_73606919C5,1,0.2773757423297818,0.2450565,0.28016213,0.41401184,0.34849346
ID_3DD0BEEF88,0,0.014174252688713654,0.01614148,0.01036661,0.019488892,0.011707239
ID_280CB197FC,0,0.04978735196551654,0.058638666,0.039570484,0.037899002,0.039459568
ID_3452DF32F2,1,0.6180057797529437,0.6214233,0.599574,0.6402535,0.6333951
ID_AEB51C2644,0,0.09001781789291843,0.09471518,0.078241564,0.05760639,0.1095453
ID_057632E6B0,0,0.21053181994279166,0.22002354,0.18993692,0.3288768,0.16298836
ID_7FAE68C14B,0,0.03485417204658235,0.047703333,0.014462417,0.029001305,0.02681732
ID_07624044B6,0,0.05950140132202943,0.062282786,0.043828934,0.08012153,0.07237108
ID_D6393E75E8,0,0.3218233492098035,0.24956828,0.4435248,0.3001516,0.3757269
ID_503C02363C,0,0.08328833638471587,0.09240641,0.07362591,0.08403758,0.06513451
ID_50395540E9,0,0.014947137653911516,0.01624437,0.012815288,0.021246718,0.011289011
ID_C80C49FFCB,1,0.5839180994159272,0.5174967,0.66595125,0.5953236,0.6838281
ID_7A2B5839C4,0,0.03058359169892233,0.03723329,0.018365331,0.031590104,0.028237075
ID_131BF7B8F5,0,0.28328421116905556,0.26595098,0.36964983,0.19403781,0.21021646
ID_B8DACA9B5D,0,0.10160993971541277,0.11996471,0.079490885,0.10937378,0.06806334
ID_E1C956FEA1,1,0.888067591284148,0.8763333,0.895505,0.94083273,0.89872915
ID_6AF865A347,0,0.04062965285613125,0.046702728,0.033481278,0.034000177,0.033174552
ID_CCDAC4EB08,0,0.02594403519745976,0.028092336,0.017767627,0.043211598,0.02687237
ID_BC8C3DBA91,0,0.013905809425890038,0.016439635,0.009701639,0.013575782,0.0123541765
ID_64817724DC,0,0.03355154446892996,0.04421105,0.020351214,0.01735243,0.023857044
ID_CC80AF1F4E,0,0.1273553687275269,0.13744143,0.08688316,0.10608764,0.18079525
ID_1E02B8D8DD,0,0.0692372277077414,0.07846445,0.06316508,0.042629853,0.054845367
ID_B586BD3ABC,0,0.013623802201692094,0.014126311,0.010947252,0.01491643,0.016676987
ID_611288DE47,0,0.04240007048163706,0.05278762,0.023650853,0.03654022,0.041251305
ID_4B03A2720F,0,0.009467729149890983,0.011595463,0.006461261,0.0073319348,0.007851155
ID_680C5E9E16,0,0.04287795154030859,0.048413422,0.03491519,0.034097895,0.04038037
ID_07731B9548,0,0.04096649275461317,0.045604657,0.039630473,0.044572826,0.022648819
ID_EB919A4ABF,0,0.055640520705452404,0.06852812,0.042196922,0.051766146,0.03167437
ID_7FB9C271DA,0,0.010472331433686238,0.01383141,0.005879783,0.00899785,0.006763266
ID_DE482E1A79,1,0.2630440099472574,0.3145298,0.18574351,0.24868682,0.21742082
ID_6BBDC00E48,1,0.16197757942509777,0.18695588,0.11948277,0.20404501,0.12917913
ID_C456DAFA93,0,0.024295825306245487,0.031435277,0.013164923,0.022039507,0.018968306
ID_EE5C01DE33,0,0.060625374155956646,0.055982627,0.061141714,0.0878815,0.06726757
ID_E56459BA94,0,0.06311943322545499,0.06322211,0.06459907,0.049580116,0.06541323
ID_9022907220,0,0.05416411713704878,0.066397,0.04098035,0.03723085,0.03810142
ID_849141C08A,0,0.022857631379644562,0.028086286,0.020272054,0.013781937,0.010251761
ID_64A943336B,0,0.21512580734686693,0.18904804,0.22492513,0.2177197,0.30323926
ID_89D0B981FC,0,0.024227835553177222,0.030488718,0.014005879,0.035716042,0.014674084
ID_3C484AC828,0,0.08595406662528594,0.08109321,0.11176747,0.08104688,0.053274572
ID_2B8637EB76,0,0.18272934878120695,0.20006533,0.17076188,0.15148394,0.14871894
ID_AD69986B06,0,0.07541346749608249,0.09275528,0.05490131,0.05464492,0.05514048
ID_4F60B5C5A8,0,0.04891675852690533,0.040022038,0.05476021,0.04680976,0.074910045
ID_28B26BA679,0,0.01727253606596342,0.017494803,0.016012678,0.018938193,0.018309146
ID_D1B8D4E132,0,0.03292218338492789,0.036814984,0.028697362,0.036035925,0.024167547
ID_5EFE6F3BE2,0,0.03295723843488392,0.036736466,0.029364536,0.026266567,0.027600683
ID_A430CE12E9,0,0.012437985414381462,0.015276225,0.008663683,0.009709283,0.009722699
ID_9788F50894,0,0.07851793269421001,0.072144784,0.099627085,0.06327064,0.06683113
ID_73B530D7BB,0,0.3123137499233442,0.35262847,0.2813362,0.20321645,0.25585672
ID_D2DAC502AD,0,0.05265214158213623,0.046453353,0.04773169,0.09991562,0.06881473
ID_159EFB7861,0,0.022370400734745152,0.017649129,0.027791746,0.030655274,0.027092695
ID_888B60073C,0,0.013269301609647876,0.015609994,0.008532447,0.013675058,0.013356212
ID_7FF40C25B1,1,0.88298595821958,0.9118259,0.8558305,0.8698759,0.82500756
ID_1481DE8BDE,0,0.34200337083934673,0.3038543,0.35237435,0.48900184,0.4169848
ID_52C4B76357,0,0.17897340135460615,0.1718396,0.18918698,0.26027322,0.15178925
ID_797BDFB19B,1,0.11158894417674534,0.1347313,0.07735979,0.11612505,0.08518314
ID_AF31198624,1,0.1489017122170349,0.11673372,0.20066847,0.2121692,0.14629509
ID_9462BD079D,0,0.02881109584362636,0.04048467,0.012249627,0.012650155,0.022022065
ID_31CEFFF70B,0,0.020981402716648688,0.029225843,0.0114571685,0.015707955,0.00885043
ID_195AE5B0ED,0,0.0097925125474008,0.011375184,0.0075886054,0.0065926327,0.009222909
ID_D91DA65EE6,0,0.03151367901488508,0.025677979,0.04017221,0.043514505,0.032384284
ID_A652904634,0,0.06355619698515558,0.073968865,0.05132397,0.054440778,0.049740914
ID_A8CBA9566F,0,0.009120142934697581,0.01122511,0.005118083,0.007880401,0.009344859
ID_0F5BFE4FBC,0,0.016287216110727434,0.021783032,0.007996883,0.0194933,0.009435141
ID_6CFAB992A7,0,0.025335053341931542,0.032028582,0.01750749,0.021724192,0.01539757
ID_77A29DE1A4,0,0.13246413695969336,0.13212858,0.1149034,0.12121663,0.17645493
ID_02B85309BB,1,0.9391363119687708,0.953473,0.93515265,0.9037125,0.90250343
ID_A76F135E43,1,0.320065939423914,0.34525278,0.2926661,0.35700652,0.2562407
ID_90D8EB1AF2,0,0.07073148556569868,0.07630276,0.06333399,0.06468705,0.06567751
ID_96517BFC05,0,0.024667871113631546,0.029205762,0.01921252,0.021651085,0.01849752
ID_E9C57B71CA,0,0.006770680279617235,0.008196368,0.0038928285,0.0061353855,0.007192595
ID_853D9E65FA,0,0.13307313481646874,0.13131344,0.109924816,0.165223,0.1761542
ID_1894A40F87,0,0.03156422263258064,0.03419702,0.02714715,0.036616728,0.027704518
ID_ED08C231FC,0,0.019351426405513922,0.022450192,0.013424344,0.019588858,0.018859481
ID_501ACA42CB,0,0.2149833774689451,0.16009809,0.25137028,0.33867443,0.31508407
ID_ABBAAD2098,0,0.21775019218419375,0.21428917,0.16923158,0.29521364,0.3026937
ID_104D08B7DB,0,0.1949136098579482,0.22710136,0.14084738,0.16815515,0.18645473
ID_05997360DD,1,0.2611040906253517,0.16420892,0.3247598,0.4219325,0.46415278
ID_874880AD69,0,0.11842144540182209,0.12845528,0.11851472,0.10985757,0.07952843
ID_69445FD8FF,0,0.0185787223956723,0.02341652,0.014320705,0.011142742,0.010498262
ID_968738F5EA,0,0.021548270590784326,0.024278266,0.019325826,0.023326375,0.013997275
ID_68D88D8741,0,0.04638392646472103,0.06460425,0.024719536,0.021892777,0.026490659
ID_A73E51AD26,0,0.027368370591141243,0.031270463,0.019338781,0.03606193,0.024303684
ID_87E83E1472,0,0.4642133485684806,0.39780045,0.593261,0.52950907,0.43974674
ID_8E61497B22,0,0.02248083625005043,0.02919504,0.013629858,0.020047028,0.014138147
ID_0E06AC426A,0,0.017482254994202053,0.01725166,0.0206446,0.011169616,0.014425531
ID_A0517999D3,0,0.19809679237891875,0.2235579,0.18693946,0.18259028,0.12113247
ID_D74A9B5BB7,0,0.05630007511479136,0.07488265,0.03769969,0.031873357,0.028274514
ID_05AFF79F0B,0,0.022542135491528545,0.024878414,0.01646636,0.023923984,0.025094306
ID_C603483510,1,0.4952915448378153,0.5218527,0.4430547,0.6215967,0.43997812
ID_09736EE160,0,0.09899063248952035,0.111688055,0.08723431,0.05535691,0.08954062
ID_705B5800B5,0,0.030323620236701834,0.034826923,0.024221502,0.036888923,0.021509988
ID_900839E03B,0,0.009942444983337162,0.012417551,0.005535372,0.006960462,0.010230342
ID_6C487ABB4C,0,0.012451418229327705,0.015135403,0.008705103,0.009412098,0.010463735
ID_8962CF6CDA,0,0.016317258109593915,0.02141779,0.009439334,0.016004095,0.009640899
ID_E5B09A7F7C,0,0.16006016475335494,0.16277964,0.16083069,0.16344129,0.14543472
ID_7C7D979DCD,0,0.026455012991154898,0.030513857,0.016283944,0.02300758,0.032613505
ID_8DA1C9D88C,1,0.7983039178016534,0.77582014,0.8463969,0.8435895,0.77046853
ID_D0EA6502C6,0,0.14679112816046336,0.16633274,0.1386485,0.10186293,0.101214536
ID_B41ADB41FF,0,0.04218415240043846,0.048993934,0.03688126,0.026065817,0.03179159
ID_D7640F200D,0,0.18370155652489845,0.19947284,0.1776511,0.14303562,0.14772114
ID_580C82F6ED,0,0.02690272623620918,0.031997394,0.01940419,0.019755313,0.024561511
ID_830543FCE5,0,0.01630073004407398,0.020187603,0.00926631,0.009997171,0.017703015
ID_916194A714,0,0.032447658384543596,0.029010523,0.04320242,0.028913401,0.025451701
ID_26655D760F,1,0.1417341846243934,0.09882104,0.17206417,0.19619033,0.23438564
ID_31BC1F73F6,0,0.29062218339515267,0.30081397,0.2241847,0.34726465,0.36535093
ID_F805E19538,0,0.29995702312951006,0.2540236,0.29201886,0.43610018,0.45185924
ID_D422B8A4CA,0,0.13414490146198432,0.14197843,0.1240233,0.12652935,0.12605372
ID_086257F4D1,0,0.022394435722124954,0.028592343,0.013931518,0.016419932,0.016945794
ID_BA50F5F6E2,0,0.013090186950686767,0.01678063,0.008244862,0.008780108,0.009758295
ID_3A8F2D29AB,0,0.25884554695651796,0.19561057,0.3361177,0.20630342,0.3833703
ID_316162867C,0,0.14308014473181285,0.15939029,0.11900916,0.085770376,0.15073186
ID_D1C2BA759D,0,0.02486079908591306,0.02742745,0.018192504,0.03334454,0.024614133
ID_2FAA2838A3,0,0.012795215199457132,0.016272336,0.007956648,0.011643275,0.008974161
ID_4B7120F1B1,0,0.044605443694979555,0.046574406,0.04643214,0.05338922,0.028532788
ID_6CC1A49C2A,0,0.5822165275079527,0.48244184,0.76148355,0.69235086,0.5715435
ID_6FE5907D56,0,0.019241301294828674,0.02437499,0.0121668,0.013271324,0.015312255
ID_E215F72186,0,0.03370314794398474,0.038457032,0.032165304,0.041512374,0.013497039
ID_261764F38F,0,0.07174629115487886,0.08108543,0.06427512,0.06817756,0.04983954
ID_064CE543D6,0,0.01768462527690761,0.022556074,0.0095070265,0.015798362,0.015450518
ID_0B34972E18,0,0.3432980061059228,0.3374611,0.33777913,0.35804954,0.3733862
ID_03A1ECD81D,0,0.5741523887795243,0.49488455,0.697914,0.69017684,0.5932662
ID_5EA7E55713,1,0.520513405520709,0.5195345,0.4510763,0.36152306,0.7429051
ID_15BFB18BE2,1,0.4707902465882188,0.38809016,0.55740315,0.6566154,0.55367684
ID_B2D32D00D3,0,0.16091439788249756,0.15225378,0.15491119,0.22539218,0.18230511
ID_6437B2B199,0,0.15005968998155356,0.15617101,0.15127787,0.13190915,0.12951809
ID_403071425E,0,0.43967371573248676,0.50498486,0.2954981,0.40051594,0.48985583
ID_D4AF1F3C2A,0,0.022765018748385876,0.031611927,0.010332003,0.012160864,0.01664988
ID_B6507A36A7,0,0.02609396980561326,0.03228618,0.01539374,0.016750682,0.026937101
ID_E09A20BA1F,0,0.09449844071398845,0.13998343,0.041058127,0.031384207,0.044320002
ID_AC84100F6E,0,0.022820098897432858,0.0278676,0.014662553,0.015277314,0.022264287
ID_74612FC3CD,0,0.025429042858940237,0.025242588,0.023204343,0.03760858,0.025680445
ID_DECD8F0FD4,0,0.08802890138088082,0.10265843,0.08315786,0.05300253,0.051887948
ID_239D0CDE76,0,0.014615559323538457,0.016317053,0.010880399,0.017665356,0.014103925
ID_609F5E8137,1,0.4423130621527056,0.38143358,0.518534,0.4539842,0.5311421
ID_0EAEBC43A5,0,0.23477613835235683,0.31709352,0.16295564,0.1592379,0.07370216
ID_200CF26D28,0,0.04628562414457571,0.0550423,0.0299319,0.034209743,0.049603764
ID_172862564E,0,0.0663934178226891,0.08238602,0.048558123,0.03215119,0.051956486
ID_756C38C86B,1,0.1808139316874668,0.21569628,0.119001985,0.101789705,0.20035963
ID_4C83BD525A,0,0.029248351317315426,0.03704437,0.015921215,0.03233227,0.023527928
ID_CB12E0763E,0,0.017993428793427392,0.024254568,0.01089712,0.011787151,0.009446975
ID_658C981677,1,0.35178025028560633,0.2915205,0.48344532,0.38652152,0.3090006
ID_30C515C137,0,0.014837965307198053,0.016159961,0.011986681,0.019002013,0.013549267
ID_83E8C559A7,0,0.17745093372757303,0.15839362,0.2006551,0.18287605,0.20589128
ID_94B54538F3,0,0.0748421058408787,0.10167338,0.035503343,0.0859281,0.04094381
ID_685275D4E7,0,0.059877843016317475,0.06079099,0.052557077,0.064413294,0.06974336
ID_3A0D115567,0,0.01990670593131045,0.021153165,0.015994603,0.019021595,0.023413895
ID_DBC45BBD7E,0,0.01594398896670687,0.019591166,0.012273246,0.009139734,0.011362696
ID_5706654AB9,0,0.04540244951695653,0.053827763,0.032633115,0.02968923,0.04401844
ID_812944AF0C,1,0.7925968510105443,0.806943,0.779134,0.7818255,0.76551133
ID_FCBC39E7EB,1,0.0361741752354514,0.028691161,0.05635516,0.03938337,0.0231259
ID_FACD324784,0,0.027034498375797952,0.0358307,0.014739917,0.020016031,0.019273791
ID_A94E948CEE,0,0.021272889718087138,0.02573616,0.012555775,0.025716707,0.019162659
ID_1C207F0C7E,0,0.04542238308895818,0.053652808,0.026845124,0.025629926,0.05909902
ID_4C5D84CB86,0,0.015757862288271716,0.014489461,0.012514178,0.030387137,0.021701993
ID_5961BD7887,0,0.08275628260451545,0.085598454,0.07438461,0.13387688,0.06641285
ID_BE7224419F,0,0.01749142467380316,0.018601883,0.016409744,0.024398236,0.012105648
ID_2B95C5B058,0,0.08465329032365483,0.11361077,0.045921773,0.07606249,0.04903943
ID_64758B76EF,0,0.3013177456444319,0.27462187,0.34508836,0.3778749,0.28693268
ID_B7B6F7556D,1,0.8674599606982822,0.8620472,0.877817,0.84309566,0.8787507
ID_394082BE06,0,0.05961142006165407,0.07530123,0.034625467,0.048891973,0.05153975
ID_3889498D51,0,0.0809011767823282,0.10499444,0.03981063,0.044335146,0.083109505
ID_A0A4B0B500,0,0.022225888194731536,0.021950003,0.025683828,0.021630963,0.016234202
ID_0A6936DA5F,0,0.06360990536490878,0.074233934,0.041428324,0.061391253,0.0672367
ID_707B27AC15,0,0.014734983434183535,0.015609925,0.01047675,0.031063676,0.013051932
ID_96B8E9FA67,0,0.029676059976495642,0.039411943,0.016693782,0.019666279,0.020721192
ID_75158901B9,0,0.04485235280147493,0.04378925,0.04308493,0.05093453,0.050487462
ID_033B84366E,0,0.030412205769494233,0.046002787,0.009132107,0.013525925,0.017498927
ID_1F62020DE0,0,0.0076027093876712415,0.009689582,0.0044016903,0.006977735,0.005917662
ID_AD6E73C6D4,0,0.024226279995136105,0.02483533,0.020153102,0.02334661,0.03077177
ID_07C519F8FF,0,0.06120734757029821,0.047203936,0.092624836,0.040666845,0.06197871
ID_37BA46906B,0,0.051075112994311486,0.058289982,0.039507136,0.034085605,0.052788552
ID_9763FA7047,0,0.017525824886539008,0.023384476,0.009807103,0.017295867,0.009411217
ID_C412888FE6,0,0.020395535222192257,0.027923947,0.011385644,0.013880362,0.010730111
ID_76794FD699,0,0.029393482319869872,0.03228923,0.02221812,0.033843443,0.030601349
ID_CAF22A882C,0,0.2765322332783384,0.22069827,0.36326197,0.344775,0.2968253
ID_9D6BA451FB,0,0.016862440142067052,0.018161727,0.014665976,0.02359251,0.013146578
ID_99A49738F3,0,0.04880563924968347,0.054009423,0.052501157,0.0363527,0.02430367
ID_BB4ED9CE29,0,0.017303532667598612,0.019173557,0.016484898,0.013925235,0.012625178
ID_36C5DB7BD5,0,0.048529316589848284,0.06706901,0.019906892,0.029300699,0.039917216
ID_C976931190,0,0.016959037156267544,0.022008643,0.011012828,0.011191364,0.010877062
ID_240A3C8C3D,0,0.02254932240649529,0.025473703,0.021776874,0.018482845,0.013613751
ID_FDE9546337,0,0.040826039584236175,0.042482533,0.03472686,0.04341842,0.045775075
ID_1D32B21C39,0,0.09413944408813374,0.11609491,0.042649712,0.06769533,0.12328184
ID_0394DF785A,0,0.03896072545966082,0.046631157,0.028360657,0.041765567,0.028043197
ID_BC809A149F,0,0.049288105802269847,0.05677064,0.043437213,0.026804265,0.04000121
ID_FEAC679768,0,0.179210209066572,0.23027927,0.106942445,0.13178417,0.13896842
ID_00EB5A4A0E,0,0.04570226570441173,0.05069052,0.03183238,0.033756606,0.05956961
ID_C3996B1944,1,0.104813150524795,0.1138751,0.08959536,0.12546723,0.090136655
ID_CD9B145771,0,0.28017407732310545,0.25974318,0.28439707,0.543646,0.24265423
ID_A4AC0DEBC2,0,0.022551594195538184,0.027528364,0.0156907,0.02287952,0.01608255
ID_3BC2F798DA,0,0.007281547920274233,0.008263922,0.005766099,0.008025001,0.006054459
ID_4A5B5F0531,0,0.037525923599786,0.041591343,0.036908254,0.03300462,0.023631956
ID_BB89DE36DF,0,0.04880587358041097,0.048943322,0.036060847,0.05820276,0.071467586
ID_C3147C0392,0,0.020688884078097002,0.022905488,0.013917154,0.022784147,0.024928972
ID_2AB1A1BC8F,0,0.06992368084409945,0.0929892,0.04583686,0.057909854,0.029300885
ID_CA976F6A61,0,0.01918151342951281,0.025669917,0.010121097,0.016066046,0.012539974
ID_494317635E,0,0.03112887944584168,0.034172736,0.023041118,0.03305991,0.034765676
ID_57EF1A2761,0,0.02428636676706001,0.027880771,0.019659083,0.024825843,0.018778887
ID_7F2A7F7C54,0,0.012956960082085956,0.017055737,0.007570256,0.008039161,0.00932472
ID_F7307DFA9D,0,0.09120559273389217,0.08812039,0.0852203,0.076844856,0.123349555
ID_62737BD822,0,0.011118330579854615,0.012494235,0.008290218,0.011268614,0.011301609
ID_E12A6557B9,0,0.038821425507146026,0.05262334,0.023383083,0.02261362,0.020644395
ID_C05FD68CF3,1,0.855408954933998,0.87509435,0.86165863,0.79470795,0.78522724
ID_BBB5F952CD,0,0.06573657043964432,0.08438359,0.045033105,0.044012364,0.040771727
ID_F8EC600AFC,0,0.3307447972396541,0.41944686,0.16823041,0.30017614,0.31761727
ID_C7E3E2F369,0,0.1420630573234157,0.15029447,0.14617026,0.103026025,0.11546447
ID_E4DF3C020F,0,0.05997409556928211,0.057710238,0.06453211,0.0765314,0.052551635
ID_55ED6CC45B,1,0.06982023531875953,0.08081083,0.05409262,0.060745914,0.061041266
ID_7E43D7180C,0,0.01792359208624086,0.018372832,0.017757462,0.025786104,0.012953119
ID_639F143A5A,0,0.0914790991245199,0.12210238,0.056477405,0.07286331,0.045190934
ID_D66599A336,1,0.4155888755597744,0.4306997,0.3649483,0.4768308,0.433628
ID_D7533E263C,0,0.43529005623647893,0.41282138,0.41008833,0.5714082,0.52501905
ID_2F93DA1878,1,0.1815979673918171,0.19624259,0.16611046,0.23857972,0.12805943
ID_21AFEBB4D7,0,0.03910573078407739,0.038657505,0.04106446,0.043027915,0.035089634
ID_CA7C2989AB,0,0.0982287673871467,0.04573977,0.10211141,0.18614963,0.2735138
ID_EDC2143A33,0,0.2206271670914857,0.23488797,0.19162825,0.1706936,0.24429953
ID_86EF98FEBE,0,0.021263434494404442,0.027818754,0.013202238,0.01418531,0.0139229
ID_5429373009,0,0.014889186191848546,0.018345075,0.010913991,0.0121486345,0.009998396
ID_4D730B5321,1,0.5985800788822426,0.5704932,0.6406898,0.7073417,0.57960117
ID_76EE6118EA,0,0.04125282954412862,0.044564087,0.03310175,0.046651248,0.042383347
ID_78710CC173,1,0.24003419777005308,0.2160096,0.2460937,0.37298813,0.27066368
ID_0E899392C7,1,0.36195878659207603,0.405278,0.27650344,0.31195,0.3838998
ID_FAD696DFCD,1,0.609144779262704,0.526102,0.69550526,0.6545821,0.75521773
ID_667B7E8EF5,0,0.026268296618121058,0.032688797,0.019442054,0.018922452,0.016965453
ID_E424132600,0,0.014235077752192947,0.01815295,0.008338822,0.007685461,0.013172099
ID_F817C9B8D1,0,0.01559190050587886,0.019289955,0.010037764,0.010038805,0.014290114
ID_FF1C76CF39,0,0.11360431528463152,0.12202628,0.10807488,0.06663093,0.11033083
ID_4DEEC17BFE,1,0.19029491051813158,0.19334202,0.16960561,0.12630357,0.24968518
ID_EE98EEF1B7,0,0.3212385593553662,0.35936752,0.2713055,0.3300169,0.26330182
ID_584D214158,0,0.6800739789747483,0.67129487,0.6863431,0.76028144,0.668784
ID_BB35802B5C,1,0.058562011034593055,0.07059209,0.032161105,0.09185347,0.04981531
ID_5BD0961AE8,0,0.07861453564981413,0.087558895,0.060203396,0.07290637,0.08277668
ID_6A3473F92A,0,0.01752071472633872,0.017636063,0.020774595,0.013919024,0.011623169
ID_0762CA4559,0,0.3451259529597167,0.29789352,0.38974828,0.5545207,0.35784376
ID_0D51C5B47E,1,0.5292612175321876,0.47411016,0.5723467,0.55095875,0.66057634
ID_388D83515A,0,0.03770464778970031,0.052846104,0.019379381,0.023443189,0.019207885
ID_6396694116,0,0.01713240598395161,0.019062063,0.014695367,0.018819956,0.013465273
ID_AFE6DB0713,0,0.13952803129058958,0.16272964,0.11277715,0.16146824,0.08924366
ID_2D3B54D9D3,0,0.07071938253197803,0.07391262,0.07362288,0.070518255,0.051076885
ID_4F0AD77860,0,0.04244100463702145,0.052548356,0.026375242,0.03319948,0.03819488
ID_E281614217,0,0.01990679738368529,0.026387399,0.0110122785,0.01672898,0.012969565
ID_0CCB103967,1,0.06176955336487204,0.07061464,0.028147407,0.049247306,0.1019505
ID_155A5A5C10,0,0.06969366657974846,0.08883962,0.053813368,0.064618915,0.025015535
ID_328987EC20,0,0.010049536817221854,0.012171809,0.00623138,0.009276038,0.009603359
ID_83C2227993,0,0.011254592958684714,0.011578834,0.0111556845,0.014032544,0.008884849
ID_B542C076D1,0,0.02151293139760362,0.026389422,0.013160538,0.021736197,0.018712897
ID_C1214AC1F4,0,0.06073823076412168,0.06429184,0.049034454,0.029151272,0.084586956
ID_2D28886787,0,0.035188495413587276,0.05253882,0.014834925,0.017405313,0.013238
ID_D920EFFFF1,0,0.01863899841275085,0.01892262,0.017518476,0.025280554,0.016948277
ID_DA530E36C0,0,0.015153897364885392,0.020302758,0.008444604,0.0124090575,0.008971444
ID_25FD0C6FE4,0,0.0284643603173143,0.03429569,0.023265595,0.021011334,0.018208362
ID_545DD822A7,0,0.17331738445840747,0.1613767,0.20973642,0.21921015,0.12567957
ID_7471C11DC1,0,0.04357542664008951,0.049836982,0.035028916,0.042235333,0.036016807
ID_CB4F706482,0,0.14513533201934503,0.1377418,0.13498075,0.25342008,0.15097769
ID_5E28E46D60,0,0.7889604914817285,0.78023463,0.77123564,0.802942,0.8577825
ID_58AE0DCDA5,0,0.04886617667975258,0.061059274,0.038730226,0.031481586,0.026630627
ID_DD212FBE2A,0,0.05772545714716207,0.07960966,0.023208845,0.05902479,0.038666997
ID_3095611CD3,1,0.5708673138488398,0.56561863,0.6286365,0.41825387,0.53566617
ID_506D31881E,0,0.027109340691867757,0.034688987,0.013115555,0.03520954,0.021547183
ID_DBD47D24E5,0,0.06942630750982028,0.06703525,0.08789543,0.0941485,0.029142177
ID_FC9EAB9B9A,0,0.015012897254449209,0.01801997,0.012002226,0.010828407,0.010580275
ID_0FB8E26106,0,0.014161261332840291,0.016756965,0.009230548,0.011507073,0.014919599
ID_CE6189A9DC,1,0.051022354868993786,0.065892965,0.032601967,0.04058363,0.0322085
ID_CD23C5AEC6,0,0.05952084904689747,0.07843485,0.03387531,0.03864282,0.04365942
ID_87CE3964C9,0,0.02513952234299608,0.023793759,0.0326264,0.017887242,0.017931195
ID_D1B98231A2,0,0.0589841578443709,0.0561445,0.073155895,0.043436654,0.047368873
ID_03617C9C84,1,0.6036987571834904,0.5295964,0.69419694,0.7328819,0.66658807
ID_E2E96DC4E3,0,0.0308948601161462,0.028493848,0.033898618,0.030461382,0.03479271
ID_5CFFAE657A,0,0.06360814856840141,0.09205094,0.031494506,0.028112995,0.02770246
ID_B4EB0987FC,0,0.07066985023500107,0.07489384,0.058085244,0.059485868,0.084679686
ID_CB46AC8FB4,0,0.49904155789921967,0.47065422,0.560154,0.5298161,0.47456586
ID_2ACD6A2CED,0,0.35718397703905086,0.3772332,0.35011008,0.49080086,0.2293396
ID_D25A2E3CAF,0,0.21838237486873918,0.19222522,0.26988414,0.25183055,0.20392704
ID_FFBC9E6FF1,0,0.03789831516570543,0.04768181,0.021939227,0.04343339,0.028351523
ID_D9F0D48DB7,0,0.0302518501083422,0.020139022,0.053040516,0.02216388,0.02765403
ID_25D5534F4A,0,0.009251352267967125,0.0112703815,0.004884474,0.011851356,0.008948233
ID_C1788A6993,0,0.023929501617140227,0.024937939,0.025925053,0.016016377,0.018834304
ID_FF3A41E75B,0,0.014333048821929784,0.012843535,0.0136375865,0.024137704,0.017849058
ID_1466FA5EFA,0,0.027760875217191207,0.023996277,0.03355947,0.043745317,0.024272555
ID_F8DA6B9A81,0,0.025844219671907247,0.032010693,0.018199982,0.022473391,0.0176374
ID_DC8520BB31,0,0.01722356037658983,0.020159079,0.013622539,0.019401006,0.011586632
ID_AC457B41D1,0,0.020360276087110975,0.024072012,0.013661782,0.016058251,0.020910027
ID_344D24CB0F,0,0.013060593622796043,0.015232361,0.0109726405,0.015855527,0.007138216
ID_645D75411F,0,0.30906934537298675,0.35281387,0.24265465,0.27459675,0.28159606
ID_F3C9AADA88,0,0.20262484555199423,0.15703024,0.2952786,0.22652143,0.18624617
ID_21D59326C2,0,0.3134308628079475,0.22636545,0.44964266,0.4185738,0.34355184
ID_B9F96016F6,0,0.028367591015029434,0.029824728,0.026707446,0.034267936,0.02319553
ID_8AA9D36D62,0,0.014014617069601566,0.0153374085,0.010383016,0.014313943,0.016081048
ID_D83A99E448,0,0.010814835536383561,0.011212036,0.010023106,0.010313067,0.0110524
ID_7F9BFBE6C5,0,0.14093690284608057,0.14950614,0.15025705,0.11894947,0.09429571
ID_2FD5B5460B,1,0.38937641192888256,0.34351078,0.5170469,0.33844435,0.3316484
ID_53F98700CB,0,0.19393946842124643,0.17275919,0.21115,0.16860783,0.2576202
ID_842BFFB88B,0,0.09554583752818405,0.09262765,0.11608944,0.09278609,0.06502019
ID_D7C62673F8,0,0.04046422493336915,0.045811895,0.039664876,0.032233924,0.023155015
ID_AA7F17DAD8,1,0.14799899211302953,0.163078,0.12838143,0.13651653,0.13132699
ID_6F9C502F9C,0,0.024273558014818654,0.02219286,0.026076842,0.042785134,0.021133868
ID_2C4F597995,0,0.02671918354746287,0.034842324,0.015757618,0.0142083,0.02133913
ID_7B1BE24253,0,0.11270733183761306,0.12933102,0.10247703,0.08494706,0.076463155
ID_906332E904,1,0.45501762809144997,0.47874764,0.47789752,0.26688656,0.3876086
ID_877AE85FB9,0,0.02365498264963297,0.029149385,0.01602459,0.01638233,0.019961007
ID_1CDBEEC508,0,0.03190979215468328,0.036924686,0.02412296,0.03761252,0.024922842
ID_B56B15984B,0,0.008145587188978315,0.008632015,0.007751355,0.00873602,0.006677111
ID_0E1F8755DB,0,0.12811521202162257,0.120190635,0.15358248,0.105399996,0.11689512
ID_462985AAD1,0,0.034037484304722414,0.027712194,0.04066521,0.05454689,0.037625514
ID_BF6F36E50F,0,0.009334371638479234,0.012273902,0.0046910904,0.0075208107,0.0076559093
ID_C1738A8413,0,0.0615852159974571,0.06488955,0.049825232,0.087760024,0.06142982
ID_F46E32AFED,0,0.035534889795645466,0.043068975,0.023158459,0.03771442,0.029276883
ID_A9E16C5F20,0,0.06380944270903831,0.059542455,0.07137045,0.11021741,0.045403063
ID_7347058294,0,0.022161462202600096,0.022497065,0.021152636,0.021313783,0.02327595
ID_1FEE259883,1,0.4099623814228983,0.4259686,0.40689912,0.23803441,0.42379883
ID_DAEE16951F,0,0.12280367763054777,0.120917514,0.10769359,0.21406329,0.12341059
ID_BA3F5DB179,0,0.042639090030735474,0.055020154,0.020730007,0.06398385,0.027980663
ID_BD31A0EAFD,0,0.35515741641158055,0.29086703,0.44738355,0.41303784,0.4039335
ID_EB69751311,1,0.06980581109165387,0.08080715,0.06839305,0.031926204,0.042831365
ID_FDA790EB69,0,0.2996998902465129,0.28488472,0.26780367,0.3304444,0.41736084
ID_4F550BCB16,0,0.08600849943851585,0.104121715,0.06270972,0.09506797,0.0554491
ID_4EC86D9571,0,0.05379514450669858,0.058366634,0.05268707,0.04259912,0.041722868
ID_269564B819,0,0.20162919695305948,0.15552904,0.2196456,0.2912623,0.31883597
ID_57ABF738C5,0,0.03589593394816862,0.048881818,0.018222585,0.020875901,0.025445815
ID_93AA191CCF,0,0.011376063986509415,0.013480614,0.005881732,0.015142613,0.012621308
ID_72EBB2CC6C,0,0.027294212855141955,0.0320604,0.016943395,0.03767189,0.024820976
ID_4C4919ACC6,0,0.013019531858346353,0.013836275,0.00967653,0.01800307,0.0145647405
ID_098DDC6906,0,0.4188710699563685,0.44289505,0.38928345,0.5485147,0.32424587
ID_B2F896FA3C,0,0.10529196954103132,0.14288571,0.046612177,0.064459525,0.09000633
ID_7BFF72772D,0,0.288062333747393,0.30287805,0.28042418,0.15418616,0.300159
ID_11DD54AFFC,0,0.4132457496647199,0.4354341,0.38128725,0.4304164,0.38049552
ID_FBE4EF3EAC,0,0.05645076066521136,0.055733915,0.040597524,0.05550169,0.09390189
ID_01D014E188,0,0.008800469817958225,0.010042566,0.0056061116,0.01133033,0.009297883
ID_50B2BE5A52,0,0.11762505161346844,0.11693614,0.11366246,0.14904144,0.11534344
ID_BC1E88D459,1,0.7376335350021839,0.7190236,0.76133955,0.63870126,0.80859584
ID_DEA0B68A6C,1,0.49465545142949274,0.6547424,0.33476472,0.17363633,0.30067286
ID_2F4473F57B,1,0.13767183766867352,0.16037703,0.103916235,0.074699186,0.14152615
ID_A747D66318,0,0.04207541604021507,0.050933544,0.025945665,0.060091075,0.031367064
ID_E4B93586BD,1,0.8468343672391989,0.877477,0.8397563,0.77296185,0.76465285
ID_2876EC45BE,0,0.00774828811083103,0.009035541,0.0049689035,0.0068085752,0.008677024
ID_482F6D5576,0,0.02067939094125699,0.018691374,0.022302864,0.036572106,0.018675104
ID_ADAEB50A8A,0,0.03278273462097303,0.02871926,0.03580888,0.039794665,0.04041644
ID_00963A45CD,0,0.026409655139872402,0.027661584,0.023939706,0.03487041,0.022726266
ID_00C476E4DC,1,0.023791690368803672,0.024054762,0.024261408,0.014601418,0.025677864
ID_BFF9E0F141,1,0.3002931766019157,0.26349214,0.3977411,0.3990811,0.20380329
ID_EFD24A4ED7,0,0.02857387809013521,0.028417207,0.030000962,0.030288039,0.025427911
ID_F435C42C7A,0,0.04066444278581761,0.051520895,0.02568143,0.028155448,0.03235263
ID_9DD2F0E6D0,1,0.0719571608152384,0.0740675,0.07003233,0.07545382,0.06563871
ID_C9B6BBCBB9,0,0.013213877884551957,0.016275331,0.008551742,0.011141595,0.011173112
ID_2DF31CCF06,0,0.2438434689488275,0.31002182,0.14141935,0.21751086,0.19520809
ID_7500EB4B55,0,0.4142623214595289,0.4260206,0.34687063,0.5498717,0.44999224
ID_36084BA3D7,1,0.3254897552769455,0.35841402,0.2701602,0.3569815,0.29123497
ID_34D345AD1C,0,0.18950574751721305,0.18838988,0.14498723,0.17067173,0.2979294
ID_E11D4197EB,0,0.017487293312706237,0.019786732,0.013738185,0.022443565,0.013646245
ID_3D30CB238D,1,0.6679390954096243,0.62183297,0.74350333,0.7139354,0.6807482
ID_D8B0C3E965,0,0.02297967552327348,0.024314549,0.023034787,0.022074694,0.01761171
ID_FFE524E823,0,0.025866400233359232,0.037540205,0.010079576,0.015996367,0.014672482
ID_075E082F0A,1,0.1877498864086069,0.14070727,0.3065994,0.13110214,0.1564117
ID_FF88CF51F4,0,0.0875361175024906,0.10835738,0.06674181,0.057641864,0.057134196
ID_0EF6B74DAB,0,0.07249341210785351,0.072727606,0.07795739,0.094973445,0.04998334
ID_1D5963D741,0,0.11594513529469563,0.12866674,0.106982216,0.09791028,0.0892421
ID_7812DA3411,0,0.11291212044118755,0.13529749,0.08138438,0.12139264,0.0821929
ID_575430FC3D,0,0.056480663889088914,0.05101004,0.060013223,0.06010479,0.07045468
ID_B50E98091A,0,0.1663753243561503,0.16397397,0.16972274,0.23945409,0.13749301
ID_618895F472,0,0.012330336852884358,0.012429141,0.0104434695,0.016890842,0.013972083
ID_42B01695DE,1,0.3154896646058012,0.28453782,0.38384253,0.34360638,0.2874848
ID_C609F4C3F1,0,0.061423485990093125,0.058901854,0.06855487,0.07055925,0.05280599
ID_B7CC5FEF63,0,0.22642541026441354,0.2897869,0.13978301,0.1833565,0.163143
ID_90794FEB7C,0,0.20713291338081938,0.21301721,0.21975344,0.16775775,0.17234427
ID_F467E0F262,1,0.25597256920195427,0.27976462,0.24996454,0.275682,0.15966904
ID_2556F32CA5,0,0.012371058409340314,0.01654414,0.006056156,0.011586143,0.008614139
ID_20EB501231,0,0.022794957651833994,0.02307457,0.021599032,0.037584584,0.017731141
ID_A756790F93,0,0.009226182939457867,0.01197863,0.0043621664,0.006274954,0.009308174
ID_EDAEA0C612,0,0.2836003648392802,0.2349418,0.3505193,0.4600251,0.26889223
ID_1889B36573,1,0.19177250918621142,0.21205102,0.13978137,0.18922907,0.21866266
ID_75341BEDBD,1,0.14431620615837218,0.17519982,0.087323405,0.10102061,0.15485793
ID_0CA897DF74,0,0.3747959068563914,0.34101185,0.36686116,0.37656114,0.5338959
ID_0714EBE7C3,0,0.03807603950655679,0.05137897,0.022921484,0.01285627,0.025328483
ID_CAD0A70627,0,0.06478179154874847,0.069003746,0.068627775,0.060083017,0.040728435
ID_4D546B68BE,0,0.367378626158976,0.3658329,0.32786426,0.49022433,0.40512654
ID_303D2CF799,0,0.012501846948755415,0.016898721,0.0064404793,0.0077290297,0.008993168
ID_4C4C274852,0,0.039652287456916874,0.048961565,0.032259576,0.025245922,0.02242769
ID_3F0BCFB29F,0,0.223103102738668,0.22715011,0.22397807,0.19100623,0.21810551
ID_591F5F17A7,0,0.054270000720390336,0.07470528,0.02494777,0.041257747,0.03643419
ID_7E12927B89,0,0.026092561296502757,0.026463889,0.028589591,0.023031928,0.020500312
ID_FFF0830751,0,0.36219084957263625,0.26553506,0.5143735,0.4912979,0.388158
ID_6C608F6B8D,0,0.04827970755333193,0.06032371,0.024878047,0.046326865,0.048403725
ID_F091CE8912,0,0.13796916646731391,0.15959634,0.111029826,0.13833506,0.104150586
ID_71498D8EC8,0,0.5042763965013465,0.53454834,0.5163514,0.5616085,0.32538456
ID_E78DE9D2BB,0,0.022812452024893737,0.024132388,0.021610664,0.026244765,0.018313138
ID_A6ADF97165,1,0.6685395681671447,0.62748957,0.7522848,0.59524167,0.69442207
ID_0C7F3B50C6,0,0.027767732692591314,0.031287573,0.023312293,0.028590769,0.022083307
ID_28859964C7,0,0.13762364219288054,0.15824695,0.08300023,0.2556568,0.11614225
ID_82B739D105,0,0.027864263427684687,0.035438646,0.01757894,0.01450474,0.023723854
ID_66083A5A8D,0,0.027276520647589477,0.03326858,0.019174716,0.03436304,0.016230278
ID_8B2BF92412,0,0.02667926833867531,0.027621558,0.028111348,0.019386524,0.022802025
ID_872E9BF471,0,0.13930793880007603,0.17215133,0.10497789,0.08403457,0.09817104
ID_ADAF0981BA,0,0.015343119967293681,0.014005354,0.017330952,0.015986307,0.016455168
ID_216A26EADC,0,0.01260514766911388,0.016143309,0.008912976,0.0075160963,0.0077831037
ID_E6F1E7B1C1,0,0.013814787399742822,0.01854126,0.0077784453,0.010007844,0.008437761
ID_5ED023E968,1,0.35124738506759345,0.39859176,0.24893643,0.44525704,0.3295469
ID_26D2F52714,0,0.012791132533099697,0.015865924,0.00880538,0.012086316,0.00864699
ID_3F2F024712,0,0.44235565136489935,0.4127105,0.4618928,0.37969324,0.5531103
ID_7EBDE42BB9,0,0.1009585690996436,0.12840906,0.060315505,0.08716262,0.07808606
ID_55FB48C43C,0,0.1249839022251495,0.15391573,0.0821205,0.1353306,0.09008671
ID_130C2DDBC7,0,0.1933436458600587,0.16818137,0.22801745,0.21483557,0.21599069
ID_8DB9EB8F32,1,0.18745625027907745,0.2024313,0.17178307,0.25562087,0.12804411
ID_C349A19F40,0,0.05222120924643987,0.068529814,0.031935602,0.060870107,0.023007713
ID_48F5F8862C,0,0.0578692791162971,0.07660977,0.034061134,0.05934958,0.029054014
ID_A9B76DA101,0,0.10529273744399185,0.11307709,0.096472204,0.100565806,0.09335943
ID_EBDBBBCE1A,0,0.03336945171260511,0.036764074,0.028535252,0.039188873,0.026848998
ID_506A3DA332,0,0.012352656666837039,0.01597092,0.007940845,0.01090607,0.0071478314
ID_16AAA247D4,0,0.2815449651721165,0.23293833,0.32929048,0.42529717,0.3219878
ID_48099CA3FD,1,0.0714151801955084,0.093972765,0.050323956,0.048103034,0.031439297
ID_B627AF9AD2,0,0.11594520628627936,0.14287582,0.08710278,0.108639285,0.067128584
ID_707E4140A3,0,0.5512910166976318,0.585427,0.4911677,0.60814625,0.5111397
ID_AFE9E80068,0,0.06935891013809531,0.06728871,0.05086434,0.12086926,0.095330894
ID_A116897AC2,0,0.05082667447981758,0.043325633,0.05254384,0.058444545,0.07553914
ID_84AA61E5E4,0,0.263937632546967,0.37871423,0.12702835,0.19133353,0.10395796
ID_E14F39D20E,0,0.02583231723547594,0.035909705,0.014316836,0.008834213,0.015333331
ID_6315295131,0,0.02891441374070608,0.028889291,0.032417633,0.02858868,0.02164796
ID_A9D365A1D2,0,0.18776957112465323,0.16898382,0.24038774,0.2338084,0.13426268
ID_4422EF9C8B,0,0.15088551071817027,0.12255006,0.22513059,0.13356283,0.118985824
ID_A88AAF5E7A,0,0.06599402736940538,0.06933501,0.07009692,0.06550445,0.043279763
ID_5E2D45D593,0,0.24981817041813636,0.22244562,0.3048386,0.2488895,0.24793914
ID_EF4A4B1094,0,0.014491612743735852,0.017652813,0.009973066,0.012314048,0.011766971
ID_961925A993,0,0.05633225055594711,0.0657212,0.04523731,0.047734134,0.04418049
ID_43289E66BF,0,0.04401634592546835,0.054152507,0.026185721,0.04505163,0.038954444
ID_858A6562A0,0,0.013415468093867778,0.01523138,0.009766982,0.017653167,0.011716301
ID_134C7A6CE2,0,0.030998237970251627,0.032239497,0.028141664,0.039017998,0.028381538
ID_DBF1A8539C,1,0.45538157384365874,0.34600404,0.6006477,0.55491316,0.56286854
ID_CDD2D26FE5,0,0.07957529451058629,0.07058796,0.107925825,0.04952066,0.06986333
ID_EEB4271313,0,0.07089689211941289,0.06798421,0.07482997,0.06571945,0.07703269
ID_AF5A5187B0,0,0.023329731919214575,0.030088788,0.012534103,0.019252675,0.019685121
ID_6AF64BFDB4,1,0.39925788718389343,0.4330766,0.42343718,0.2754407,0.2583688
ID_9C5D119E0A,1,0.09024435207486223,0.112101905,0.042824365,0.12009578,0.08653127
ID_BE5C9C9751,0,0.04758989296283282,0.041586723,0.057455104,0.063087516,0.04505592
ID_532075E6F8,0,0.28335097700212797,0.26825374,0.31936234,0.30642137,0.25988287
ID_50172B0F9E,0,0.6243873115408294,0.56351143,0.6937705,0.689272,0.70467246
ID_93A0F962AF,0,0.032993708174555186,0.025828304,0.044546008,0.030663267,0.03952643
ID_092ED71192,0,0.07704866020753609,0.07912421,0.066687435,0.09363254,0.083269216
ID_6DD4EAA1D3,0,0.017680164154552286,0.01831265,0.016565328,0.02297282,0.015090136
ID_6514A90AC9,0,0.058187041870574045,0.06791976,0.043705307,0.043650206,0.054435372
ID_7C29566DB2,0,0.05424682215964851,0.06437669,0.04880919,0.040995523,0.028855238
ID_60DA0C5943,1,0.09433603282774522,0.1204599,0.05865658,0.06550115,0.07298111
ID_E3DF6C108C,0,0.016044411471257815,0.017371945,0.015092087,0.02231257,0.009741691
ID_ABE8F1175D,0,0.04529613667916803,0.059637316,0.022488404,0.036887,0.037247345
ID_532F52FE72,1,0.8229252135577636,0.8282933,0.8115761,0.902129,0.7900465
ID_892EFC449D,0,0.06079863309562397,0.07160361,0.03660167,0.08649267,0.055816155
ID_87A8FEF44A,0,0.12661415771262768,0.15236254,0.061020527,0.120093234,0.16128828
ID_284E1464FB,0,0.01674434533021423,0.01788831,0.015910348,0.01400441,0.014890673
ID_90FC1318B0,0,0.03995257068642528,0.041491542,0.03840261,0.043727998,0.035124402
ID_A7BEEF0020,0,0.17867443096634755,0.20747267,0.15644619,0.13775611,0.12242488
ID_6AF6CB7F8A,0,0.15524656420026872,0.14759432,0.14821257,0.15895456,0.20107462
ID_3D7CED1593,0,0.3062889600663713,0.2939948,0.32336262,0.38264775,0.28836265
ID_8439E7564B,1,0.2392050480105569,0.24726422,0.23450741,0.18807207,0.23749447
ID_AD5078A1ED,0,0.014115402410766276,0.017402435,0.009275363,0.012526274,0.011291831
ID_32E3878F60,1,0.03890761301403399,0.043157224,0.03351944,0.021607853,0.040038127
ID_80DF222E61,0,0.20982481353185084,0.16499531,0.2537284,0.26531565,0.28101176
ID_7FDD40D48D,0,0.03949179010532618,0.054237917,0.02244185,0.024913048,0.02006923
ID_06D984FAB4,0,0.26581087665726866,0.25516552,0.3132164,0.20923316,0.23379673
ID_E23308FA65,0,0.09467881490563174,0.11357224,0.07024671,0.06343243,0.08082109
ID_6809F34D8E,0,0.264647714722982,0.27413687,0.1585956,0.30070654,0.4362963
ID_D3AC51A500,0,0.021897249117460216,0.022577181,0.019577581,0.040326294,0.015964827
ID_39292E2CBB,0,0.03212351502651917,0.033840954,0.028798182,0.0299501,0.032942176
ID_53F149D2BF,0,0.0591864937040936,0.077550076,0.038742207,0.044802643,0.03166445
ID_803315986E,0,0.03498433483458065,0.04337367,0.022122428,0.03032232,0.029133735
ID_C3D1C196EA,0,0.018708002129674654,0.024420563,0.009569617,0.018186975,0.01438327
ID_BC390DC1D5,0,0.01336740850956643,0.014067537,0.0111354105,0.0076905806,0.017669428
ID_FA678E9CAF,0,0.03720389754372501,0.045708165,0.022763748,0.05040774,0.026464948
ID_BF50278C6D,0,0.11147120462488164,0.1165151,0.09975132,0.11666281,0.11302112
ID_44D537FC6F,0,0.04177020798162649,0.04858068,0.0332024,0.035811033,0.03394978
ID_1E7F7439E0,0,0.016494361480584,0.014030692,0.017825406,0.017438978,0.02364452
ID_82712CA2E4,0,0.027896308458284926,0.0349175,0.017454993,0.02637959,0.021267217
ID_DC22D7D73B,0,0.15116039962504757,0.16040298,0.13963312,0.19281603,0.118649
ID_5B8D7C3E1A,0,0.43239731677675497,0.39239126,0.5644516,0.4853449,0.29520807
ID_357E4A5683,0,0.08671543880649435,0.10137742,0.06295798,0.104600035,0.06788584
ID_10BE547848,0,0.5087057162050713,0.48870677,0.49730358,0.49237508,0.6248442
ID_D5BF0DEBD7,0,0.013264152909785783,0.014965507,0.0105866,0.00960999,0.013406755
ID_2F28365EC7,0,0.03200629348426084,0.03259294,0.033636533,0.028940352,0.027365252
ID_A74D5A629D,0,0.018725488934784044,0.02092012,0.017002659,0.0100996755,0.016901592
ID_A3793AF236,0,0.06349090216959344,0.063009165,0.07155626,0.045588315,0.056030866
ID_7A4B63BE59,0,0.08235388059714768,0.07774529,0.0924372,0.12154616,0.06312672
ID_E16C40EA86,0,0.015349992303106201,0.014604569,0.015191924,0.014230569,0.01932889
ID_F16444A531,0,0.09345656712585135,0.10204762,0.10670867,0.07611629,0.03626305
ID_18E7FAFFF7,1,0.36107012754253576,0.36776346,0.37132996,0.311848,0.33221686
ID_CB43F9601E,0,0.11136206669183807,0.11928929,0.10327798,0.102920435,0.0988642
ID_295725A56E,0,0.11991090698852805,0.13874018,0.093817115,0.14488819,0.085380636
ID_05C1A63C80,0,0.021586280590066072,0.01771508,0.027203457,0.03617541,0.01954609
ID_3CD0D7D823,0,0.011844892395250233,0.015657064,0.004883357,0.008979362,0.01190804
ID_323614F424,0,0.03837409517036849,0.05053393,0.019886935,0.029594516,0.03044218
ID_FEC9A4F864,0,0.019279214896009922,0.019890718,0.019423706,0.013796127,0.018773766
ID_4C08DBC946,0,0.029057470983462848,0.04128781,0.012035401,0.015498392,0.019768137
ID_0D04096E4F,0,0.048652468886480116,0.062162142,0.028438115,0.029877761,0.043074947
ID_D4CF817C56,0,0.03338109617364626,0.043207083,0.021523144,0.026021574,0.020478217
ID_FE2F5522DB,1,0.3321755426290084,0.24667934,0.40770718,0.56572646,0.42985114
ID_E1205EA940,0,0.009135519693137096,0.011759115,0.0056797527,0.0061523044,0.0067554736
ID_A4AE2179BA,0,0.14241544554434457,0.17051315,0.09480925,0.12916544,0.13150477
ID_A84D4D5286,0,0.10692365998070918,0.112008005,0.10268847,0.08206193,0.105347745
ID_AFE023283D,1,0.10456113707937514,0.10540009,0.085126,0.16299468,0.11723209
ID_C530BCE397,0,0.011421762794600113,0.01474518,0.006437639,0.009841514,0.008749548
ID_AFE524FB24,0,0.09881462321739437,0.12175601,0.08465768,0.058179438,0.049892582
ID_A9B6EA6B99,0,0.08472853002443058,0.11035158,0.04762941,0.05964127,0.066902906
ID_99AB7CFA07,0,0.06354557410805,0.07094987,0.061010275,0.050168734,0.043507513
ID_94AECAAEFC,0,0.3137122482349286,0.2762723,0.3433119,0.35121822,0.39217672
ID_CFA7A55681,0,0.030367898607308076,0.03309002,0.026552899,0.051096447,0.01800573
ID_13B6F11597,0,0.5756399236415233,0.4511499,0.714964,0.7767829,0.71548
ID_19BC9436B4,0,0.012729567471887922,0.018069636,0.0046745664,0.009723364,0.008739205
ID_BE42616199,1,0.5151117886801855,0.54974055,0.47701234,0.5003237,0.45686367
ID_F85799BF77,0,0.3692225852976256,0.41013655,0.3339882,0.35885438,0.2763264
ID_C183744F20,0,0.250166235459083,0.23292302,0.26098585,0.21389106,0.31567928
ID_CE77A6D89D,0,0.012438117439687578,0.015597272,0.008279518,0.010678964,0.008767625
ID_01FC401195,0,0.10746357551039798,0.09574466,0.1134452,0.11951772,0.13892905
ID_65E1C9216B,0,0.061314629648840734,0.07036489,0.047095396,0.054882504,0.056352608
ID_3EB35F89B3,0,0.02968876288425875,0.029818386,0.032681555,0.02759097,0.023635356
ID_39A43D7F8B,0,0.08580305452154165,0.101728775,0.0631401,0.09200076,0.064376585
ID_B306BB8026,0,0.014803807513004233,0.018361656,0.010277034,0.013255056,0.010145566
ID_9B17D797BE,0,0.06728985170865917,0.06867432,0.06398943,0.11417824,0.04807664
ID_3A3D08FEAA,1,0.3434192718191174,0.32604906,0.32844418,0.4999422,0.380759
ID_6EF2AABE18,0,0.018464491453121675,0.025874658,0.007778857,0.00804027,0.014597619
ID_0B0617ACC1,1,0.32969054809939724,0.29547226,0.32222906,0.5037068,0.41452616
ID_CF1797707F,0,0.06285303868319718,0.067795,0.055512164,0.056960937,0.060272112
ID_3F998A6458,0,0.20160359090721075,0.21196082,0.19111641,0.21314909,0.17527324
ID_BDC469FCDC,0,0.017760291987854965,0.020721411,0.014152946,0.021077756,0.011531741
ID_C77F9D3CC1,0,0.024248765233998326,0.027355691,0.020367868,0.017764749,0.022263013
ID_0F03E497CF,0,0.044295131401914684,0.058262646,0.029972246,0.025670106,0.024078831
ID_B7C1072DB9,1,0.5251208431447727,0.51218706,0.53703916,0.50542146,0.56283003
ID_6F941AA1B0,0,0.6895170291029311,0.6856028,0.72389084,0.73671484,0.61175936
ID_294C278352,0,0.046102575097281565,0.057050098,0.030026728,0.046418454,0.034159463
ID_362E274BE4,0,0.20133674428203568,0.20618856,0.21140677,0.124451965,0.19273543
ID_F2A306D2E9,1,0.12129123145555473,0.14141443,0.11106435,0.1145323,0.06108814
ID_DF4371FFD7,0,0.042154673274920944,0.034266453,0.054729074,0.06607484,0.038108386
ID_0ECAFB1A13,0,0.03354818790760136,0.034694932,0.03419275,0.040980205,0.024077125
ID_FE5E02853D,0,0.12351979433041745,0.10021967,0.17031145,0.13857017,0.11510735
ID_85152C25BD,0,0.012426265165740774,0.016485408,0.00613237,0.008728651,0.010375717
ID_EF89382378,1,0.7168528091538264,0.7631803,0.63696516,0.77842486,0.665492
ID_647E3B2EFC,1,0.41961464815056704,0.36424735,0.5267002,0.43996027,0.41514838
ID_22182FA07F,0,0.21158197757256064,0.21387415,0.22556736,0.2262818,0.16548258
ID_CCF7DCFA3A,0,0.1998590794157002,0.18165901,0.24118574,0.18500526,0.19464034
ID_C5CC2AC060,1,0.536706386782929,0.6099529,0.5370011,0.52892405,0.22975886
ID_5FE0995FFC,0,0.06770076443853179,0.07912647,0.05558546,0.08914039,0.036032125
ID_F2F279AF0E,0,0.38510203252841635,0.37682244,0.3988143,0.45984,0.358118
ID_46C75B3A95,0,0.05166649599664164,0.055506002,0.051549315,0.057519622,0.03313189
ID_6A781ACC61,0,0.12561223239855995,0.12454251,0.11175078,0.14979513,0.14932771
ID_FAA3C9762E,1,0.5175894665241703,0.46776843,0.64196247,0.4826941,0.47666898
ID_C9F5CA2863,0,0.0624492409448206,0.054648023,0.07877197,0.08291636,0.05149984
ID_151F8DA142,1,0.6417381552663641,0.6254666,0.62249583,0.68469864,0.7330886
ID_767B4166D9,1,0.0626810232163553,0.06686213,0.0649417,0.044705074,0.047988597
ID_B0210ED853,0,0.06341590647651527,0.066686645,0.054297395,0.11732086,0.045648668
ID_7CBF0083AF,0,0.03720680318509305,0.0457662,0.020918429,0.035108685,0.036869545
ID_9D264D09FD,0,0.03155227213290196,0.033964463,0.032419838,0.022474619,0.023448836
ID_C4E2797799,0,0.5024178063589739,0.41873816,0.58280605,0.6286829,0.62876123
ID_7353AFC863,0,0.06076408906723173,0.06311885,0.069409646,0.04560115,0.038871706
ID_64195A108C,0,0.10473680214472367,0.14523908,0.060234476,0.08802408,0.036227345
ID_2D083AA583,0,0.13751608778226543,0.16943401,0.10447012,0.087315924,0.09532644
ID_D797AEE9E6,1,0.3469190098150021,0.3576849,0.35070038,0.34737474,0.29308766
ID_109787B77F,0,0.4137668071601912,0.388445,0.46246177,0.4099933,0.41802537
ID_7ACA2C03DD,0,0.10287841611826054,0.13758685,0.07006999,0.042687587,0.052735128
ID_FF1C08F16B,0,0.31689621310355565,0.32026502,0.32636896,0.28530192,0.29610428
ID_BDAB544AE3,0,0.026691957577615465,0.02418513,0.030942325,0.030551348,0.026491866
ID_9D9E661650,0,0.0282312082576424,0.029226402,0.02728098,0.023322955,0.028201086
ID_078AD478B4,0,0.03974494876366723,0.052000225,0.024902677,0.03175546,0.023246523
ID_CC108313F8,0,0.03154868074593226,0.04325913,0.013150026,0.03670742,0.019251263
ID_C647CA73E4,1,0.6477701480013781,0.6615663,0.6230037,0.6613801,0.6366291
ID_AED89CFA3C,0,0.018520808141622207,0.023266211,0.012031733,0.016138434,0.013413905
ID_D284B6F992,0,0.1567032117204781,0.17249292,0.09457088,0.17751156,0.21414776
ID_CA076CCB5B,0,0.03408531352200677,0.032323647,0.03248293,0.06355292,0.032126278
ID_4CD021DBE7,0,0.017152882359908563,0.02255753,0.010599753,0.008964094,0.011926951
ID_582D65FC3E,0,0.021086693893285883,0.025381982,0.016089667,0.01440388,0.01655704
ID_37892034B3,0,0.03229128177265216,0.03284518,0.031913623,0.04212875,0.02647113
ID_2759D58EA3,1,0.0841160389538958,0.07605545,0.090196244,0.13012877,0.085098825
ID_EBBEBFAC5A,1,0.6404411953738164,0.59836006,0.6914541,0.68168837,0.69096607
ID_BD4CE783DB,0,0.028904732809671603,0.033497334,0.021280915,0.023521623,0.028186072
ID_8FE4E2EEA9,0,0.047036248940414846,0.048967015,0.042066913,0.07168476,0.03878757
ID_E713E2D8EE,0,0.028952991406369758,0.026380692,0.03861577,0.021932878,0.022162145
ID_17D637DBF5,0,0.02637924649106345,0.030481232,0.015375626,0.025319787,0.033100273
ID_EE00A02A5F,0,0.1046428611123772,0.099553324,0.12064531,0.11585056,0.08695095
ID_1E889D53B6,1,0.4266497128695647,0.40007392,0.43591124,0.52050537,0.47824103
ID_8E0B0872B6,0,0.020635554653588253,0.022297148,0.023644362,0.0141526135,0.009981689
ID_6B4D293FDB,0,0.011940059191617123,0.01469245,0.0075677303,0.013077414,0.009185343
ID_39C98F7024,0,0.012163677800526292,0.015238651,0.007125483,0.011544725,0.010238906
ID_AF5276CE43,0,0.0245917494278325,0.028957402,0.022272205,0.015413977,0.015108738
ID_52777D51DC,0,0.1237170335873578,0.1178399,0.11094307,0.1861243,0.14876467
ID_A379360211,1,0.6461521608352742,0.68274146,0.6312008,0.6086698,0.5398525
ID_E4731EF579,0,0.01888658962976728,0.023201384,0.013836321,0.014006092,0.013603025
ID_3CF988A808,0,0.02216388119225295,0.025672004,0.020671353,0.010226439,0.015735704
ID_11DF31760B,0,0.016523993292732263,0.020588957,0.008011758,0.016148789,0.017759081
ID_54B2340888,0,0.03487304879163972,0.046371955,0.018630888,0.036210373,0.020510025
ID_539A571813,1,0.16738329615680436,0.1978256,0.11891434,0.19078602,0.13243254
ID_D761478712,0,0.11973706984993437,0.13019635,0.09661242,0.10968577,0.12949772
ID_E7FCCE2C95,0,0.1484118603097121,0.15723002,0.1204167,0.21646048,0.14151503
ID_96C8E1D3C1,0,0.019324526488106085,0.024520038,0.010669857,0.013001275,0.01867765
ID_5942FB7776,0,0.13613974152859337,0.16230766,0.09367173,0.14409377,0.113124
ID_AF98F53161,1,0.6321583031511556,0.5778043,0.70110667,0.68685263,0.69024175
ID_60251D27F2,0,0.0199679745382061,0.02089349,0.015538104,0.019109854,0.025931092
ID_3F4F58CF41,0,0.014142223769979655,0.015777545,0.012660652,0.009441327,0.012454839
ID_5951C12A8B,1,0.267589551772225,0.4154035,0.10797534,0.083997115,0.06500265
ID_1512600958,0,0.07450776908648676,0.07679222,0.064650245,0.099522874,0.07508935
ID_2DB747B627,0,0.04457151911141548,0.060725708,0.026249608,0.02904909,0.022335095
ID_071B12CE2F,0,0.06769685993023321,0.08829391,0.0324054,0.059896976,0.05970938
ID_026B740626,0,0.015820460402496402,0.020905452,0.008718498,0.01310614,0.010737065
ID_EBD58A6316,0,0.03884099827612566,0.046370454,0.018030282,0.041553706,0.05046233
ID_82A7B754C5,1,0.6340666602733279,0.6613082,0.5434439,0.67542213,0.6952469
ID_0AB1B53FC2,0,0.1139529996705992,0.15141037,0.05173758,0.12397969,0.08465837
ID_94AE054156,0,0.04415624974925791,0.028910233,0.048897315,0.028335892,0.10534711
ID_94ECC3A571,0,0.010560810842262226,0.01193984,0.007813168,0.0060778474,0.012577924
ID_60E927A8CD,0,0.07057922943153006,0.06294856,0.09178146,0.07490788,0.05547665
ID_F93BC8639A,0,0.06802026482289796,0.079142086,0.060580418,0.06261077,0.03931102
ID_871A77B5E9,0,0.04052441210810859,0.052498125,0.027486952,0.01602129,0.028543454
ID_7CD523A271,0,0.2246192547847185,0.26631704,0.15533975,0.2929721,0.1671232
ID_D54D0AAFD3,0,0.014673032976397,0.014636712,0.015574052,0.017987575,0.011449025
ID_22F9AAE68D,0,0.0360250829355047,0.03736374,0.03395242,0.028339617,0.038161006
ID_66B0D26B2C,0,0.5086180790841737,0.6303308,0.34945905,0.37844878,0.39213085
ID_D1993AE848,0,0.06410234779945084,0.07982663,0.035661377,0.07136027,0.055459745
ID_F680667689,0,0.2681693998443531,0.273892,0.23767765,0.5752865,0.17550553
ID_4D5B743B1A,0,0.02125175956174747,0.022380034,0.020420467,0.015681803,0.02069225
ID_2B3139FD0F,0,0.04180104982611731,0.04554039,0.038145263,0.037997622,0.03548991
ID_BF391238F8,0,0.03355860446431151,0.04553526,0.0215267,0.022527764,0.013535565
ID_A7A9F867C8,0,0.014965983113244576,0.016824879,0.014811408,0.012495702,0.0085144155
ID_13D56528A3,0,0.013649312751419332,0.015421726,0.010316384,0.017573541,0.011593821
ID_F279A61548,1,0.37204460898899555,0.37616286,0.40348607,0.33644766,0.30270407
ID_57E1B9A755,1,0.1305828378396355,0.12570506,0.11064188,0.17328216,0.17536946
ID_2FA03C36C1,0,0.03969422493268518,0.054030385,0.023771118,0.018593132,0.022431113
ID_E2474F4EB9,1,0.25736685676948157,0.22737975,0.29306552,0.35122687,0.2666706
ID_DBBD53584A,0,0.06825446398920593,0.07491905,0.06994094,0.064356506,0.038156163
ID_116D0E98C5,0,0.09137839479769214,0.06711042,0.10393789,0.10379556,0.16163671
ID_B08363470A,1,0.13934262935920413,0.12313614,0.16837901,0.20777982,0.11575098
ID_1DDEF5F7A1,0,0.014700976001904634,0.014593266,0.016452435,0.015006485,0.011266219
ID_D833EA4484,0,0.023377548825953665,0.02352489,0.024600344,0.022666598,0.020441469
ID_E11497B7F5,0,0.03687190563591941,0.05127479,0.020106886,0.020929148,0.018884076
ID_D2A79FF0C9,1,0.25806151441982556,0.18310185,0.32598263,0.30378285,0.40938675
ID_34550356CA,0,0.06598250336273297,0.056114584,0.08995465,0.037974276,0.068493836
ID_D80CD7B41C,0,0.014205322944422082,0.014236203,0.012431364,0.018488057,0.016013158
ID_A4C912EFB5,0,0.14619705036234198,0.15778778,0.14441551,0.095880166,0.12294301
ID_8F162C80C4,1,0.6476696096292707,0.58623946,0.703718,0.81235784,0.7153976
ID_7E3B01BD0C,0,0.2078293720120868,0.23661485,0.193526,0.18176542,0.1281592
ID_357F89E92D,0,0.132519966420632,0.1210061,0.17030065,0.10266649,0.11317485
ID_4A068163DE,0,0.06232886779597463,0.059771266,0.071567304,0.07554059,0.047566943
ID_F8DE28332B,0,0.08278842834161257,0.07944464,0.099790916,0.10345381,0.05144716
ID_0DFC767548,0,0.11503347465895851,0.121217944,0.11015227,0.12774587,0.09381288
ID_0A12295AEB,0,0.0150663593343888,0.02160949,0.007200292,0.008094754,0.007312362
ID_FA55633382,0,0.029095702469463622,0.028462835,0.028750787,0.025160782,0.03422678
ID_88D39AAE78,0,0.6251677951526549,0.5771904,0.6805199,0.7270669,0.6648774
ID_A6F9091199,0,0.04451181845108526,0.048920687,0.038807575,0.051062595,0.035250343
ID_666B5246D1,0,0.21527461982410745,0.21671411,0.18714969,0.161285,0.29305252
ID_F45D4A8777,1,0.5253483212419566,0.4448117,0.615282,0.55753785,0.65893453
ID_760902D6F2,0,0.1483898220359188,0.18118608,0.08412401,0.17996506,0.13380885
ID_C2CC8A998E,0,0.050361122035707716,0.053343065,0.05100301,0.049544513,0.036731664
ID_0A88E1A87B,0,0.09512933618274852,0.10536564,0.061747074,0.11926856,0.11293229
ID_44F7B4B657,0,0.05145352730827471,0.059137177,0.042791188,0.043709222,0.040921975
ID_A287761A96,0,0.15237131002107798,0.18154559,0.10700668,0.12856741,0.13670078
ID_9787F2F8EF,0,0.04674370491357593,0.053752027,0.034500103,0.04949651,0.042173956
ID_CAFA24DF79,0,0.03629787249750449,0.043786455,0.028448677,0.028765896,0.02475431
ID_98B76C270D,1,0.37309639161280916,0.33544976,0.39450055,0.43743056,0.45832017
ID_5D3D8EE04C,1,0.6692518852151065,0.6882154,0.7151817,0.63071346,0.5073449
ID_8DA7DA20BF,0,0.03174403416687677,0.032646403,0.025066601,0.030622851,0.042740885
ID_FAD268F88C,0,0.047419803828404716,0.0621207,0.03369067,0.03038198,0.02213705
ID_EA1F03B276,0,0.05932017948997485,0.061715156,0.043510254,0.082627185,0.07294734
ID_01272C656B,0,0.06225941429403571,0.072222315,0.03429374,0.067239724,0.077950895
ID_92A30B667B,0,0.06051072739337652,0.05975127,0.047880374,0.094378546,0.07605182
ID_DA748D26B2,0,0.010550150175791953,0.013743325,0.005769968,0.0077016377,0.008544009
ID_14B8A0736C,0,0.01406646396800889,0.014969159,0.012831749,0.018821638,0.010825353
ID_EFB607D57A,1,0.42435759770850756,0.42844385,0.4810913,0.29899925,0.34002614
ID_9403B90FA0,0,0.04642263492132713,0.049467202,0.045413025,0.033067793,0.04153646
ID_D5B967C9BC,0,0.01307682940738942,0.014939124,0.011868367,0.010632331,0.00886032
ID_73C213371C,0,0.15529947244262818,0.18442181,0.13112989,0.10819631,0.104539864
ID_CA02DF199B,1,0.2506032837303743,0.22490801,0.34267247,0.2402346,0.16627483
ID_42A78C5618,0,0.0892663643998515,0.10825138,0.06637434,0.10958403,0.04924071
ID_C2BE9F4AC5,0,0.0541143918303305,0.07587216,0.025396297,0.018728042,0.039143797
ID_54D9DA560B,0,0.28454245088206037,0.3245489,0.2464246,0.16153538,0.2507687
ID_085A7BBD85,0,0.1562327361936011,0.18016127,0.13651776,0.1622199,0.09473618
ID_3101A74905,0,0.04282784714994106,0.0534835,0.034766838,0.025365254,0.022676153
ID_A1BCAF9198,0,0.010720788287198588,0.01288564,0.00735779,0.011267211,0.008542857
ID_C3D4604D11,0,0.01980021850365847,0.026153067,0.011798351,0.015288398,0.012069859
ID_4FAAFC6CF7,0,0.01625715161593392,0.018775735,0.010504593,0.024349615,0.014419964
ID_A95F2712CC,0,0.06404419612861931,0.07003173,0.051401686,0.06240616,0.06656031
ID_07E7D2BD66,0,0.03907996534556038,0.034749657,0.052464947,0.042396594,0.027232239
ID_625E10B328,0,0.047365742807550605,0.05247606,0.04607104,0.04578604,0.029223664
ID_D758F36851,0,0.2105784520321013,0.21043642,0.21504249,0.11098804,0.24501538
ID_1246DC4753,0,0.07514513667912924,0.08027388,0.06339819,0.08292489,0.07526615
ID_A276F084F8,0,0.8634751386088748,0.88660973,0.8823964,0.7505846,0.77427745
ID_50D39C7CC3,1,0.3658948626573092,0.37818253,0.3707142,0.2982949,0.33306843
ID_8B039F9837,1,0.23472049831732578,0.19838914,0.2825879,0.29000765,0.26156092
ID_8676BF74E0,0,0.020059585557319414,0.02541752,0.011074447,0.021282706,0.01614531
ID_79E549EBAA,0,0.0802325843770319,0.08774852,0.07674339,0.06567371,0.062283907
ID_9A67020D5E,0,0.453591778794048,0.39219874,0.59377,0.54547626,0.37243354
ID_801ACC504C,1,0.33955489721271037,0.2887885,0.3721786,0.51675814,0.40698576
ID_D6E18B8CAB,1,0.13863545928988824,0.16048056,0.10135643,0.18205814,0.107306115
ID_54B595E958,0,0.034522822397538,0.041002523,0.026310898,0.024538053,0.029092373
ID_995CC8508E,1,0.09139978820714645,0.09753361,0.077282414,0.06095915,0.10901628
ID_C85F152834,0,0.027934259266126707,0.03287728,0.022342473,0.028335415,0.018853655
ID_2F556D3883,0,0.1101407402114053,0.11915184,0.07598711,0.107404955,0.14649385
ID_1934CB82AB,0,0.04516792356848528,0.05544804,0.027133299,0.037490077,0.043733038
ID_A9CB63E158,0,0.03511107739335605,0.03872283,0.029994067,0.036912497,0.03003065
ID_D3D5358CAA,0,0.0853247944462727,0.087615885,0.098545946,0.07047041,0.053752143
ID_C472B6FE56,0,0.49081952228101555,0.4996284,0.4296483,0.5823751,0.5448803
ID_D74F339662,1,0.3294973190912483,0.2774677,0.2701398,0.28653908,0.69554585
ID_931E42B67A,0,0.03519760847081427,0.04306729,0.022818133,0.03052557,0.030513769
ID_62C442FA03,0,0.08692726581940567,0.121833,0.047037035,0.051890075,0.04017612
ID_B47DA1EE5A,0,0.02561690222668611,0.034278147,0.012662107,0.0291613,0.0152386185
ID_C05A6CC14C,1,0.3512280018334559,0.34602058,0.4090506,0.24329863,0.2962597
ID_828041CF7F,0,0.03743729115807497,0.036468145,0.04096293,0.03585933,0.034660205
ID_713BBCEF69,0,0.01170805361034116,0.015379279,0.0062713525,0.006437499,0.010144642
ID_4C9C3C64B4,0,0.021820927456257702,0.017055009,0.031427104,0.036146685,0.015121966
ID_F2B0AB4DA2,0,0.020241477187592186,0.020281028,0.018905642,0.019286122,0.023356158
ID_A306F92F00,0,0.03392423608940166,0.030764664,0.045564592,0.023747701,0.026750403
ID_2AA18D0A6B,0,0.058320429296770074,0.059867635,0.065051556,0.0517573,0.040200524
ID_83AC222792,0,0.02247150383447091,0.02558527,0.017893111,0.018173896,0.020999944
ID_85C50F9852,0,0.020877641149410077,0.02806657,0.00963236,0.020489937,0.01477173
ID_16772C91D2,0,0.011988641632286865,0.015505717,0.006502218,0.010893758,0.009363478
ID_E8F03CD8F6,0,0.03251303474242856,0.03524871,0.031067608,0.03380276,0.023484144
ID_ACECFFEBCD,0,0.26042053414201344,0.25275135,0.30232066,0.2094988,0.22516625
ID_5C0EC70B08,0,0.012409954718977144,0.015288485,0.007211789,0.011511864,0.011780628
ID_560E0AE6D8,0,0.1376789497317512,0.1542686,0.13402884,0.1910764,0.052086588
ID_30563AC5FB,1,0.2483433379242831,0.27600986,0.2124415,0.26371187,0.20167412
ID_E646587A82,0,0.01247327529199006,0.01603677,0.0061988533,0.011345564,0.011356466
ID_37BAFD5FCC,1,0.24521347333266744,0.22173965,0.29505387,0.427702,0.15800838
ID_D7CF95E40D,0,0.05665710646381692,0.049048625,0.06170728,0.06180943,0.075749055
ID_57B7134E2B,0,0.02254360832286857,0.027599895,0.014664117,0.01925365,0.019500365
ID_D1415CE417,0,0.024527615148768323,0.028448945,0.015307525,0.018491669,0.030355982
ID_8C030E3501,0,0.2670903466027952,0.28814113,0.24548893,0.18488096,0.26025373
ID_7DD9D81E60,1,0.08697664794366133,0.10665195,0.06411201,0.10213296,0.046223387
ID_3F561895D2,0,0.04631194247639622,0.050592635,0.044179555,0.060384978,0.026651535
ID_30D43DE2C2,0,0.09341568474868156,0.09234363,0.115326375,0.0818032,0.05601052
ID_79A7CB2EA5,0,0.028717723431977663,0.035231363,0.018245649,0.029360002,0.02335957
ID_13A866DEA3,0,0.14037656246758104,0.18315364,0.08875047,0.12578419,0.07660534
ID_84EAB8AA7A,0,0.16642180305381044,0.17146571,0.162794,0.20673533,0.1353037
ID_60D17B64ED,0,0.171019700836473,0.1790823,0.17342547,0.20045237,0.11893823
ID_1C651AE8FB,0,0.019752096007455477,0.023719914,0.01586735,0.018553639,0.011830488
ID_1058824292,0,0.03110389081278663,0.044317544,0.01147123,0.02163782,0.021472566
ID_1C89008ABD,0,0.01890291834646033,0.018739102,0.020844111,0.016040696,0.016679235
ID_774A08B5EC,0,0.024386522491920075,0.027929185,0.01581356,0.020304969,0.029575938
ID_2C6F4EB377,0,0.032365681443683986,0.037584275,0.022517322,0.03408399,0.030676398
ID_B8574CEB31,0,0.045177445203451294,0.06746607,0.017724374,0.022967776,0.019504856
ID_0046783532,0,0.026317121161476553,0.030184064,0.025216995,0.023155138,0.013704739
ID_55B4E2B058,0,0.012737076676913423,0.016932689,0.006839562,0.010617479,0.008571363
ID_0EAE2C65B6,0,0.08804970239392185,0.111512356,0.069284156,0.0666265,0.03843477
ID_37AA6459EE,0,0.7088426578981011,0.6651728,0.75355566,0.84276706,0.7392003
ID_B36FD37917,0,0.03606836252821799,0.036852375,0.03875223,0.033989854,0.027902262
ID_5E8D154D07,0,0.07311669338224241,0.086595476,0.0690676,0.049584042,0.035068106
ID_C02DDDAF7D,0,0.012814304199890172,0.015612506,0.010026797,0.008656019,0.008774724
ID_5F76035684,0,0.2545452095871681,0.26257938,0.2048852,0.2991363,0.30766132
ID_8C54596826,0,0.05027037659611719,0.03735835,0.06220644,0.07209149,0.06975048
ID_E1AE2F4C72,0,0.031803660346521975,0.036537994,0.02362768,0.027421912,0.031233642
ID_5BA0A6FDE6,0,0.019614985098748122,0.024712587,0.012989592,0.014240376,0.01461563
ID_DB3724B706,0,0.040760178867016425,0.046065062,0.032521024,0.053070232,0.030637164
ID_D83C61F0BF,0,0.014286639282475259,0.017467674,0.010803176,0.012268438,0.0091883335
ID_6B428F71A4,0,0.046674263293662394,0.044449955,0.052246604,0.056786448,0.039718233
ID_B19B8C6E16,1,0.43422793898963874,0.48243362,0.32189357,0.43931708,0.46914756
ID_A4155739D7,0,0.04621707490563744,0.05324602,0.03729611,0.04766651,0.035000965
ID_CE7EC69039,0,0.26325272383717363,0.25219268,0.29450437,0.260426,0.24421287
ID_0E68F84C3D,0,0.07237463916292536,0.06255055,0.071244225,0.06928366,0.11768595
ID_62E8F615AD,0,0.15865537074955277,0.15079911,0.1588546,0.19493051,0.17563401
ID_8DB3987262,0,0.014169833789177994,0.017404255,0.009474412,0.011338742,0.011799883
ID_FA2422D013,0,0.047112955736128954,0.05702273,0.042742018,0.028976869,0.02249315
ID_E19D0C5823,0,0.03789766280103122,0.040922098,0.03613428,0.021303596,0.03612551
ID_621FF84264,1,0.15686455851214645,0.16922404,0.115863815,0.21153998,0.16872141
ID_76D54B3F19,0,0.012545304826892307,0.016259102,0.0076442068,0.009593237,0.0086423345
ID_617467B5BA,0,0.1886678716685777,0.22175911,0.15348053,0.13803901,0.14629738
ID_60FFA988D0,0,0.20980109861971472,0.20241372,0.2476162,0.23664169,0.14822085
ID_00F23CE713,0,0.04286915211793399,0.047421347,0.033822168,0.06573808,0.0330589
ID_8887EF7326,0,0.029085729288973464,0.027108548,0.029654466,0.034420516,0.03390038
ID_FB8B4C2C45,1,0.6233224890419637,0.65299094,0.6106429,0.65130997,0.51287436
ID_2F22A0E9FF,0,0.008895376492492824,0.009042705,0.009076889,0.008957556,0.007855965
ID_DA1DEE8A00,0,0.014346034100429051,0.016550269,0.0107001215,0.013260901,0.013319659
ID_54CA48A03D,1,0.5435907366170041,0.47314554,0.624916,0.58080125,0.65078443
ID_1A5E61924B,0,0.011423144753562797,0.013782094,0.008986825,0.0117356945,0.0065386645
ID_C571826F30,1,0.028103909496626014,0.027989,0.02749043,0.034247875,0.027227549
ID_23E012F9C0,0,0.08249044413166755,0.08626212,0.058581125,0.09910962,0.110585585
ID_38E46CF3B9,0,0.03402903653084467,0.041446283,0.025208699,0.03382732,0.02167497
ID_135065F7B9,0,0.18340969885931413,0.17266066,0.26092654,0.18108688,0.0635928
ID_A9B4D3B9BD,0,0.027561794841221315,0.030133076,0.027206248,0.02154003,0.020077266
ID_56444A8559,0,0.035456757946189424,0.04001909,0.024866227,0.059416637,0.028439112
ID_1AB5310154,0,0.011957570534855374,0.013918114,0.007770581,0.012532235,0.012398729
ID_8470187108,0,0.017656089528884228,0.022319473,0.0099349795,0.011419293,0.017218962
ID_51DE0D27C2,0,0.04334349871700628,0.04893942,0.03365574,0.04924161,0.037892252
ID_8021310B12,0,0.033921143865990724,0.043634914,0.019500444,0.03212555,0.024564687
ID_0200D7AE8A,0,0.13140794942242215,0.14749758,0.12533869,0.09804352,0.090939075
ID_BCDC9C07AA,1,0.6779376111812492,0.6674925,0.7058651,0.7003134,0.6524423
ID_5F81533C26,0,0.03339435367127497,0.045395374,0.019621165,0.02003286,0.018019417
ID_2207B10A24,0,0.08402794388369936,0.11196973,0.0524963,0.04828899,0.049098488
ID_E1C90D42E5,0,0.2693554167309009,0.23638774,0.29498515,0.30992395,0.3360906
ID_9AB9AA794B,0,0.015095178637155092,0.016551174,0.011499711,0.021525642,0.013848275
ID_B42078A02B,0,0.08612847529180899,0.097879246,0.060726915,0.06471542,0.10026513
ID_9DC1B800B7,1,0.5721159087888656,0.6001256,0.488079,0.45363283,0.6855957
ID_3D605C8F6C,1,0.3991806070156159,0.34058362,0.4948716,0.47530267,0.40849933
ID_629F4C76B8,0,0.12855084893736227,0.13781458,0.107274406,0.15435943,0.12377054
ID_4EFFA9AB70,0,0.5320990915561838,0.42440677,0.65389377,0.71722275,0.6454984
ID_91AD50685B,0,0.03493007465824057,0.045342878,0.017271323,0.02579586,0.032762717
ID_9E2D1215E3,0,0.08654080373574809,0.109958045,0.052285716,0.037579346,0.08234821
ID_7AE8E5AA72,0,0.04955117505689416,0.0540765,0.035866197,0.073511176,0.04932778
ID_2F92AC9A6B,0,0.009270649287450534,0.0127512645,0.004125124,0.005822515,0.0070941946
ID_32236DD0CE,0,0.014084611932832128,0.015853848,0.00974303,0.018122261,0.014156749
ID_8AC8E3443D,0,0.6338573752037346,0.58010375,0.7072837,0.6320524,0.7044252
ID_B259F57338,0,0.052569612249978505,0.065685816,0.032082044,0.055549353,0.039758965
ID_1AFE7F399A,0,0.2557070936009874,0.22496133,0.30516165,0.30211753,0.25939482
ID_DF804764AB,1,0.14356632236199163,0.14616254,0.12226606,0.23029543,0.14047368
ID_08C70D93EE,0,0.04495577415949617,0.05961174,0.0282027,0.034050494,0.02367635
ID_320C1BFD32,0,0.2636118650292574,0.28808033,0.21162337,0.22808725,0.28715667
ID_2B174BED60,0,0.16162563395628546,0.21200408,0.09026917,0.17725812,0.09486155
ID_D6BEE8BE3A,0,0.3119552648430113,0.31786877,0.2901278,0.44769415,0.27460337
ID_2D08A888F4,0,0.07976797170894516,0.075679354,0.09178297,0.07996145,0.07119842
ID_50E5FD7CFB,0,0.26242426150448556,0.23076,0.2995277,0.25916407,0.3181415
ID_3CBAE134F8,0,0.3301669689691198,0.33757898,0.26302925,0.3357489,0.4404091
ID_14E3BA6FE2,0,0.05218939998775473,0.038113467,0.04694824,0.082637936,0.10967654
ID_30FB395AF0,0,0.010085966303343255,0.0138917025,0.004337556,0.0075141317,0.007446054
ID_F0E9E60783,0,0.01747948079809232,0.017931804,0.012694153,0.032498073,0.01928512
ID_360F88F043,0,0.04575282977907463,0.049641777,0.04153805,0.04632475,0.038100947
ID_AFBC72E6B2,0,0.012461236634231465,0.01301356,0.011681481,0.011789544,0.01209128
ID_26FFC64A9F,0,0.027651903338207173,0.041042,0.012900554,0.009492079,0.010593399
ID_8950F6597F,0,0.06997764411506369,0.051611133,0.076920725,0.09457322,0.122021824
ID_471609A195,0,0.17947446517939117,0.21740684,0.13728318,0.121295296,0.13494946
ID_69E0966F63,0,0.17469563264770044,0.19893219,0.14866152,0.13250163,0.14645416
ID_358F92071E,0,0.19705254076076492,0.19189133,0.20346317,0.22337028,0.19365232
ID_5BE799F15F,0,0.016795591649624193,0.02003387,0.01351592,0.0136594605,0.011505406
ID_AB12CFEE81,0,0.02821308367146946,0.028074872,0.031291544,0.03829511,0.017799137
ID_B136EA2922,0,0.015757100831530396,0.017273463,0.01384057,0.01302661,0.014646818
ID_61C560A2D9,1,0.44874066116439965,0.39321297,0.47262022,0.49931407,0.61025923
ID_F4117F9B54,1,0.28661423466434743,0.32495892,0.2708481,0.26759508,0.16659182
ID_90382EDB79,0,0.04817875145018001,0.06299159,0.025280315,0.042955343,0.036941536
ID_9C5D5607DD,0,0.3248476840838672,0.3497768,0.33202004,0.27010572,0.22791718
ID_3A264206AD,0,0.06614175890678159,0.06299739,0.07222735,0.08487283,0.058218013
ID_DC7A7F9AAF,0,0.039340158877745376,0.051547986,0.024189921,0.022626512,0.027505886
ID_CB76083CDE,0,0.031970681155009666,0.028948504,0.04169878,0.02819181,0.025529053
ID_006B6581B0,0,0.044592687746600676,0.053461883,0.026200078,0.052215137,0.043222003
ID_5AC961C66A,0,0.025470282720345783,0.034555707,0.012037352,0.01552332,0.020205047
ID_3E6B91FCF4,1,0.7110246948289315,0.7200869,0.71623427,0.67548996,0.67702204
ID_DBCB9657B8,0,0.03317667854014283,0.037545543,0.029918604,0.027396392,0.024212321
ID_0C89D74740,0,0.02145975455137951,0.02547904,0.015484779,0.014840609,0.020167144
ID_3395328E1A,0,0.22330586684082238,0.16744499,0.30329245,0.3337052,0.23980097
ID_2C4477453A,0,0.025604282668460702,0.031767115,0.017915625,0.01571102,0.020351311
ID_B7AEBF2DD1,1,0.7172049458883323,0.73804194,0.6927429,0.6989219,0.6895427
ID_7218BAE5C2,0,0.040891045050311894,0.042029582,0.033334527,0.06774005,0.040582635
ID_F80FF44509,0,0.02168904734528209,0.025976958,0.015704542,0.016967757,0.018453764
ID_9A1DC1765E,1,0.504410889386584,0.54362744,0.4382488,0.4934101,0.4853098
ID_2549101129,0,0.031046001991237096,0.038676105,0.023267357,0.014373262,0.022737226
ID_656C6A51E8,0,0.01668551330142887,0.021675019,0.010233305,0.010171928,0.012268212
ID_216C35D4B1,0,0.15568460587719388,0.14675657,0.17063364,0.21619721,0.1349903
ID_C7F0E1CA7E,0,0.2378384359165865,0.18667923,0.33269772,0.18533114,0.27356243
ID_63B7181C1C,0,0.04500643059427553,0.05274775,0.037483588,0.038541343,0.031229112
ID_E70BD9E7A0,1,0.14094058592979325,0.15618268,0.085706405,0.17421907,0.18046777
ID_381405C7B4,0,0.6368426500741505,0.6194113,0.6962026,0.6494256,0.577731
ID_487061B645,1,0.7350687819060697,0.7154822,0.73945194,0.79077715,0.78420085
ID_CCEE9F69A7,0,0.012786773462330411,0.013085447,0.013046504,0.013358054,0.010717727
ID_111727C1DF,1,0.6161525284966489,0.66532314,0.5618658,0.5680875,0.5456458
ID_CA738CC4AA,0,0.015528944813218806,0.022291891,0.0056649237,0.009920311,0.010537139
ID_7B7949EC6F,0,0.024310176636038468,0.022117542,0.030585881,0.024415473,0.020073516
ID_9E3BB319E5,0,0.2368077424346512,0.27079508,0.21548928,0.15894686,0.1727691
ID_9F767FD28C,0,0.0261804827701426,0.021388493,0.03886982,0.027444756,0.018671721
ID_645C09A506,0,0.1856009914159277,0.2387781,0.103581816,0.14146708,0.15592821
ID_C1E443165E,1,0.5067833116033976,0.46596995,0.55814695,0.28641942,0.6652332
ID_089B6EA682,0,0.02735705276912559,0.03263514,0.01708406,0.021455633,0.029648563
ID_E2C7732CA1,0,0.0386201796207846,0.030388307,0.05429228,0.027386332,0.044706006
ID_482F58F338,0,0.07301411372472422,0.07844005,0.064016774,0.08671835,0.06339789
ID_3852B6DA71,0,0.08988223186512219,0.107883245,0.07494044,0.081302986,0.0495597
ID_138C29F749,0,0.36583435618695953,0.35582322,0.35891932,0.4674585,0.37869906
ID_1A0DE61A15,0,0.019100304562029845,0.014767945,0.01585402,0.027342223,0.04078961
ID_B190EFE8E5,0,0.7487281769417395,0.650521,0.8643893,0.837664,0.8771074
ID_ACDFC5C5CD,0,0.036068708861383914,0.040022437,0.027693791,0.033374153,0.038490597
ID_03A30BD409,0,0.038223151321901856,0.05393981,0.017176298,0.029274594,0.020816354
ID_76C772D105,0,0.022570092850345145,0.025336914,0.016206423,0.018639682,0.026235009
ID_262F57C0E1,0,0.052792458876059496,0.058458634,0.048668332,0.07447303,0.028230086
ID_B4DC5A0F5F,0,0.13445032790118044,0.1412841,0.12613867,0.13685273,0.12233708
ID_25F4E070A7,1,0.5256569160881628,0.462801,0.59286916,0.5637946,0.63063025
ID_3F6F462D1E,0,0.022788137030874,0.025224999,0.020333763,0.024586352,0.016965339
ID_9F45EE21CE,0,0.122338256633503,0.12753375,0.13370335,0.13328418,0.07121982
ID_24025E984A,0,0.053609573462272686,0.055165775,0.051994417,0.062249128,0.046728097
ID_9C267BCA50,0,0.38170491419181773,0.3914096,0.43676722,0.3378976,0.24165371
ID_541755490C,0,0.27047210253667664,0.29338035,0.3005976,0.19468918,0.14202209
ID_F6EF802D39,0,0.02377047723396991,0.032331314,0.011830499,0.022314161,0.01381973
ID_51CE302818,0,0.038954647049434965,0.041389093,0.038241904,0.033981293,0.0323579
ID_ED6204423F,0,0.07905866872446211,0.10289164,0.04417998,0.054711323,0.063716486
ID_3B64E23EA4,0,0.022482211881581036,0.022919219,0.02049482,0.02244513,0.024913687
ID_A57594B53A,0,0.18344433410133953,0.21862736,0.14203309,0.19625582,0.11792586
ID_87498D9EFC,1,0.3750737549314783,0.35444546,0.40068498,0.44312057,0.3776962
ID_A721DFBBC7,1,0.4400611162919378,0.38770345,0.48506257,0.54672766,0.5184165
ID_ED42625657,0,0.10960142598400144,0.09943796,0.14886437,0.10697076,0.06950027
ID_B3D0318CF0,0,0.1512949171642926,0.11025702,0.18292414,0.21351355,0.22984658
ID_92722529F1,0,0.07116820020657523,0.083634995,0.052077625,0.094546594,0.049214892
ID_03624615CA,0,0.4131046804418158,0.3838984,0.39366472,0.55564606,0.5161629
ID_8ACBD9D96A,0,0.033476787521622184,0.03451964,0.027154218,0.019145489,0.048876796
ID_3F6105A186,0,0.02544321981956227,0.030873679,0.018623589,0.024029681,0.017726447
ID_0296F19999,0,0.12267531281874747,0.13209972,0.09914771,0.15855086,0.1176563
ID_EABD557E8B,0,0.046989111759884364,0.050602287,0.037337683,0.050273497,0.05098291
ID_071D6E7C9D,0,0.08867931663100932,0.08399731,0.106951095,0.06512716,0.079548396
ID_9087BF89A5,0,0.1949339462090633,0.17470664,0.24432251,0.16260564,0.18861082
ID_51BD322CAE,1,0.4695057749403637,0.46372592,0.44389486,0.518449,0.52754736
ID_3B77EF10F6,0,0.012039504016667174,0.01563636,0.0059289047,0.00890729,0.011303993
ID_09E93F4F1E,0,0.34219695144330736,0.33915898,0.37584358,0.44649094,0.23740542
ID_C74F34ED37,0,0.025331374142033458,0.031347156,0.016646374,0.014535314,0.023230942
ID_0600E0AD26,0,0.02056160686187499,0.025551464,0.013625442,0.013480963,0.017428124
ID_E27E4C072D,0,0.0745377196087641,0.08388891,0.06065712,0.056523822,0.07262545
ID_1748595211,0,0.03460694151318409,0.047526356,0.019707011,0.019372834,0.018582
ID_A24B27E679,0,0.014452747701763004,0.01697117,0.012445017,0.008355813,0.010768544
ID_684879194B,0,0.03090848510104217,0.038573623,0.020083703,0.03217948,0.021163985
ID_70B6DFE6C8,0,0.03669589271254415,0.03468381,0.041338265,0.053460427,0.02793757
ID_B8709EEBB0,0,0.10588933976048814,0.11383306,0.09973832,0.08966485,0.09256771
ID_3F4A7D191C,0,0.3640953456472773,0.44011936,0.26643613,0.2822511,0.28780642
ID_FA335FAF54,0,0.014927526220959855,0.02072318,0.0062447144,0.008879173,0.011683607
ID_6E35736BA3,0,0.18097595643626552,0.21297579,0.14708465,0.13111033,0.14010747
ID_FC40821AA1,1,0.0424797214136135,0.047480788,0.037826754,0.035409693,0.034396585
ID_AE97BFA4AE,0,0.14490968148891775,0.114491984,0.1970718,0.13756323,0.16483526
ID_6B3F4943BB,0,0.042321890462463777,0.053954095,0.025914595,0.024975924,0.035893634
ID_7E2135D23A,0,0.014846906800197094,0.016623128,0.012045759,0.014467412,0.013510622
ID_88705A1101,0,0.01658710403560533,0.02130559,0.010220471,0.008398287,0.013862427
ID_539AD19AAA,0,0.5653504370810524,0.5661525,0.5039455,0.6419443,0.66028947
ID_657945E9E9,0,0.16006942578842942,0.17758407,0.111589454,0.273428,0.14059192
ID_F7C99C0B36,0,0.08689121674706214,0.08615445,0.087511435,0.06629741,0.09765302
ID_0152110694,0,0.05501547465265162,0.06538245,0.043914426,0.0408077,0.041186713
ID_F1CAFA9B82,0,0.016237519142930153,0.020961871,0.008627914,0.015941469,0.012713806
ID_588AD0854B,1,0.24222096708165208,0.2598955,0.20270869,0.2921888,0.2304634
ID_83E0383047,0,0.040616562495516706,0.04770041,0.022386128,0.024789406,0.056668803
ID_EE7E23B04A,0,0.12670661329923502,0.14736116,0.08848797,0.14017001,0.115486264
ID_9C42FB390F,1,0.8118666711542653,0.81176794,0.8022062,0.8666457,0.80912805
ID_D7035858AE,0,0.30206460020815307,0.33343866,0.24372491,0.331322,0.28179544
ID_A513646FF5,0,0.040503739599856314,0.04706681,0.030923454,0.05947666,0.02503318
ID_82AEF03BF0,1,0.7172598442315339,0.7306775,0.69821846,0.69549555,0.7108585
ID_CFC873C00A,0,0.01980006495790627,0.027829658,0.011173072,0.010148936,0.008561135
ID_6AC3C7835D,0,0.008018225166013542,0.010200478,0.0038298538,0.008692887,0.007481306
ID_FA73B5E382,0,0.03475819073233791,0.04089008,0.02280251,0.02926616,0.036870625
ID_1B1F039982,1,0.6215155630347634,0.55922717,0.7134238,0.7015921,0.65283316
ID_87A0CC73D1,0,0.013503936221147093,0.014028633,0.012864687,0.013021712,0.012866808
ID_1B1D7C13C7,0,0.06965136855752058,0.086927876,0.04986201,0.056262333,0.044887282
ID_E44B3F2B70,0,0.012137084877204676,0.014371025,0.008073412,0.010856142,0.011966588
ID_D6DFE6A810,0,0.03056547497024779,0.04414755,0.012933402,0.02234358,0.014542591
ID_C38E175A34,0,0.021673024427326864,0.026154198,0.015762715,0.023938,0.014416059
ID_418A40DDBF,0,0.015502142986279971,0.016731119,0.015544209,0.014103139,0.0108252745
ID_42923DC7D7,0,0.0605039212757531,0.07439694,0.0351586,0.053051192,0.059376504
ID_8509AFDA65,0,0.10158546056008785,0.123143725,0.06451953,0.12532796,0.07959054
ID_D6F037EEED,0,0.03779736454327044,0.045167454,0.022288691,0.036235966,0.040582374
ID_B02DCF0639,0,0.05398764011500729,0.03851579,0.052646298,0.15269116,0.079258956
ID_F1AA50A70D,0,0.12237944824115221,0.16383299,0.086533,0.07437576,0.044920184
ID_FBF511EE75,0,0.03766007025032248,0.051515453,0.02135263,0.025518287,0.019348834
ID_5F87E3D852,0,0.4109360940860076,0.39151248,0.42521778,0.60369354,0.37840536
ID_6A8B4FED15,0,0.01821401560462386,0.019463537,0.014655121,0.0194341,0.02003293
ID_9EA4386DE1,0,0.03434314337032905,0.036255963,0.03318609,0.032189135,0.029676097
ID_D6451E4AD9,0,0.3182113717043018,0.32130444,0.322506,0.46211225,0.23319338
ID_7C94EC2A2B,1,0.14210293201332103,0.129152,0.16010666,0.13954562,0.15935865
ID_38F0C2BDF5,0,0.05920675102821385,0.06476488,0.05126163,0.07300008,0.046735648
ID_1BAE1D3EE9,0,0.021863648214281963,0.028581133,0.013798232,0.011892265,0.015107673
ID_DE48A50B65,0,0.013070409132319282,0.014519197,0.01023586,0.013921881,0.012653671
ID_21A5A0CE5E,1,0.905696106096223,0.88769007,0.928675,0.916196,0.9279625
ID_0612199BFA,0,0.6915064794247732,0.7105166,0.7010431,0.6532655,0.6073389
ID_02D8AB7128,0,0.5153520212806622,0.5057952,0.5304686,0.6053683,0.48409632
ID_D3328E6F75,0,0.02423941736780466,0.026756808,0.019536408,0.017309014,0.02670447
ID_21775109EE,0,0.10376547705333837,0.107165955,0.09414254,0.11634394,0.10454616
ID_77ACBCB5E9,0,0.013181934545694718,0.017287724,0.0049516074,0.00716691,0.016098117
ID_19D97662FC,0,0.113661350533932,0.12263122,0.1275026,0.05693169,0.07077238
ID_620E193AE1,0,0.023504693655165533,0.030191077,0.015857888,0.02307064,0.011824893
ID_105B878A69,1,0.8305890638106407,0.7856019,0.8710378,0.905587,0.90135026
ID_DD0CD8A465,0,0.04390103013906906,0.04963022,0.034511987,0.026276056,0.047499377
ID_AA2BCDADE1,0,0.032157252179550226,0.03316865,0.026614876,0.071485125,0.022626318
ID_D00CA0594E,0,0.03964853556573011,0.04483394,0.027561527,0.03266935,0.04669295
ID_E713165B3D,0,0.04827594742094633,0.061440717,0.032906707,0.03978065,0.029282786
ID_5B921C87DD,0,0.02384283833411112,0.026127208,0.019736134,0.023416648,0.023178827
ID_1593492CDC,0,0.14451381897832868,0.15412346,0.1453988,0.13104084,0.10785608
ID_D560C676FB,0,0.01143495109813569,0.013461596,0.0073100612,0.0108883325,0.011952178
ID_7D0EF90CDB,0,0.14194922591628306,0.16431104,0.10622639,0.1391941,0.12522611
ID_73264B7F2E,0,0.017275853990506546,0.022473479,0.009396056,0.010730396,0.015054746
ID_A30ED7E7DD,0,0.3149238026830537,0.29048342,0.3478317,0.43691948,0.29449633
ID_5B48EAEFCB,1,0.014976973211925718,0.018968267,0.00931909,0.012953772,0.011119127
ID_843A33DF7D,0,0.06429260104183725,0.06720193,0.055757307,0.09235497,0.058067415
ID_0CB3C881C6,0,0.02679932986130743,0.039048173,0.01209316,0.021759383,0.008750432
ID_E92B57B14E,0,0.015795573887464498,0.017996503,0.010395596,0.017961562,0.017128596
ID_C2A66482D7,0,0.03778693296236797,0.043658998,0.025118077,0.020770306,0.04755143
ID_1A9C9EC286,0,0.037570227720028035,0.037810743,0.03657439,0.031586546,0.04129773
ID_EB840EDCEA,0,0.07217452552171219,0.08036242,0.063272305,0.070631236,0.057322394
ID_CF0EF8219F,0,0.0661437230241742,0.07108563,0.04774138,0.05226094,0.090773895
ID_B68E8B1235,0,0.08908241989541345,0.09272529,0.08187329,0.074064836,0.09568968
ID_6D51B08096,1,0.5608887537727377,0.53426784,0.5767553,0.67331815,0.5904062
ID_E7335F2947,1,0.3020986523468923,0.33069137,0.25955588,0.2973717,0.27451828
ID_8D9E50E787,0,0.03035979741304148,0.0335605,0.024315568,0.029356726,0.030228868
ID_076F9C5915,1,0.03932041626748932,0.05097398,0.024420058,0.029691389,0.026205482
ID_519EBD2575,0,0.08513627498095913,0.10780996,0.052094568,0.12365311,0.043352544
ID_02039EBE94,0,0.34575502414992687,0.3011602,0.4418568,0.4131633,0.29878578
ID_D3ED496FFA,0,0.03509571260893744,0.034909718,0.037373245,0.022863945,0.036328577
ID_C6259DE57B,0,0.02275656181300098,0.029537199,0.0148488395,0.010734139,0.016289355
ID_D8B8150F80,0,0.03315507031018023,0.029183108,0.03993631,0.039200142,0.032768328
ID_0190F4CA03,0,0.01238458742082765,0.016741239,0.0072359964,0.007876168,0.0069727576
ID_5FAE6F0A12,0,0.04361932128367314,0.047713477,0.045611463,0.028225541,0.02874498
ID_8BCBF1D655,0,0.03683051400183571,0.03221752,0.044134665,0.05416765,0.033110276
ID_5FB7C9184C,0,0.030468142110544376,0.043122932,0.014023042,0.013979702,0.019423384
ID_77872806F1,0,0.21838942470657813,0.30406627,0.09980871,0.18381576,0.12555815
ID_1EB93B9DF8,0,0.19180301892421817,0.16545996,0.19087695,0.30975458,0.25375986
ID_F74323224F,0,0.5140019377243381,0.45991325,0.5588024,0.52546674,0.6416067
ID_6DC45BB47B,0,0.0392482555202152,0.03974823,0.033676933,0.027791576,0.054079164
ID_2A305B533F,0,0.01604097980668579,0.019967655,0.010157565,0.013524861,0.013155012
ID_A8E0C21080,0,0.07770022803687704,0.07587312,0.09378846,0.055329513,0.060666826
ID_7E05375C82,0,0.10527844034432102,0.1191543,0.10306598,0.0962387,0.05529363
ID_E29C55F894,0,0.022728755895808687,0.02806452,0.014833453,0.026107378,0.015630849
ID_C8016507A1,0,0.1639053833773137,0.16171405,0.1337128,0.20385335,0.2205228
ID_DE3251CE3C,0,0.06302923386050015,0.078621835,0.03491614,0.06443206,0.05679237
ID_F39FEAA9AC,0,0.045775012177213754,0.049480997,0.04204551,0.044962786,0.03845914
ID_88E28B48A2,0,0.35777875867548986,0.32460195,0.36680079,0.6012879,0.37255996
ID_B35A9E6018,0,0.012310515416218193,0.016230661,0.006444948,0.008287038,0.010070937
ID_8A2B4328DA,0,0.0760062294183963,0.09892057,0.040841006,0.08406266,0.051037923
ID_0800D42A91,0,0.017827369983674138,0.022316191,0.012018929,0.012127067,0.013791663
ID_1ABFCC9BD1,0,0.03302066755779509,0.032380544,0.041561995,0.028869087,0.019215206
ID_46255C50DA,0,0.04496573766244975,0.04938644,0.044765946,0.05450856,0.022542505
ID_6A81610E94,0,0.35537186519936864,0.3098551,0.41598514,0.34865326,0.42073867
ID_FA7641DE2F,0,0.48723220365432907,0.47719705,0.51991636,0.41425857,0.49136344
ID_D15C166C11,0,0.053377048612998745,0.06289608,0.03896716,0.04616966,0.047179848
ID_520667D15B,0,0.1492196279022299,0.17640287,0.13688183,0.06251246,0.098542646
ID_C5C7BFBD42,1,0.4361199792658006,0.46253777,0.41151977,0.44075602,0.3751663
ID_70F9B2236D,0,0.05823556647232931,0.06209534,0.037897423,0.08592886,0.073470496
ID_4CE2DC653F,0,0.03368985218142567,0.04411795,0.0251003,0.015756223,0.015839424
ID_EC2C403F9F,0,0.010872433907087824,0.01209087,0.007891581,0.012246969,0.011515515
ID_5D9232509A,0,0.024052275141236562,0.02754989,0.021372497,0.016340489,0.018373275
ID_93197EEB73,0,0.10806981609428808,0.13700801,0.07787251,0.07295502,0.06579293
ID_358CE1F952,0,0.015974082996011028,0.018016683,0.011189906,0.017002553,0.017151479
ID_82E8D96E4B,0,0.012582349934016059,0.012851535,0.012353239,0.0152071165,0.010791465
ID_B6CD882C3E,0,0.04603253488067001,0.03776972,0.07031874,0.0452738,0.029205116
ID_9A95F8D05B,0,0.015776648887049917,0.01854852,0.011829703,0.013945878,0.013320908
ID_185483391F,0,0.045375727456446635,0.04788463,0.0424065,0.046344433,0.040714316
ID_3EE694DDF9,0,0.026927680123973022,0.030957984,0.02262011,0.0323288,0.016772062
ID_27C6926FED,1,0.4636674764600424,0.6825755,0.23899654,0.25813514,0.10958923
ID_0C99B34402,0,0.028048392524473248,0.0288125,0.026111396,0.039498076,0.023981541
ID_93764C7EC7,0,0.04014834290939032,0.038329795,0.049977247,0.03188976,0.03035392
ID_4B70B55C62,1,0.8435748784767674,0.955541,0.7478977,0.6509024,0.65937126
ID_AE03A51D8E,0,0.01738029977512747,0.016180817,0.02107077,0.024795594,0.011303352
ID_166565AA3C,0,0.02830546638008027,0.030030448,0.02906351,0.02951568,0.01885814
ID_82D814E88A,0,0.03249388554642682,0.036739092,0.029879782,0.021874541,0.024780396
ID_20EBA9BA89,0,0.04018580315752707,0.03903548,0.045076393,0.054577775,0.028285472
ID_F10C67EA63,1,0.46113371726942076,0.522307,0.36810172,0.42080915,0.4196137
ID_1387B3A4EF,0,0.14241301255299066,0.15045178,0.17490883,0.08190601,0.06509214
ID_6A705EFB01,0,0.030082943245457225,0.0327533,0.032390554,0.028215101,0.0146561
ID_4020E4F0BC,0,0.3759835335638709,0.29842538,0.45596433,0.44081706,0.5040959
ID_1B269809DD,0,0.04639619273867519,0.05336126,0.040541388,0.04862315,0.02853411
ID_D0A2F2913D,0,0.04810667900808491,0.06017497,0.03587122,0.03644426,0.028408116
ID_DA28B3884E,0,0.08934734325396715,0.08394697,0.10217278,0.16370468,0.052257348
ID_5424476451,1,0.1494995140858924,0.14708947,0.17759404,0.15002379,0.09919649
ID_77870CAB07,0,0.1351087625196751,0.17979722,0.06675845,0.078686655,0.11736425
ID_34487E12AE,0,0.05130912969252895,0.054189175,0.050265666,0.06007633,0.037548088
ID_DED9FB0D0B,0,0.03185978499281588,0.03569724,0.02415891,0.04788555,0.025167134
ID_7616C10638,0,0.010481294086645953,0.0147135,0.0037846072,0.00860506,0.0077690533
ID_9EF26719AC,0,0.5667607451720356,0.48457736,0.6863148,0.6803665,0.60828215
ID_E935CA2AAF,0,0.04032541780388062,0.046844985,0.027915593,0.022885056,0.046981152
ID_FDB3C55355,0,0.012626776178020532,0.015897922,0.006418526,0.010378126,0.0130927805
ID_6844723427,0,0.14589118716833444,0.17138182,0.075712495,0.20747322,0.16180398
ID_1C75D540A1,0,0.010496301089341785,0.013506058,0.005709035,0.010216449,0.008161208
ID_88820DE495,0,0.015991010105110875,0.022432782,0.0077455477,0.008932406,0.009517346
ID_261AF99724,0,0.02323030445967381,0.028170098,0.016879521,0.022573754,0.01625252
ID_343175CCD2,0,0.011648974251834688,0.014180801,0.0065095285,0.011193685,0.012166634
ID_8280828006,0,0.18410147710466201,0.1544121,0.1745941,0.39248717,0.23919426
ID_8093DA1669,0,0.5758260359620042,0.64494365,0.5240857,0.5302706,0.41442138
ID_BF7C48DE2A,0,0.014413675244929518,0.017144216,0.009112995,0.013121243,0.014801889
ID_8F6DB2BE51,0,0.12592921177693017,0.108842246,0.13586178,0.1806208,0.15303138
ID_9611A41E7E,0,0.0274629089296854,0.03088424,0.024353677,0.03028298,0.018436773
ID_4FDAB8EFBD,0,0.11244399484876783,0.12071763,0.10021065,0.09121867,0.11295434
ID_D4C0A6868F,0,0.03013193257390616,0.026939347,0.036771324,0.04302362,0.023769556
ID_2054205B83,0,0.06757380657440898,0.08704863,0.043489683,0.05415059,0.0427421
ID_0AD51F7413,0,0.6139938419033586,0.6272892,0.59847397,0.63869345,0.5803019
ID_0B8635FB45,0,0.020465262068524774,0.025115265,0.013662862,0.021396482,0.014989431
ID_3D677B054F,0,0.18181708122438184,0.16911136,0.19203402,0.13037372,0.23604897
ID_23FFB425E4,0,0.09592367927543495,0.1234778,0.0648057,0.061054796,0.06136677
ID_2F0E622EE6,0,0.08958458594027902,0.08885977,0.090567805,0.10926621,0.08196092
ID_CD89205C53,0,0.07888483751972385,0.10554388,0.045431137,0.045841604,0.05232707
ID_25B55BACC7,0,0.515987097328581,0.5212835,0.5312862,0.58626246,0.43014118
ID_AB1897B67C,0,0.3728588548583769,0.27189913,0.48915344,0.45290443,0.515393
ID_FFF7A3F9A7,0,0.13863653865918524,0.13223104,0.13707483,0.2149837,0.13579065
ID_16EA94ADC5,0,0.01715931293362229,0.01905646,0.014591228,0.017164296,0.014644185
ID_9955CA66F7,0,0.2192729121677504,0.186129,0.23507373,0.2757393,0.30090705
ID_A73DD27279,0,0.019786154561994673,0.023568986,0.016857326,0.015233191,0.012058461
ID_E96DBEEBBF,0,0.03145776388519708,0.032485463,0.030816484,0.036800608,0.026158968
ID_12FB0B24B8,1,0.09215674489575207,0.099732004,0.086332016,0.07233006,0.08126339
ID_9AD3E96777,0,0.04555758594713147,0.0547931,0.03671336,0.053661015,0.021946326
ID_3266D6087C,0,0.1296059847588203,0.16455634,0.11366187,0.07974509,0.03776167
ID_D90D3BA0B2,0,0.08035653625079753,0.07871226,0.08977455,0.0831253,0.06589974
ID_FAFDB5074C,0,0.021775711014743983,0.023132628,0.01763881,0.030511312,0.021104334
ID_08184519C3,1,0.08415133790834481,0.09375388,0.07509648,0.054003794,0.07611383
ID_FCC41F0A7D,0,0.02518995844979378,0.021162339,0.033896018,0.016471047,0.027345384
ID_4ED59CF05D,0,0.08402585998243942,0.08631341,0.08548859,0.07666033,0.07442644
ID_29A08C5EE3,0,0.011428539773573287,0.015796337,0.0053725503,0.006908606,0.007921037
ID_311B9066FE,0,0.16711871344729548,0.17629957,0.1314953,0.24664037,0.17005031
ID_3DC96E9CF2,1,0.32074356063982873,0.3545945,0.27892795,0.19646837,0.32148185
ID_25FF47B382,0,0.024935483062500853,0.026443021,0.022269888,0.029220548,0.022411188
ID_F1033D4442,0,0.08500467236997125,0.06933264,0.097476006,0.08984988,0.12240661
ID_BC7C5A650D,1,0.15312048796162825,0.16445218,0.13175061,0.18487677,0.13720402
ID_07AE00D494,1,0.335910808450215,0.31134927,0.37500626,0.51038545,0.2798469
ID_D95999EFDD,0,0.08307802787907323,0.123434216,0.034740284,0.035732664,0.036766518
ID_8D977D2806,0,0.025075069059448223,0.027629618,0.023761583,0.021041451,0.018849496
ID_9C4F023896,0,0.06629391374810172,0.061262168,0.06713702,0.15325183,0.0478556
ID_E407209FD2,0,0.025545642974636434,0.031800546,0.017473476,0.031538144,0.013801327
ID_2E083ADF2A,0,0.05424271165495563,0.07088301,0.03657945,0.030791434,0.031994242
ID_AAD42736B3,0,0.0245109291272947,0.029148964,0.018037312,0.028251141,0.017155979
ID_AE4F4738A4,0,0.08269048058833181,0.08694222,0.10265852,0.027342955,0.046006266
ID_AB470BE4C3,0,0.12652711858844296,0.14786749,0.09673992,0.13438427,0.096764624
ID_4C33AC1040,0,0.03608027433629637,0.04572835,0.02124745,0.0331067,0.028399127
ID_23E1086BEB,0,0.020858610383622044,0.028303329,0.0105152745,0.010475578,0.01609343
ID_67706FD94A,0,0.02504061748539771,0.028961169,0.015742281,0.04113925,0.021391524
ID_17EC850F2D,0,0.2165244267729329,0.2332352,0.16831443,0.28601697,0.21898828
ID_38F0E7F8F7,0,0.15442588911634045,0.1278932,0.18404005,0.2524918,0.16034172
ID_6856BDCD8B,0,0.047185204058927704,0.046887062,0.040450525,0.03643685,0.0675775
ID_30D883401F,0,0.04804260323889198,0.043963652,0.061059214,0.058328368,0.03288436
ID_F6392EDE9C,0,0.23894481231385167,0.26964337,0.1784752,0.2900071,0.21659587
ID_C81523B10A,0,0.03174378936331779,0.038535506,0.02065321,0.034309696,0.025698064
ID_B38B2EE906,0,0.020921177876232468,0.02393573,0.015665324,0.0202263,0.019751877
ID_BA5C2B8783,0,0.35622565754398916,0.3104016,0.3995777,0.52483,0.38349414
ID_24A91E375F,1,0.0921564323779568,0.104612105,0.07745143,0.102641314,0.06646313
ID_6812DA1EF3,0,0.029637216728958374,0.027471751,0.029097496,0.031418525,0.0391747
ID_3487F1238C,0,0.17544326545296626,0.18442829,0.11348596,0.29045957,0.22021875
ID_C589341888,0,0.02123784468681319,0.025726665,0.01484935,0.028587218,0.012757969
ID_2E4352F446,0,0.12715009667528976,0.1436512,0.113067925,0.110799275,0.094713345
ID_8F317D5BF0,0,0.19609850509449436,0.16470623,0.249242,0.21725745,0.2056141
ID_C30E536FFD,1,0.6476549526961883,0.60896313,0.6927476,0.73469925,0.676585
ID_C420C3A2DC,1,0.24020319882013746,0.27417636,0.16908878,0.19989969,0.2666691
ID_06BEBAA22A,0,0.09784725804953798,0.06368791,0.15819824,0.15973376,0.08584884
ID_C53284F43E,0,0.043865189466268314,0.044629883,0.048237268,0.042395327,0.031894125
ID_5EB5157BD1,0,0.16796717322008548,0.17727564,0.11288846,0.29848814,0.18986136
ID_D1BC34AF5D,0,0.010825245845503983,0.013936981,0.005464903,0.01052762,0.009295999
ID_B019C792C8,1,0.4808648930514272,0.6669624,0.23374581,0.2796226,0.31180215
ID_4FF065DB86,0,0.07472617073159461,0.070010096,0.06001222,0.12187238,0.10567833
ID_C26E1E3251,0,0.02287283545342978,0.023820026,0.020756701,0.027051227,0.02158572
ID_663F250D3A,1,0.3490306570865747,0.46150997,0.22618231,0.23523566,0.18655816
ID_926DC3FEA7,0,0.022341064554975233,0.027228627,0.015786117,0.024003612,0.015011164
ID_C02DFF4BF7,0,0.013869433445541604,0.015113267,0.013516702,0.012913953,0.009783277
ID_FC2605B0EA,0,0.252730802473192,0.24711949,0.2639016,0.20746697,0.27222568
ID_C9D0F99D1D,0,0.04655393313414906,0.059501782,0.027964493,0.041628063,0.033829615
ID_AFD825E277,0,0.12245144483215724,0.14066161,0.103260525,0.05187326,0.11738497
ID_735E656D6B,0,0.3476851654750055,0.3590223,0.31428897,0.30066243,0.39188334
ID_B88FA62729,0,0.03460886182606076,0.025931764,0.043222804,0.044496283,0.048510622
ID_A24FB268EE,1,0.0210272783229346,0.018624758,0.026904464,0.022512076,0.017931595
ID_A871DE1F93,0,0.013968935020296426,0.013948261,0.014107065,0.016871842,0.012494657
ID_9F4F5CFA71,0,0.11770705296832337,0.14261962,0.058806587,0.15116514,0.124130785
ID_06E5D73E98,0,0.10769953939222787,0.10877934,0.109537065,0.16491608,0.07425115
ID_2DE23B68CB,0,0.010745494340888038,0.013159597,0.0069456045,0.012703926,0.00783532
ID_6CD9871CBF,0,0.023244920294272886,0.02729766,0.021479754,0.014845189,0.013556659
ID_8F3C663162,0,0.3364256160550194,0.34334362,0.3338447,0.28898832,0.33338878
ID_32DE374442,1,0.12900559406207762,0.12743297,0.11056781,0.14457649,0.1684181
ID_AB43C06E3D,1,0.7021662510978569,0.87092143,0.5880672,0.33288208,0.3943444
ID_793F86B35D,0,0.01325475678453632,0.017058501,0.006576272,0.010129674,0.012859511
ID_75CFAA743F,1,0.352195128384703,0.3891736,0.31147057,0.41751194,0.25472462
ID_6D0C81E7C6,1,0.11215867470798598,0.12829377,0.07646747,0.13140689,0.11210471
ID_4A32710BBE,1,0.8524984661616031,0.8251646,0.8828965,0.9073816,0.87894404
ID_41621EE26D,0,0.024956132272181526,0.031160269,0.013999578,0.0259042,0.0218126
ID_C76DDB3F12,0,0.16070803458579835,0.14285009,0.17238548,0.17328008,0.20568742
ID_C76B125CCF,0,0.012918479689006142,0.016296623,0.007945966,0.011435137,0.009947717
ID_D79F17B39A,0,0.06498546337427702,0.074246906,0.057720214,0.084617145,0.03285232
ID_E7A5B2C4C9,0,0.08910674265514629,0.09845283,0.08055852,0.11550226,0.05641937
ID_09A2DB5CCB,0,0.3911544207676213,0.42183942,0.36645263,0.36969566,0.3237505
ID_15AD3CF3FD,0,0.06656963586347417,0.07217894,0.06958619,0.04613514,0.04528866
ID_A485084BCE,0,0.017233814932446946,0.019650662,0.009920627,0.021017985,0.021052476
ID_7CCEC044FC,1,0.296960268927854,0.25450784,0.36417583,0.39200178,0.29084992
ID_F57FC65070,0,0.10488328568623864,0.09191156,0.121666536,0.18350546,0.0894583
ID_06D27E1069,0,0.014229219759515807,0.014667018,0.011028627,0.02730812,0.013542421
ID_0597D9C744,0,0.25188157918964194,0.21537744,0.29384592,0.24099882,0.32095894
ID_72932B252B,0,0.0956109535387848,0.106262505,0.08632416,0.071900845,0.08082933
ID_FC77E956FC,0,0.4516741115059441,0.40004286,0.50306743,0.4414167,0.5642148
ID_F33FCF725A,0,0.01600805718489079,0.018953744,0.01043815,0.019519623,0.01396999
ID_02A2918AB2,0,0.015995135835738784,0.017280707,0.01172807,0.018739136,0.018516418
ID_999BF7F57D,0,0.054659485685567555,0.058075543,0.051035836,0.06562135,0.043210052
ID_BB70A26B69,0,0.03990310860658984,0.04755408,0.021009171,0.0318769,0.051580165
ID_FD00B21910,0,0.0184189104828595,0.021416552,0.016896574,0.01297435,0.011382849
ID_FD74AFA2D7,0,0.022295085659807673,0.030046593,0.010890327,0.00904318,0.0197601
ID_FC91AE4409,1,0.7781885295816351,0.82861376,0.7375948,0.75690687,0.6613294
ID_9FAA16FDCD,0,0.015431370919775539,0.018851623,0.0107363835,0.017247062,0.010249178
ID_4A27CB2DE5,0,0.5980687120766599,0.50115603,0.7116252,0.7002866,0.71969914
ID_A75E5BF54F,0,0.012266026298405843,0.016195606,0.005634957,0.012130807,0.009933701
ID_4EE80018B0,0,0.008550701574484617,0.0117784245,0.0035119674,0.005378523,0.0070941835
ID_D7464CE4E4,0,0.02465526492390623,0.029725194,0.014726364,0.01848062,0.027207932
ID_0CDD49E78D,0,0.01484619823378032,0.021008395,0.006697195,0.0061488245,0.010062097
ID_D4987BF5E0,0,0.010229290988757397,0.014899207,0.0033113586,0.0049301903,0.007632918
ID_65A4A8C9DF,0,0.25563415985847665,0.20653409,0.32957813,0.35852844,0.25977597
ID_0D9C1595DD,1,0.24349530302071346,0.3005687,0.16061836,0.31530088,0.14864911
ID_EDCF9B80FC,1,0.6959261321009425,0.7005232,0.66762763,0.76505774,0.7070559
ID_30F774D933,0,0.25672413347104106,0.25743425,0.24915309,0.3784848,0.2168858
ID_C4E12888B3,0,0.11256369704760463,0.1415652,0.07784756,0.06164563,0.08660108
ID_3181505038,0,0.11125288406792949,0.12030046,0.08038369,0.1608077,0.117612615
ID_E4733BA1D6,0,0.13223479099656138,0.14767997,0.12661327,0.090331756,0.09725243
ID_C13FA28044,0,0.03796390662027143,0.043733355,0.03663611,0.036907263,0.016877815
ID_B2A00AA1FC,0,0.61319109883164,0.59492695,0.64792126,0.620322,0.61281
ID_378FF02FAC,1,0.2327536013613855,0.2317499,0.21188837,0.31039828,0.24790922
ID_165D30990C,0,0.11481437706710856,0.1226034,0.102547795,0.1076982,0.111294836
ID_6BADB3C2ED,0,0.5752733130445167,0.6184047,0.49317726,0.5933733,0.5611136
ID_9394010CCA,0,0.012317967670750819,0.015221746,0.0070438664,0.009211978,0.012707211
ID_E2C626AEB5,0,0.06100847285212372,0.06931177,0.058682453,0.048942287,0.036148928
ID_28F516312F,0,0.016473865297783392,0.022428,0.009565592,0.00628455,0.010558396
ID_A8D81D42CF,0,0.03469731596001541,0.046557244,0.018309152,0.034465775,0.019804856
ID_BE3FD0F471,0,0.1756948408557789,0.19634447,0.13205297,0.12298044,0.20497583
ID_971A86C3C6,0,0.1477543760440853,0.16201738,0.13231054,0.16374357,0.11360466
ID_0D4FA8E744,0,0.08750397488902503,0.109275095,0.068196364,0.055344738,0.05088401
ID_4815DDEB5E,0,0.15269836731208905,0.18263455,0.1266997,0.17132452,0.0737693
ID_223A735F91,0,0.08379174999833303,0.095320776,0.0847502,0.05632586,0.044960264
ID_5B8CE9C82B,0,0.13595733354540596,0.12920305,0.14833018,0.16003875,0.12747848
ID_7651E345FD,0,0.049899229264141615,0.05755624,0.04106967,0.04042502,0.040593076
ID_55C7485474,1,0.8777589666310024,0.8492544,0.8982311,0.9287417,0.93214655
ID_CC328CBE1A,0,0.017344648224830447,0.022418162,0.009182794,0.0136573035,0.01500748
ID_A0A8CEEDD7,0,0.021613820136449177,0.025626445,0.014261327,0.03036666,0.016603507
ID_B8563EBB91,0,0.3416025344646322,0.3414845,0.3056382,0.35336688,0.41411975
ID_F813875FE4,0,0.10759032279590844,0.11599782,0.1116816,0.056892,0.085364565
ID_D65B643DF0,0,0.02896273752854657,0.032068208,0.025289342,0.023027517,0.026298812
ID_AF05DC386A,0,0.05631801521501821,0.06547583,0.04444439,0.07059753,0.0368414
ID_6B2D725CB8,0,0.17615606917107135,0.2395696,0.08862329,0.12847003,0.116576165
ID_6EE1E8307F,0,0.019989199827060947,0.021672875,0.017972251,0.023452207,0.015687091
ID_A7E76EE537,0,0.04816035053403194,0.061691083,0.034177404,0.026174234,0.030526819
ID_93C94CAD84,0,0.05856728713006713,0.06984651,0.044850405,0.05293341,0.042755023
ID_46B624F39E,0,0.09991973237006146,0.10811793,0.08729503,0.113316864,0.0864964
ID_F4368F5C24,0,0.029268494791595972,0.031033667,0.028803322,0.021326207,0.026264753
ID_12E1AAE9E2,0,0.05958581830270539,0.05893638,0.06769394,0.055510513,0.046715748
ID_CE8C61F216,1,0.40043841286743914,0.36977378,0.41437635,0.5388491,0.43986547
ID_AFE883102C,0,0.051131240403515646,0.06474156,0.035564862,0.03832755,0.0325551
ID_1DAFAFB4A7,0,0.34226810520010453,0.32341334,0.41022807,0.41131222,0.24611554
ID_013F0E483B,0,0.033832749341950186,0.039830804,0.025657024,0.020686308,0.031739384
ID_FD843A3F5D,0,0.19858676179172857,0.2419786,0.12535076,0.13165852,0.20138457
ID_733066EF6E,0,0.015993756867902657,0.015788998,0.01653027,0.013119646,0.016961517
ID_06EC650F93,0,0.05895784813066236,0.072550654,0.047329374,0.055143543,0.028090127
ID_66E4358046,0,0.048099797456273054,0.06898962,0.018922381,0.028007261,0.031117747
ID_3D923AC26B,0,0.11164095157585938,0.11335612,0.119493306,0.12942412,0.07979303
ID_FF598444FB,0,0.17166129487701032,0.20452835,0.13038404,0.16641617,0.123519
ID_70B4A28F06,0,0.04535012763009816,0.051295035,0.044057164,0.032993678,0.02837308
ID_95E14CD7C5,1,0.6304550684635137,0.57665133,0.729057,0.5969222,0.6610615
ID_3399495B11,1,0.5858256450202644,0.4831296,0.7541469,0.5881705,0.65797067
ID_F58D16B1AB,0,0.02325451446689291,0.018550197,0.030933928,0.03262442,0.022588424
ID_9856226329,0,0.016754153828610775,0.020219216,0.012383178,0.01543087,0.012055759
ID_90D559DC91,0,0.23182100524086227,0.2312355,0.2520227,0.23139344,0.19114886
ID_5E03451DE0,0,0.06800650834082485,0.05486766,0.09326057,0.09439829,0.057885192
ID_B7E0365C62,0,0.07269307160579441,0.08854857,0.05225474,0.04978353,0.05947956
ID_52102459AA,0,0.024550895629050135,0.032397516,0.013407624,0.014553423,0.01963421
ID_D012C86BB1,0,0.01961674397489583,0.021138376,0.017327486,0.022176353,0.016977724
ID_CF72E1E1CE,0,0.04010014027354304,0.051339857,0.029578442,0.032440335,0.018484127
ID_2B059CC209,0,0.24094271551951696,0.23880945,0.3080106,0.11293504,0.16189641
ID_C91B8A4D4C,0,0.018783371826508553,0.023694748,0.010481037,0.023795765,0.013640841
ID_C8C899D233,0,0.673993713004422,0.6116631,0.75279444,0.7167308,0.7498829
ID_905CEC2EB8,0,0.11012652005518897,0.10004336,0.13383316,0.11143266,0.101339206
ID_747473B268,0,0.014333090800208028,0.015078133,0.013064758,0.015266587,0.013496588
ID_807FF49490,0,0.03368141471809921,0.038724374,0.030775826,0.033492997,0.018673148
ID_5CD7D1DB1B,1,0.3069332932324141,0.2810899,0.36436433,0.2865139,0.30191374
ID_02D71BF193,0,0.039506221236614826,0.05973571,0.0118584335,0.022731591,0.020588782
ID_A11C80C1B4,0,0.06307362059048702,0.06548667,0.05973745,0.056734107,0.06279031
ID_77AD21BBAB,1,0.24109797162792912,0.25932172,0.22645259,0.235642,0.19783638
ID_ED005F1A91,1,0.19384609532952157,0.2246957,0.15840231,0.15806009,0.1550339
ID_17A7503B5E,0,0.035965272017931656,0.042411413,0.030369887,0.017642152,0.028698787
ID_35A24D4700,1,0.5183630162964287,0.6356842,0.40551364,0.44613317,0.29585066
ID_D492DD9A25,1,0.0902455503928809,0.11306019,0.059182473,0.0731675,0.067855656
ID_19AF0DC8BF,0,0.09981456435321548,0.11230969,0.07501773,0.11624181,0.093011886
ID_CF3567903E,0,0.03401647320544637,0.044836313,0.022396734,0.028054874,0.015790947
ID_F621AE65D5,0,0.022791378798444402,0.027391871,0.014396274,0.016344696,0.024157433
ID_67D3FF5D5B,0,0.11129792296325967,0.11827447,0.10424512,0.19241287,0.061569333
ID_B4B07DA8BC,1,0.2335572394669172,0.24956919,0.25806457,0.16186811,0.14453368
ID_12C85C963B,0,0.14641846635860564,0.15842661,0.1379308,0.2112698,0.08558212
ID_69C18F7B69,0,0.0810858814937004,0.106000274,0.049225003,0.06675938,0.05032955
ID_8F02B286C9,0,0.014596303392307365,0.018425714,0.008709676,0.00673685,0.01445768
ID_5B623E3A38,1,0.2584157772077127,0.19541197,0.3461402,0.3112489,0.3136085
ID_F7B3D5494A,0,0.01813518139047698,0.022259355,0.011954805,0.015292127,0.015193651
ID_93DD235B4E,0,0.01682245060605479,0.022624226,0.007629571,0.013141531,0.0136148045
ID_14235B5156,1,0.3416614336914511,0.27662435,0.3571238,0.37879258,0.5673036
ID_56EABE6409,0,0.5332184744234576,0.52383846,0.5904072,0.56742316,0.43529576
ID_77EAD4D2B3,0,0.01980476738685847,0.021494688,0.015675431,0.020244015,0.021325555
ID_7E21FFC6AB,0,0.031985328147555545,0.040912904,0.018531157,0.04397499,0.017870778
ID_0ABAFD8BC2,1,0.5381483280873234,0.6336205,0.40551588,0.5775558,0.40179276
ID_763F540491,1,0.15266414844043338,0.18406692,0.13563651,0.14968927,0.05770639
ID_95737103AE,0,0.22627514108397317,0.23035043,0.21610521,0.16966715,0.25553465
ID_4420383C40,0,0.5449447592495962,0.62093663,0.4790024,0.53292847,0.37031826
ID_528C8C282C,1,0.18673435442773798,0.21543697,0.12643388,0.14005841,0.21506673
ID_FAACE88BD6,0,0.01741240484183406,0.018032122,0.018502766,0.01429223,0.0138132535
ID_2F5B48B737,0,0.11991217236231855,0.15363343,0.080508575,0.060522087,0.08774103
ID_2A43AD588E,0,0.010388535744566805,0.014176183,0.0043571824,0.009139895,0.007855253
ID_04D768ADB0,0,0.04453751218519984,0.042525966,0.046306916,0.06864197,0.038740136
ID_11F97CF92B,0,0.07312157783018876,0.07536499,0.06005631,0.077078745,0.0899368
ID_CB8B764D76,0,0.010861075347108985,0.015018772,0.003994184,0.009310456,0.008687043
ID_7083EEEC8F,0,0.009089638878200568,0.011231237,0.0050265845,0.0073728473,0.009498254
ID_D5BDC06441,0,0.5523309713544835,0.49336284,0.6306267,0.56451815,0.62840277
ID_ED8AAAE055,0,0.020459518822040862,0.022120325,0.015882352,0.022292947,0.02245631
ID_4F950EEB59,1,0.5558843845595614,0.49782705,0.58390695,0.7601772,0.65220475
ID_49B193F636,0,0.014929610917645868,0.019011686,0.009756828,0.010150612,0.010848612
ID_E6A6872752,0,0.05233100157042292,0.04648746,0.06301356,0.055656545,0.052674673
ID_84253220D4,1,0.24723519106924155,0.21897656,0.3608915,0.13343203,0.17252709
ID_6FCF7A0B99,0,0.0315554018708934,0.035357755,0.020942397,0.027913256,0.039831273
ID_16F7C06728,0,0.09363309995935282,0.09153171,0.078987435,0.12440655,0.12052012
ID_430176FF26,0,0.0926373411430508,0.10501026,0.08406385,0.07862468,0.06482
ID_0CA9A404FE,0,0.04200547092704498,0.05454199,0.023582555,0.03993143,0.029420037
ID_62C86799A7,1,0.5966631841376926,0.63037336,0.51511717,0.5285211,0.6587526
ID_7C5D3C8294,0,0.015954725284628577,0.018689707,0.01073254,0.015280342,0.015886374
ID_6370137B9F,0,0.02693695698535225,0.023717597,0.035884622,0.03243451,0.018959517
ID_A9D560C0AD,0,0.04911992144978347,0.04877088,0.057086438,0.06393006,0.02705117
ID_E8F1A38DD2,0,0.1560401015598775,0.13979547,0.19072744,0.11704994,0.16731624
ID_3E648E85D6,0,0.11913009450701759,0.13062306,0.124718465,0.09077844,0.07090567
ID_CFCFAC7E04,0,0.06629172397185472,0.06814409,0.06984646,0.07637817,0.04643746
ID_731F6F78A7,0,0.013940919917461016,0.015083348,0.0128942765,0.015476579,0.010686125
ID_F9A548887F,0,0.09717740642787118,0.11212871,0.07216268,0.119988404,0.07767394
ID_05AA4E6EEC,0,0.034737197041599485,0.042382713,0.023424005,0.023466734,0.031590234
ID_8F7B979527,0,0.08405131587453661,0.09736133,0.07627319,0.08040327,0.04604755
ID_1BA13CBCF1,1,0.11747078826007351,0.099061355,0.16548054,0.14574416,0.080002174
ID_497DD42C5F,0,0.022630496602713813,0.025953414,0.016939687,0.020519676,0.021707568
ID_9CFED5E437,0,0.5964974501018123,0.53500944,0.6750292,0.67761403,0.6526709
ID_2DEA6551FD,0,0.0523710251685481,0.061393928,0.038593624,0.039274264,0.04948208
ID_84704C393F,0,0.06609258463085486,0.06926564,0.07190593,0.06400674,0.041115135
ID_293EB0D865,0,0.3201561622419349,0.3148555,0.37747064,0.29415622,0.23095861
ID_723FB69F77,0,0.2665278137699103,0.26055965,0.289864,0.31586948,0.22019674
ID_8098C444B0,0,0.016666464008140345,0.019078257,0.013268499,0.018143885,0.013113576
ID_8B9E00CFFB,0,0.016516304970874817,0.016004615,0.015719283,0.012265871,0.022242343
ID_62C8D2A1DF,0,0.014457117641524183,0.016660016,0.009184802,0.014760088,0.016320068
ID_F69C5A0205,0,0.16788591741249462,0.18068941,0.14684235,0.18269859,0.15243213
ID_A663017B9A,0,0.04016034893847201,0.0573097,0.019952163,0.033802144,0.013767554
ID_1CCFF5626F,0,0.03036592841535677,0.037560802,0.019706108,0.025769409,0.024813673
ID_9E27CAE547,1,0.3758486848007976,0.40733364,0.33670422,0.5029686,0.27127656
ID_E84AE45284,0,0.051802940753316,0.06472926,0.035663296,0.03558426,0.038837273
ID_433343FC62,0,0.027542361263771856,0.0375669,0.015707297,0.019065391,0.014237951
ID_5EF825853F,0,0.08499879315124227,0.076500654,0.10006031,0.1264216,0.07056687
ID_7504D1460E,0,0.16000976642966366,0.13242799,0.17543936,0.25213027,0.20338005
ID_05FD68601A,0,0.31637894112085574,0.26669398,0.4006477,0.3675758,0.3233816
ID_AC2E4B035F,0,0.021328343202658764,0.02794953,0.01192726,0.017421788,0.015200953
ID_DB3CBC0FFA,0,0.07245894018057177,0.089161634,0.059371557,0.06703487,0.03227288
ID_2C42B239FB,0,0.07121123370443541,0.08715572,0.04484881,0.09156741,0.051469285
ID_8416EE0145,0,0.021516426038049187,0.023192747,0.019088665,0.022622362,0.0191541
ID_1A1907B639,0,0.19000410714699634,0.21871945,0.12757306,0.18030217,0.20673569
ID_99FC63C540,0,0.01315484800310308,0.017997876,0.0071197054,0.0072896285,0.008179633
ID_B75D1A70EF,1,0.03701595416531136,0.0346113,0.04824112,0.036842603,0.023180272
ID_2106068E91,0,0.016321156515167422,0.017148566,0.01389598,0.017736258,0.017407965
ID_01AA48D5A9,0,0.012972933089339465,0.015575731,0.009119504,0.013710631,0.0099118715
ID_E2FEE63207,0,0.06707370901955295,0.05784799,0.07162168,0.08241157,0.08964113
ID_BF1BD83DD6,0,0.04956805405534771,0.05514845,0.040804673,0.034793593,0.051210906
ID_E46EA14FD7,0,0.2896660439233918,0.22219247,0.35324746,0.37700576,0.4005052
ID_E7749762E6,0,0.008319541090431041,0.009847201,0.005424087,0.006890248,0.008694152
ID_00A9339EB1,0,0.014015431845551677,0.017073512,0.010307361,0.016926674,0.007770038
ID_F20F8667C3,0,0.036562912757318475,0.03038014,0.05299639,0.0387199,0.026514193
ID_AE7382EDEF,0,0.12720141739396484,0.12569861,0.11127144,0.103163466,0.17820501
ID_2DE639C750,0,0.10806094195912705,0.0983944,0.14932105,0.07645231,0.07420625
ID_933ACB3297,0,0.31862641799769365,0.36210272,0.21881844,0.25007188,0.3787749
ID_FE1D27F82A,0,0.012795813996017346,0.015939863,0.0082394015,0.012018425,0.009614572
ID_A1F5D8C120,0,0.0371572157477165,0.045259286,0.02536824,0.028152568,0.03211272
ID_BDB57DCD74,0,0.07480395770769904,0.09521662,0.05598501,0.05470611,0.037622105
ID_6796BF02A2,0,0.06038180653261885,0.07389505,0.039854426,0.0795508,0.038920756
ID_CDAC4614FC,0,0.03873685499041957,0.045779914,0.02764463,0.041028332,0.031751536
ID_DDB8ECD1FD,0,0.04366778477723324,0.042516563,0.036045365,0.0740333,0.05164964
ID_C754B5FE7A,0,0.041128606769370954,0.040174045,0.049784724,0.047213364,0.023944367
ID_17DE77D5A2,0,0.02368637161517262,0.016027,0.038478136,0.029999824,0.021590909
ID_91A2C1827A,0,0.05306007304211191,0.04977548,0.056989107,0.059207782,0.055840388
ID_0F695B02A9,0,0.032011447553737186,0.028456686,0.022636307,0.042662583,0.06250951
ID_C2709FE4DC,0,0.018101747348286748,0.022684146,0.012456702,0.01540959,0.012008605
ID_A3CFF49A49,0,0.10484540775208806,0.103078224,0.119032465,0.07085436,0.09670217
ID_E6A6B20D4A,0,0.06807177680989707,0.063725755,0.090736486,0.043582052,0.048505735
ID_D34E55FBAF,0,0.02128610108671147,0.021317229,0.0238564,0.015888372,0.017993903
ID_38D5B533A1,0,0.02618163972669439,0.034535028,0.014738165,0.018912518,0.018576846
ID_6F2B666085,0,0.15186975695836089,0.18853693,0.116043895,0.11352984,0.09039203
ID_0D73F38DCC,0,0.07789180563982344,0.096128196,0.0497151,0.0820331,0.059418965
ID_254E4D403A,0,0.02148437025188097,0.025881346,0.017526135,0.015873808,0.013829063
ID_1AE4D95945,0,0.034645143233225775,0.04046978,0.0321411,0.023100916,0.020420434
ID_268E3331FF,0,0.016655983973217395,0.022780702,0.007823291,0.011910586,0.01177423
ID_23342143BF,0,0.016142133839885022,0.018475732,0.012295626,0.022132328,0.011914887
ID_912663C2EA,0,0.04865134848770249,0.049227323,0.031525597,0.06409408,0.07622041
ID_13358A6114,0,0.015960542926709374,0.02099515,0.009079728,0.013370609,0.010561591
ID_BC09563161,0,0.08876428831237114,0.09697398,0.090878196,0.09192266,0.048140075
ID_FFC42DF46C,0,0.06516978215899327,0.08510727,0.03802853,0.038092386,0.050891507
ID_B555E29BED,0,0.04990436994525197,0.061379418,0.035095517,0.03136316,0.04123285
ID_4601B4AC74,0,0.2567681868611285,0.27317172,0.17314878,0.36012155,0.32172683
ID_927E68FB01,0,0.01709090174147182,0.021102138,0.008983561,0.019075407,0.016656024
ID_4DF9242DC4,0,0.06700997558978869,0.067498855,0.07603825,0.058000404,0.049503848
ID_494F53A9AA,0,0.012167914325964679,0.014674682,0.009115342,0.0075402926,0.010133774
ID_00B27F2EDE,0,0.25216156162968306,0.29323527,0.20246302,0.26107833,0.18121018
ID_3C6184A5B0,0,0.45323742746060264,0.4011038,0.5282951,0.36861742,0.54955566
ID_56AC3FE12A,0,0.021808197369241118,0.02369812,0.02208526,0.023521654,0.012475827
ID_083C044352,0,0.25354222245326086,0.23194559,0.29915628,0.37891778,0.19236153
ID_AD31A29C35,0,0.012715057169033261,0.01227785,0.013059625,0.016159263,0.012323222
ID_E11D06ED08,0,0.5069373003539257,0.48357418,0.5434486,0.54040843,0.51281357
ID_8F1985CFBD,0,0.01780318796002229,0.022472413,0.011862272,0.018199334,0.010631369
ID_63C11437DE,1,0.3276499320310191,0.28727415,0.30571738,0.31810626,0.54957765
ID_01CE99EB51,0,0.018425709758481026,0.021611616,0.011746936,0.023745038,0.016962515
ID_E79294D8A4,1,0.23687924673046756,0.273957,0.19734642,0.11027463,0.22009224
ID_33A2205230,0,0.02145599933221353,0.021933509,0.025558457,0.014574943,0.013636362
ID_75A7F87508,0,0.12682063838988247,0.15732574,0.08903757,0.08205753,0.09839619
ID_1EB2ED4A75,0,0.021427392185933015,0.019190015,0.024010759,0.027798628,0.022568898
ID_E3CBCA6B06,0,0.04018747509798345,0.055481188,0.019637486,0.021772746,0.02762956
ID_46CA01915A,1,0.7309669735202042,0.7064985,0.7305182,0.85171396,0.7827551
ID_3B9F951F7A,0,0.044076870535827095,0.043816015,0.046059247,0.061933864,0.033143524
ID_AA4F5D2C54,1,0.750473388785003,0.74745387,0.7859024,0.7421844,0.69085616
ID_75575AE340,0,0.03368164960057593,0.03780727,0.029124338,0.045038763,0.02106246
ID_13EB3489BC,0,0.04380436464691491,0.055434577,0.032208122,0.019542467,0.030079152
ID_4E605FF077,0,0.33559337989468896,0.35138962,0.32499167,0.30130625,0.3064897
ID_E290678014,1,0.5587554805776004,0.58510983,0.53636855,0.63886166,0.46042448
ID_C6F206C4BB,0,0.02025788104058721,0.01644273,0.030220512,0.014454037,0.017548792
ID_38A6C0032C,0,0.10886466477065725,0.116185896,0.10695991,0.1072139,0.08271378
ID_B19ABAE10A,0,0.1842715210535834,0.19269216,0.17690304,0.17170767,0.1699492
ID_F441E28122,0,0.037746186288456024,0.044168755,0.02798533,0.024644475,0.037238576
ID_485C23EE69,0,0.09983740582892783,0.0975978,0.10627246,0.0619987,0.11199756
ID_47FBA30999,0,0.04483639810692884,0.050418053,0.03742263,0.043318134,0.037800442
ID_2E42026D89,0,0.023225115773465116,0.026696889,0.017921742,0.027408712,0.018097928
ID_26AC7B5674,0,0.0563133846001213,0.06149206,0.049804892,0.06957104,0.04259855
ID_59EEF4E571,0,0.03195066709456495,0.034644254,0.028825827,0.030730385,0.027796343
ID_CCDD6AFBB9,0,0.07615123566691222,0.10458654,0.04126765,0.056334596,0.039384577
ID_D47325F885,0,0.06352730626763042,0.0903713,0.020046107,0.065892994,0.042262282
ID_28696AAD7E,0,0.01989210879146553,0.021549616,0.017682888,0.023158908,0.016198613
ID_61CC5613C4,0,0.026178933509088367,0.022772871,0.028838238,0.03404137,0.03144907
ID_97CBCD8729,1,0.18448205199252893,0.19329502,0.15712386,0.2697078,0.16875322
ID_012241A938,1,0.8634734504547801,0.8302286,0.8950871,0.88881236,0.9251832
ID_2EECDC6D94,1,0.40594157852685825,0.3965947,0.42133695,0.5372671,0.35519308
ID_49384C0362,1,0.5175302154142646,0.484332,0.5872087,0.6419619,0.4541959
ID_F4AC5BA0B0,0,0.0432060050894544,0.053539053,0.029335398,0.03335952,0.033560503
ID_5961DF2EBF,0,0.07023921037855305,0.07199602,0.06742755,0.093929544,0.05851537
ID_5ED9EF6457,0,0.008924165690120885,0.010903965,0.00628331,0.005150455,0.007862816
ID_70211FBE5A,0,0.05368115198673082,0.06127214,0.038167953,0.06321502,0.050705347
ID_B816CCDA11,0,0.013142957560088007,0.014594151,0.012044005,0.0135667985,0.00917947
ID_6A6761D4AD,1,0.8084583863083804,0.8052825,0.7878004,0.88109064,0.83453923
ID_026971FC9F,0,0.023369737740097568,0.030944178,0.013214872,0.020019706,0.0145860445
ID_B9C6B1F319,0,0.6338427756023554,0.66915166,0.62361807,0.54010916,0.5473383
ID_400D97DA4A,0,0.006822065653684583,0.008115807,0.0038612483,0.006108484,0.008013982
ID_49E9846331,0,0.03051381782145004,0.03582707,0.023831045,0.030707784,0.022298334
ID_13DFE5C206,1,0.2439498187384468,0.28480083,0.19786318,0.25110027,0.16696222
ID_D0F23B790C,0,0.022585290390602954,0.026349386,0.017946871,0.02168212,0.01701305
ID_8A43598663,0,0.03715200562728556,0.041559223,0.03681215,0.03612053,0.019695647
ID_63049B78DC,0,0.06557449956691164,0.07976522,0.050684355,0.05669352,0.041383732
ID_9A9EC9970D,0,0.053350879662963174,0.056353584,0.047663722,0.054760706,0.0522394
ID_18B5C93CF0,0,0.23444179941588694,0.25205225,0.22324957,0.23809826,0.18239398
ID_A9C884B9C5,0,0.2512537048876272,0.24944203,0.2614687,0.36341655,0.18810959
ID_306EDEF0E0,1,0.8794132081074711,0.9379673,0.8097186,0.7839863,0.82292676
ID_E13E109E5A,0,0.13397936923700088,0.16629872,0.10369654,0.13204099,0.06312763
ID_C97E4607AD,0,0.016144342381087157,0.020321926,0.010634495,0.016644115,0.010081483
ID_8220E64567,1,0.8008834274825758,0.81743306,0.79087394,0.6886666,0.80129385
ID_A32E15D76F,0,0.25305477645953456,0.28128222,0.22964539,0.17322156,0.21871561
ID_9E70958AD6,0,0.025471130087936895,0.02822728,0.023651794,0.024485262,0.01814968
ID_B4BDB78123,0,0.12984534392838915,0.14824343,0.09392103,0.11003908,0.13774692
ID_BCA56426D9,0,0.0575758355875702,0.080594555,0.032428842,0.042362746,0.020819645
ID_142D3C59CF,0,0.04805994813488406,0.055278752,0.034752853,0.049845565,0.0453031
ID_8562477CCB,1,0.08363536598520019,0.085995845,0.06562229,0.10779523,0.10176254
ID_733C0C1CE7,1,0.16223906952955414,0.15420318,0.18485612,0.22069821,0.122219205
ID_87F517C151,0,0.02424251068668823,0.030586705,0.015431041,0.019276462,0.018483404
ID_787D96BFD7,0,0.00862804625250273,0.010480871,0.0063247336,0.008505573,0.0057879267
ID_DC732B5960,0,0.007431123578399953,0.008984505,0.004405721,0.004889772,0.00846048
ID_97FD3714F7,0,0.01695825879070886,0.023403097,0.00942961,0.00991551,0.008927097
ID_0F40B1C042,0,0.03197760951626299,0.043546587,0.017871901,0.021957915,0.017686047
ID_C41580A54F,0,0.5008238975590533,0.5135439,0.49844512,0.5475839,0.4317597
ID_E2C6EACE27,1,0.5053380186065954,0.46987978,0.55183846,0.57123095,0.52679574
ID_F21060A39D,0,0.05052496097463546,0.068123534,0.029384088,0.06262274,0.016188325
ID_38B3B716F7,0,0.1846229369459244,0.22916016,0.12529923,0.18122815,0.12504019
ID_F86513BA68,0,0.020008578673642967,0.024895296,0.013306934,0.017087342,0.01499503
ID_67564EB9E7,0,0.01206170831749066,0.015945343,0.0062128957,0.00970327,0.009214767
ID_29C3D2842B,0,0.022343368386493416,0.022824839,0.02099909,0.029048942,0.020268148
ID_15B31D0121,0,0.12355575087612662,0.11880236,0.12461396,0.16010588,0.1254521
ID_71EFEA811F,1,0.8388839414477631,0.8431845,0.85773087,0.81285125,0.7916198
ID_31E2A38952,0,0.3132608330701956,0.32628724,0.26183474,0.3436066,0.35526633
ID_497076867E,0,0.08087912892374809,0.08303429,0.06986564,0.09249483,0.09032789
ID_ECD171F55C,0,0.016172911895059504,0.019593496,0.0120419115,0.012963337,0.011970065
ID_0A1FFF28F7,0,0.009547529430691846,0.011984854,0.0065784687,0.0059879012,0.007162332
ID_3BA61F2DC6,0,0.022792021310299407,0.027171835,0.017520979,0.021176254,0.016283995
ID_E9A0289983,0,0.07945926138073711,0.10162937,0.05896691,0.061944783,0.03730988
ID_EC7337DCEA,0,0.22219671469952434,0.25154126,0.16911945,0.22102301,0.21248579
ID_EAED2D28C7,0,0.09630509120454865,0.09951889,0.068869345,0.09932246,0.14025268
ID_997EF0CD5C,0,0.21936565672649275,0.24751545,0.188282,0.18014836,0.18411194
ID_543033C5B4,1,0.676799066041088,0.7100959,0.57272696,0.7674795,0.7197248
ID_A377926BEC,1,0.5822631601235879,0.5972759,0.6014148,0.51016986,0.50912905
ID_98798BBB6C,1,0.877110179864888,0.8538708,0.8986104,0.94679976,0.8988753
ID_9E2C6D05E7,0,0.016894609756699645,0.01871285,0.012999409,0.016412,0.01777243
ID_B862C2C158,0,0.018883833978400544,0.018900758,0.018795982,0.016238088,0.020154022
ID_7469FC54FB,1,0.12283033679111216,0.13809155,0.0954084,0.107954055,0.123608254
ID_DA242CD43D,0,0.024143230806517747,0.028225427,0.020648332,0.019688075,0.016321361
ID_DB79BEEA92,0,0.025220092608046203,0.028498078,0.020203141,0.030186292,0.019956756
ID_B1DA95CF9F,0,0.024357618963359237,0.032494333,0.0114638675,0.021135945,0.019015634
ID_9FCDB1F34E,0,0.08332806434149521,0.111053,0.05309036,0.056642648,0.042593442
ID_96CE16A7DD,1,0.5114493058338405,0.5408596,0.5058098,0.42578837,0.4365314
ID_034DAFC6A0,0,0.29255461040060526,0.31495985,0.21637635,0.28113443,0.36620495
ID_75C6BF978B,0,0.015358710408987787,0.015584033,0.014857109,0.01335632,0.016354809
ID_3846C24310,0,0.02340645719626639,0.028439898,0.017489899,0.02307307,0.014960389
ID_0F30524CB2,0,0.023594534536017252,0.03161098,0.012873506,0.013094216,0.017273227
ID_8DC546FE10,0,0.12343244413898433,0.10926103,0.1544991,0.14716113,0.10636953
ID_47175C43D9,0,0.04266490430080733,0.051458336,0.026460718,0.050764654,0.036712177
ID_3E19D281A6,0,0.03845784338788333,0.047751095,0.024743974,0.024277527,0.03476183
ID_10E4A981D1,0,0.021545489931278382,0.022516094,0.020003904,0.024326153,0.019536203
ID_ED3779BD15,0,0.41292271956717264,0.4837448,0.33836308,0.32785648,0.31048322
ID_FC252135F3,0,0.041810661618853634,0.041950945,0.04709604,0.044812355,0.02857151
ID_9A1D32BD1F,0,0.044641147798360294,0.047158252,0.04567638,0.027943611,0.039056
ID_F5BA7DE1F4,0,0.03446088881415043,0.05059525,0.011489732,0.012590303,0.025048483
ID_F7EB8644E6,0,0.05164447090876334,0.058990326,0.03454357,0.04564062,0.05988389
ID_C07F019046,0,0.07247108670951911,0.08095008,0.055213016,0.10157161,0.06095419
ID_7999159EA3,1,0.600806225218202,0.61255234,0.5672826,0.5783259,0.63285017
ID_E1E2E21B66,0,0.07634743519573756,0.08795327,0.057524215,0.099384785,0.057609685
ID_72ACF2CA91,0,0.2176963032985056,0.19202077,0.25139636,0.27975765,0.22691786
ID_66F4CDA46C,0,0.06803204823814696,0.08717102,0.037364002,0.03412495,0.067672476
ID_D2A0F4340E,0,0.017877501964864748,0.021489212,0.012871124,0.021750696,0.011656846
ID_0CD167BF95,0,0.024252886820736765,0.027500154,0.017057113,0.02185703,0.027002336
ID_13AE01C1B3,0,0.4489723270882704,0.37978244,0.5121129,0.42684504,0.6157315
ID_C20CE242B8,0,0.07726861137798434,0.106722236,0.038772877,0.05622719,0.044478424
ID_78E4FA1A64,0,0.11020694323190003,0.13865943,0.07737798,0.07634139,0.07508431
ID_7019F1699D,0,0.013791425721839452,0.016986638,0.008463775,0.011489614,0.012712721
ID_B18ED2739D,0,0.033935262766999756,0.041567333,0.02591954,0.022784745,0.02371955
ID_1564914E9F,0,0.02271382730909271,0.022391751,0.023988368,0.033371996,0.016695712
ID_D6732A05E9,0,0.10181955415600907,0.12128266,0.06436495,0.13962278,0.083388165
ID_12C33C62E6,0,0.0261033640654203,0.03752535,0.0081657125,0.021460274,0.018309446
ID_4A1A598AFC,0,0.01211413728507179,0.011852223,0.013113987,0.017953053,0.008531614
ID_3FF79E5894,0,0.015250956343221909,0.017216163,0.010314363,0.020828217,0.015099693
ID_81EB83A1EC,0,0.010498258569885585,0.012566588,0.0060109813,0.0077971355,0.012555743
ID_354601F72C,0,0.016935644088512385,0.02196734,0.008007546,0.017288009,0.01465801
ID_5DDA9ECD9C,0,0.23595206628837662,0.17614447,0.30853313,0.3014832,0.30457878
ID_AE63212633,0,0.315359530388371,0.3441697,0.289128,0.26906022,0.26999244
ID_5E6261D1A2,0,0.009569549090902832,0.011672078,0.0053994507,0.013188043,0.008047297
ID_69CBF55C7F,0,0.045258223580281906,0.058020018,0.026738787,0.044811368,0.031218005
ID_0BB78E497C,1,0.7723624846213931,0.87846977,0.6861042,0.73962975,0.5230089
ID_1C238632E5,0,0.029323685229034994,0.039971188,0.018807612,0.016151182,0.0126026785
ID_78A5A7E27C,0,0.05755441182060555,0.06843122,0.040373556,0.07502549,0.04080257
ID_E4BBC843CA,0,0.047134499051601775,0.04908178,0.050154947,0.06179762,0.026029995
ID_A0DD8223F3,0,0.022498665798702737,0.024678731,0.01956865,0.035813436,0.013761828
ID_083599046B,0,0.8331948052192755,0.8484839,0.8367307,0.7356549,0.8034814
ID_A73B5F4CB7,0,0.018965567752426322,0.020556232,0.015320232,0.029461628,0.015483999
ID_72C5325466,1,0.6423997207967871,0.67958003,0.5563656,0.60001653,0.68821526
ID_DDF75F3B25,0,0.007776427795619572,0.0075786337,0.006671067,0.0137536945,0.008378315
ID_3BD543F8EB,0,0.45659567085110914,0.42701256,0.4929641,0.47347206,0.49631217
ID_8FCE311A49,0,0.21241320400338826,0.23526594,0.17016102,0.21633866,0.20470814
ID_3B92D1B987,0,0.02177760867691627,0.016596477,0.031305287,0.03805968,0.0161499
ID_A4F57C40F3,1,0.8516422323481225,0.8384219,0.8731209,0.8385901,0.8671579
ID_760D4A985F,0,0.06423072916505158,0.06443103,0.053559214,0.08945096,0.07528137
ID_1FA3274298,0,0.6095362979727622,0.49989855,0.80967647,0.7442166,0.58509296
ID_551F4EF02E,0,0.013309763280659373,0.013137439,0.012888646,0.014599113,0.014379693
ID_65671E213B,1,0.09426820244355642,0.10224272,0.08069962,0.07809159,0.09670671
ID_A4F2440C15,0,0.041492629779475876,0.048598856,0.03618992,0.042183887,0.022518817
ID_9D19F0747C,0,0.06387497679391976,0.06168794,0.07551631,0.07139782,0.044871613
ID_81019FA1D6,0,0.031838789546424676,0.03668239,0.026813554,0.019130195,0.027677897
ID_F9170D3864,0,0.05965402279501608,0.06584197,0.033561174,0.1315163,0.058135495
ID_98ED5E5E80,0,0.0874511869371553,0.10384029,0.077113405,0.04127745,0.060456
ID_02393E5DE2,0,0.05597631220896735,0.04796343,0.06947581,0.0692612,0.055108722
ID_EAA25772C1,0,0.029245273755232216,0.039657973,0.010290011,0.028767206,0.026086204
ID_832E261283,0,0.014479479865693402,0.013717769,0.012441654,0.014287858,0.022155037
ID_778229EDEE,1,0.20872118485255475,0.19120127,0.28796116,0.18628252,0.122605935
ID_A2F3839C4D,0,0.031025302857447992,0.03727063,0.01960139,0.019647883,0.03408287
ID_585DCF232D,0,0.01455407949483373,0.011294634,0.01610169,0.019656865,0.02279189
ID_17CA02E941,0,0.07141627320554665,0.06754183,0.078057885,0.09099209,0.06501857
ID_C0472145C0,0,0.24571187402031036,0.2117441,0.31483176,0.23027965,0.24779716
ID_727F603E10,0,0.03957989362751778,0.047313277,0.0251951,0.049677312,0.033335835
ID_96CD4CD136,1,0.4733435475536357,0.5867551,0.3302733,0.3674114,0.34687933
ID_60EA9BFC50,0,0.023052202032563966,0.027497672,0.013823522,0.020800231,0.025033321
ID_F50F17ACAE,0,0.022571947859457743,0.028606223,0.016129036,0.012688513,0.015186053
ID_30787CED16,1,0.18462280040922655,0.16635652,0.18866912,0.28082973,0.21124114
ID_18ABB5EAE5,0,0.01614124897952409,0.017238908,0.011873763,0.019949494,0.01899407
ID_42096D18DF,0,0.008149337924683898,0.00956233,0.0042247893,0.007809874,0.010741221
ID_B19580EACD,1,0.22414045146185224,0.26465794,0.17990625,0.25213835,0.1355019
ID_2C6F137D24,0,0.05989875534164701,0.033270676,0.09754207,0.07582162,0.08480143
ID_7137308ABF,1,0.13608031818935568,0.14054108,0.12131736,0.17730719,0.13091555
ID_58A4092802,0,0.05429749240688088,0.0714772,0.03529845,0.03347345,0.031488385
ID_08B96363A5,0,0.013573175378063329,0.014266787,0.009122227,0.016383851,0.018962812
ID_FA96CD13A5,1,0.2621648946139098,0.26480928,0.25860643,0.16923864,0.29912394
ID_67E608434E,0,0.19101270875942705,0.20653673,0.15433313,0.23133121,0.18647802
ID_B73A14C409,0,0.022919303966336665,0.026089529,0.016050385,0.02234388,0.024499848
ID_2C420E34C4,0,0.03574651677256316,0.04485606,0.023647109,0.038747296,0.021874791
ID_FA3C8B693D,0,0.06743463229019757,0.06321709,0.08294857,0.08555356,0.044090915
ID_AE1800F432,0,0.0920837040818906,0.114283316,0.071519844,0.06234206,0.055292856
ID_A233C1ED36,0,0.08304650129443522,0.060208935,0.1266169,0.10208071,0.07785149
ID_60B0BD5C9B,0,0.02480870807433925,0.02561772,0.025069082,0.026590016,0.020052962
ID_E6801C0264,0,0.1480856932764646,0.15323827,0.13222466,0.13528135,0.1659037
ID_FE5EB07C59,1,0.1007490780285553,0.10824527,0.074107535,0.14407066,0.10731698
ID_0AC4554FB4,0,0.020056405825968477,0.024585154,0.012744504,0.01910918,0.017005019
ID_4EB391B405,0,0.031006581849000958,0.044284638,0.010822425,0.02668855,0.02004188
ID_CD1113F719,0,0.27893247223504214,0.26707134,0.24383663,0.23614097,0.42302114
ID_C29C1F069D,0,0.44163998239065505,0.4367242,0.44792625,0.44850045,0.44595036
ID_ECE9DE57CD,0,0.03892535390100915,0.05235205,0.020863112,0.031325214,0.024211187
ID_B67E65F37B,0,0.33295211769162775,0.28118625,0.40520886,0.3821406,0.3753956
ID_2C7D188281,0,0.01647887708257447,0.020826304,0.011228339,0.010938726,0.011774471
ID_8FAB35829A,0,0.3823552930646422,0.3964177,0.38883147,0.33236474,0.3307946
ID_FB32C0E0BD,0,0.0701041893167934,0.08335389,0.050790083,0.047761485,0.06525011
ID_96C2E14288,0,0.04055454026837353,0.043799467,0.035277255,0.03851766,0.039042104
ID_36EDED8067,1,0.12891862223808015,0.12714578,0.15246518,0.14321755,0.079672575
ID_929BA72D88,0,0.14694640974949807,0.16670752,0.092422254,0.10880643,0.19697456
ID_4207768AEF,1,0.4408844894399149,0.42867783,0.48999038,0.4836031,0.36854067
ID_44B00CBCC7,0,0.10757617950423988,0.1473057,0.068524346,0.044427283,0.05088429
ID_8BA0FB34FE,1,0.19752562885246094,0.19993457,0.20446546,0.20185018,0.17056835
ID_7EF6DE47F1,0,0.025608002683805503,0.032117154,0.016978886,0.022280619,0.018045941
ID_260199ECB6,1,0.44427076983466074,0.3691988,0.5790232,0.45498857,0.46797094
ID_5E983C93A4,0,0.03500888819763834,0.04572237,0.021266727,0.027241312,0.022573069
ID_09BE58B09D,0,0.07139138195693089,0.06407266,0.077082254,0.072646126,0.08958277
ID_CD86D11684,0,0.010665804529033346,0.012221402,0.007270321,0.010832071,0.011299378
ID_56254FE354,0,0.016232266543682282,0.014399818,0.021790024,0.015838064,0.01223042
ID_60857420A1,0,0.6961041107749373,0.6483271,0.7837721,0.65017027,0.7300876
ID_FFF36E8587,0,0.02388671792387971,0.02664077,0.02308601,0.021305287,0.015084626
ID_E675AB5E51,0,0.09576721327787482,0.105448164,0.08531663,0.07654766,0.08562854
ID_FFE1A9E88D,0,0.01659508020513851,0.02036135,0.011519247,0.014008274,0.012685838
ID_FA2F24DFCF,0,0.041507387202670915,0.0478112,0.03315914,0.04116162,0.03291137
ID_CB774DFA15,0,0.048683780928372486,0.052476007,0.043591056,0.054655157,0.04097046
ID_56255AA16D,0,0.05113305894529054,0.052221686,0.045956474,0.07569156,0.046928994
ID_AF1D9296E7,0,0.018380758586726293,0.0243153,0.01158127,0.012954646,0.010238478
ID_0E83FEF40C,0,0.018226883216883205,0.022473589,0.011622779,0.018488865,0.014322675
ID_933EE039DC,0,0.16874115655484798,0.20771267,0.11326308,0.12044787,0.14401424
ID_3B05D444E3,0,0.035690587125564666,0.0368727,0.03448519,0.018118508,0.04093771
ID_2517535731,1,0.7239483764621126,0.7253671,0.67506826,0.81892115,0.7814018
ID_BA7A3CE126,0,0.024754722344129124,0.02837968,0.015892433,0.014589133,0.032868862
ID_7025B0659C,0,0.10213680467195599,0.1282288,0.06960734,0.08316761,0.06985918
ID_83A830FBFC,0,0.14898220851245353,0.14526048,0.16310446,0.14165553,0.1376192
ID_E7A42BE17A,0,0.03487702326483376,0.029397286,0.045062046,0.053797778,0.027951635
ID_A9DC04E237,0,0.012528779836028774,0.015108586,0.006034303,0.02061474,0.012027029
ID_132A149E08,0,0.27441943440452243,0.24848033,0.31974837,0.21738224,0.3117264
ID_AFACFF0B44,0,0.1420413463678155,0.14866515,0.1301594,0.087376975,0.16335021
ID_BE92EA7ED5,0,0.014189476948219653,0.019953247,0.005515281,0.008789765,0.010779145
ID_8B2BBBB73B,0,0.10547667920841416,0.08458724,0.13269655,0.26505607,0.06585302
ID_C9D5AD37B4,0,0.025344205089735658,0.031141669,0.018657686,0.013820777,0.020197056
ID_9E2F92B83B,0,0.11081484399310475,0.091377005,0.15459271,0.114631206,0.09743331
ID_D24E4F3AC3,0,0.101093170680716,0.10363411,0.11771451,0.08891257,0.0600049
ID_177A10F48C,0,0.07598200629575722,0.08530279,0.0655131,0.07383786,0.059962247
ID_8A2FEDAC0F,0,0.10189960961501829,0.12698473,0.06702759,0.12061514,0.06247729
ID_C7B328DF8F,0,0.051169996648701435,0.05862323,0.04340455,0.058299858,0.033205077
ID_90E58414C4,0,0.010735329017819034,0.0135935405,0.0062442943,0.0097092325,0.008730866
ID_654E04A66D,0,0.14535561386877935,0.14896466,0.12590091,0.120455705,0.18268135
ID_0F3A5D70F3,1,0.02609965890081627,0.034024395,0.015709525,0.017693903,0.018543301
ID_33922EAA5F,0,0.018607529176441005,0.02242197,0.014196957,0.010269038,0.015574771
ID_92D9333445,0,0.2881816073466572,0.33284798,0.23052436,0.2086748,0.25765577
ID_0D7FDACB43,1,0.43596223688620706,0.4278318,0.40342554,0.46806186,0.52614135
ID_C6E7EABEFB,0,0.032587483896791725,0.04663291,0.01362854,0.020678187,0.019059028
ID_A63A829513,0,0.013397228114010791,0.016872635,0.0074158777,0.009125082,0.013394895
ID_BDC77E0724,0,0.10670210345028172,0.073132634,0.13088408,0.1016673,0.19896616
ID_D40AD86E40,0,0.08522393001502793,0.11054426,0.06570387,0.06814626,0.027478456
ID_85A987D44A,0,0.11797354151713874,0.10663231,0.09640047,0.1397378,0.20271629
ID_9A8D60877C,0,0.0671333846070043,0.086630195,0.045141336,0.06988801,0.03066902
ID_A1D823B830,1,0.10417733690279504,0.11003839,0.098136716,0.14459057,0.0747363
ID_852AE38C7E,0,0.03417146225498444,0.04419982,0.024919946,0.027555883,0.014497606
ID_CE825F3FA9,0,0.14764472030822234,0.14071776,0.16389093,0.1615809,0.13600972
ID_6B32434777,0,0.04599303421476355,0.051182475,0.042001296,0.06028951,0.026381223
ID_6010CAC3A2,0,0.020184576588153265,0.018022848,0.026545947,0.02021336,0.015666828
ID_E4A40478EE,0,0.010077616903860123,0.013626241,0.0050558345,0.0053451043,0.00790803
ID_72C1FF1431,0,0.015623763186376585,0.0186924,0.007796296,0.013834025,0.020219335
ID_27666B2BA8,0,0.016575092024140727,0.024532964,0.0063892044,0.010501298,0.0074239844
ID_E4EA71021C,1,0.2218622891830631,0.1899308,0.29805687,0.1684399,0.21672198
ID_DD6C1679E1,0,0.13638187190473455,0.12989582,0.102329,0.2559908,0.18471451
ID_5A0F4946D7,1,0.783849202975681,0.7833605,0.80442303,0.8484331,0.71363074
ID_BF051547EF,1,0.15738468477261947,0.16163646,0.15009867,0.20525433,0.13416934
ID_80F11CF479,0,0.038512883449849135,0.05009635,0.025384875,0.026349662,0.022997187
ID_1CE2F7ADDB,0,0.03633026483695011,0.04242846,0.026466886,0.049567636,0.025932757
ID_0674B59F27,0,0.06674670729248866,0.094259165,0.032141913,0.036013346,0.038042754
ID_370B172762,0,0.008504763764399329,0.010675804,0.0047696056,0.0096041,0.0068579614
ID_DC4FC48C9E,0,0.04105336550817524,0.051972054,0.029120743,0.015474698,0.031632233
ID_E5765C6576,0,0.0170111234579206,0.021441989,0.0086240275,0.016870929,0.016328197
ID_843C87E977,0,0.029978049925962966,0.016441802,0.049399514,0.073910065,0.026402524
ID_2267B27D63,0,0.014033041106286588,0.015834564,0.0106628025,0.010086418,0.015365448
ID_B7D86F1A28,0,0.07732555683121914,0.075139664,0.062357247,0.16633293,0.07987745
ID_1D47230E88,0,0.10083246051719919,0.10164408,0.09670234,0.13081823,0.09318916
ID_2E09ACA986,0,0.06092010808846596,0.081586435,0.03647675,0.035093267,0.037227765
ID_C952184402,0,0.018359768362340902,0.02319878,0.0127755245,0.018037736,0.010018015
ID_796F444E8F,1,0.34761150876157054,0.30305243,0.46643004,0.28838825,0.3069614
ID_CECDDF7B58,0,0.03139615364333572,0.035036378,0.0326804,0.019783333,0.018311517
ID_20AEA365B3,1,0.2674881699943746,0.1644659,0.44378307,0.30304167,0.30943254
ID_7D5673033A,0,0.4241044673469596,0.3953483,0.49725887,0.29264364,0.44607675
ID_F26E106A1A,0,0.19009296719633,0.20740959,0.15449919,0.19313337,0.19189924
ID_96BF841CAC,1,0.42811920512194285,0.44703552,0.42219034,0.26948798,0.43000168
ID_5061805BD6,0,0.027692335686645968,0.031168452,0.021415526,0.033582788,0.02389085
ID_B8776DC0F8,0,0.028861890906751328,0.04092442,0.013866869,0.013178646,0.016859876
ID_58C13D80DA,0,0.45394184865755816,0.52762806,0.39292508,0.35892287,0.31467992
ID_31BF87D143,0,0.0756968093831523,0.08179433,0.06757363,0.09346298,0.059595168
ID_725E45A8AC,0,0.021598484845171777,0.020187702,0.023801766,0.022237157,0.02255908
ID_B9C4B7C445,0,0.5699879505352722,0.6110107,0.56524724,0.5069577,0.43417636
ID_A395BE16D7,0,0.020164102261234967,0.026256982,0.0140649425,0.016066685,0.009270873
ID_8AACAA3381,0,0.010731893807525695,0.013438512,0.006459574,0.009194572,0.009122099
ID_DC31BE53F4,0,0.036228657856742175,0.03983576,0.022629896,0.035987847,0.050252125
ID_E5C3AC03F0,0,0.03970303227373658,0.05067571,0.025737878,0.022629851,0.030705964
ID_618D528AAB,0,0.012822083588780326,0.017524406,0.006049976,0.0075247297,0.00977512
ID_E8C4D17873,0,0.13880921040185312,0.1162571,0.16658373,0.18481854,0.15453193
ID_4D92F504AD,0,0.040624361188581065,0.04927195,0.029288396,0.028176388,0.033802483
ID_3A633F53CD,0,0.05844069477855214,0.053344782,0.065160215,0.043994453,0.07187103
ID_0F139B2FC3,0,0.03196180555279983,0.03948652,0.020388987,0.039247844,0.021793656
ID_64506163DE,0,0.02107171773878756,0.022795744,0.016854014,0.025694279,0.02081432
ID_16D2DBBD71,0,0.07454593067192114,0.08337215,0.064737365,0.08196486,0.055032242
ID_146D2ED499,0,0.018010417662228263,0.021727262,0.014923844,0.012610503,0.011269304
ID_42F4E2E3AB,0,0.013203580658765438,0.01578719,0.010267517,0.008245302,0.010738749
ID_7DC69C3D12,0,0.057787714091670966,0.068895265,0.046239868,0.07945714,0.02614691
ID_5BB8FCA0BB,0,0.14301192798913961,0.14771767,0.12173739,0.13682282,0.17144804
ID_4A7911B258,0,0.26870479161263233,0.34563088,0.18318523,0.18447685,0.16360018
ID_E80C877E81,0,0.12203826844458995,0.11666091,0.15314052,0.11470446,0.0812555
ID_53285AD395,0,0.07051220298504067,0.080251195,0.056729756,0.07811003,0.05558535
ID_97EB943E1A,0,0.018443470769149435,0.021474008,0.0121707255,0.019948604,0.018428892
ID_E7151C5185,1,0.39233053907572885,0.40526572,0.30778664,0.41603875,0.5086553
ID_9602D8EF33,1,0.8360487133169346,0.85686964,0.8038371,0.7442146,0.8571391
ID_D3CC63B4A4,0,0.23289070719690583,0.25983685,0.20690127,0.26977867,0.15862416
ID_060FA9B3D2,1,0.2992259830822829,0.37126312,0.21392635,0.20431562,0.2189781
ID_2C27A9C5D9,0,0.16225759712535942,0.19875737,0.13017806,0.15693145,0.07906064
ID_5CBDE25A4C,0,0.013460867077290885,0.01898953,0.0058267317,0.010212597,0.007875805
ID_8592F9505D,0,0.021468688832546986,0.02398754,0.0189071,0.020669963,0.016661225
ID_8240E3F192,0,0.019554481591868997,0.0209503,0.020141814,0.010464053,0.016355252
ID_EA06B76A26,1,0.15632870197603632,0.16995245,0.16370824,0.110313825,0.102952
ID_E95F5E1EA2,0,0.017417594399803688,0.018492829,0.01326124,0.020914081,0.020262742
ID_FD626086AF,1,0.11603887898346438,0.14401616,0.077020116,0.14310607,0.06964219
ID_0BE813F829,0,0.012217736940979475,0.016166588,0.007947839,0.0069256406,0.0069869505
ID_7348DE2EBA,0,0.6011126552534372,0.5828133,0.6322483,0.5106693,0.6511241
ID_5E807E1905,0,0.09118938418984152,0.11228482,0.06950773,0.047015704,0.06775609
ID_B0E8203E3D,0,0.04620290666165536,0.049045336,0.03333385,0.045058675,0.062288165
ID_1BCA4471A1,0,0.02046784203709169,0.017662449,0.016881278,0.039153993,0.03187791
ID_AF6264CDD3,0,0.02852799509682154,0.034726817,0.022414165,0.027973983,0.01567369
ID_991D692143,0,0.03049174024549717,0.040053397,0.017471028,0.019248491,0.022893671
ID_3E65D87FF7,1,0.8049071067545899,0.81530213,0.7893563,0.78565747,0.8027026
ID_1F7B5E9AA7,0,0.11095343273106345,0.09527549,0.14009148,0.11579242,0.11263169
ID_029AE0F2C8,1,0.2264001716991127,0.26208717,0.2040174,0.14937611,0.15709312
ID_6B8A37A8EC,0,0.028916275885805403,0.022934375,0.042356376,0.0426299,0.019401617
ID_8337390A76,0,0.02638687023724632,0.028763384,0.020923419,0.03723115,0.023330705
ID_70C94E069E,0,0.012383324322049274,0.011466419,0.015084177,0.010478203,0.011297187
ID_9897825618,0,0.03113215510741221,0.041997354,0.01423162,0.022460083,0.02522405
ID_2DB5FD64AE,0,0.035197888615084647,0.04251313,0.02239241,0.052702293,0.024105359
ID_AC7B81F132,0,0.018062464677434376,0.024708202,0.0073890993,0.011880404,0.015552318
ID_80C4E4C0AF,0,0.04563221107059191,0.06318471,0.021674514,0.031539954,0.028949095
ID_7E9D7B9C01,0,0.12255098581608681,0.13976742,0.10941025,0.11818596,0.07984547
ID_F8B45349E9,0,0.53135815315253,0.3501873,0.69568974,0.75828135,0.8459806
ID_035C8BB0C6,0,0.01442123786940752,0.017100208,0.009777365,0.013317914,0.013536175
ID_A98B899D27,0,0.12103415506836428,0.112197496,0.12258392,0.16348033,0.13657123
ID_1ABD435029,0,0.026579791169938624,0.029318094,0.018014008,0.028340349,0.03260826
ID_2BB117D0B0,0,0.033579625533824486,0.040205263,0.028602004,0.02182389,0.021366267
ID_8427D99C63,0,0.010644041327022813,0.013747024,0.006224997,0.007328848,0.00844802
ID_CADD29150C,0,0.019218905080851577,0.022303903,0.014280948,0.013685151,0.019179119
ID_9289C89282,1,0.5670603019502716,0.5371427,0.6637961,0.509071,0.5113329
ID_1044B70723,0,0.02808299428198197,0.0329231,0.023069697,0.019307368,0.02219687
ID_0644C98260,1,0.5244124330513166,0.47125998,0.53035235,0.6958199,0.6616974
ID_A42C48819E,0,0.026010763622159302,0.03302541,0.0138995815,0.028652526,0.02117863
ID_9B0223F729,0,0.04154430958686424,0.05232348,0.028187066,0.034923714,0.027505085
ID_836F53715A,0,0.07433093034671794,0.08295368,0.06470694,0.102964304,0.046034172
ID_706A4D9F9D,0,0.06953762651246113,0.056008782,0.073263496,0.08520426,0.11192008
ID_6E98B3A17C,0,0.025086819302454846,0.033090144,0.013262276,0.022143254,0.01789408
ID_4C0DCECF76,0,0.011752446270638373,0.016040253,0.005005957,0.007985868,0.009735952
ID_028373B2E6,0,0.2975187885955237,0.2930741,0.2821978,0.23568454,0.37613082
ID_CA5A8468C3,0,0.019531364394988975,0.02370065,0.0146489525,0.02170852,0.01142651
ID_4BF2738606,1,0.0583470763908461,0.062527604,0.053938072,0.081307895,0.04011947
ID_EEF2DD1FFA,0,0.24989648924124747,0.21034935,0.25037646,0.29062736,0.39832893
ID_12012A1653,1,0.1842153914818376,0.19833829,0.17119089,0.08860817,0.19411398
ID_B729BB6943,0,0.037356625044878584,0.04805091,0.025848124,0.023691269,0.022781478
ID_4DAA74F312,0,0.02902496902515169,0.036929686,0.022880191,0.017380137,0.013858584
ID_6052871AFC,0,0.23999097663994423,0.24505977,0.26630762,0.18079814,0.18790995
ID_C04FF9537A,0,0.28005988332542214,0.2622788,0.23932567,0.40408882,0.3885565
ID_554D96DF8C,0,0.027013487349734393,0.032086987,0.017343722,0.022553124,0.028247925
ID_092B7940F7,0,0.05428350917258336,0.074065566,0.032792617,0.027705824,0.028324155
ID_899CA0EAB8,0,0.02068789223948588,0.021529252,0.011325414,0.04839012,0.025138032
ID_8C73D7FAFA,1,0.49254663335364135,0.5124953,0.41173685,0.46644148,0.5929204
ID_FBB6D8F929,0,0.06787577678111914,0.0768081,0.04138083,0.078361526,0.082370155
ID_435D7CF70B,0,0.025942236835927165,0.02104313,0.026745252,0.046471614,0.035985686
ID_5B245F2EC0,0,0.021747647331014162,0.027087811,0.012295879,0.020701693,0.019898567
ID_C2E2182076,0,0.19856737208790642,0.2317612,0.15546362,0.2236645,0.13973497
ID_FB3F63DDCE,0,0.22159754202186777,0.25280362,0.21643789,0.14740926,0.13305607
ID_2BA8F42EF4,0,0.26235556617873956,0.27519298,0.26963636,0.258597,0.19409578
ID_FD24DF5E65,0,0.21150986287021994,0.19965798,0.25003308,0.15709974,0.20270559
ID_D66C59341D,0,0.1602909650195544,0.17714766,0.11594694,0.12046307,0.20149845
ID_52D0D7E08A,0,0.02785688600952335,0.021835804,0.02826575,0.05739912,0.039561097
ID_3C1076FF38,1,0.46648158735845524,0.47102454,0.46988633,0.37118036,0.4815116
ID_05D0CD12E0,1,0.3673963077699962,0.37622866,0.25442758,0.5721065,0.48314258
ID_A6A9FFAFDF,0,0.011270322534481944,0.011689833,0.010793759,0.013845109,0.009396409
ID_DB3A038F0D,0,0.036292481830189266,0.04935462,0.02349923,0.023731103,0.013980017
ID_9C4B92100C,0,0.02003802367833229,0.0137517415,0.029808542,0.03829708,0.017700529
ID_CCCCAF252A,0,0.010962739807386018,0.010012935,0.012558289,0.015240416,0.009691554
ID_972B51FF7A,0,0.04426078012756643,0.05789333,0.029334195,0.034797207,0.022762265
ID_1014AF9E23,0,0.02076844500156491,0.026142357,0.012537787,0.0185592,0.016664382
ID_03BC49E068,0,0.009608175704908373,0.011376667,0.0064931614,0.010794593,0.008295253
ID_65F67DD4B9,0,0.02787802350987525,0.036209907,0.016398171,0.020716855,0.020395132
ID_15BF70FD93,0,0.3434603543811243,0.35141224,0.3782432,0.24494493,0.2781691
ID_1F4B60680D,0,0.18004534512607978,0.22393276,0.13301127,0.16966136,0.099894635
ID_7904FB5195,0,0.06753953353252812,0.058454335,0.06941214,0.048257098,0.11034285
ID_5262E26498,1,0.1482622834527106,0.18561734,0.09733219,0.06270009,0.13686016
ID_5FE18A00E7,0,0.04152907405733793,0.045603022,0.03648924,0.04069468,0.035477772
ID_9B051C8C8A,0,0.16176348963632542,0.16517533,0.19719061,0.11495716,0.091746524
ID_2D4AF97FA6,0,0.028697797054406508,0.02974809,0.023605237,0.039556723,0.030447308
ID_E60B936275,0,0.3346985745321663,0.3579444,0.31495893,0.33713025,0.27769148
ID_223628C061,0,0.23108214603762478,0.2574165,0.18820328,0.17209041,0.23742613
ID_430E845225,0,0.31607207385917446,0.29237282,0.33320695,0.41506755,0.3363711
ID_858E1FC58D,1,0.12549255258380673,0.11592712,0.15393388,0.17341533,0.08403935
ID_84DF4FD081,1,0.1264339523637788,0.14591607,0.1198122,0.08540141,0.076148346
ID_D9BF87B754,0,0.011402755615614072,0.012583482,0.008570243,0.018082798,0.009574383
ID_FD1EC2D916,0,0.15508849491935464,0.17594233,0.12793417,0.10081333,0.14881933
ID_CFFD4F666B,0,0.06136889698080367,0.090911485,0.021039125,0.026243614,0.038275935
ID_3CC08F7786,0,0.011359401113569027,0.015245535,0.005595765,0.007439005,0.009000049
ID_DA7349C52A,0,0.02406745191687592,0.029734856,0.016305782,0.021635627,0.01781343
ID_84CF91F083,0,0.015373774586695758,0.01630159,0.013449489,0.019940557,0.013587753
ID_AF68DB84FB,0,0.029104078874871972,0.037988618,0.016271133,0.013345246,0.02593466
ID_B48DBDC63E,0,0.013826828579594927,0.017452875,0.008673468,0.013703796,0.009602823
ID_AE7ED0F562,0,0.01766424496725077,0.023066398,0.011115198,0.016538342,0.009361353
ID_66959EC8D4,1,0.499651373105902,0.3999489,0.59760547,0.6393426,0.6502114
ID_D8F551580A,0,0.011225346473785796,0.013209328,0.008268695,0.010148495,0.009648139
ID_607FA084E9,0,0.017981075352447383,0.023425799,0.009510332,0.016695702,0.01368988
ID_726C04DAA9,0,0.23906863720225058,0.29053855,0.14430447,0.18603279,0.24783376
ID_8CAD9B75DC,0,0.022041729807350148,0.021520607,0.01822423,0.03382126,0.027299246
ID_49A38F3292,0,0.3299071430257033,0.42626384,0.22801758,0.21482103,0.19121042
ID_324957B8EC,0,0.046560181274963634,0.045921274,0.059590682,0.047404103,0.02094239
ID_A97F749765,0,0.06415969331548167,0.082628965,0.043084163,0.038954377,0.04226197
ID_644039B9E2,0,0.057555221062311375,0.06692048,0.04267347,0.08141031,0.039480068
ID_3C25A61F14,0,0.24981339833135038,0.20739454,0.41976193,0.112976596,0.124268286
ID_E7E1AAB24E,0,0.011835124329910601,0.013138569,0.0079939095,0.016918683,0.012347521
ID_6BE78890D4,0,0.015643495832703996,0.018287573,0.009462333,0.012477531,0.019102689
ID_B817EDC43A,0,0.20990557924349368,0.24921936,0.15949322,0.17061958,0.16893876
ID_BA25229462,0,0.3319033285373485,0.3427915,0.3086924,0.34645998,0.32930884
ID_C6385CEC40,0,0.01946019492659934,0.024703452,0.013621105,0.018224945,0.010353913
ID_36D35E99E9,0,0.021427645473432597,0.024528945,0.018597957,0.023467235,0.013495272
ID_8CB01B86EB,0,0.5843308092227866,0.50839823,0.67259467,0.67093277,0.67831296
ID_18E0AC36E9,0,0.010397171243425346,0.0115590915,0.00913663,0.009479603,0.008588162
ID_CFA5EC0CF9,0,0.5671040430608936,0.5886747,0.57665086,0.6930826,0.40050346
ID_18C66B218F,0,0.3074872653955514,0.26663545,0.3446962,0.322631,0.39380348
ID_40F9DB3C2D,0,0.01838557946274462,0.021375282,0.013229929,0.02170754,0.015355442
ID_65B18220E7,1,0.3544218244121171,0.27104548,0.44692543,0.4109496,0.48389336
ID_874CFAD5C8,0,0.10498046625069751,0.11376883,0.10137874,0.13069226,0.06433874
ID_753914CA28,0,0.011035892070126155,0.014796427,0.00479717,0.009453197,0.009207686
ID_878276B188,0,0.0684209394526801,0.07351891,0.053071108,0.13244532,0.051883165
ID_F061DEC57A,1,0.0920556927145829,0.1285165,0.046559203,0.07141189,0.04448093
ID_BCA2960D78,1,0.5918136976593212,0.49133396,0.6944494,0.6323554,0.7788376
ID_C6F4ECD67A,0,0.029381016050004146,0.028486961,0.02955225,0.03410691,0.030733986
ID_A590BE6492,0,0.03987211072227572,0.04300316,0.044977225,0.03367409,0.018384015
ID_83C5381AE1,0,0.6773884486869797,0.6766002,0.7176595,0.6178403,0.62029433
ID_709C9A154D,0,0.02798456271534238,0.034339555,0.018050963,0.02305008,0.024573093
ID_0DBE425681,1,0.22818440401519766,0.15669064,0.38453656,0.17681468,0.2174861
ID_5564BA9F31,0,0.544821799030605,0.5770566,0.5316344,0.5004712,0.4561444
ID_90C299F197,0,0.028998090278088196,0.03971043,0.010424033,0.03464693,0.021083588
ID_0623BEA67D,0,0.04734484825054083,0.06440317,0.026779907,0.032631174,0.025744418
ID_A3990FC906,0,0.031085605916425604,0.03798854,0.023313954,0.022847993,0.02215959
ID_0745830B73,0,0.6151390201277862,0.5941908,0.65967435,0.6270553,0.6029883
ID_327DB644CF,0,0.13974842335880974,0.15756813,0.13620299,0.11395678,0.083249465
ID_9BF46AC2B2,0,0.011495049211993711,0.0127383685,0.00734331,0.020734847,0.011116043
ID_FF5908345F,0,0.02731420789344871,0.02611334,0.02592686,0.03299592,0.0328911
ID_CB042BBE3E,0,0.02405593074323028,0.029459445,0.017375119,0.02078371,0.016965521
ID_E9D49CF3A2,0,0.12337877188971567,0.15826713,0.07785246,0.13137275,0.07003338
ID_57682F029B,0,0.036388427445073285,0.04436187,0.023995074,0.025161779,0.034152824
ID_4140F96820,0,0.291921546594511,0.25372484,0.32256138,0.35000226,0.36238587
ID_C6821FF871,0,0.4447498031142281,0.52521336,0.33534718,0.40378672,0.35705933
ID_3EBB14E4AB,0,0.01924133921050952,0.018939719,0.021049742,0.01643646,0.017860183
ID_A937551D17,0,0.02311753119922555,0.034034997,0.009442523,0.011874879,0.011189961
ID_CA11B8EC6D,0,0.25972086316463283,0.26106724,0.26155803,0.18588252,0.2822737
ID_C1FF2C4087,0,0.015655642549393802,0.020446233,0.007831994,0.017422775,0.011411637
ID_39417929D4,0,0.010713764452594466,0.014990538,0.004590688,0.0070379768,0.007367075
ID_951FB16E12,0,0.009541594786437813,0.01258364,0.004982324,0.0055972007,0.008178303
ID_E653480B04,0,0.6621683367613354,0.58477324,0.7361946,0.7680744,0.78446037
ID_DA3369DE33,0,0.007701512595999761,0.009371702,0.0047607096,0.0059656645,0.0077043767
ID_6688EEC99F,0,0.042704201711806444,0.043671392,0.049244456,0.0486006,0.022015024
ID_8D54C75B32,0,0.012237712179104854,0.01386629,0.009243361,0.008079721,0.013587211
ID_6466F1B8E7,0,0.03385840432010017,0.046335336,0.020389648,0.016378384,0.017613439
ID_BB84D02494,0,0.02278473228177627,0.03073942,0.011208984,0.016249767,0.016829478
ID_6B0578AEA7,0,0.07591050804473318,0.078956254,0.07472735,0.06734783,0.06930269
ID_77C5141F8D,0,0.09230847166753223,0.12131996,0.061958794,0.06765937,0.04548648
ID_67580B5B2C,0,0.013425645008461959,0.015387267,0.009516407,0.013287671,0.01357709
ID_AED2999EB7,0,0.046645457827503,0.030543797,0.073509514,0.08245088,0.041494753
ID_D568F940C6,0,0.01832308209498629,0.02383376,0.009626235,0.016217412,0.014595598
ID_6F3B692D7C,0,0.290263069308806,0.2545443,0.3815954,0.25948542,0.25879392
ID_AE91DE518E,0,0.015467977841474457,0.022036735,0.0053277104,0.010821196,0.011470553
ID_4A7AFF7AF9,0,0.030640496552728942,0.033578057,0.02496461,0.03385875,0.028991982
ID_E610BB7F3A,0,0.1092687693811816,0.10296841,0.10982939,0.13986136,0.121370465
ID_06EFF04CA3,1,0.21753445401615282,0.19835289,0.26071358,0.22106206,0.20447953
ID_30F761DF0F,0,0.034096476990284785,0.034731105,0.03731034,0.0248367,0.0285555
ID_B4CA7DF17C,1,0.5271835931204234,0.52183276,0.50359404,0.57587993,0.5791828
ID_E729342BCB,0,0.026076158984749895,0.024809327,0.031146668,0.017375583,0.024348704
ID_1136DB7074,1,0.8019799603618214,0.81584406,0.8012582,0.8680531,0.71610504
ID_AA0690633A,1,0.1696193128570247,0.18998148,0.15674023,0.14788474,0.12062297
ID_EFB095B576,0,0.03812151871176675,0.038480446,0.035074867,0.051220275,0.03742934
ID_2DCACFFDF2,0,0.016509874605064388,0.018635018,0.012403454,0.023169953,0.013429563
ID_D67CE79F9E,0,0.01312932059921254,0.013125602,0.011989205,0.015254407,0.014664339
ID_C531305B3A,0,0.06926120637944852,0.090690166,0.037873846,0.043731123,0.057110284
ID_F695536861,0,0.02020398543547356,0.02425597,0.011561898,0.020646794,0.021415917
ID_890CDDED39,0,0.04359946675737571,0.048404418,0.03937986,0.04775706,0.030521782
ID_9E4C6006ED,1,0.7919759773117029,0.7773324,0.8147161,0.81459904,0.7952524
ID_D6DD20D78B,0,0.041222941918428825,0.04641267,0.024752766,0.03957888,0.055325687
ID_2D39A0BB8A,0,0.06608729363350949,0.07422321,0.05887677,0.047911163,0.05507645
ID_277734FA6C,0,0.12719253293993998,0.12573971,0.14155515,0.119250104,0.10598876
ID_D49951FEB5,0,0.31381040233717294,0.3146632,0.32156062,0.27502748,0.31048542
ID_6EF1E453C2,0,0.13485008441298219,0.14386453,0.12313656,0.17774302,0.103163496
ID_318CA2B6D5,0,0.04100752601581234,0.03712051,0.04444364,0.067201614,0.038654078
ID_8B9DFA03A6,0,0.03460944373354711,0.035283633,0.030233106,0.038647424,0.03938617
ID_BFBD78D484,0,0.0562083748391934,0.07424146,0.03004086,0.056773257,0.035844285
ID_C0E52B24D9,0,0.17546714869608,0.16866426,0.15745091,0.35281748,0.16556984
ID_4C01A92CC0,0,0.5796332240256216,0.62334234,0.51742554,0.44114608,0.5886259
ID_CA0BBD55B3,0,0.10467715323526619,0.11200963,0.116566636,0.079241045,0.059257217
ID_D69D5CD1F0,0,0.016881059183594973,0.01904116,0.013982205,0.013431068,0.015469655
ID_6F15475A5F,1,0.029454784379041275,0.038512815,0.018197546,0.027285233,0.016248133
ID_2863F2AA05,1,0.35601487676059484,0.33496225,0.4158012,0.39959922,0.29778668
ID_DB5168F61D,0,0.07205348686940799,0.07415325,0.07030752,0.084779195,0.061373077
ID_E91A688CCB,0,0.03875426776357334,0.039451007,0.037101395,0.045631498,0.03635596
ID_E53C0FE70D,0,0.018821587391669097,0.023344385,0.012342103,0.011164033,0.016934838
ID_942C8DF44E,0,0.03485235560208034,0.0450606,0.018293316,0.02915005,0.029694973
ID_8952AA4CB8,0,0.01592131648484569,0.018007655,0.010756497,0.01990485,0.01644215
ID_F2EEB7E80F,0,0.03556010800761936,0.050392352,0.01886747,0.021403166,0.014823113
ID_56C71F7C40,0,0.2686429008924077,0.26516867,0.291326,0.23335245,0.25005937
ID_5098CFFDF4,1,0.7293367150972813,0.6827797,0.8312944,0.6492386,0.74240154
ID_78A2BD8C4E,1,0.30188375112227206,0.27007827,0.2774438,0.3952414,0.448097
ID_0864139F4C,0,0.05866617587781163,0.0673812,0.043366976,0.063534684,0.05251222
ID_3EF2217E8D,0,0.04931072009102412,0.051576603,0.037991248,0.044537246,0.06609181
ID_EF6456508A,0,0.044080460900519376,0.04259261,0.03993249,0.06180866,0.051541407
ID_A4BF471E23,0,0.05061635777146349,0.05661044,0.048194613,0.06894225,0.022478089
ID_AE00873DA5,0,0.020364556037535446,0.022290146,0.014673325,0.016003145,0.026331885
ID_945EDD146E,0,0.03968022044859904,0.05708135,0.017301392,0.02700589,0.01963226
ID_4960F55B77,0,0.4462138597453996,0.5031719,0.4038867,0.4128483,0.31071773
ID_52504C22DE,0,0.044422237530644476,0.046913717,0.03578548,0.049475912,0.0502111
ID_F9AE595D74,0,0.03589145970656796,0.047135934,0.019304873,0.033375118,0.025022905
ID_D57A557120,0,0.054384699923119485,0.042471696,0.08142212,0.044757567,0.05095558
ID_06C4D7CEB4,1,0.4891438636215183,0.44372103,0.49158582,0.64194,0.60936195
ID_91E8B008B9,0,0.02063329704686893,0.025188278,0.013929102,0.010640131,0.020110592
ID_5A8C076F78,0,0.09055869264695407,0.10994439,0.063216515,0.09290277,0.066219546
ID_7F1E48712D,0,0.02473413111004263,0.030833418,0.015715107,0.015004608,0.022532212
ID_85CDF1599C,0,0.039987170613032655,0.053083647,0.022826241,0.03125739,0.025228295
ID_68F5DCD8DD,0,0.025875796860504847,0.030267645,0.02142773,0.015686922,0.021288613
ID_FBB937562B,0,0.07815156986907076,0.070003845,0.08933443,0.10091391,0.07869221
ID_E45DB3EDCA,0,0.4759629280516326,0.3750872,0.56504077,0.6509796,0.63512546
ID_25BAE1CBFE,0,0.017120978099055707,0.019200547,0.016467767,0.009407416,0.013091531
ID_5CD3379709,0,0.01959438578637329,0.021625958,0.014433268,0.02499631,0.019720558
ID_0530FE6DB9,1,0.2554896814360189,0.22362003,0.24377398,0.2738377,0.40737695
ID_7C1E324B94,1,0.36714787818496264,0.3238403,0.4242276,0.52609146,0.35854024
ID_4CD453188B,0,0.679956042707401,0.5735837,0.7801182,0.8666527,0.8334916
ID_12F2622EFE,0,0.030032757167662398,0.040972505,0.013469188,0.024462903,0.02173435
ID_59341FB1B8,0,0.27021048992050956,0.31058583,0.18423766,0.20657541,0.3116489
ID_19ACFAB4B7,0,0.027937456100117667,0.026913282,0.031121885,0.024538105,0.026918922
ID_95B97FB526,0,0.018015816324045777,0.022601513,0.011169512,0.023842776,0.010771983
ID_C65D1BD9C1,0,0.046581597633475705,0.059802696,0.028278215,0.04107978,0.032339346
ID_C319CE6B9E,0,0.030085554101894493,0.039595284,0.01597436,0.023188164,0.023151832
ID_BB69C39A6A,0,0.13851376777420008,0.17865658,0.09873558,0.08552515,0.07720352
ID_E030A89D1A,1,0.3861709522060202,0.39803368,0.44038355,0.26232168,0.2737084
ID_A61D03AB9A,0,0.009102214597135833,0.01166205,0.0045829,0.0071455785,0.008825663
ID_55E8210F1E,0,0.021117835466102512,0.027346069,0.013148913,0.015467378,0.014340053
ID_834FC5477B,0,0.0430930657425776,0.0466407,0.04050134,0.028440706,0.040039122
ID_7AE1AB6CC2,0,0.08894226082447555,0.0973945,0.08852747,0.09366087,0.052036595
ID_C62737D627,0,0.05019951522673502,0.05866588,0.043579943,0.03149422,0.03675449
ID_81938121E6,1,0.7972709774370828,0.85908836,0.73478353,0.75121903,0.69000363
ID_B3EC05C818,0,0.4803454087596046,0.4299967,0.5302105,0.54493356,0.5581157
ID_E160030752,0,0.036148620474238564,0.041360434,0.028373433,0.04514877,0.026866693
ID_610F3626C6,0,0.017548647223636714,0.019734686,0.015183744,0.017451592,0.013420639
ID_96356E04F3,1,0.6459082107424241,0.576293,0.7192358,0.70482767,0.7572852
ID_CD7072F120,0,0.011845537555611968,0.014939404,0.006844698,0.013737425,0.008666259
ID_9EAD56B4C2,0,0.016235724278157608,0.018613989,0.012449952,0.012891113,0.015758432
ID_3B80C8C9EB,0,0.05634135794518094,0.061551444,0.044470116,0.050289247,0.062414452
ID_4F165713F1,1,0.11332407371946769,0.1456554,0.07909653,0.09017357,0.06012991
ID_F09E71C06B,0,0.17401717143077283,0.19773112,0.1633797,0.08128907,0.13698658
ID_C929193F16,0,0.06453394881457397,0.090417944,0.030501379,0.040970016,0.03836295
ID_5CD2DB7E51,0,0.02593991439815154,0.033445492,0.019009272,0.021926966,0.010820159
ID_1922FD9B05,0,0.013287687590683685,0.015587708,0.010821644,0.007444277,0.011399557
ID_7FF28792E6,0,0.031561149561910265,0.031514984,0.031119071,0.04445984,0.027082028
ID_ED6A36AD07,0,0.036927998116016394,0.045435168,0.026534636,0.031377822,0.025671102
ID_B788D3C67B,0,0.04221237770073926,0.054431792,0.023385854,0.042279948,0.030899983
ID_B148672D08,0,0.025364049732187626,0.03026855,0.02159196,0.019672805,0.015198656
ID_79FA83D8F1,0,0.013483134849099278,0.012071916,0.014811416,0.013498131,0.01659438
ID_969AB5D296,0,0.013673828712083887,0.016256977,0.009263,0.019664466,0.009601728
ID_973174B0F1,0,0.011935869810063475,0.013572328,0.0100605,0.0075063095,0.010970129
ID_D794AD4A41,0,0.3907478351216782,0.3340993,0.4165167,0.47316742,0.5390711
ID_15E248F85F,0,0.08490324060367571,0.09240402,0.078037485,0.08989665,0.06573865
ID_682FCDB9E2,1,0.11651204941717466,0.11082144,0.11675753,0.11785869,0.13946003
ID_D9D73B00B1,0,0.13888378003480062,0.14950928,0.14324108,0.10326755,0.100134656
ID_ED31218571,0,0.08451563560436517,0.09801681,0.05067636,0.15467161,0.0694351
ID_2ABF43F1F3,1,0.47557735294455983,0.43186522,0.56809115,0.58866185,0.41266173
ID_381664A78C,0,0.14264656516001586,0.18781872,0.071623676,0.103055455,0.12125296
ID_C0485FD737,0,0.10572347727355401,0.10079514,0.086321235,0.1483053,0.14961952
ID_829BCF9334,0,0.02541233319004032,0.027635887,0.02036924,0.032594107,0.023697736
ID_7D259FE35D,1,0.6723741049597292,0.6889821,0.6484951,0.61103445,0.68011117
ID_668147BD24,0,0.021886323006403884,0.026726482,0.016292624,0.020663852,0.013952504
ID_BACBA66F61,0,0.060047572553579634,0.07935394,0.037173443,0.041566886,0.035537176
ID_F16A74422A,0,0.4274369277989114,0.49277803,0.36124334,0.34227294,0.3302694
ID_EF31D73CD6,0,0.017247852840015385,0.017913429,0.014146793,0.021506242,0.019229352
ID_B5D0D4A02B,0,0.13161187896504795,0.14672443,0.08259845,0.16615969,0.1577895
ID_361377E6E4,1,0.3982559979835917,0.49819112,0.28651926,0.26730636,0.2724666
ID_BFBD7BA569,0,0.03928544536274702,0.044165224,0.028138783,0.045553606,0.03983042
ID_DAD287A577,0,0.4067627624146084,0.35405123,0.5101636,0.46200472,0.3837596
ID_146F22BCDF,0,0.06744729117721186,0.057920553,0.089497946,0.10766833,0.042896207
ID_8158FC678B,0,0.02581050583860866,0.02683414,0.02309702,0.03256815,0.024357218
ID_7D7B967E8D,0,0.05175395998306678,0.05413254,0.05264254,0.05194259,0.039708335
ID_E14EB90EFA,0,0.05365551087841297,0.0509384,0.052490268,0.07241589,0.059466016
ID_4160D23C9F,0,0.0488533162773463,0.06559909,0.024701035,0.0490961,0.029749924
ID_A886A2E5A5,0,0.26707517410448617,0.25091037,0.32524106,0.33889428,0.17934808
ID_1703A420C2,0,0.3931100347163117,0.39761418,0.42342824,0.4367302,0.29001606
ID_0254DC2F20,0,0.013588501895025248,0.016712744,0.007849269,0.014617268,0.012240938
ID_5880F63094,1,0.5124522128558777,0.5622999,0.519928,0.3581655,0.35290003
ID_7BC3C56935,0,0.06450703339265715,0.076815814,0.044154596,0.041220292,0.06627026
ID_AD087ADB3A,0,0.07463636133190701,0.07823436,0.06444918,0.15098992,0.04799226
ID_9CA906B72F,1,0.29216640490881896,0.24637519,0.3069028,0.39397743,0.40979433
ID_FBECBD1B4D,0,0.01137769422036957,0.014957083,0.005639387,0.010653469,0.008867788
ID_82566109B9,0,0.02274229742039973,0.023973508,0.01891017,0.029639717,0.022749957
ID_4BB486A10F,0,0.052795616706993155,0.063575335,0.040918,0.054475978,0.031961724
ID_5B4948C0A1,0,0.07447837045432094,0.09923326,0.046960298,0.05227007,0.038516533
ID_0E4B7BEBB7,0,0.1516274903525141,0.11899437,0.21020113,0.22221509,0.13319542
ID_CFFCC94B3D,0,0.057102297797153825,0.06770959,0.03935789,0.04977989,0.053506557
ID_5C8E006468,0,0.040605729107829044,0.047320552,0.027377162,0.0537012,0.034881376
ID_215635AE4F,1,0.2019038069486023,0.2020104,0.22060223,0.16961211,0.17541975
ID_1BEA9D9E0A,0,0.16747882532438935,0.20826453,0.13058461,0.07493784,0.114505
ID_AD1317A06E,1,0.8502903991923626,0.8908492,0.8074287,0.7932905,0.7955842
ID_D7FDCE506C,0,0.027338464695697347,0.032988757,0.015140345,0.04536487,0.021755446
ID_5B1EC44593,0,0.031215009397754283,0.036746383,0.021922518,0.03661074,0.025407812
ID_4B2C8B28E6,0,0.2547614045227169,0.23679838,0.2743134,0.37072542,0.23822443
ID_6465195FEA,0,0.04079940409251971,0.053745337,0.022869522,0.020395314,0.033415437
ID_6F4748EEA4,0,0.04883041624609852,0.05705608,0.03749615,0.032988023,0.045268558
ID_647EF1D38A,0,0.015039798562176746,0.019954914,0.007862518,0.009395447,0.012113471
ID_B0DF032E00,0,0.015269917550107332,0.015345367,0.01410025,0.023231616,0.013989369
ID_F5BAA33BED,0,0.036467763108683424,0.04148555,0.031735983,0.05373088,0.017876016
ID_875C7852A8,0,0.02481651514768754,0.03409632,0.012274333,0.020653844,0.014297253
ID_74FD1CF7DB,0,0.01836192475821611,0.020502996,0.016341921,0.013687895,0.01567935
ID_D6BAE7616E,1,0.35539132831685916,0.3652006,0.3012879,0.5572323,0.34198707
ID_3FCD962A18,0,0.12855859920554155,0.12436275,0.15293922,0.109167956,0.1024541
ID_943C8E95A1,0,0.22552489550919252,0.29564032,0.12348333,0.19650647,0.16059257
ID_C4EA5B1D82,0,0.4943545059403634,0.44598952,0.60009545,0.5860791,0.43205017
ID_16E3DD67CD,0,0.04593197801997104,0.04583175,0.03508007,0.10439944,0.044147603
ID_8342247083,0,0.05978026237616996,0.08054079,0.039413854,0.045157537,0.0220603
ID_A174994E6A,0,0.05787275766608958,0.070402,0.039349064,0.06402754,0.04194729
ID_7CF7AC8E14,0,0.04466384335542064,0.05481478,0.025202073,0.026765592,0.05129165
ID_632E78C29E,0,0.27584194216431634,0.32305634,0.1941949,0.29663107,0.24228264
ID_BE2780DBF9,0,0.12653628386437307,0.09944303,0.13157247,0.23425919,0.1833344
ID_6CFD065662,0,0.08684421006411452,0.09147034,0.076443344,0.10172971,0.08310555
ID_C27CCF57C4,1,0.08244290804486523,0.09758125,0.056163024,0.05768008,0.08560017
ID_2A014FE81D,0,0.35593690042529014,0.33859646,0.33613452,0.59357136,0.36814862
ID_8E355C3FDD,0,0.21067324959807332,0.2415837,0.1576952,0.22164592,0.18883367
ID_AD866787CC,0,0.030809074764128266,0.03575352,0.023022847,0.028904777,0.027434664
ID_0EB5B27ED2,0,0.07514247527305692,0.07876725,0.087401524,0.06179325,0.039338302
ID_44B21A8A41,1,0.4283426489397737,0.41772327,0.36898953,0.6282424,0.5134239
ID_6D4AAFAE14,0,0.15945102568660147,0.14936234,0.17940308,0.2782094,0.107542776
ID_BD7E68C7D4,0,0.03729388357706013,0.042587366,0.030387888,0.045182236,0.026286796
ID_920358299B,1,0.23420521031112454,0.18320589,0.31146917,0.28185093,0.26333916
ID_F09669E3EA,0,0.08876806769161977,0.07097809,0.12374704,0.07475135,0.09506672
ID_F1176E0EE8,0,0.04673540658899553,0.048781786,0.04999169,0.030081846,0.03835713
ID_4A4F27CD7C,0,0.5559637070570735,0.4782545,0.6322504,0.72417074,0.6475777
ID_E21D7C2026,0,0.1038231353031131,0.10719762,0.08983943,0.1294105,0.108397245
ID_DE6762859D,0,0.05133326153588609,0.062524535,0.043828946,0.03149989,0.0287561
ID_018FC48EC3,1,0.798375695634938,0.9035702,0.66232264,0.5117722,0.770359
ID_281E8146CC,1,0.30679335480262826,0.28566408,0.35933548,0.26458922,0.3018243
ID_1F3ABE9ACE,0,0.5430882095781246,0.49926296,0.57446986,0.58363056,0.6434055
ID_F93FA604C5,0,0.012423530193692179,0.014841857,0.008744785,0.010918124,0.010745539
ID_1B9D26501F,0,0.04183411898734574,0.038032297,0.04253427,0.086715974,0.036843184
ID_FA37BEB33E,0,0.16546209445658833,0.17252603,0.17654824,0.13681933,0.12429863
ID_73DF93E084,0,0.24124939937481488,0.27701944,0.20034324,0.3151051,0.14555587
ID_40D98E81A9,0,0.06099326856336201,0.07081792,0.05528958,0.04522257,0.038561165
ID_46AFB696EC,0,0.32969623682128696,0.35026467,0.31552663,0.4405799,0.2247869
ID_368AD7FEF2,1,0.18791915311473276,0.18580411,0.20467849,0.19526489,0.15771006
ID_E859508280,0,0.21066035076689282,0.19158907,0.22129686,0.31610736,0.22251818
ID_6A23912FA1,0,0.024418633872296237,0.023592852,0.027473863,0.019981435,0.023290785
ID_03521B1ABD,0,0.009008965331347107,0.0108568985,0.004962714,0.015310026,0.0071282084
ID_CCD8788EFD,0,0.06554353823522681,0.05842152,0.0853926,0.073549025,0.049590137
ID_4F18A8DC97,0,0.013250575690120218,0.01721515,0.008172222,0.00879142,0.009324424
ID_8FC91FA004,0,0.49305465519206265,0.4826989,0.48110217,0.58927274,0.5205388
ID_918BC84950,0,0.013058946576697513,0.016625084,0.007227239,0.012594893,0.0106920125
ID_C1D1F9A84F,1,0.13106549830191275,0.10240025,0.18242033,0.12630145,0.14418723
ID_C71DB7D890,0,0.04091491549078814,0.05195444,0.02790214,0.037789505,0.02351235
ID_EB106D9A95,0,0.06719462964253962,0.07600411,0.05651995,0.07184429,0.05081675
ID_43FBF955D0,1,0.24073460870565166,0.24346697,0.2583232,0.2838793,0.1726455
ID_70189B8F41,0,0.10456673743870123,0.110448785,0.10309286,0.09818311,0.08563997
ID_0356BB4CCB,0,0.03458310845168864,0.038917746,0.028063105,0.05824165,0.01992799
ID_E82ACA0C5E,1,0.18605880994955765,0.20076685,0.18891647,0.16538735,0.12674984
ID_390C051A44,0,0.28559643098715154,0.19820565,0.34129533,0.38675022,0.4915383
ID_2F59D1E9A9,0,0.10218177765923465,0.11051693,0.0898407,0.09355828,0.0971699
ID_2FBB8FD1C4,0,0.16285758158790165,0.14982156,0.18605343,0.06710496,0.20995998
ID_7705F16C8C,0,0.01369802096663954,0.016333468,0.007958757,0.020005306,0.012116351
ID_0452CEC79B,0,0.028131885494385295,0.03685192,0.015724951,0.025933241,0.018833244
ID_9E0C29BFCE,0,0.4078929486344761,0.36321917,0.44562873,0.4047668,0.51720333
ID_8649710796,0,0.05214306385828144,0.06661942,0.03253888,0.041587487,0.037586503
ID_4C327FC15F,0,0.01716861457988258,0.02207163,0.011592952,0.013052595,0.01019165
ID_436E07DBEA,0,0.03890181997757514,0.04496108,0.026352527,0.03319261,0.04268936
ID_9AAAF3A602,0,0.3511912208028959,0.3843386,0.30423322,0.22368635,0.36734307
ID_F16E487467,0,0.019553197873965877,0.021210248,0.01695729,0.029158626,0.01392806
ID_5C4F096738,0,0.03585622892077395,0.04387105,0.0275648,0.026139192,0.023988687
ID_A5E4A147CB,0,0.14912416589570596,0.15557952,0.11428295,0.15229394,0.19518435
ID_79F2F081CA,0,0.21680483121005942,0.19357093,0.26671168,0.3647481,0.14350124
ID_54D772A9C1,0,0.08391128848637866,0.09813278,0.076298274,0.070030406,0.046159912
ID_8695C18553,0,0.033793483177889105,0.045322493,0.017515775,0.029294992,0.021923296
ID_7E2F19447A,0,0.035303360039529046,0.04346592,0.022984287,0.063146494,0.015078024
ID_3337D1D917,0,0.03933895536816233,0.050797526,0.023999782,0.04354651,0.021958359
ID_006DD062BF,0,0.019969244754499064,0.020881895,0.01406647,0.029143183,0.024773216
ID_F22A033760,0,0.022413511622182504,0.030722786,0.0132449325,0.012543907,0.011248988
ID_C1779632C4,1,0.31086750189712264,0.37571493,0.21658622,0.1916716,0.29087234
ID_8770B3FE3E,0,0.03893711111891235,0.05794293,0.01034096,0.019680675,0.028309856
ID_E27DB5D7E4,0,0.015450097274166392,0.020573437,0.0077479524,0.017121995,0.0095800115
ID_9ACB340806,0,0.03554458482008247,0.04734095,0.018037898,0.028473947,0.026301397
ID_471AFFD555,1,0.08024234192045634,0.077084854,0.08255237,0.060923774,0.09705901
ID_21503068C2,0,0.01992247591981053,0.015261412,0.030635899,0.02103953,0.016162785
ID_AC3844C7D2,0,0.09279857248449647,0.10917362,0.06044,0.13180763,0.075967394
ID_426A3C3301,0,0.04002852657582048,0.05185359,0.021904998,0.045542452,0.02650149
ID_1034DBE237,0,0.021057793227899167,0.026303554,0.013027508,0.023910306,0.014859325
ID_D46915F757,0,0.22028150375403213,0.23012313,0.22511423,0.15097828,0.19851136
ID_1EB9BDB086,0,0.24541145644028756,0.29280743,0.17987908,0.3012237,0.16125043
ID_078BDB7ECC,1,0.9027872916472888,0.8884772,0.932383,0.9003162,0.90088665
ID_38367B71DA,0,0.021750131962524673,0.030136392,0.0111397,0.013182398,0.012785481
ID_F57003CE05,1,0.7541727950589964,0.7839055,0.7199874,0.7236021,0.7151104
ID_BE09DAABCC,0,0.013389759379748824,0.015276879,0.012333027,0.00769048,0.010161587
ID_0B21C04242,0,0.042059830398827505,0.055585954,0.023550944,0.028264843,0.030583704
ID_7EA5F6F98C,0,0.06744860047038596,0.054762173,0.06566797,0.06278774,0.1269418
ID_B90EBD9C3A,0,0.04242818728633855,0.05504804,0.028544098,0.030795831,0.023920793
ID_D5A1E66346,0,0.060299348772335115,0.068583995,0.0510566,0.033980135,0.05656854
ID_F07AA1F540,0,0.2643375446273575,0.2913917,0.2412009,0.14846358,0.2500847
ID_C867A8A03E,0,0.027444476888591158,0.033358265,0.01993413,0.032631315,0.01628854
ID_1F041C8497,0,0.08909066994631279,0.07916462,0.12079935,0.08120801,0.06647951
ID_433C22B935,1,0.8957110668343374,0.9508793,0.82826376,0.81111145,0.8440008
ID_DCF17E4CD0,0,0.03640975176664331,0.04016008,0.028362537,0.047310367,0.033062514
ID_9868FC0B9E,0,0.31493267485916837,0.30105975,0.32737443,0.30721906,0.35026535
ID_6F8D5E720D,0,0.043041290182008744,0.052942764,0.03316073,0.019427577,0.032662872
ID_693613DB41,0,0.05210840239695284,0.061012015,0.04118901,0.04399647,0.04142029
ID_8DB012A1BC,0,0.009734619279165925,0.012772828,0.0044192323,0.008560748,0.008801788
ID_263904D651,0,0.020418364222513242,0.021594135,0.018003331,0.018222664,0.021584408
ID_76351658CF,1,0.6220633176241517,0.801731,0.47081104,0.43744466,0.26729986
ID_CEA3C50F77,0,0.05809815929195088,0.07053021,0.04005303,0.058518086,0.044056922
ID_5E29097E4C,1,0.3663135218649897,0.40019855,0.24685387,0.32571596,0.49698442
ID_0DA2D73E4C,0,0.02010844469789691,0.0240036,0.014955962,0.023334635,0.013284735
ID_0744386007,0,0.23169097897035726,0.23967247,0.27127087,0.11655877,0.16322789
ID_9D34144165,0,0.08258580467685764,0.07785475,0.109656796,0.07614864,0.047326755
ID_85EBF3DD8C,0,0.013591199188987923,0.018673051,0.0056698923,0.0100868745,0.010623002
ID_2105FC64A4,0,0.09097039138608023,0.089586,0.11231206,0.051880836,0.06808389
ID_EEC3D28A2E,0,0.01672359856679357,0.014238052,0.018270366,0.035467554,0.015744679
ID_C63F8993B0,0,0.27973500242497246,0.20802018,0.31095645,0.39626217,0.46519896
ID_1B069051B1,0,0.14840455598514363,0.16189396,0.11973006,0.16918157,0.14381953
ID_1C7E1674D7,0,0.02176207828049933,0.029028626,0.012730923,0.016240258,0.012816497
ID_0127D58013,0,0.057441472440657795,0.05685483,0.06849556,0.05789471,0.036012556
ID_5F6A9FD286,0,0.033355835428739204,0.027669258,0.03783845,0.05360674,0.0389573
ID_2A90EBD299,0,0.03163260220927132,0.042525984,0.019437702,0.021168502,0.016292546
ID_877E70ABB6,0,0.04501785361360547,0.059145775,0.0291178,0.024838878,0.028183829
ID_D9C46FFC9A,0,0.01494922321839153,0.016654072,0.012171959,0.011394838,0.015247444
ID_5CDFF0B242,0,0.05518799471406022,0.061629865,0.051235653,0.04416243,0.041234065
ID_7B7CCBBB14,1,0.2240398132900392,0.23998916,0.17660871,0.14651291,0.29213905
ID_C1702DB95E,0,0.06458848488219843,0.07737312,0.046945553,0.0702082,0.045927078
ID_9EE62D397F,0,0.047417473273593184,0.050983522,0.039010562,0.049133405,0.04962465
ID_23B0440E7D,0,0.008384671694187435,0.009254488,0.006057522,0.006523108,0.010510213
ID_ABB0CDA66B,0,0.011905068609078563,0.015168242,0.0067105154,0.010530986,0.009849098
ID_AC92DCFB5D,0,0.033202209354911354,0.03905651,0.023132255,0.03812006,0.027905608
ID_FF360A631D,1,0.853868135633556,0.89324474,0.8139531,0.8590441,0.7707369
ID_69F2BFE924,0,0.5243907321753754,0.5143309,0.4948381,0.57023525,0.6103353
ID_DD1251BA6A,0,0.07660026976308576,0.06481558,0.08104814,0.04907539,0.12888663
ID_007ACCEEC5,0,0.44411384374353363,0.4509869,0.37581685,0.51501286,0.5306495
ID_4A7A1842A7,0,0.4409836770027543,0.4061969,0.4493748,0.4465723,0.56763667
ID_9DAB3941D2,0,0.46696982394942366,0.43355656,0.52031493,0.569004,0.44934428
ID_8C5EF7D341,0,0.017834300616079792,0.02358506,0.0094158705,0.0103785945,0.014826563
ID_EE2B2C8A03,0,0.04202265348218595,0.04363068,0.045926638,0.049498346,0.023590414
ID_07A81A63E2,0,0.05966748021747967,0.07614004,0.042089764,0.046141203,0.033618405
ID_89C29F7448,0,0.1390119326420703,0.14410949,0.14034754,0.08629063,0.13757454
ID_3540E59DAA,0,0.00984492109884539,0.011562392,0.0064547956,0.008391091,0.010488761
ID_9FAEF341D4,0,0.026650196484027954,0.02645672,0.025769344,0.045738865,0.021036904
ID_D6B8AD194D,1,0.07176950770079903,0.09788243,0.04492614,0.03990529,0.03282731
ID_9E38552773,0,0.011773415187881893,0.01427904,0.008334619,0.012414158,0.008276077
ID_8558AB46F6,0,0.12693158897419893,0.12713051,0.1201306,0.14273901,0.13378859
ID_1D45AB03B0,0,0.08557350484231552,0.10954223,0.05317446,0.10770951,0.04407592
ID_1ACED783C8,0,0.05628350596296653,0.07782663,0.032228183,0.04474665,0.021822369
ID_321187384A,0,0.03152646952498712,0.040634498,0.017272497,0.037561458,0.020960225
ID_5491BE9C16,0,0.025122320960804835,0.029828625,0.021681909,0.028080361,0.01131321
ID_A6751E515D,0,0.02040480521466995,0.024365814,0.018626796,0.011074691,0.011537518
ID_0399B36885,0,0.020082748149044483,0.02111717,0.020364435,0.017705169,0.016141074
ID_2D07A0221A,1,0.09977354504525596,0.09973252,0.10086619,0.10890586,0.09362238
ID_82D3769A3B,0,0.0977200618319268,0.11670289,0.07053049,0.08691048,0.08049076
ID_6C7FE0F889,0,0.03768811290301609,0.0473408,0.020598754,0.04744208,0.029279888
ID_67A236F9D1,0,0.08202182350713728,0.075098306,0.11729614,0.06550278,0.042831164
ID_A9252E4ECC,0,0.028926521348645307,0.032000273,0.029517906,0.020890363,0.018164245
ID_11FA1D85EC,0,0.016898078512088556,0.018819928,0.011023573,0.019182494,0.020377405
ID_AAF0DF8BC8,1,0.7824632625758869,0.7123713,0.86382675,0.87664264,0.8632484
ID_B547A8497E,0,0.033006181771124854,0.038149726,0.025935847,0.038682718,0.02394974
ID_658AAED1E0,0,0.015276167592491958,0.017176153,0.010417419,0.026399797,0.012816
ID_E0D037E568,0,0.034065263150780935,0.044209104,0.021459619,0.01880599,0.02486581
ID_74536518A7,0,0.016842338641615558,0.01903032,0.013453513,0.023197168,0.012090093
ID_2D57214369,0,0.046769741579063155,0.06951556,0.018752431,0.025755895,0.01985307
ID_6EB108B4FB,0,0.0316449787865824,0.031292524,0.030977255,0.03813624,0.031737998
ID_84EABE9411,0,0.020203182717315887,0.025637846,0.015294177,0.012105696,0.011283767
ID_EEA62EE434,1,0.7963266623820662,0.80945486,0.7459705,0.86036646,0.8209193
ID_3DB6A16ADD,1,0.028278849602704624,0.033966586,0.022946687,0.029156683,0.015284676
ID_6D56BFEB95,0,0.0376695848130492,0.040482823,0.031658627,0.05593369,0.030706916
ID_DF6E390595,1,0.8886981068748457,0.9296476,0.8393911,0.8624797,0.8327476
ID_B65494B619,0,0.023713980500220826,0.027343232,0.016590245,0.026667751,0.022361828
ID_5B7CCE967E,0,0.031287653473722414,0.03325445,0.02993134,0.03863613,0.022677619
ID_4377146979,0,0.027777092723144835,0.037392795,0.012531041,0.014940839,0.025418427
ID_8D648C3D4B,0,0.21457032003481918,0.22021863,0.17808063,0.20482227,0.27321
ID_FAD3C31DDD,0,0.1312597990285459,0.10435208,0.16818708,0.18582922,0.14203455
ID_5D87386F55,1,0.3701213026664771,0.42621958,0.3304179,0.30247453,0.24757582
ID_F91AB48CC4,0,0.046731612465478994,0.060897637,0.024979943,0.06203117,0.026823325
ID_9972D20693,0,0.013251757279909512,0.01717264,0.008578142,0.009413157,0.008371646
ID_6BCCA6DE12,0,0.026625453975278546,0.036168184,0.014466929,0.018441636,0.015924333
ID_1ED1659973,1,0.18930016553580864,0.14803095,0.20072977,0.254871,0.31069836
ID_FA5F81DEA4,0,0.5608218320146552,0.470296,0.716244,0.70768553,0.5461805
ID_5DA9A63ECC,0,0.025852520299475854,0.026920097,0.022488983,0.028489836,0.027403913
ID_5CAF8ABA0C,0,0.20656307237550464,0.20910896,0.18700755,0.16973346,0.25380063
ID_39834FE8EB,0,0.011486357051228642,0.012909853,0.008813574,0.015311339,0.0095333895
ID_B05AE802E5,0,0.0680675267115088,0.052166015,0.07229845,0.12453363,0.10161419
ID_1E8694BBFB,0,0.07960904997985793,0.09312158,0.053274058,0.12046373,0.061155867
ID_FA16FD19AC,0,0.4934039138278197,0.46308246,0.4939902,0.5906876,0.5779477
ID_B4C1E3F175,0,0.037279099925256014,0.045305222,0.02540721,0.039572936,0.027808513
ID_64757702A0,0,0.0823787271707804,0.10677461,0.044758335,0.08766507,0.057620026
ID_33662C0BF9,0,0.2390741136083943,0.2568882,0.22493827,0.337402,0.15121163
ID_5521363B3B,0,0.013060827146212234,0.017868103,0.0061493223,0.010992372,0.00846161
ID_82122503F9,0,0.04599077903933663,0.0512991,0.03765255,0.06203317,0.03443881
ID_484553F594,0,0.016989839377082663,0.022462178,0.010176995,0.008841802,0.012017038
ID_C73AB0ADDF,0,0.016974833446620912,0.018807238,0.012767576,0.011846368,0.020487307
ID_D0F8E4B693,0,0.10006946638830008,0.13172434,0.06884734,0.059940513,0.050689667
ID_25BF7E1B13,0,0.491108432153824,0.5067959,0.4456295,0.52939314,0.5056445
ID_4989D86FE6,0,0.019563000255235875,0.02474297,0.012072271,0.013364315,0.016430799
ID_ADF0384F45,0,0.03201737285580023,0.042036396,0.014076725,0.030639034,0.02873889
ID_96E0B8B286,1,0.1846492179356834,0.1877829,0.18858498,0.22243653,0.14648487
ID_C15A4A5715,0,0.02136070586543096,0.023347601,0.018930187,0.021675352,0.01803602
ID_1FF36287F9,0,0.44718505242528117,0.42020336,0.4437798,0.61369336,0.4959941
ID_69379D999C,1,0.7383566889448654,0.71089464,0.8618959,0.5999469,0.6498069
ID_C1CDC38C00,0,0.015737149541259206,0.01747159,0.013849463,0.018309202,0.011331488
ID_9941DDCCA5,0,0.08751322884591436,0.11914363,0.043442458,0.077031985,0.052874632
ID_3FE6CC6784,0,0.016319202193876343,0.02160377,0.008568633,0.01652569,0.01051005
ID_140A1EEB27,0,0.07856099406489903,0.07053882,0.0770199,0.0633907,0.12239968
ID_F1834049EB,0,0.04158774219793711,0.049011935,0.035248365,0.04239234,0.023443801
ID_652B2DA9B3,1,0.19548184047195985,0.17434353,0.22740129,0.29422736,0.17334741
ID_A3AD8FA192,0,0.022880357715241828,0.017010333,0.032485466,0.043858588,0.017952316
ID_709B2C76A7,0,0.008837330710683058,0.010336655,0.0042920024,0.01154282,0.011068482
ID_31507A0FB1,0,0.02322512785615335,0.029776039,0.014850892,0.013719427,0.017632924
ID_DBD78F86E7,0,0.014890486441443283,0.017789688,0.010125612,0.012923067,0.013710441
ID_FC50B2C38A,0,0.01685825283936892,0.02051718,0.011439118,0.012842092,0.014762364
ID_B5DE3FE4D3,0,0.13578784476301503,0.15876642,0.10576548,0.20274855,0.07383939
ID_43DE42EFC1,0,0.07770354900161675,0.087511025,0.054565407,0.11924566,0.067759275
ID_D94494ECD6,0,0.1658636121882449,0.12028256,0.26806787,0.16585167,0.13936298
ID_C2AA83FC9E,0,0.08040634858519538,0.08248939,0.071814,0.068826735,0.095077485
ID_73D9DF8F87,0,0.07342452843200217,0.086756825,0.053551514,0.079842985,0.056882955
ID_48C524BC11,0,0.027475381095773636,0.033040185,0.02000725,0.03155297,0.018188024
ID_CC233F9A97,1,0.08150858041519055,0.092408136,0.069957815,0.07788285,0.06177982
ID_2D751D2C47,1,0.7463120653395986,0.718079,0.8152776,0.65648824,0.75690836
ID_D9620CD765,0,0.1129992954409394,0.121666044,0.104802854,0.10555477,0.09718085
ID_4FDF637D4F,0,0.21061869804123118,0.18302533,0.265698,0.2015966,0.21307507
ID_7D93D1FC19,0,0.10123773163010288,0.10310972,0.1033737,0.08244947,0.09693053
ID_407ED3BD7E,0,0.05474517801533864,0.06792138,0.047162466,0.035124563,0.023850592
ID_215247199D,1,0.522654059103306,0.5140221,0.48226455,0.55295235,0.6325838
ID_9FE366C3FC,0,0.1308962154181398,0.18291932,0.068721235,0.058246598,0.075965755
ID_18AEE7891B,0,0.11950409182693157,0.12470769,0.13284455,0.11072601,0.07271188
ID_A4B0925FED,0,0.11894126572044642,0.13391839,0.1059516,0.08175679,0.09968636
ID_AC1D207F38,1,0.1678602055674978,0.14037904,0.17634824,0.3104172,0.20370966
ID_637F5FE00F,1,0.4811468225889102,0.50517565,0.3471975,0.565579,0.63007283
ID_B97AB5C712,0,0.06899462512502469,0.07428549,0.07063169,0.07032452,0.042531956
ID_2C637310D7,1,0.07937536553038471,0.060877994,0.09524143,0.089377336,0.11919384
ID_CB05EA625E,1,0.012934439664265614,0.013631056,0.011354031,0.014539547,0.012679362
ID_C61CA7A11D,0,0.2683457458116155,0.3256857,0.1754146,0.1612975,0.27190292
ID_93DC58186F,0,0.05626913612424368,0.042069912,0.047073364,0.030623037,0.14721252
ID_92B59F3703,0,0.1067723945684915,0.13439849,0.07479465,0.06697553,0.075903565
ID_22EA54745C,0,0.07371571460075674,0.07932471,0.06152498,0.071955875,0.07691643
ID_4EB5B3F359,0,0.38924266064827107,0.3300135,0.47106346,0.4426861,0.44087267
ID_639336D008,0,0.022202758352846925,0.02909835,0.01295228,0.015325117,0.01588716
ID_0D1CFFB783,0,0.14077148458583855,0.11501945,0.14005008,0.28175312,0.18975133
ID_827DEEB4C9,0,0.012999172243819246,0.015393618,0.008458154,0.014231096,0.012078581
ID_68355A8426,0,0.034842099377765806,0.041448608,0.023552008,0.03524937,0.030948417
ID_F4083375F4,0,0.6263291451510808,0.678995,0.501255,0.64848655,0.66227746
ID_DA126DA2B4,0,0.017114151701041736,0.020975068,0.011136061,0.015907511,0.014138508
ID_E319E076E5,0,0.050223547941723214,0.063313074,0.026167244,0.056327436,0.043819074
ID_3C9C7141F7,0,0.05781735358359516,0.070423484,0.042022903,0.045390025,0.04381239
ID_285E637440,0,0.029217512334009307,0.03293282,0.023571195,0.032119054,0.024355076
ID_36445EE227,0,0.020742655695443202,0.024908686,0.013883859,0.015365222,0.020184156
ID_6DED8F0E8C,0,0.3290334588431709,0.44775215,0.14648072,0.22974174,0.26192743
ID_F0D57FC5B8,0,0.21564029078112024,0.19962534,0.23879123,0.22550324,0.22939634
ID_37B370D6FD,0,0.07115317511939014,0.08710388,0.06466586,0.029168641,0.03592602
ID_19C1E62349,1,0.21644201652030515,0.26542902,0.13947015,0.15452102,0.20141287
ID_767DB557B7,1,0.14498763388324867,0.18777223,0.07427994,0.12493925,0.12449442
ID_C99A76E1FD,0,0.014327891933794691,0.019115316,0.0070063933,0.007602953,0.012721875
ID_5C77A1CD30,0,0.038924428288127096,0.05269503,0.020396765,0.032552503,0.023219105
ID_57A7E9C2E2,1,0.10280631841513414,0.075929284,0.13605812,0.20592672,0.100171834
ID_4439F570E3,0,0.031510999026487456,0.04062323,0.016979197,0.025386548,0.026823327
ID_42839BAB7C,0,0.07014951037952119,0.069161825,0.07194425,0.13676836,0.04143632
ID_49C65DD8B5,0,0.07247141638002917,0.08560652,0.061188724,0.07934313,0.038139153
ID_E7F2352423,0,0.0236994002960543,0.022321522,0.021956526,0.026473934,0.032054633
ID_3907F567E6,0,0.046638633867806124,0.05795982,0.025629163,0.05229731,0.0413696
ID_70548C97E4,0,0.06742549921814665,0.0773788,0.04160732,0.07066998,0.07930768
ID_779C97F34A,0,0.04106378299256296,0.056188047,0.022827152,0.031078141,0.020585729
ID_FF2210C9DA,1,0.21970661564031888,0.2336991,0.20051743,0.32292688,0.15671022
ID_3157A953E7,0,0.11708502128839753,0.1267359,0.106317446,0.06318042,0.12287291
ID_6940A816D1,0,0.2641998190997101,0.26933867,0.22424042,0.30471098,0.31052813
ID_30A7F24358,0,0.020236480938726924,0.025549859,0.010769545,0.02355484,0.016630767
ID_3A7BBA2414,0,0.0193746168924805,0.023284344,0.016335545,0.016448855,0.010637544
ID_D106DE078A,0,0.00922565361813714,0.012257578,0.0044645714,0.0057106665,0.008150877
ID_D1FD185194,0,0.011070511239552154,0.014915205,0.0050858073,0.010433414,0.007929381
ID_573CF8C9D4,1,0.37006642337229295,0.38164574,0.40065074,0.38561043,0.2487243
ID_BBADCCD5A8,0,0.0214576380946407,0.022265384,0.021913785,0.028805176,0.013860946
ID_FE3AF7C626,0,0.045180860890465455,0.048774306,0.04277381,0.060833484,0.02832696
ID_B8B58E249E,0,0.43688722527720564,0.45688644,0.45381448,0.3881387,0.33726424
ID_11C0F1755A,0,0.046232086788713135,0.05612419,0.034704678,0.047358043,0.028641729
ID_77BDCFD8E6,0,0.03709611491217763,0.0463007,0.022953132,0.02965714,0.031756893
ID_B9A019AA49,0,0.018270982813697996,0.022600712,0.0129815815,0.01875618,0.011098287
ID_BB067BCEB6,0,0.12844092535674573,0.12944815,0.122571744,0.109187745,0.14516452
ID_A2CD59E12D,0,0.04311324128119705,0.04016384,0.04605537,0.04311954,0.049270336
ID_6ACC31EE5F,1,0.8945382826039874,0.9178537,0.8648691,0.844687,0.8813269
ID_4ECB9E658D,0,0.06479586975822546,0.07306416,0.04193987,0.1039686,0.061787326
ID_E321798347,1,0.7422909830320745,0.70973915,0.75071,0.80680114,0.83374983
ID_EF3E15B7CA,0,0.02015058136772869,0.024539651,0.012778188,0.028274912,0.013865206
ID_9175364EF8,0,0.014745657274931531,0.0181616,0.009222484,0.012649574,0.01306337
ID_89450083BA,0,0.04223619358468863,0.039198443,0.050834417,0.041553143,0.036934596
ID_BC3BAD8764,0,0.0591463158523753,0.06939348,0.03017373,0.07602331,0.07060992
ID_D8FA351983,0,0.20414672968547326,0.21441309,0.21762274,0.14631921,0.15703785
ID_7165852C8B,0,0.01582045422121961,0.017595226,0.013727032,0.016284456,0.012604489
ID_494E203DBD,1,0.7400058297729236,0.7402195,0.74202824,0.81410336,0.7024647
ID_FAB5E9C8C8,0,0.012531686043552464,0.015302007,0.008629316,0.007105374,0.011554199
ID_A1331F9188,1,0.11656294459667481,0.1362685,0.090555094,0.10818661,0.09268221
ID_052F00D66D,0,0.029590026910395282,0.035740823,0.017869916,0.023306932,0.03146203
ID_04AAFB6AEB,0,0.05456050328250735,0.06962993,0.028177904,0.052077185,0.048517726
ID_DBCB1F3702,0,0.02945450237827491,0.031361308,0.028518014,0.02809301,0.023994293
ID_933DA52BA6,0,0.08803952445493222,0.07337565,0.08221222,0.10027225,0.15721036
ID_35DBE8EFB9,0,0.0210815858701007,0.022039276,0.017785637,0.041423712,0.0152349975
ID_15225774D2,0,0.035646457178522384,0.040777974,0.025479814,0.03953405,0.034062497
ID_890A2890A4,0,0.1283172918631074,0.1320203,0.09387756,0.13109198,0.18532623
ID_06241442C0,0,0.06241527943054161,0.06646271,0.03782474,0.09304139,0.08470002
ID_E697B33FC7,0,0.011553775717723296,0.013285505,0.008518436,0.014144436,0.009613268
ID_7D1937211F,0,0.01914301239268023,0.02335781,0.013808165,0.014892365,0.014618149
ID_99FFB46D45,0,0.08435702051676608,0.10617676,0.06438797,0.03621033,0.05591936
ID_70EEED95CF,0,0.017515096828247992,0.022219243,0.012200699,0.014477863,0.010348327
ID_0AB5F33077,0,0.0319628375007835,0.044742316,0.015649775,0.023974992,0.01640217
ID_258B06ECBE,0,0.10155072010352997,0.12106286,0.08090832,0.11742468,0.05640764
ID_377B04CB3D,0,0.02251899785224518,0.032210767,0.009635591,0.011000985,0.014196018
ID_AFD5369B6B,0,0.14333380507111465,0.15237552,0.13466975,0.16432486,0.114537716
ID_84E0EBD67C,0,0.018524897444930254,0.020933487,0.013327274,0.025560537,0.016423097
ID_D14CCD2EF0,0,0.695086773207865,0.6910644,0.7397063,0.6442048,0.638562
ID_30CF972727,0,0.030743259366554403,0.019093184,0.049232785,0.039219644,0.036646847
ID_0EE718BEB7,0,0.05777853044744209,0.063407734,0.06173652,0.035707243,0.035107434
ID_D70DE30D9E,0,0.0304204186859819,0.031276267,0.021891436,0.047111176,0.037821352
ID_3C6DAB8ADE,0,0.03913451043837546,0.042739484,0.039751053,0.023904642,0.029207889
ID_391D9BF207,1,0.8967335727703543,0.91973215,0.8824735,0.83331907,0.8577205
ID_B2D3B3B787,1,0.3918076862895142,0.3899105,0.4334495,0.37308377,0.3186666
ID_42065E3FEB,0,0.0242436163068771,0.033801373,0.0105631305,0.023168067,0.013645142
ID_C1C8415A82,0,0.03980926593789677,0.052439146,0.024284724,0.04315418,0.01824969
ID_A7DB530BE8,0,0.06435448429588984,0.06636657,0.0677083,0.07465795,0.04416128
ID_14ACA20F3B,0,0.060489797188761546,0.06809557,0.042124186,0.07755185,0.06028853
ID_7B8FDC178F,0,0.16815785830079505,0.14600204,0.21923937,0.18440439,0.14518347
ID_57DB87DF96,0,0.1045611317035105,0.11053603,0.09610723,0.13558227,0.08390947
ID_0D789EC5D4,0,0.11886077435965119,0.14893533,0.10134373,0.07463295,0.048551317
ID_9A1ABE8FDB,1,0.2661869012799874,0.29691616,0.26537943,0.2981273,0.12406371
ID_4D3BFADD21,0,0.3175210572237746,0.3204783,0.28304017,0.31805956,0.3787464
ID_0B2B6D4FC6,0,0.010963361861372768,0.014671756,0.0060085743,0.0074496767,0.0074432185
ID_F3361B4CBA,0,0.01500805048382703,0.01945168,0.0098886425,0.009596199,0.009559664
ID_9DD22229C7,1,0.31275541849042254,0.21564054,0.47872356,0.3027286,0.37174204
ID_A0BA419B98,0,0.038534141689625837,0.039069425,0.038058024,0.053234026,0.030884346
ID_7DC36DF681,0,0.06258116954313211,0.07332864,0.046524633,0.0648273,0.05060112
ID_8EF9A63FF5,1,0.5228631595028652,0.53985333,0.47659847,0.63346803,0.50205165
ID_E3DE46C457,0,0.008594963042889502,0.011224352,0.0047257375,0.008129419,0.0059798537
ID_25290A70DB,0,0.01987424288729841,0.022819826,0.018211395,0.01856575,0.011556771
ID_886E666E9E,0,0.06827241418476801,0.07200487,0.075293064,0.04849844,0.046050273
ID_6F61772098,0,0.01794382768515543,0.020299852,0.015469643,0.0126114935,0.015613578
ID_E84EEE5D6C,0,0.010279446312646622,0.010006016,0.010718221,0.009111277,0.011003597
ID_B8B5DB298B,0,0.042283264684341015,0.03193472,0.06954546,0.04448351,0.026601363
ID_A94C51E291,0,0.012021194342560333,0.012355025,0.010297759,0.012732278,0.013996594
ID_3237F515A5,0,0.09021818602601833,0.111664794,0.052715234,0.10080805,0.07536614
ID_735ECC4258,0,0.017678601751920917,0.020349253,0.014154303,0.0123895565,0.016251722
ID_424466C0FA,1,0.7810894043929346,0.78344727,0.78907824,0.6699883,0.8024127
ID_A81A32AD03,0,0.11384171870604984,0.13872571,0.08636116,0.09599777,0.075351074
ID_107EE7CC7E,0,0.19376140734924613,0.14946608,0.28993115,0.27105457,0.14107107
ID_52B9778532,1,0.1454425864377528,0.16988893,0.10537035,0.084773086,0.15448049
ID_389EF9506E,0,0.06339406253471984,0.05682373,0.0922336,0.039588965,0.03968915
ID_2B3E2A2264,0,0.34418054455704966,0.28653616,0.38904974,0.37794128,0.47695354
ID_797631CFBE,0,0.011474676754599603,0.012914234,0.009426257,0.011296547,0.0098594725
ID_FEC059313B,0,0.010305743477139924,0.011788654,0.007936931,0.012919508,0.007977489
ID_EAC19A588B,0,0.5332894013273082,0.57528275,0.57686645,0.3885135,0.32536188
ID_EC8F856851,0,0.1090961271085677,0.12207658,0.09879751,0.09454997,0.08264306
ID_E1D9F44052,0,0.019277762546084223,0.02228497,0.0155754415,0.020424686,0.014004219
ID_FA0112FB68,0,0.3340152757365584,0.36514613,0.27535754,0.40361866,0.29786965
ID_1320379B20,0,0.016306583068120432,0.013858895,0.019992093,0.019388106,0.017407173
ID_34336E1DA1,0,0.03208188651651221,0.039873723,0.021969566,0.032614402,0.02059529
ID_64F1E66F12,1,0.21270890711845358,0.25958726,0.14736068,0.26680297,0.13109049
ID_6A3A38C606,0,0.01170048042242736,0.012535849,0.009723608,0.008362159,0.013864034
ID_472CACA2ED,0,0.02378747525434908,0.029728547,0.016499106,0.021117248,0.015464961
ID_1A97C29875,0,0.0786011246779374,0.07859758,0.08229002,0.056596477,0.08029509
ID_592E23540A,0,0.017072658334481988,0.02092673,0.012866078,0.010230267,0.012782587
ID_214DF24C3D,0,0.01973536627668196,0.023991507,0.012234721,0.02067497,0.017419033
ID_E48F25A689,0,0.13020567124462729,0.12346206,0.1453728,0.12615739,0.12794968
ID_FC70ED4C61,1,0.6096810742640754,0.59171146,0.62805116,0.58891886,0.655307
ID_261B97D92A,0,0.02359247601433714,0.02753518,0.018910307,0.022158237,0.017590372
ID_A15ADFF4F4,0,0.1451113337435132,0.18506427,0.09475254,0.124803156,0.09305451
ID_16F3588B21,0,0.37533467556363354,0.35038018,0.44849265,0.3001653,0.35668698
ID_FBE91E9D40,0,0.055801377453507744,0.056529585,0.051585566,0.06442663,0.058005735
ID_AF405736B6,0,0.03784638139454778,0.046013236,0.03287862,0.028171716,0.018188005
ID_128655CD51,0,0.08466334564958497,0.101945296,0.048492063,0.038191125,0.10943787
ID_1181062690,0,0.37519036063555494,0.40190315,0.34266695,0.32852778,0.35234654
ID_374524598F,0,0.08121316382001793,0.06953221,0.08559484,0.13523473,0.0976563
ID_C29F3B5B83,1,0.3638563450584036,0.37977132,0.3653846,0.40602747,0.27490228
ID_AB1EDC5F8D,0,0.013736942786448094,0.01689136,0.0088795675,0.015601976,0.010005602
ID_B0FA062256,0,0.17253243995100104,0.22383675,0.08975404,0.09614859,0.16646494
ID_7BF35E1366,0,0.4608533250204695,0.55766475,0.348801,0.35742363,0.3369527
ID_D50FA26333,0,0.012497716121467564,0.013115369,0.0119233,0.014262239,0.0103490995
ID_BC24FC3D4B,0,0.1422400322869221,0.12700877,0.15106246,0.20032263,0.16239895
ID_CA057640BA,1,0.593190126217219,0.5614886,0.6440208,0.69478875,0.57391024
ID_F4DD3FD40F,0,0.048930165945116524,0.069197886,0.020133514,0.044244338,0.0270459
ID_B25840A62D,0,0.14331400858635726,0.1705634,0.121637575,0.12991957,0.08043192
ID_536F5F2951,0,0.04053139875180088,0.045273237,0.030829575,0.046027128,0.038897045
ID_BAEB7EE27C,0,0.013699998206537412,0.014870175,0.011742884,0.011296646,0.013997941
ID_CD5E6FE43F,0,0.07786716553366577,0.08405462,0.052978124,0.07968568,0.104300976
ID_FA7225225D,0,0.13920927263316646,0.15524155,0.111160345,0.16273859,0.12133062
ID_78F6F4BEAA,0,0.15752483740806567,0.15014778,0.15469958,0.26062724,0.14983462
ID_292129B907,0,0.04936671282421713,0.056654587,0.03508925,0.056573782,0.04603608
ID_92B9AF2D2B,0,0.30813294007841463,0.29866806,0.37793583,0.25166148,0.22303702
ID_441407AA1E,0,0.1535025767095932,0.14706339,0.14572917,0.12647964,0.20918335
ID_F24818AF6D,0,0.01798437771325899,0.02034931,0.013708149,0.024898639,0.014143615
ID_F1228DC6CB,0,0.35023694852544274,0.4314677,0.30206552,0.22646934,0.16405195
ID_1C9DBD3D7E,1,0.4771203019641832,0.4012508,0.5848061,0.62706834,0.5015613
ID_55C5C2810F,0,0.024702598977677636,0.027872635,0.0170111,0.02453434,0.027870951
ID_4E9D1BB7B5,0,0.08521213651352151,0.10674694,0.06058886,0.069387496,0.053873535
ID_18A21099F6,0,0.023574396431556614,0.024943125,0.02043447,0.031182941,0.021205781
ID_00DC87AA90,0,0.030317610735496686,0.042662077,0.015445661,0.01572724,0.01638309
ID_341F2D2590,0,0.02589203889212869,0.03598263,0.012838365,0.008829433,0.018664878
ID_F276EFEC9E,0,0.02121922222404158,0.023391705,0.018520724,0.018167073,0.019152263
ID_3A942CC404,0,0.04638333557803537,0.056958113,0.03430565,0.026314665,0.03632569
ID_18EE9089E5,0,0.04409571166370402,0.05178989,0.034053072,0.044487443,0.032933936
ID_4C778C0FB2,0,0.08414478835513993,0.096631,0.073202334,0.07273979,0.059793346
ID_F70BCEE422,0,0.021515526475977282,0.02310593,0.01775288,0.022650128,0.022367414
ID_BFD80A8D6F,0,0.2585947490950596,0.33536467,0.2008125,0.13931969,0.1099291
ID_273D5E2A59,0,0.06369009132373603,0.07375019,0.05321969,0.054709584,0.04752751
ID_578BE0B2F0,0,0.04403608562885768,0.05533716,0.033320464,0.026699385,0.026794828
ID_C6CD5D4681,0,0.1293792818526719,0.110822186,0.1750891,0.11552334,0.11583297
ID_549D290375,1,0.08191723730308706,0.09612877,0.05407191,0.072992645,0.08544734
ID_6430DE5257,0,0.03508541259409516,0.03389104,0.03253262,0.059131444,0.035129685
ID_C1670186CA,0,0.014148171120827238,0.018247616,0.008921391,0.008236084,0.010603474
ID_12E408438B,1,0.4181669847634643,0.42040727,0.40198568,0.5665618,0.37871835
ID_EB2896BF88,0,0.04244355146581135,0.0394991,0.042302106,0.03908759,0.056659847
ID_D55E8AAE28,0,0.09949066305632534,0.12086806,0.07222003,0.102683164,0.06620674
ID_626DFB989C,0,0.07410765500992467,0.085694365,0.060209867,0.053246193,0.0640211
ID_A0FFBFF131,0,0.015907581821398308,0.018728636,0.01325453,0.01300265,0.010936614
ID_F4B5027C66,0,0.03635844012786991,0.039578777,0.03297105,0.02914604,0.03315205
ID_969C3D244D,0,0.045950642246359016,0.0495647,0.045345325,0.06012535,0.025788957
ID_55274013B7,0,0.05483917195137909,0.06421457,0.043895252,0.04567987,0.04266537
ID_9674640F0D,0,0.2943932615311491,0.30512777,0.2876763,0.26048812,0.27819246
ID_D14D8F0A47,0,0.04175461680633742,0.048837565,0.03086762,0.03672763,0.03735057
ID_C9E49F16C5,0,0.10525430960259666,0.13628036,0.07637098,0.06088627,0.05536434
ID_E5701F04E4,0,0.022482602922270497,0.026445234,0.019952476,0.015464636,0.014213928
ID_DA5B09CC2C,0,0.20375138412463975,0.23105739,0.19647951,0.2170572,0.098092236
ID_E982DDF8BA,0,0.03270285002969748,0.04787477,0.010503136,0.024224546,0.019867344
ID_58CC11840F,0,0.2670884444914151,0.25591987,0.3108024,0.30458707,0.20419681
ID_9B5308AC4F,0,0.012087840578068585,0.01285724,0.0125266705,0.008756116,0.009345592
ID_98F25BF33B,0,0.011697816681995148,0.011833196,0.00917892,0.005515374,0.019223584
ID_0B01CEA6F2,0,0.03237146434285026,0.036268856,0.030009199,0.02973265,0.022109665
ID_CD8825FE88,0,0.014688229977916096,0.01941756,0.007532248,0.010951488,0.011670233
ID_D37BF96617,0,0.0162894888008319,0.01910004,0.011822031,0.019578686,0.01255491
ID_C8D8AAA9F5,1,0.3768075100179338,0.32186696,0.46232745,0.42424637,0.4049866
ID_18C4800774,0,0.11627199966791979,0.11762285,0.09849055,0.15504855,0.13179982
ID_2977788871,0,0.013716600093899557,0.015955875,0.009272602,0.018611236,0.011647402
ID_0986BADFCD,0,0.03201436774895378,0.032352522,0.030794034,0.026660683,0.035535965
ID_045207309D,0,0.008549505332611684,0.007770616,0.008578418,0.0120046,0.01027476
ID_E367D4C9A8,0,0.06586244559299656,0.07149344,0.049256556,0.060349695,0.08007689
ID_2561E1BDC5,0,0.10611109230013749,0.130203,0.07510681,0.12406464,0.06292397
ID_767F4DDA80,0,0.01714060868616887,0.017990671,0.013544661,0.0168944,0.0213672
ID_C44D2ABBD7,0,0.019913365216633467,0.02014824,0.021032346,0.021627448,0.015772767
ID_98D461E7AD,0,0.03191165549156638,0.031948604,0.03699814,0.036615554,0.018794073
ID_DA89E9BF3D,0,0.08263325283482756,0.07798934,0.071807444,0.087690376,0.12328682
ID_A74CF2DE60,0,0.019422180006035655,0.021071618,0.018523386,0.01593838,0.015894463
ID_346769D4B8,1,0.18595197097537802,0.25098655,0.095855646,0.17694436,0.10815668
ID_1D7F77430A,0,0.1769649340530411,0.17435509,0.16520923,0.19494127,0.20538099
ID_BD46B92524,0,0.010712859887870034,0.014471506,0.005173453,0.008116482,0.00783443
ID_C74E3A5795,0,0.039567375757138014,0.04639481,0.029017622,0.030040393,0.037481878
ID_EF7A94BDDD,0,0.027903878212706998,0.039475523,0.011549001,0.018153667,0.018308207
ID_EF501420BE,0,0.049246812149474725,0.0518531,0.04957324,0.054535627,0.03522102
ID_E30638C527,0,0.027876106418385733,0.036675934,0.016383672,0.022024145,0.01787091
ID_3B480F0C0A,1,0.06553049945777684,0.0790132,0.047399934,0.06527083,0.04752633
ID_2AC798A29D,0,0.1458563906416264,0.14029743,0.14911199,0.13448526,0.16733456
ID_9BCC30C6F3,0,0.0113839184481003,0.01456301,0.0074803582,0.008163186,0.0077191587
ID_0AEB7BBE60,0,0.04575198529521004,0.06707525,0.01605064,0.03255973,0.025053194
ID_D0E83A1ACB,0,0.04016349845751425,0.048222475,0.033686366,0.020691449,0.028469715
ID_6E79CBF093,0,0.23887096734373647,0.29916254,0.1683589,0.1334169,0.18116236
ID_ED01279DFE,0,0.0508521121388022,0.06703776,0.03782224,0.028796533,0.019978682
ID_65C0C7E73C,0,0.1982855965428687,0.23377804,0.15255748,0.18285392,0.15303019
ID_6F5F3696D3,0,0.0638996917031373,0.076284334,0.05839676,0.042486023,0.032672357
ID_938935189B,0,0.026756693190233195,0.03545655,0.014669788,0.0198377,0.018914515
ID_DEEC19FD58,1,0.43545990697010406,0.6226798,0.20132463,0.17505227,0.2595905
ID_BE587FD6FE,1,0.047247823173245114,0.04548854,0.036368135,0.077995636,0.06462118
ID_D522A1C996,0,0.034813618046148465,0.042468105,0.025684116,0.03949481,0.019991124
ID_C650E2B301,0,0.02740308376467096,0.033681925,0.019228252,0.019781418,0.02171227
ID_A762C1285F,0,0.03347147197914603,0.037586354,0.022436023,0.05254976,0.03142808
ID_8CA4150CBE,1,0.08330235904635025,0.10246672,0.06475111,0.08982155,0.039221928
ID_70B551FFB0,0,0.09124252463867229,0.10392973,0.08416881,0.06258306,0.065263815
ID_63E2AF84E0,0,0.009988999999600179,0.011200632,0.007890013,0.012032909,0.008477399
ID_68F7E5A97D,0,0.044074332085917,0.048874892,0.026030427,0.054888632,0.05776768
ID_F14A3EC883,0,0.009816354312469704,0.013732556,0.0035517076,0.0067521045,0.008031374
ID_CD16E830AB,0,0.1561123615439748,0.14354296,0.18076241,0.09862746,0.18144126
ID_6AA32D5B6B,0,0.012914941387646015,0.014906568,0.009866175,0.013633557,0.010720345
ID_3B4C977B61,0,0.047125903695637184,0.050474778,0.04332084,0.04274334,0.043038424
ID_8A7A86C0C2,0,0.07551179221957022,0.09039257,0.04817821,0.10041661,0.060367964
ID_2FDEF767C0,0,0.027146422614890652,0.017576152,0.032430924,0.033302307,0.053593278
ID_10A350D420,0,0.031308377268548716,0.04024257,0.021580266,0.021330895,0.018748773
ID_77C574022D,0,0.02759281896917934,0.03503277,0.013202505,0.02623762,0.027593575
ID_4891AF005E,0,0.1896780703413136,0.2363612,0.1347078,0.2006585,0.105417095
ID_C93B227A14,0,0.1417146846271024,0.13188303,0.12602147,0.20258047,0.19041717
ID_B67C635A92,0,0.18426294111274094,0.21487254,0.13415578,0.14241442,0.18056229
ID_1D2B57D042,0,0.014225595278341923,0.018885804,0.00779512,0.011374824,0.009557393
ID_4F003C7AD6,0,0.020918941583320687,0.024134578,0.011538109,0.015703162,0.029718475
ID_1A4D9A722E,0,0.054803537142800965,0.056281593,0.0503706,0.07282568,0.05020691
ID_AAF00F3CFE,0,0.052140244526911,0.055396516,0.04910655,0.05673767,0.042875238
ID_F416EF0785,0,0.6787457749723677,0.71831614,0.63391525,0.59733474,0.64308316
ID_0B2DAD278E,0,0.022796588761759263,0.024262985,0.015609249,0.0329571,0.027584596
ID_C14A358392,0,0.04712877163266705,0.05424752,0.039226115,0.04065722,0.036801405
ID_F622E5EA45,0,0.02934556147361194,0.035597216,0.024997044,0.012628092,0.019526882
ID_4C8D7DB237,0,0.030571166906627388,0.033170935,0.029228609,0.022909127,0.025798406
ID_A829651730,1,0.014051455870257612,0.01678133,0.010380474,0.010836602,0.011784658
ID_B0B1FFAC7A,0,0.21492372190134476,0.25950128,0.16323963,0.21841949,0.13577925
ID_0BF8C96DD0,0,0.05857374947590248,0.047187436,0.07039126,0.070005305,0.07638587
ID_C19478E627,0,0.06844583041623141,0.067224905,0.07058237,0.065042645,0.070508696
ID_3BDC9DFB65,0,0.2472176921613285,0.25530174,0.24642186,0.29185483,0.19528548
ID_E11709C827,1,0.8208722125421442,0.7749435,0.8760017,0.85911214,0.8801464
ID_6F6B1C16D8,0,0.05963580949962441,0.07657056,0.037642427,0.07002232,0.030680647
ID_480049953A,0,0.11559758047608437,0.11902313,0.0897876,0.13904771,0.14625566
ID_3582A0A09F,0,0.03192183606843127,0.034262422,0.03174243,0.036502887,0.020413082
ID_947214F9EF,0,0.02147331996414921,0.025788395,0.016518924,0.020834282,0.014134036
ID_74BE52805A,0,0.012825135835294418,0.016721852,0.0072166827,0.006705739,0.011046719
ID_B276394D13,0,0.029458727858921053,0.039386485,0.016803805,0.017614387,0.019790057
ID_C382720BBC,0,0.2590453895004379,0.2693795,0.21339484,0.27776757,0.30511254
ID_C5C986D28D,0,0.1609311570374819,0.1916937,0.12903985,0.103173494,0.124444336
ID_224F424686,0,0.3533875420116297,0.3370863,0.32057828,0.48915064,0.4335124
ID_D021542E45,0,0.13684727503435443,0.16168287,0.11667528,0.08692892,0.096865274
ID_9FD2026FC2,0,0.013034144249599658,0.016098216,0.008066465,0.013026436,0.01073776
ID_621DE5DF87,0,0.05949166271500425,0.0947693,0.0147700375,0.022993375,0.0221686
ID_B0DA823870,0,0.014918372747451999,0.016693793,0.011387377,0.020443372,0.012577248
ID_FC505BF30A,0,0.033442159217470305,0.030913508,0.026444713,0.03763917,0.057314586
ID_D29A019B83,0,0.05506688388768631,0.046968866,0.06674175,0.09649192,0.046206776
ID_52AFE6641E,0,0.09856501816654878,0.1272102,0.051966224,0.078149274,0.0863021
ID_16E392DDE2,0,0.12633178636445846,0.13845143,0.10069535,0.1418194,0.12332735
ID_E9B9FB33B4,0,0.018666931441504976,0.02205396,0.015004477,0.010113482,0.015930323
ID_7299EBE57F,0,0.3218401282511132,0.30086112,0.3540219,0.34870574,0.32980227
ID_05DDC93189,0,0.13204735829352127,0.12739556,0.12511452,0.21083283,0.13224494
ID_99ACD5F2AF,0,0.2823165720948687,0.29014388,0.22347291,0.37387183,0.33553505
ID_AB9432FE33,0,0.05756147956411316,0.04153573,0.07240794,0.056373194,0.09399423
ID_79F92B8678,0,0.031513306504988126,0.04156828,0.022612479,0.022172827,0.012162464
ID_A2BCE29371,0,0.04315422682172031,0.05493811,0.027023077,0.02950732,0.033879824
ID_C0139118F7,0,0.03840129517387755,0.05636548,0.01831991,0.018232811,0.01431113
ID_1880C3D94B,0,0.02116715961815815,0.029568762,0.011478267,0.01315853,0.009917149
ID_085621D51A,0,0.0220743995125253,0.026283752,0.016836341,0.016981527,0.01773207
ID_163A39A9D6,0,0.018366796937986866,0.019399676,0.017456286,0.023133826,0.013874619
ID_904C3F3575,0,0.01916414215469398,0.02189919,0.015444471,0.018934218,0.015678763
ID_B2BD65D764,0,0.21691861851563896,0.20087887,0.21360882,0.28335944,0.26287717
ID_5CF220333D,0,0.021652439487124156,0.026371367,0.014016458,0.027880032,0.015364546
ID_99675D5B59,0,0.07364465381192326,0.10587585,0.032686427,0.040360235,0.03972911
ID_DCA85A7667,0,0.06138148703747797,0.07623562,0.04441119,0.07673692,0.028282907
ID_739781D8E2,0,0.5277351198933697,0.5587273,0.48702848,0.60394585,0.45078912
ID_3244D13F46,0,0.008776394073013684,0.010132663,0.0055231457,0.009072078,0.009891266
ID_F477CAFABE,0,0.009090502639095693,0.011451298,0.0052067614,0.007410623,0.0081715565
ID_22974CC1DF,0,0.059696472217281187,0.07799064,0.04278322,0.037582323,0.028263267
ID_A2E6C15205,0,0.16425920881971734,0.16345385,0.15800306,0.13365297,0.19442587
ID_FF9BC10EEE,0,0.04899326858038022,0.068637975,0.022209045,0.03822369,0.02807842
ID_A181D4C809,0,0.10793792376712773,0.09237761,0.13979593,0.1356317,0.09332176
ID_6C7FD68D54,1,0.4830830938447077,0.5005143,0.4935287,0.4773428,0.38947436
ID_878954517C,0,0.03354056942826963,0.0390783,0.023663072,0.028180331,0.03364997
ID_BD6F0989F8,0,0.022928409298676438,0.03136056,0.010930876,0.008375789,0.019354006
ID_45213ADBFD,0,0.018758977594020114,0.016718414,0.01830037,0.028315714,0.024204988
ID_58556B205E,1,0.815540813393643,0.80554044,0.8362792,0.7890367,0.8248932
ID_847DAD9AE0,0,0.008643699084143825,0.009294635,0.008142874,0.008416255,0.007064806
ID_6D3D1FC818,0,0.029053447651123727,0.02751982,0.037237156,0.028417867,0.018260453
ID_D6FACFDAC8,0,0.12607558042198516,0.11998822,0.16292447,0.086131416,0.09018298
ID_9549C0FFF7,0,0.24969011022513038,0.20236415,0.28520662,0.31295377,0.3460355
ID_AF2F4B4A7A,0,0.042899798068017775,0.043415964,0.041820537,0.05351358,0.038405783
ID_E92DEBF2D1,0,0.0370282043718269,0.042289004,0.030840829,0.039690662,0.026895814
ID_565B81E722,0,0.018167446979904127,0.021777406,0.01304764,0.014444483,0.015508719
ID_9B89CF7864,0,0.029079565076981347,0.016420413,0.04093151,0.028224858,0.05755541
ID_6CFAED7B3E,0,0.06413344181033112,0.07011086,0.052657355,0.059329975,0.065570116
ID_A06E7B1B56,0,0.029715706000608536,0.03537968,0.020832863,0.050297715,0.015849309
ID_F6A3EBE129,0,0.05224067752947635,0.07269261,0.027155777,0.025267703,0.03133062
ID_7A38D1864C,0,0.11078210537521535,0.11264962,0.08469379,0.11357523,0.15762958
ID_74B764EC51,0,0.03805693383791554,0.045770578,0.026468059,0.06713177,0.017626505
ID_BAD99B7AF8,0,0.02005660645083491,0.02427385,0.012778297,0.020388698,0.017692631
ID_EF2AB5E8EA,0,0.04556434297499472,0.053964593,0.021409899,0.050227508,0.05982604
ID_06A6D4CB22,0,0.31141967968935913,0.31276128,0.24486561,0.43541282,0.39446115
ID_510AD0D600,0,0.02095260523095144,0.025761526,0.014828005,0.019592715,0.0143495975
ID_5D043AB2D4,0,0.05100013880591153,0.061556716,0.026747428,0.06852532,0.05074841
ID_6AF0FD60D1,0,0.6304791305629014,0.678161,0.5512786,0.5551217,0.63160604
ID_C8261133F9,1,0.6594731957318168,0.6091457,0.73682475,0.7811538,0.6533063
ID_8B9FA5355E,0,0.14948733014336135,0.1575509,0.11463216,0.12310406,0.2016598
ID_7325FF3115,0,0.026139749208538635,0.027234368,0.02885668,0.024896117,0.016225467
ID_9544249218,0,0.03755509306949197,0.04165832,0.038088795,0.029545436,0.02255208
ID_721E588C81,0,0.02919290131763968,0.027012415,0.028024586,0.05036691,0.03168888
ID_3560C8E2A7,0,0.06879538955498118,0.103321895,0.02490806,0.03900338,0.029935392
ID_F3ED1869B7,0,0.09191985059218363,0.10628537,0.08113281,0.09438754,0.053241577
ID_3A5B8628EA,1,0.19345958006848346,0.18862589,0.22724245,0.16119355,0.15549599
ID_EEDE9F40DA,0,0.02019007823778248,0.019608617,0.018914241,0.022897819,0.024205113
ID_3443F7FDFF,0,0.07677144437694164,0.07729566,0.07955001,0.105057694,0.056264516
ID_3662A3CED0,0,0.011488729612395755,0.012060554,0.010742502,0.012206457,0.010358742
ID_0E506728A1,0,0.009954636939353544,0.012566123,0.0072332635,0.0058666025,0.006532061
ID_37BC80FCE4,0,0.1870607209018449,0.19606695,0.1996689,0.10522631,0.1576064
ID_47576A14F7,0,0.05103351726148363,0.05079217,0.050337084,0.056971423,0.050959542
ID_9147B781E3,0,0.021632931545001823,0.030376827,0.010700843,0.010369411,0.013021178
ID_A904B57923,0,0.033246521271561275,0.036295034,0.03159519,0.0352735,0.023015179
ID_7926043B1A,1,0.6072095447314299,0.5030088,0.7704836,0.6715621,0.66951394
ID_5E9A7798F9,0,0.11837635746755293,0.12689504,0.110684715,0.097882845,0.10778928
ID_0509423EEE,0,0.03457703804588021,0.038447335,0.03180905,0.031219164,0.02561355
ID_E272628AD4,0,0.01582716118411415,0.018151693,0.013329787,0.013665549,0.012297677
ID_6F637ED337,0,0.011295640727319707,0.012990514,0.007654374,0.013514415,0.010972837
ID_C8ECB0FD87,0,0.040900484454867284,0.04930825,0.023834461,0.03823375,0.043120343
ID_82E4D7F20F,0,0.20009028146897784,0.22896776,0.16698663,0.20282593,0.14780523
ID_FE133B6CB8,0,0.013333055142881703,0.01437697,0.012293129,0.01459162,0.010601182
ID_97941C4CE4,0,0.0684239722658346,0.08594627,0.044111993,0.045918316,0.056295965
ID_B4102C0FC9,0,0.07736667682996322,0.088460885,0.060649324,0.115507,0.04969151
ID_C35512DF2D,0,0.06032194693271369,0.073252834,0.05352555,0.041680623,0.028351031
ID_37CB50B24F,0,0.014771264840700803,0.018708061,0.009462551,0.009170112,0.011954507
ID_95254F6817,0,0.016061465547962978,0.01213514,0.019278096,0.02182416,0.02325121
ID_EC387C73E8,0,0.012165938661279203,0.012819177,0.012530037,0.011914579,0.008732408
ID_65A32B0447,0,0.09087397466767494,0.06976282,0.0925296,0.15643063,0.14801012
ID_C57C960E12,0,0.01180512137023182,0.011664906,0.011757769,0.015326732,0.010964478
ID_12748A0D40,0,0.0844452571252993,0.07566887,0.08460902,0.084911056,0.12100006
ID_027D50887A,0,0.015900467998950275,0.021256559,0.008026742,0.012251482,0.011733703
ID_748AE7CB91,0,0.023731792833177022,0.025402764,0.01858102,0.028348787,0.02570266
ID_CC88573CAC,0,0.011006559590596071,0.012586161,0.00906943,0.011613139,0.008218423
ID_F6941462D1,0,0.02204331931562309,0.021550952,0.02630526,0.020066788,0.015844591
ID_358BAB4855,0,0.03391758150824974,0.046093017,0.018832037,0.02392678,0.019150967
ID_4DC6BA7763,0,0.09215992602512527,0.09480182,0.07855088,0.082518466,0.11438442
ID_29D90027C9,0,0.09065400136745314,0.09334155,0.094981894,0.0748116,0.076912396
ID_BB8FEF9AA5,0,0.09839851601853086,0.10658881,0.07256283,0.11035588,0.11397477
ID_E0873A4018,0,0.02816910066381666,0.037044115,0.014634409,0.017599946,0.02428304
ID_C587A9256A,0,0.18651248314099775,0.1971097,0.1850457,0.25097287,0.116752036
ID_3176FD21C8,0,0.0988823191993708,0.11826103,0.081556804,0.096980475,0.054937024
ID_81F9B16BAA,0,0.10654156221536659,0.13974698,0.054040894,0.12190365,0.07206083
ID_ACF5AAD94A,0,0.027511899612349597,0.030990278,0.025478737,0.028334046,0.016807206
ID_A3766104B9,0,0.010941734031684865,0.012629167,0.0072019356,0.009688784,0.012375092
ID_6CD264EAB8,0,0.011733892026696141,0.014405827,0.00744544,0.009425125,0.010641629
ID_065FB2FDE2,1,0.275798865211381,0.2887584,0.24992102,0.3010876,0.2654886
ID_6AE849C906,0,0.03820574283955978,0.03824617,0.03708885,0.04372715,0.038023815
ID_31F7F84A75,0,0.011644475093771376,0.016429737,0.0040443647,0.0076842266,0.009440096
ID_79B8F780FF,0,0.01598853352321038,0.02120578,0.008366908,0.012335605,0.011869791
ID_1AFB99E134,0,0.06068755525929405,0.074155524,0.05772431,0.02762378,0.024510136
ID_35D9D861B4,0,0.016312647942751612,0.015871499,0.018256761,0.009005323,0.017192993
ID_A5E0FD78DA,1,0.22052772883507704,0.28031328,0.15511134,0.20416678,0.11519186
ID_82FAEF5BE4,0,0.02612894693139466,0.036186352,0.012923563,0.016903946,0.015951078
ID_A414B47F29,1,0.5951369021144983,0.5483344,0.63669676,0.6221875,0.6920909
ID_441AB26C54,0,0.013173284786571704,0.011621925,0.014981343,0.022322554,0.011866243
ID_39950235DE,0,0.039149179777530935,0.047843598,0.027100123,0.033585966,0.030657815
ID_7013401C54,0,0.050331155791267804,0.054838162,0.03806903,0.088456646,0.040958274
ID_22E5FC7038,0,0.6186448436376126,0.71482486,0.4881124,0.6703916,0.4694129
ID_632A114C70,1,0.7725359180398874,0.7506487,0.7975282,0.7360217,0.827388
ID_E2D66BC940,0,0.015990868355123998,0.016726485,0.0113949105,0.018156534,0.021795118
ID_B3CA6201C1,0,0.06301635383300895,0.08385838,0.0342178,0.05531068,0.040024206
ID_D4044DC593,0,0.02628408042615242,0.03372369,0.016025936,0.028198438,0.015997253
ID_6D15764CE0,0,0.022000301602532378,0.026909078,0.015476793,0.024644071,0.014085546
ID_26C913D108,0,0.034727559727124706,0.026659988,0.04972351,0.028644152,0.03932396
ID_61FC03E94A,0,0.10495186878571981,0.12065475,0.07874465,0.10030248,0.09679867
ID_14836E7938,0,0.00982582910794346,0.009816809,0.010551579,0.008940344,0.00869317
ID_59C6C66EE4,0,0.03677797879314118,0.03551712,0.03087076,0.05192433,0.048178308
ID_2985771DBC,0,0.04716352560679427,0.054594625,0.04404615,0.052931845,0.01991523
ID_7E8698C28E,0,0.02067276709761725,0.024811538,0.015089867,0.019582247,0.015623942
ID_201F6E1B59,0,0.03517187188715297,0.046572,0.021441143,0.024288407,0.02116642
ID_8B673E2D48,0,0.05935121244808478,0.06254221,0.04773873,0.05281088,0.07361937
ID_75FE12CE88,0,0.13290857906262954,0.14051025,0.109068826,0.17853817,0.13201436
ID_26C4C1A80B,0,0.09366489081332971,0.09396898,0.09570095,0.06185017,0.10187984
ID_E78CD69040,0,0.024066857946724616,0.031080512,0.014038195,0.020318644,0.017557187
ID_D7EC23B1D1,0,0.010375027659799144,0.012491993,0.005567823,0.011796273,0.011116168
ID_3CEA066519,0,0.4972515619815837,0.42771393,0.594961,0.6559304,0.5125138
ID_FDCF70B1C1,0,0.03985072004084805,0.040537182,0.040284898,0.04823722,0.032361086
ID_91C334B098,0,0.056523208698058706,0.07231028,0.03762779,0.047904395,0.034059968
ID_5C9C3C5496,0,0.14576221863715508,0.17895828,0.10529004,0.11708514,0.10471596
ID_6409ABD79C,0,0.1132106229782416,0.10565549,0.102253035,0.0951811,0.17651996
ID_77C7051BE4,0,0.02482487883733079,0.02230185,0.028304948,0.022756465,0.028929602
ID_1AEFE14190,0,0.020875855781256013,0.023109293,0.015929151,0.015678104,0.024309019
ID_8F064543CB,0,0.04007868812142695,0.053534046,0.02135232,0.04371562,0.021769617
ID_84013A155E,0,0.3101733765829704,0.3338034,0.2561819,0.3516603,0.3079902
ID_B4B3C00ED1,1,0.36898761443987105,0.3368338,0.3548489,0.5003976,0.47798952
ID_15CD1B72DD,0,0.04807007139426965,0.051747106,0.04177785,0.08421139,0.030265568
ID_C92EF9B0EB,0,0.06966950471830713,0.07121917,0.073940866,0.05259638,0.06139696
ID_196E366BE5,0,0.02166689832908293,0.020964896,0.02338933,0.029913953,0.01734548
ID_F476EB7ED6,0,0.04988477738469191,0.0666492,0.031723823,0.020021325,0.030974185
ID_A87F385CAE,0,0.06010784988036846,0.06490876,0.045768183,0.082060054,0.06099878
ID_944C6F9552,0,0.0838244559836236,0.058988452,0.14829387,0.10270394,0.0423169
ID_D87FADE161,0,0.036507140722514556,0.041414566,0.02789588,0.03519432,0.03480118
ID_815B4CFDC4,0,0.024749462020466004,0.03025486,0.015451298,0.021952016,0.02263572
ID_E9A96F2D8C,0,0.017782918312968257,0.024760546,0.007664548,0.0076741152,0.014390627
ID_7C24FE272A,0,0.04385119202267813,0.056985505,0.034808204,0.029647185,0.013904986
ID_9C70E0452E,0,0.02455334607177114,0.025356915,0.024400167,0.035093714,0.016889593
ID_738BB8A8BB,0,0.026193029529799582,0.034778014,0.015072204,0.024968138,0.014282156
ID_2A0B9507F6,0,0.026868438734813573,0.025002398,0.033420548,0.025825858,0.021158304
ID_B83DDD300F,0,0.011794425061877105,0.013026805,0.008215678,0.010381327,0.014876225
ID_71BC536E5F,0,0.022753015887825197,0.028756943,0.012613982,0.02002538,0.020304646
ID_E872E1D2A4,0,0.049466699478042844,0.070676334,0.02595415,0.025736572,0.020566469
ID_29E633CE56,0,0.34165457201764043,0.3032331,0.3879985,0.33236557,0.40874976
ID_157E091FF4,0,0.49423817951230786,0.48444447,0.5865346,0.3397118,0.405025
ID_5C78D6C693,0,0.15018501587539101,0.15738672,0.15066026,0.14050627,0.12293369
ID_CFFCFBCC34,0,0.058302666782231866,0.06981328,0.04344105,0.07080943,0.036059942
ID_630E29C3C8,0,0.03768198938522914,0.05389453,0.017026106,0.019285366,0.021458257
ID_93E54A930F,0,0.2595691825977996,0.29627192,0.26165134,0.22461148,0.11515118
ID_9FDD5C82D1,0,0.08689464426247923,0.10912492,0.064805225,0.05267938,0.055196654
ID_483E134A8D,0,0.07116750849052703,0.07532509,0.073022254,0.10400189,0.03529678
ID_FB3B710525,0,0.09263652016288951,0.09888189,0.09450944,0.072997265,0.07077258
ID_8CBD444CAF,0,0.018984575120363896,0.021061862,0.015048813,0.025431177,0.015833594
ID_4F000E5B57,0,0.02649435444405568,0.028019685,0.02751965,0.025810825,0.018143427
ID_F6BA81C404,0,0.23950564922251183,0.24709743,0.23504159,0.34686267,0.17018354
ID_AF2BCAE0CA,0,0.14271117890344942,0.12032179,0.14003499,0.19115633,0.22200316
ID_D27C637DD1,0,0.08538846390781457,0.09817472,0.07511478,0.05726131,0.06562306
ID_5DF3E28E9B,0,0.03833777391886053,0.049477216,0.023435337,0.028636822,0.027432514
ID_667909FD4C,0,0.033694280102214744,0.037556436,0.03521248,0.01803233,0.020934444
ID_0B33AAD1AD,1,0.06651199977261717,0.06925476,0.060617168,0.09161818,0.056615718
ID_CEFCB55D09,0,0.6095088047777332,0.606209,0.61463565,0.6151837,0.60999024
ID_01C8E24512,0,0.03558613613144364,0.034553796,0.03801463,0.023483405,0.04001752
ID_1ABE7EF6E2,0,0.0200393047376001,0.024272464,0.014653261,0.021328416,0.013131809
ID_5768A313CD,0,0.019374892564875987,0.024617776,0.011454544,0.02577915,0.011404539
ID_C1B3C94471,0,0.30997852360657774,0.2996118,0.36679772,0.3058094,0.23374791
ID_50DCF94532,0,0.008962030908084227,0.012125334,0.0039218212,0.0076096053,0.006987823
ID_AF56D4915E,0,0.18302814392109873,0.20114438,0.1514921,0.18898861,0.17147638
ID_D238417CDB,0,0.0273168382824937,0.035804052,0.016982103,0.029699143,0.012560747
ID_BF0F3F1F05,1,0.03970420616283367,0.047948886,0.024217164,0.036833227,0.039315645
ID_F50494ED00,1,0.4322666454269922,0.40260598,0.45535496,0.5804033,0.44358075
ID_0052A6C6E6,0,0.015289367490002684,0.017598715,0.011300544,0.010893774,0.015997166
ID_4BA91A328F,0,0.0078452805720071,0.010766884,0.0031825062,0.0056320317,0.0064586583
ID_34A684DE08,0,0.014496702194305764,0.013637913,0.014224437,0.010720393,0.020358058
ID_3A0DF5CB9A,0,0.07194441518146602,0.063308045,0.10137331,0.04145906,0.058623064
ID_6F0F538524,0,0.28867043574904017,0.20434463,0.40226996,0.35541058,0.3724526
ID_7C995FAD18,0,0.011569169945335137,0.013542463,0.008833379,0.011318271,0.009203358
ID_94B50A59A4,0,0.014340910315201266,0.013360361,0.016656078,0.0139903845,0.013673547
ID_989831A809,0,0.23013442993118988,0.22164589,0.20161526,0.2972335,0.29795334
ID_486F7747BD,0,0.04561688380726378,0.054378558,0.033574574,0.04896372,0.032942723
ID_F6D4A071BC,0,0.08423764435983871,0.09841258,0.06859598,0.07404746,0.06229638
ID_B18EF8C625,0,0.6424167242352813,0.659857,0.6148362,0.6169531,0.6389363
ID_3950497A57,0,0.01597967666302088,0.01356954,0.017046962,0.03307977,0.016426995
ID_E101910265,0,0.012042977984304587,0.014851615,0.008030646,0.009429614,0.009913178
ID_20EE254948,0,0.06122701537296306,0.069232985,0.044721656,0.08226266,0.053611115
ID_E60134D5F1,0,0.2684587820244658,0.28298527,0.2655031,0.25828686,0.21781069
ID_065F6FABB4,0,0.026867343945919404,0.027780732,0.02666441,0.029224038,0.022413284
ID_265C811945,0,0.1335147362881681,0.13401791,0.117841415,0.28033277,0.101008736
ID_758F800A8B,0,0.19224483726586633,0.2311151,0.163106,0.13151762,0.11686638
ID_02981F33CB,0,0.03536886487033053,0.04264002,0.028320175,0.043318663,0.016278908
ID_28E0BE73B7,0,0.12353814564603266,0.14052019,0.093725815,0.076089896,0.1363658
ID_8012D2F76C,0,0.1872260141981455,0.23761314,0.09241574,0.16030604,0.1892843
ID_41CE89D53A,0,0.05165790584379926,0.05396922,0.042231817,0.050556038,0.06258498
ID_533E36F763,0,0.028182171207073767,0.038608093,0.012976211,0.022930795,0.01900537
ID_8175944E10,0,0.27148584805519516,0.26414856,0.29345557,0.29090855,0.24691685
ID_C3ABFEC6E2,0,0.4177958091298485,0.3224857,0.45964175,0.49432623,0.69767207
ID_F1F57D29DC,1,0.4135498456314938,0.41061267,0.43705007,0.44822994,0.36044204
ID_131951FD2A,0,0.23853666420013897,0.21207522,0.24099974,0.1892821,0.36661026
ID_15D3209D41,1,0.057438009500284576,0.0614813,0.05147147,0.066263564,0.049293354
ID_750F219A80,0,0.044692342646518605,0.030951003,0.05535529,0.03601604,0.083703965
ID_4A1D68563F,0,0.017089040460078014,0.018885657,0.016919235,0.013081035,0.01160378
ID_EC5ACD33D5,0,0.13324265818354464,0.15920526,0.110591985,0.08936162,0.091180615
ID_B83487889B,1,0.34578690429511216,0.3616002,0.3581969,0.3722207,0.24078065
ID_F12601B522,0,0.11039208902970912,0.12707046,0.110911824,0.09056083,0.047400773
ID_7122FE8A41,0,0.04328772837782914,0.046134096,0.046141077,0.030566785,0.030676944
ID_C3EA3989CD,0,0.011060535821807395,0.013994817,0.0071954736,0.008629231,0.00800421
ID_5259215793,0,0.034298538017933124,0.04600073,0.021561036,0.02058986,0.01811685
ID_60C2982B22,0,0.10983457731819826,0.13030583,0.08610144,0.092474386,0.08175293
ID_7C7F431189,0,0.1801561833606356,0.18320908,0.17352867,0.26669598,0.14374095
ID_AADC15FEB4,0,0.08463116952617614,0.073620714,0.10223521,0.080693014,0.095141254
ID_6B5E233587,0,0.1267618274141702,0.12760147,0.1250211,0.1352764,0.12323399
ID_B4853C2854,0,0.03165839158334598,0.033229165,0.023909621,0.03485516,0.04024491
ID_0C0E468655,0,0.042359873559357206,0.05295856,0.03050552,0.041870903,0.023187164
ID_4EB794B4AB,0,0.1990207045983613,0.24919505,0.14408754,0.11689165,0.14050524
ID_A36C37C18E,0,0.28102576876451346,0.3063617,0.19453618,0.19891202,0.3952186
ID_EA94657642,1,0.8122129250396495,0.821535,0.8427659,0.786087,0.71864647
ID_07EEB10DAE,0,0.010253364509041688,0.011929177,0.007623183,0.010119773,0.008867712
ID_237ABEC79A,0,0.15511050147531338,0.17173164,0.12793118,0.13184734,0.15327375
ID_4F8743FF42,0,0.3263982709347225,0.30417186,0.40106148,0.34870103,0.2504979
ID_AAFE727E98,0,0.25643484890569174,0.27233666,0.26905423,0.23873545,0.16984308
ID_71E257D428,0,0.09597972921503453,0.090976015,0.11663838,0.047091786,0.09413309
ID_FDA58B56C1,1,0.9048709489360136,0.9580392,0.8300457,0.8748682,0.85364413
ID_83A110AB6B,0,0.017770402055693454,0.023255039,0.010222454,0.010805937,0.013806527
ID_9E02299B52,0,0.012709903705069931,0.014727709,0.011015716,0.009858624,0.009055085
ID_D65EE2B915,0,0.06895264310217734,0.08234408,0.05261617,0.061946925,0.050426546
ID_EC3E4E2C13,0,0.04845233387808051,0.047497462,0.04196661,0.058315873,0.0621026
ID_6764B5BBB2,1,0.5583911786398218,0.4904289,0.6467899,0.66161495,0.61113775
ID_CF4C6E9FD2,0,0.5133581351965206,0.47343302,0.5551588,0.56682086,0.5692029
ID_3C8D4BCD11,0,0.401796988440163,0.35941076,0.47864795,0.41160706,0.41189095
ID_F3B6FBDA44,0,0.03561565943498116,0.040429775,0.024345646,0.027623704,0.042918947
ID_DAFC65760A,1,0.5931050129218056,0.5247573,0.66603196,0.71226954,0.67372066
ID_0898F90C9F,0,0.08876892836525802,0.081650354,0.08642262,0.11422833,0.11280344
ID_603F49F37D,0,0.044340218330571085,0.051720854,0.03034277,0.030909453,0.04901287
ID_C6380BB0C3,0,0.03130445639287936,0.03185662,0.033880048,0.035118945,0.021782156
ID_1F4327C830,0,0.11049883554260329,0.117668666,0.10188636,0.16326141,0.07565758
ID_909264E3C9,1,0.29444010162855794,0.2377555,0.30322212,0.44776517,0.4484457
ID_EEFDC37AA0,0,0.015569693543647085,0.018175999,0.0137482295,0.009648226,0.011037855
ID_0F0B30D0E0,0,0.04644126571559494,0.06154204,0.028054798,0.036114838,0.026532488
ID_315B8C3323,0,0.3006179341308516,0.29751968,0.27827373,0.2875309,0.36735296
ID_EFD137F687,1,0.5190514956739617,0.50379175,0.50347143,0.65052176,0.5596859
ID_0836674DBE,0,0.04867603226822465,0.04860315,0.049958684,0.041633006,0.04930291
ID_28C2B74547,0,0.14283724942156178,0.15537612,0.12341203,0.15641397,0.12556963
ID_43C1CDD40F,0,0.040775006726774546,0.04513951,0.037517805,0.021926753,0.037523624
ID_F8988AF77B,0,0.3421894752849626,0.37796378,0.28042388,0.39370602,0.30096075
ID_74CB749CC0,0,0.04087342486562259,0.03873536,0.046993725,0.037542596,0.03823721
ID_A18A67592F,0,0.062495198817919186,0.07349949,0.05336976,0.05828774,0.037374638
ID_676EA3C57E,0,0.034705493450293085,0.045750458,0.02093143,0.023787195,0.022309916
ID_89176E4D3C,0,0.15756293768756524,0.14566147,0.15241955,0.29761365,0.1578698
ID_67E401A148,0,0.39901095957634136,0.39522752,0.36626992,0.39344525,0.48766658
ID_CB02FDDC87,1,0.04706861861390828,0.05075902,0.041285705,0.032964647,0.050017312
ID_D67460F100,0,0.22281449647067303,0.20759335,0.24667472,0.25019202,0.22405794
ID_32D3BF72C6,1,0.399400449731221,0.37646085,0.48112246,0.38113904,0.32905614
ID_F7BBC68A15,0,0.010504409373971228,0.011977582,0.007916158,0.0082518365,0.010809309
ID_F4F806CE39,0,0.04906170130686069,0.0566816,0.039011594,0.034276225,0.044845864
ID_C7FFC021A1,0,0.06230985855041834,0.07382608,0.042070035,0.06423064,0.05619457
ID_5FF123DE0C,0,0.10336350960286704,0.12880325,0.084469855,0.061101396,0.05474747
ID_96CAFBF42E,0,0.39413805624506143,0.35768664,0.42757136,0.42022577,0.46517655
ID_D614E6B3FB,0,0.10161541018652187,0.118114546,0.06881613,0.10800335,0.09942463
ID_22BB3464AD,0,0.016367174122451186,0.020405719,0.010704635,0.011296176,0.01364808
ID_9DFFDD32C9,1,0.8650177283731069,0.8627945,0.86776674,0.8835381,0.8604481
ID_E6CF2FCD9F,0,0.025304674923688524,0.025150497,0.02567833,0.04413919,0.01694499
ID_AE4BDCE3A8,0,0.2679114578487595,0.32201618,0.16153587,0.19411044,0.29949486
ID_FE09F02F56,0,0.027341124627981744,0.031129366,0.019881228,0.020878796,0.030142345
ID_8EAA22CC13,1,0.889390631990992,0.9114677,0.8890463,0.8889901,0.79695565
ID_9935900878,0,0.14614471181315578,0.12279136,0.19623257,0.1482043,0.13654949
ID_08DD4D18A0,0,0.01076473163110575,0.011461635,0.0076749735,0.016742768,0.0118399225
ID_9ED723548D,0,0.030227037771744673,0.031026555,0.029014666,0.04975132,0.020936321
ID_B8EE389456,1,0.03927198004809415,0.05686629,0.017520996,0.03157634,0.014890186
ID_6883FFA554,0,0.05839285928606147,0.07517328,0.038352404,0.05969335,0.029861731
ID_CA4EFEB09A,0,0.09506694811484104,0.096324876,0.098990634,0.08948214,0.08376591
ID_9A22C14A41,0,0.04630310869398037,0.04439494,0.045901116,0.06633117,0.046503354
ID_52332D7A79,0,0.022527933229509238,0.029190775,0.01386816,0.020277113,0.013912506
ID_8CD689CAC7,0,0.011312417731508236,0.011289548,0.009718701,0.015882965,0.01283543
ID_E91C1BB419,0,0.1726316631693499,0.18255357,0.15808623,0.17147866,0.16238259
ID_CF91862C59,1,0.03456861309760484,0.03412319,0.0368143,0.03553764,0.031212423
ID_BD3308A867,0,0.2567285837726477,0.25125694,0.27280834,0.28868198,0.2314433
ID_E2B852D279,1,0.3383842481969567,0.3705556,0.32565793,0.24892971,0.26864702
ID_6C85CF6E5D,0,0.04123914795069028,0.05609722,0.028481333,0.021652542,0.014319274
ID_2E05A6CDD8,1,0.42570913121718734,0.39752546,0.44946086,0.3765567,0.5153545
ID_15D4F9CA16,0,0.03566649415297907,0.033989746,0.04386536,0.03568993,0.025158871
ID_5D7D9DD288,1,0.7781390477263626,0.8045559,0.7508213,0.7947279,0.71780837
ID_09E61B1CCF,0,0.04099034555228373,0.055660438,0.020645149,0.033420525,0.025902623
ID_C7EB3F3D52,1,0.22183438053296417,0.22293213,0.16205315,0.19142257,0.35868472
ID_F6951E3A97,0,0.14781321686336243,0.16588943,0.12918821,0.14727196,0.1115697
ID_CFB77C7548,0,0.08600431727951392,0.071272604,0.12161419,0.086809985,0.071557246
ID_BE8B2F1498,0,0.021417667426953817,0.027610201,0.011556548,0.018608714,0.01761111
ID_AEB7B3CDC2,0,0.05041671782295185,0.050966766,0.05065235,0.06808548,0.039883584
ID_46AEC51290,0,0.06809429444414672,0.08470601,0.044993825,0.049930923,0.05532489
ID_97990EA78A,0,0.03273285154622534,0.04292354,0.021458076,0.02674522,0.016438933
ID_984F2CFB2C,0,0.013169062264945774,0.01902922,0.005238235,0.007828657,0.0077307397
ID_F083A7ECA4,0,0.028163744084174158,0.034592118,0.018818932,0.022354236,0.023560429
ID_E540845CC2,0,0.01854261096555056,0.026438978,0.006806925,0.011127478,0.0135607
ID_12725EB3CD,1,0.525852284039245,0.4716872,0.5342369,0.56532353,0.7196867
ID_108A324E03,1,0.0748820134386879,0.081033036,0.067384735,0.06933725,0.06737292
ID_A202427DC8,0,0.019113028321460637,0.022010315,0.014199833,0.02292426,0.015740288
ID_B63A12BF4D,0,0.09249332806127923,0.087575205,0.091892615,0.09089316,0.11527469
ID_43EAE3295F,0,0.04985201459321657,0.05056406,0.043289326,0.052415438,0.05980132
ID_273A4B56CB,0,0.030484598173897308,0.027157804,0.043202005,0.033913765,0.015776662
ID_7AD415BB9C,0,0.029882184888330412,0.041100577,0.013623265,0.037975337,0.013796305
ID_1A0961E824,0,0.025851372183412734,0.030028952,0.022380361,0.0166703,0.019635009
ID_50CF7D0C7A,0,0.013800102417199889,0.01561452,0.010486469,0.014903228,0.012755351
ID_19A13D122A,0,0.05149286539715611,0.07103822,0.025889026,0.043632805,0.027197829
ID_9AAD0B89B7,0,0.07710077074695951,0.07878995,0.072571546,0.06779446,0.08373064
ID_225D55FF28,0,0.07535819981126156,0.081982784,0.074913956,0.08976185,0.04202182
ID_D4A1279B49,0,0.030747394560672506,0.041862812,0.016531153,0.024203131,0.01709576
ID_6C6766DC1E,0,0.06879993855613242,0.058757834,0.06626009,0.1227484,0.09319259
ID_103CC1E4EF,1,0.2371063566593512,0.21929538,0.2853374,0.16873488,0.2387607
ID_FB5961394B,0,0.01991059350276396,0.023181548,0.016623957,0.016911844,0.014437297
ID_2AF51E80DC,0,0.4808591430641993,0.44624972,0.544746,0.41527355,0.51874495
ID_B5B13FB91E,0,0.13597505619757377,0.17095417,0.09594191,0.097554006,0.09069525
ID_ED67C3D2FA,0,0.021756854043767412,0.0286296,0.01229723,0.019303754,0.0140578095
ID_C1D8015217,0,0.054848170849650275,0.045918595,0.0771297,0.07955372,0.034040164
ID_A5A1C27FD7,0,0.05151866830322436,0.053868208,0.056335535,0.054174654,0.030093824
ID_FEA2ED801F,1,0.5787597241430629,0.5710465,0.6407243,0.4684934,0.52652067
ID_05AC0E1E29,0,0.05168748456856448,0.049659695,0.046609223,0.07486939,0.061049692
ID_4239ACC900,0,0.015316060061621476,0.015652023,0.016167253,0.015858939,0.011832992
ID_E9DB83115D,1,0.16034173486925013,0.1375022,0.18535428,0.17157361,0.19836415
ID_34E0EB8052,1,0.3121962419398227,0.40976802,0.2117524,0.2101455,0.15957844
ID_35378AC8B2,0,0.014100832335733851,0.018202463,0.007414895,0.013993605,0.01114652
ID_ABBACA2DE4,0,0.0946558195646234,0.08618572,0.06669211,0.17301032,0.15629894
ID_1E1AD7187F,0,0.09696159546175499,0.121802695,0.0641098,0.088722594,0.06598718
ID_A969B59FD7,0,0.20370492985466193,0.17969285,0.16706984,0.32801527,0.32963243
ID_56B9EAD3CE,0,0.02046354240606907,0.024087433,0.015974704,0.023103517,0.0136187915
ID_889023B11D,1,0.7851828737946698,0.75336164,0.87101555,0.7983184,0.7298889
ID_77A854CCFD,0,0.010525912509165968,0.012399453,0.005836626,0.012432121,0.011831983
ID_E577B20DFC,0,0.014883489472000203,0.018291935,0.011268895,0.012032958,0.009467727
ID_A8F124EBD9,0,0.017282519585195392,0.020306982,0.010103717,0.02364908,0.01711806
ID_C7718B8BDA,0,0.018459154662749534,0.016913915,0.020544428,0.01722298,0.021058666
ID_38FC2D0CF2,0,0.012695871624503113,0.015810618,0.008856848,0.009314255,0.009234876
ID_0D4D4A927D,1,0.18595080615616766,0.19471942,0.14646415,0.21471693,0.22103707
ID_A0B34C6DA1,0,0.20857433243969542,0.16276583,0.3194372,0.18321675,0.17551035
ID_77268473CA,0,0.23050823341812993,0.22880921,0.24860203,0.32840562,0.15620558
ID_0583A3B013,0,0.04432086067248975,0.04828326,0.041214574,0.044279616,0.034247875
ID_98251F929E,0,0.23819978929895907,0.29015672,0.15418683,0.3486274,0.15058878
ID_30185A084D,0,0.056402831766504555,0.0710907,0.040977586,0.031038951,0.038442828
ID_A8A33087E5,0,0.03042263708190591,0.03792144,0.019398184,0.031493668,0.021896923
ID_0D390B902B,0,0.05850585345347297,0.07266002,0.04541462,0.046988755,0.031759955
ID_59DE65697B,0,0.023674837154180353,0.03230111,0.009108139,0.0095217535,0.02461652
ID_139A51C901,0,0.018727094435326684,0.0227407,0.013313817,0.015562015,0.014747967
ID_EEF644EA36,0,0.01206745514039725,0.015503493,0.007902605,0.010134277,0.007315484
ID_2F877842EF,0,0.06149820070324343,0.07382848,0.051699582,0.02164301,0.047754068
ID_C78818A391,0,0.014517917273255456,0.019708285,0.0067180996,0.009614707,0.011440063
ID_44D809B528,0,0.015881816706730344,0.018367704,0.011790648,0.014612026,0.014700134
ID_4FD77AB321,0,0.11205254389460552,0.13492553,0.082724005,0.11837581,0.07549446
ID_01B5F527AC,0,0.4242986425081624,0.46700835,0.34231648,0.40769643,0.42680445
ID_9CBAB73B23,0,0.034614341410969265,0.03900488,0.03334879,0.028073631,0.021615693
ID_6AC20719BD,0,0.0425819438476668,0.05200298,0.02266124,0.044348553,0.044708382
ID_814B80AA90,0,0.036002508344192094,0.04408582,0.027239127,0.032444783,0.022172857
ID_4AEC4C33AA,0,0.0101751068165732,0.013909077,0.0051580593,0.006419274,0.006785925
ID_9D77EE5B96,0,0.018742810177905626,0.023057798,0.011581499,0.009570465,0.019857615
ID_C4F380CE99,0,0.036630506219180306,0.046546876,0.020759592,0.023856588,0.034313735
ID_5EC8E39869,0,0.01791339189822576,0.024316201,0.009088004,0.011199353,0.012698258
ID_1A63833B5F,0,0.11194904833643365,0.13264474,0.09092252,0.05283096,0.09531503
ID_C8E55F4360,0,0.04223082405126696,0.04002814,0.042470817,0.05703581,0.04457603
ID_5FF0393D78,0,0.5551937588352858,0.61707675,0.44694582,0.4855737,0.5560822
ID_1189FB01F9,1,0.06928937344037303,0.088555805,0.048156124,0.08637315,0.025710765
ID_5C5A1E8978,0,0.38712890999382854,0.31130478,0.45466226,0.6011467,0.4695797
ID_FAAEAA1E8A,0,0.02858611196190446,0.029736048,0.027692556,0.026303308,0.02663568
ID_8B3DC3ECCA,0,0.03275794721544941,0.045426227,0.017525354,0.016642777,0.018892521
ID_312D2A6B1C,0,0.015771754787982536,0.02214754,0.005207325,0.009183628,0.014346377
ID_545071BCA4,0,0.016036282902492184,0.014132189,0.017545687,0.027425699,0.015884848
ID_1A28942525,0,0.11469967699634587,0.10646546,0.12680769,0.09839512,0.13065101
ID_D424FD90FC,0,0.07332911286904074,0.07661267,0.059810437,0.049926225,0.0986453
ID_B239CA3349,1,0.05149472355342327,0.06822045,0.02327123,0.047750678,0.04294704
ID_7D5E1307F3,0,0.12183920312983623,0.12543836,0.10221309,0.124379985,0.14761285
ID_B4D9597CD5,0,0.013328453627091185,0.0150566315,0.01084984,0.017101383,0.009693383
ID_7415554B23,0,0.025570756134667583,0.02871302,0.020396493,0.026476836,0.022988567
ID_EAF4F21528,1,0.45969300986160005,0.46963948,0.43678215,0.5438058,0.43011668
ID_A3D93CDF79,1,0.10193242884715337,0.1431822,0.04669916,0.080836646,0.055191647
ID_A9976EA9AC,0,0.5030429501939094,0.53034246,0.46583912,0.41687262,0.50497985
ID_D4FDDF8749,0,0.11466287065759859,0.11526155,0.13038242,0.10687774,0.08180546
ID_6C4EB420CF,0,0.08834780358102377,0.1119943,0.05999171,0.07916937,0.05319042
ID_8B13DADC30,0,0.04040137838639779,0.044740524,0.03147734,0.04243281,0.040311426
ID_684D0B5074,0,0.1789211136977701,0.154611,0.20987882,0.2779961,0.17211735
ID_66BACE7400,0,0.08329661017796108,0.08429122,0.076687716,0.08496594,0.09254002
ID_5119688CF9,0,0.07273527674452615,0.0808277,0.03914347,0.07014399,0.11170468
ID_FE3850A8CA,0,0.03830308183949784,0.040274065,0.039546248,0.043204166,0.025166092
ID_17D4A5AF09,0,0.025666124393445372,0.03427175,0.0115493,0.030169941,0.017597437
ID_6138A9F448,0,0.37870496842103263,0.24050748,0.5792243,0.47132194,0.49254292
ID_4AE1F983B2,0,0.29394659969311954,0.27269945,0.3341839,0.3421947,0.27644208
ID_B6D02B0549,0,0.012481504583398419,0.014990536,0.007927648,0.010679953,0.012426263
ID_016F5151AC,0,0.05892458972895097,0.066688456,0.04825163,0.056565523,0.050019335
ID_2A5EB6B384,0,0.20004173659707464,0.18123333,0.24303883,0.16461778,0.20277867
ID_9F3803B19C,1,0.2875077043819271,0.3811218,0.18339153,0.18732058,0.15868914
ID_07E53B3C3A,1,0.06354009571542954,0.06652982,0.058044747,0.0650996,0.06200682
ID_7BEC600091,0,0.01241555372092911,0.014794609,0.009252837,0.007904067,0.011107066
ID_20CC0BBB6A,0,0.06584528598001851,0.06447895,0.060559157,0.09168633,0.071697436
ID_F8AA30EB7B,0,0.013038665544030312,0.014233654,0.0098010395,0.015024329,0.014065294
ID_AB66F6D782,0,0.15997632100084988,0.2135575,0.08960713,0.1381265,0.09389116
ID_A1CE289EF7,0,0.023567854452687192,0.02485564,0.02050285,0.036562867,0.019032782
ID_C43A35814B,0,0.11314062882044953,0.13029996,0.09260679,0.11854048,0.08227879
ID_D9FAC68D92,0,0.013155908668141909,0.013887211,0.009369596,0.014968144,0.017395712
ID_C68A22F0E5,1,0.4374912830338923,0.48277125,0.41396683,0.38580406,0.31902686
ID_9E00054513,0,0.06718371463425306,0.07505065,0.07148242,0.032535184,0.03980246
ID_1FF1B95A8D,0,0.028193850692467666,0.023348197,0.03012948,0.030380402,0.04357749
ID_9C6AECC4D1,1,0.47288702249263115,0.613883,0.33036494,0.32719803,0.2459421
ID_E6AEA52FB0,0,0.048495777988185766,0.049246937,0.059075117,0.029257314,0.03101234
ID_419F20187B,0,0.04653264114685821,0.05957967,0.027554002,0.04759056,0.03161545
ID_46EC03D436,0,0.03090152233231175,0.040351495,0.020797633,0.022041276,0.016480118
ID_E0B1228C4A,0,0.05191340560260714,0.06745777,0.029195959,0.054316364,0.033870455
ID_BCF34D4006,0,0.5625475620371329,0.5552065,0.5934659,0.5097449,0.5502826
ID_952EE63F45,0,0.017311509785365733,0.019179191,0.008770126,0.031200565,0.021681996
ID_07FA51B1BC,0,0.018089357146974697,0.023813458,0.010830912,0.01633915,0.010219025
ID_2B641B27B8,1,0.07647604625476855,0.096730515,0.04940276,0.054737706,0.058384355
ID_2D0F3BD609,0,0.03612771836868602,0.03837493,0.036377937,0.027092349,0.030027684
ID_049ACC91C4,0,0.01992805696193785,0.0259463,0.010241717,0.019347757,0.015512052
ID_DCAFA4E0DA,0,0.16411257337823842,0.1600761,0.15778376,0.23656623,0.16317277
ID_70280BEE5D,1,0.34409856215654977,0.28833973,0.38284063,0.47433588,0.43998727
ID_808DDD7B79,1,0.42491820159564675,0.40902537,0.42884302,0.4705431,0.46381053
ID_F8218A5C58,0,0.08277670499068192,0.10805741,0.054644175,0.039388385,0.055142134
ID_DDAA55CAF9,0,0.01605892134860017,0.015996907,0.01922388,0.0144111905,0.010250317
ID_62153A962F,0,0.380263281951142,0.37594557,0.46756896,0.2846531,0.2529196
ID_510EF4FF79,0,0.027116198824152074,0.03209694,0.019235771,0.021314811,0.025489138
ID_9F26F7B417,0,0.016342886779895864,0.019188965,0.01190269,0.014399789,0.014680403
ID_AF017BB44E,0,0.030633455389380265,0.03882365,0.021657439,0.019668983,0.020036636
ID_030B25BEBD,0,0.43615232560323236,0.50940037,0.37417752,0.41338658,0.26930258
ID_5B9A93B94E,0,0.15620434251447135,0.14745487,0.1960663,0.1264073,0.12068145
ID_7BD4C19A13,0,0.06481665187875146,0.07211717,0.059116475,0.054537844,0.050655823
ID_A34CFC2BF2,1,0.6788479621817647,0.6751026,0.7235463,0.6274751,0.62119687
ID_4378C4284F,0,0.10170414975610863,0.0952272,0.11575818,0.16300096,0.07222399
ID_88DDAA42F7,0,0.02846833994571173,0.03832661,0.015844692,0.012176986,0.020964874
ID_B580248279,0,0.07715788870894733,0.08344985,0.071182795,0.062273838,0.06985872
ID_2DA49B731A,0,0.037801135034865804,0.031856935,0.029366428,0.046636373,0.0771767
ID_5ECF79749A,0,0.021932329888573163,0.024972815,0.014199485,0.021990752,0.02563834
ID_FE63F75CCE,0,0.31566833264451266,0.3286092,0.3396706,0.2836548,0.22341879
ID_83548F131F,0,0.031767155406662195,0.037305523,0.023754515,0.032638535,0.0251572
ID_B674C8077C,0,0.023693048643410777,0.026120877,0.020341655,0.030897018,0.01747622
ID_89819B7A71,0,0.02293494320456745,0.028491754,0.013608797,0.022342188,0.019702796
ID_DF90C53201,0,0.07204992624334776,0.09774824,0.04229169,0.058616415,0.033079352
ID_B845442AA2,0,0.5245875587523614,0.5289815,0.52714586,0.5320279,0.49727762
ID_D59E02103B,0,0.2831270696277463,0.30819833,0.23374759,0.3110802,0.27085623
ID_D7BC1CBF7A,0,0.015856758970028154,0.017978553,0.011783222,0.014205336,0.016343106
ID_151F2C2638,0,0.4196432513037187,0.3342277,0.5764499,0.35396376,0.47307315
ID_0CE1540348,0,0.022653914034265556,0.024283955,0.019331992,0.027109275,0.02094528
ID_00F3789E86,0,0.008646098810233246,0.009551326,0.006024324,0.012410693,0.00880143
ID_765701BE53,1,0.2453563253230276,0.23087566,0.2870281,0.19497536,0.23915708
ID_B8323F845D,0,0.13024430118961938,0.09754615,0.1281459,0.23349191,0.22799659
ID_7AFFCB3411,0,0.03662910508883059,0.04844554,0.0251379,0.019504597,0.01877994
ID_256A2A41BB,0,0.17182089497406525,0.20204361,0.13830562,0.12026433,0.13839705
ID_68DEF5D1C4,0,0.09472137594122514,0.120503716,0.060570616,0.1203264,0.047800682
ID_47376838C3,0,0.382671161265931,0.4049904,0.34634012,0.44796878,0.33776808
ID_C75772EE6E,0,0.11799416531034695,0.14502297,0.08059068,0.08070718,0.10019539
ID_C94D328B19,0,0.027887949019141597,0.034846485,0.018519694,0.023064753,0.020663302
ID_2B2066CCA6,0,0.011319754871581907,0.011597717,0.008349415,0.014072792,0.015315987
ID_BFA5727D73,0,0.018104801795047247,0.022831092,0.01194735,0.016089872,0.012207188
ID_D77B7195AA,0,0.06678378577402241,0.07718451,0.06671272,0.04802721,0.031135013
ID_666959D00C,0,0.05363857393262818,0.06710201,0.041713774,0.04021001,0.028144432
ID_0CC5EA2303,0,0.27384001850817047,0.26336992,0.25370848,0.34864062,0.3286883
ID_4AB3D137C2,1,0.05208133355150872,0.060758337,0.028115684,0.046719976,0.0691376
ID_746A7F100B,0,0.01873029030508238,0.021554349,0.015976677,0.017827876,0.013089422
ID_9F4C5774D5,0,0.01261998232835676,0.015215759,0.008691613,0.012040207,0.010323657
ID_C927932672,0,0.054369635475731024,0.060517374,0.05228364,0.05508373,0.032538537
ID_A31A4EEFEC,0,0.008907513786040355,0.009597678,0.0078048883,0.0070937974,0.009145124
ID_89CAA24996,0,0.20951852677041177,0.19110546,0.23602006,0.23652567,0.21875401
ID_0DC25E8839,0,0.029612229412946132,0.036314905,0.022676844,0.01180399,0.023911005
ID_BC44A755A7,0,0.05315337823577193,0.044392344,0.062804334,0.07459263,0.060150065
ID_83EE3AA1F3,1,0.6323397354756508,0.57839084,0.7575984,0.7019429,0.5614217
ID_D26F3F7E46,0,0.03198467406547985,0.043837555,0.013455869,0.026218226,0.024126548
ID_FE87A8AD96,0,0.04544317755480671,0.054398667,0.031206697,0.052751474,0.034929346
ID_A6E43379F7,0,0.035795778014795165,0.037883006,0.0319781,0.03101911,0.037241753
ID_E11CCF107A,0,0.07574767571544233,0.07362293,0.08808264,0.053554088,0.06794662
ID_3E51361470,0,0.03969387528217703,0.042777896,0.037355453,0.057237096,0.024022631
ID_FA42EC8DBF,0,0.015194332941980292,0.018419841,0.009776847,0.0119561665,0.014588393
ID_5CE42F7E7A,0,0.07727295015477223,0.10206838,0.052947726,0.058322906,0.032870512
ID_76257ECFFC,0,0.05840693896909489,0.05434643,0.06828059,0.08731213,0.04179627
ID_34243CB6E5,0,0.026677204783258305,0.03374999,0.017448688,0.017083451,0.020749243
ID_98865C8016,1,0.5624320345682742,0.44590008,0.76168436,0.6644694,0.5832732
ID_66260AA258,0,0.05514190288387076,0.07183915,0.035047315,0.037706148,0.03524584
ID_100E2D0342,0,0.012220391357313933,0.012832152,0.011457821,0.01611601,0.009571336
ID_C00FFD9939,0,0.5294437393636183,0.45361945,0.57939273,0.67269635,0.68046194
ID_B9D3EDE2E5,0,0.5186269541784186,0.56859934,0.4435346,0.61200523,0.42770368
ID_FCA1B65530,0,0.027559768820825514,0.021988718,0.042051774,0.032913614,0.017695582
ID_1C8494C7A8,0,0.033641579560907194,0.038775373,0.027013896,0.020782655,0.031756565
ID_C0B4F90B5D,1,0.11675796187282804,0.129024,0.111056246,0.13124903,0.07080744
ID_1599718934,0,0.05919574926807769,0.06608052,0.05028079,0.03444134,0.05999879
ID_75141F3ECF,0,0.015095592894903002,0.01977011,0.009281525,0.013494869,0.008499748
ID_BDE145AB17,0,0.2286449370530627,0.29294893,0.15206695,0.22869194,0.12099395
ID_8310321BCF,1,0.022329263045184632,0.027927633,0.015177172,0.025077319,0.0128016
ID_9DE2BFAF8E,0,0.055038149446083554,0.069556005,0.03084091,0.046607107,0.049232464
ID_5C0E170845,0,0.07355850157117504,0.10797238,0.029624363,0.053516474,0.03102504
ID_0D16398C18,0,0.030470927367240334,0.029409058,0.038883694,0.025586927,0.019043766
ID_0DA5454A74,0,0.04596099043021616,0.05466967,0.030112047,0.058542017,0.03765118
ID_C36E971B69,0,0.015733154067318747,0.019892301,0.009925523,0.012928511,0.011827433
ID_8CC2CC0F10,0,0.009698712879461282,0.011167289,0.006870471,0.005533716,0.011371485
ID_5856B9153F,0,0.02322770061953741,0.027684592,0.01635564,0.023093048,0.01918245
ID_54AFD313D2,0,0.04614108791157747,0.044423107,0.04740483,0.059578646,0.04483688
ID_5FAC5720F1,0,0.05524505050444509,0.030239852,0.072619535,0.077213615,0.11412852
ID_D7AAC895BC,0,0.03844699820896165,0.047332913,0.026828982,0.042055093,0.024223488
ID_8D51A2088F,0,0.017315068045895478,0.02208638,0.010676639,0.014466805,0.012622073
ID_8BC3F9A9B4,0,0.028261042791393347,0.023565186,0.040662203,0.017922565,0.026021676
ID_4D486FBE71,0,0.045048102560916306,0.05275075,0.03715104,0.030748561,0.03565211
ID_5999413AD1,0,0.09848921194548954,0.10349831,0.10311023,0.0860138,0.07283495
ID_0ECC960807,0,0.011898382804888651,0.013900556,0.00918082,0.010149991,0.010024124
ID_D97D8E4BF0,0,0.04077798941814351,0.04981814,0.028473774,0.036419556,0.030846933
ID_453B4167A5,0,0.05804595458914354,0.06038136,0.06875428,0.051228333,0.028172856
ID_8072DB2209,1,0.16965536790285385,0.19972835,0.13168922,0.13349572,0.13970046
ID_B677BB3775,1,0.29969636258216303,0.31221518,0.26677096,0.4328936,0.25932914
ID_1E6AE021EF,0,0.00851381047813433,0.010952445,0.004806068,0.0072570974,0.0067037493
ID_E80F89CD9C,0,0.016406026479439374,0.016535787,0.015828082,0.014943672,0.017734544
ID_02BFB1424E,0,0.03963000560592841,0.041261323,0.03276105,0.059911747,0.038625818
ID_C78B542D48,1,0.42581328962178394,0.3997089,0.48575252,0.40343738,0.4173699
ID_4A590387B7,0,0.020572794316058893,0.024851345,0.015932582,0.019720793,0.012806832
ID_CFB3BF4E83,0,0.013140503383870487,0.016509326,0.005760563,0.014897912,0.013960601
ID_397F5F53E0,1,0.20525092816020932,0.16521123,0.31974176,0.15614825,0.15036315
ID_5F6BE47636,0,0.050394917782829105,0.065847166,0.030802237,0.06252582,0.021798143
ID_EA2AE5856B,1,0.2148716008303883,0.23339446,0.22506402,0.17387053,0.13256064
ID_F32AFAEE54,1,0.3985175110109138,0.36337054,0.46855444,0.2856006,0.44611585
ID_0A94709C68,0,0.028615640957222417,0.03793621,0.019019743,0.01564036,0.015445478
ID_3B58B82AA5,1,0.19957116933580343,0.21256618,0.21838482,0.10166049,0.14694762
ID_9A930296BE,1,0.5710075279149295,0.51891124,0.6501992,0.72960484,0.55228025
ID_D1EE6D2686,0,0.06172239638691422,0.07923092,0.038717486,0.025794527,0.052699693
ID_9E1B8BE16B,0,0.15284165763476415,0.15311371,0.14277662,0.2442191,0.13344963
ID_26B1CC8EFC,0,0.019194014723854517,0.022732481,0.012900735,0.021246098,0.016837388
ID_647252349D,0,0.0511970849119313,0.06670483,0.029583028,0.026237499,0.04286962
ID_4C25214448,0,0.06361959342264088,0.07215191,0.052259922,0.07191999,0.04829164
ID_2127BC759F,0,0.0882098556976941,0.08801174,0.08474652,0.1311765,0.07774724
ID_B15A792634,0,0.08260683913275313,0.11283734,0.051695306,0.053286895,0.033871777
ID_61E0314229,0,0.1328557898393905,0.16099587,0.11335908,0.0755626,0.080667675
ID_CC7CB4FF5B,0,0.016254767868866503,0.02108215,0.009580633,0.01179693,0.012102909
ID_AED5E7AB34,0,0.22565283252614043,0.24100082,0.229623,0.20597664,0.16081773
ID_9481D268F6,0,0.032999629003872766,0.02545226,0.047664557,0.06458145,0.019688027
ID_336B8DDC4D,0,0.3356125320926203,0.34531736,0.38437402,0.3196444,0.1969412
ID_49E12BDCF0,0,0.027731501542710375,0.027738933,0.029387854,0.017957352,0.028407691
ID_05E00CF1A2,1,0.3913548028474379,0.35518554,0.4632293,0.3756409,0.39696258
ID_A605D5DE98,0,0.03370198453142225,0.046188217,0.019657752,0.022012422,0.016128039
ID_9570B4B8F7,0,0.025269444258661337,0.028001148,0.020128278,0.026402276,0.024253383
ID_DC8F7DB5AF,0,0.02693484261176511,0.03412881,0.018133702,0.019701865,0.018548653
ID_0D4B173574,0,0.056493580369997604,0.053057477,0.05784809,0.08000482,0.057868216
ID_8F189A7C16,0,0.19957710338319182,0.2189975,0.18001471,0.14644198,0.18258674
ID_EEF3A68724,0,0.010512314871334024,0.0104480395,0.012054903,0.007989049,0.008575028
ID_19642E7484,0,0.010028103174126356,0.009579753,0.01029378,0.014267529,0.009505972
ID_99EFA41204,0,0.012957318927641273,0.015087099,0.008329257,0.016369198,0.01239227
ID_63603A392D,1,0.4035533178284896,0.2977299,0.5190692,0.39946416,0.6049978
ID_2B04778FD4,0,0.050897191439484256,0.06850907,0.033380706,0.03149452,0.022460941
ID_9613508BE8,0,0.04946678953213444,0.06184367,0.03568354,0.048459765,0.027138801
ID_5A0C5FF8FC,1,0.6797163715113395,0.5737729,0.7895557,0.7635635,0.8555131
ID_DB91EF09B9,0,0.0296068550045967,0.03796724,0.01712566,0.021589475,0.02452464
ID_27E0F4E0AD,0,0.12130776395682843,0.13026074,0.12101711,0.10234532,0.0923413
ID_91C980EE55,0,0.061677855575601584,0.07332556,0.047762282,0.064005226,0.0412634
ID_2546791706,0,0.061856960470874994,0.068556346,0.05725601,0.0493663,0.048844144
ID_5E218D8EE0,0,0.01719559249246217,0.021221463,0.012287775,0.01567829,0.011362078
ID_E66CB5FB30,0,0.03908453598006937,0.025612324,0.05450769,0.09559626,0.038331345
ID_C1446086C2,0,0.04594510757959256,0.063040935,0.02690645,0.02819716,0.022234755
ID_AA01D165C7,0,0.03948418257208482,0.04043347,0.036298573,0.04896817,0.038169563
ID_BA488DB9C8,0,0.03867742623341256,0.048306193,0.028405774,0.043533403,0.017880905
ID_93B2579848,0,0.02638677408472729,0.03155761,0.021077283,0.020917218,0.018296449
ID_1BE938F28F,0,0.2643763027504992,0.2466442,0.29640827,0.29245615,0.25840166
ID_EC4D302E55,0,0.07526300383149792,0.09526696,0.041321073,0.07426128,0.063925095
ID_38FF8EF972,0,0.27508597121408807,0.24965698,0.287966,0.36304495,0.31663668
ID_C88937E481,1,0.043021678811302366,0.04279323,0.049827386,0.04802415,0.027208267
ID_4CECB0E8A0,0,0.012542796396562564,0.012669632,0.012669775,0.015792979,0.010317345
ID_C2DEA71DD2,0,0.026532992514476373,0.029378157,0.026956446,0.021469153,0.015801823
ID_DB1C203A29,0,0.024080803672748223,0.022353088,0.027694238,0.025520178,0.023007566
ID_1F661D4F11,0,0.22139245820190218,0.28003868,0.14507836,0.22769678,0.13437049
ID_0D46190DC3,0,0.01624910489490682,0.021663826,0.008707922,0.010244423,0.012147967
ID_45EC6C2CD0,0,0.021626526238331303,0.026679458,0.015617853,0.01736523,0.015007837
ID_1FE5995890,0,0.0433650573994406,0.057691887,0.02516018,0.031118361,0.027176281
ID_5BEB982151,1,0.47246599735845796,0.55312276,0.39782476,0.28350887,0.3739043
ID_A4551DC024,0,0.019260670136709044,0.023381611,0.014767691,0.016178867,0.012817284
ID_907C41FAA6,0,0.010961101570114547,0.014648353,0.004984544,0.008957086,0.009064056
ID_95CBF68435,1,0.7081858289894278,0.6926068,0.7165865,0.7700149,0.7290868
ID_172CDA0E64,0,0.26463502327755184,0.22238533,0.29045987,0.32251564,0.3626523
ID_05DECA4A6B,0,0.14554296811723727,0.14325775,0.14419924,0.13298127,0.16356365
ID_5F6115FAFC,0,0.04410538943207019,0.062458687,0.019003658,0.024111068,0.029063044
ID_B5C3E8ABF2,0,0.16510087622832262,0.15004526,0.18185255,0.20949753,0.17347404
ID_F5ECF6017A,1,0.06497753411059606,0.07568354,0.047785826,0.10413158,0.039519433
ID_11DC81078B,0,0.16798250392776265,0.19818062,0.10787706,0.18686914,0.16099398
ID_8967FC7B79,1,0.09617653931040024,0.112121,0.06025072,0.116356604,0.097025685
ID_D44D661DEF,0,0.44314156671759714,0.47893444,0.39236113,0.36777586,0.4335791
ID_3978F8E190,1,0.1557280679778227,0.19670127,0.102091245,0.13047919,0.10854256
ID_2468DBCB4B,0,0.13503625788180393,0.13052155,0.18325032,0.05706274,0.084692076
ID_FF51998724,0,0.08824162397125412,0.062201284,0.1139842,0.1177515,0.13026449
ID_58612D1315,1,0.10681223402500906,0.105970874,0.13726287,0.052231923,0.06884273
ID_BA70FA9C12,1,0.5707208476378234,0.55309075,0.5846951,0.6460392,0.5824585
ID_D797693B57,1,0.11177008905399013,0.14421384,0.06466387,0.07555616,0.091420695
ID_7EA0FEF70C,0,0.20909196091952795,0.20775448,0.20365879,0.21710119,0.22291052
ID_417F6A6A49,0,0.06473970194508982,0.070352934,0.051933236,0.07179107,0.06540242
ID_7EF177EC68,0,0.10297578472828733,0.10711756,0.08850668,0.09503848,0.11996037
ID_877A17E4F3,0,0.3021592583073377,0.2632385,0.35101017,0.29374018,0.36560866
ID_A1786708AC,0,0.28282707300525295,0.29856274,0.22200072,0.254683,0.3590374
ID_D0C7D8B671,0,0.062257388952078586,0.07778478,0.03860591,0.06222827,0.04734996
ID_259D243F8B,1,0.7186146283067669,0.7070931,0.7040057,0.80520535,0.76092273
ID_237891400D,0,0.01925551762028925,0.024195915,0.010699147,0.025260607,0.014102479
ID_A16DD405AD,0,0.39599973920322534,0.424143,0.30863026,0.47734132,0.4289587
ID_95BC8D4AAF,0,0.1283325454570764,0.13359632,0.09425842,0.13343404,0.17694359
ID_924AD7FD45,0,0.04236440925850045,0.051201742,0.02602743,0.039013375,0.041502375
ID_DF8CCAEC26,0,0.012991358307388215,0.01617063,0.009150467,0.009637886,0.009249269
ID_CA0B80B3B4,0,0.029782756406713656,0.030417955,0.029586965,0.02389566,0.03008316
ID_131A4C6938,1,0.718879068621133,0.7450441,0.71963626,0.6844207,0.621642
ID_58B7913344,0,0.011829989792424136,0.015722837,0.0054188366,0.008749387,0.010465154
ID_4B05CE593A,0,0.16825749262763787,0.14716877,0.15327552,0.2393187,0.25858822
ID_8E475D19EC,0,0.22232219035558418,0.28568166,0.12225565,0.18491644,0.1853755
ID_2A9D4B2108,0,0.017916874434690463,0.019255958,0.01755125,0.01438343,0.014579376
ID_23B2011855,0,0.01993523874983148,0.029317398,0.00687816,0.011443072,0.011974937
ID_D85B1B0456,0,0.6357171159798426,0.5429842,0.75884295,0.692319,0.73903173
ID_C8C03BB79B,0,0.14569843082874806,0.15703401,0.11749346,0.13315889,0.16373615
ID_67DE232A61,1,0.7415382341519778,0.7072105,0.7956774,0.71082675,0.7839407
ID_0DF7D1EE3D,0,0.30088979051075837,0.30709988,0.24183746,0.40952653,0.35394803
ID_34D32CB9F0,0,0.0626762587561851,0.06904195,0.064001486,0.048287183,0.03918982
ID_3D008446EE,1,0.27281001156927426,0.26136768,0.2961013,0.3805148,0.22428079
ID_C474662340,0,0.4232800269662607,0.45010272,0.38491747,0.46887994,0.37227917
ID_4CE74D42C3,0,0.04523778380674218,0.05368309,0.03421837,0.04102774,0.035001215
ID_1D0621BCD3,0,0.016620956135953824,0.022085285,0.009176887,0.011012743,0.011928923
ID_7E7403F664,0,0.04068431522616612,0.050077222,0.027945861,0.03874888,0.029136974
ID_0D0135FB78,0,0.013583717905247148,0.01704599,0.007817567,0.014987038,0.010701334
ID_B322363136,0,0.4594006715785046,0.42104164,0.46422794,0.4805058,0.60203916
ID_6C0356A1FB,1,0.5235897390552768,0.49947432,0.58872664,0.5374299,0.4798002
ID_AE63422F4A,1,0.6377379353357966,0.75331515,0.5417212,0.4298061,0.44564554
ID_32031FE0E1,0,0.22750226272399124,0.19961333,0.20931783,0.41823557,0.30128998
ID_A52422EA3C,0,0.02554939187612026,0.03533789,0.012239719,0.024242563,0.013280665
ID_7CD935BBB2,0,0.05964666361409825,0.07999472,0.04045187,0.037280712,0.02453286
ID_52A3F912F4,0,0.10755425144295615,0.08727029,0.1291512,0.20447712,0.10474443
ID_8BA0990040,1,0.11377424038119935,0.10338678,0.1392877,0.14324014,0.0901228
ID_65AA6F7D69,0,0.12819810335585777,0.11666523,0.13272272,0.1585499,0.15402628
ID_F4D8CE493E,0,0.026689321553608345,0.035312645,0.01722535,0.02230847,0.012437965
ID_5C530E645B,0,0.01453225538852196,0.020710649,0.005167927,0.013629946,0.008888716
ID_BA5558CBBF,0,0.04277709446075267,0.061947584,0.019266615,0.023556992,0.020528577
ID_230B15F23A,0,0.1116052190358367,0.13259831,0.08407771,0.07424459,0.09817461
ID_93EA960560,0,0.22312455508359577,0.1582997,0.28640434,0.40446645,0.28243503
ID_2DA8DB89EC,1,0.6436658409585789,0.6928891,0.60969156,0.65208924,0.50474113
ID_405BC42C06,0,0.02766549490988556,0.029865172,0.027428592,0.03175002,0.017092325
ID_CB48A20F72,1,0.5034815415074845,0.540916,0.48376814,0.37897235,0.44175866
ID_CFC429F990,1,0.39469585452689965,0.33258784,0.4612984,0.44840375,0.4910276
ID_A5E611DC1A,1,0.2337978213408213,0.26440704,0.20676243,0.25406003,0.15353364
ID_42C75EB920,0,0.04892192655607116,0.057368625,0.036179814,0.08646396,0.024174811
ID_178D7DA5F3,0,0.010961777038052517,0.012914677,0.008746736,0.008548611,0.008507689
ID_85ECF576FE,1,0.26974958796860843,0.2784975,0.2037529,0.2685398,0.37485614
ID_3F11C690B8,0,0.008094650893927377,0.010013601,0.0046671424,0.0064193746,0.008063298
ID_52BDF379CB,0,0.101623698405162,0.09333903,0.09735729,0.09480462,0.14877793
ID_FE553535DB,0,0.07101704639425252,0.09398677,0.04151382,0.07215743,0.036683887
ID_53E4A337B9,0,0.13249981024439733,0.1397766,0.098127544,0.15496702,0.16566892
ID_80F17D0711,0,0.031135535260025847,0.033929676,0.03182044,0.028382841,0.019051839
ID_D341E4222E,0,0.06965434312200203,0.088117465,0.028425235,0.0859493,0.07292335
ID_F36ADE7590,0,0.043564952504934994,0.054209545,0.026509386,0.03519223,0.038791705
ID_AAEB142E31,1,0.8371008632971558,0.8560645,0.83659494,0.7626595,0.79045177
ID_CF4F94A340,0,0.010039325367709143,0.013051396,0.003929427,0.010669744,0.0101348
ID_92C25BDF0A,0,0.20255943336218085,0.1572389,0.27280074,0.3607239,0.17457011
ID_E249F9A4AF,0,0.03246962068362296,0.043709856,0.014776699,0.019810831,0.02841332
ID_977713F611,0,0.19509915918576348,0.23878187,0.13264936,0.16990314,0.15533853
ID_81F90EBD95,0,0.04122238601288847,0.048428074,0.029241275,0.04134241,0.036402702
ID_52657383AD,0,0.031106305936708607,0.021454915,0.04044827,0.04205436,0.047103662
ID_3C704663F1,0,0.5527754554925723,0.569541,0.50307983,0.4975225,0.6125719
ID_459F7BEBF9,0,0.05524234589576911,0.06491722,0.049217474,0.055594627,0.027104389
ID_93634920A7,0,0.015899094610340773,0.021072596,0.0075018425,0.014354827,0.012709914
ID_6FA4A7886D,1,0.1869914709461114,0.1916273,0.16281344,0.2760319,0.18044029
ID_8E78DD8EFD,0,0.029317828434618918,0.036477424,0.020198664,0.025094803,0.020447105
ID_7C71E61B4D,0,0.04428215682748088,0.041506052,0.05671402,0.02490013,0.037801795
ID_3D74D6291B,1,0.22503947005208327,0.23820578,0.18952616,0.28298956,0.22028643
ID_F2A24EEEDD,0,0.08763316856182526,0.116829306,0.055831887,0.06509942,0.04222212
ID_4C66009581,0,0.06329703298508105,0.06690182,0.05592111,0.074515894,0.05898649
ID_11D35E279E,0,0.31598104481371203,0.2263682,0.43987206,0.3908093,0.39651665
ID_9E39B52D5C,0,0.022959119759578303,0.026720705,0.019667255,0.017294327,0.016584657
ID_08BFD8CBC8,0,0.054379787141705035,0.06308716,0.048920102,0.040155597,0.035474326
ID_6D40E805D8,0,0.1771189643956651,0.19341701,0.17873241,0.12601143,0.12702318
ID_3D751F917C,0,0.17212253537659938,0.20045269,0.10142075,0.21459326,0.1854818
ID_408BE71A2F,0,0.07563417413159795,0.08365983,0.07670477,0.054617032,0.048564356
ID_B3C31B7DB9,0,0.05859668402019755,0.04885179,0.07222777,0.06328561,0.0685173
ID_93B391ADE2,0,0.03226906764466352,0.03701455,0.021871034,0.04099383,0.030705167
ID_EFB3EC526D,0,0.37569529345272457,0.41912675,0.28154147,0.47715202,0.34979588
ID_1D52187CFC,0,0.026552547158840784,0.030429503,0.01781565,0.035543904,0.024981564
ID_43EAF57522,0,0.024168953510597717,0.028820897,0.018131413,0.027934738,0.015808633
ID_9F04A51408,0,0.20647448856687123,0.20204891,0.21892332,0.26545414,0.17277385
ID_18D57EBE2F,0,0.012447756289195342,0.012890868,0.010621799,0.019986726,0.011204684
ID_F3807A592B,1,0.9235045822856343,0.9100036,0.9393556,0.9339482,0.94203657
ID_D2467A2EF2,0,0.02276279858937477,0.019994317,0.024551176,0.014153587,0.034385353
ID_E746CE37A8,0,0.014914535282232364,0.017904697,0.0109351305,0.010910363,0.012552825
ID_34BB0C6488,1,0.39330292468988604,0.38915345,0.380466,0.3897329,0.43994045
ID_35A43F2085,1,0.11462518003091364,0.11822936,0.10999542,0.108632356,0.111929156
ID_5763FE8E9D,1,0.17121831757062445,0.16827123,0.18197772,0.1508435,0.16948125
ID_C951644F58,0,0.01049976851076495,0.014756936,0.0040736976,0.008351687,0.007219991
ID_AD7F45AE65,0,0.17450832181448225,0.17039137,0.20131963,0.12181378,0.15737359
ID_20C5B8FA82,0,0.299610989556874,0.29130223,0.36858907,0.27863726,0.19592221
ID_3B4B9D6AB8,0,0.20558142500882692,0.18509316,0.23509492,0.3321066,0.17375001
ID_6B76B08979,0,0.013065681553361729,0.016691728,0.0069337115,0.009022365,0.012649745
ID_177621E174,0,0.025486381513806167,0.02439,0.023678215,0.03160451,0.031333923
ID_15A68626FE,1,0.22547787888903428,0.23120965,0.2471587,0.21823485,0.15789254
ID_E159267399,0,0.023772616350117848,0.0264228,0.020483406,0.02102062,0.02082208
ID_4E0EB28FD9,0,0.14850661241901586,0.13678339,0.19976462,0.1425394,0.090724654
ID_537A0050B6,0,0.013252779526552214,0.015511267,0.010419588,0.011521812,0.010535185
ID_F8E9AD88ED,1,0.013580670671735347,0.016044332,0.0078221625,0.012545072,0.015967451
ID_CAD91A93F9,0,0.27844129001079465,0.36409497,0.15771484,0.24341594,0.1905076
ID_3D41D7854A,1,0.04558584705909614,0.046337824,0.041435428,0.06564693,0.04256448
ID_DBD75E841B,0,0.1103615006279214,0.12183131,0.0971109,0.1187729,0.08662075
ID_E1B98A8749,0,0.03342752411526946,0.043058395,0.022550933,0.027935546,0.018430483
ID_905FDB3E3C,0,0.012042044723586571,0.015709084,0.006745347,0.009334728,0.009078686
ID_F5257CED3E,0,0.13890947048489885,0.14567658,0.10994199,0.14987022,0.16765572
ID_C1BC35CDFF,0,0.01069669284568707,0.012649523,0.008631875,0.0069704857,0.008493023
ID_7EDB23E04A,0,0.019778231283669956,0.021824926,0.014890912,0.028706409,0.01771603
ID_4BC87186D0,1,0.41336005771760953,0.4937858,0.26297277,0.38911787,0.40645593
ID_7225A8E436,0,0.019854623945354845,0.02305341,0.013525041,0.030251011,0.0153748095
ID_86CEC28F3E,1,0.44835878747331126,0.3993451,0.59667516,0.5459791,0.29489988
ID_6F0AB120D9,0,0.05867912420997859,0.07145443,0.042928506,0.053252913,0.04081299
ID_05727EA2DF,0,0.010395440600345566,0.012141901,0.005751803,0.014761639,0.0110685965
ID_19180C3F36,1,0.20496362302070886,0.22083184,0.1616311,0.18661185,0.23881933
ID_FBC8C62546,0,0.061469844812947025,0.07793397,0.037140988,0.058845043,0.04518613
ID_BA8AA0437B,0,0.19669597551491244,0.18223746,0.19664724,0.19437593,0.25894666
ID_9DD6034104,0,0.044237309800669825,0.056134723,0.032774933,0.047550052,0.01707519
ID_AAA0113D48,0,0.02590460493119873,0.031597193,0.020894963,0.014943504,0.017358748
ID_99E858BB19,0,0.009460110217257232,0.010681576,0.006885935,0.00936935,0.009856759
ID_872A5EAA72,1,0.21419600949431306,0.20392404,0.28661624,0.15161902,0.12955971
ID_C63CA3DE28,0,0.019206324583058036,0.027104225,0.00749543,0.008126887,0.015762042
ID_C153C2AD8A,0,0.04097602276418269,0.042439222,0.044258628,0.03816087,0.028974893
ID_0E30613526,1,0.13037509493358973,0.14740773,0.11824714,0.18028623,0.06261498
ID_06160FFF9C,1,0.1515520090037332,0.12426321,0.18497816,0.17296983,0.18589924
ID_DB5ACB3ED9,0,0.013069465725726752,0.015790945,0.009355196,0.0133756455,0.0093961805
ID_81D31BFE55,0,0.030681065996591747,0.037092153,0.025766158,0.021303447,0.018203726
ID_26945414E7,0,0.01927293978908501,0.0194533,0.018665379,0.02202641,0.018613333
ID_6CE356AD31,0,0.6353385551263115,0.6589804,0.58852667,0.70855755,0.60387224
ID_17CABB5DFC,0,0.014216441673102908,0.01772516,0.009247571,0.011036151,0.011425464
ID_FC50FE9237,1,0.613007974800134,0.5693294,0.7110302,0.592485,0.59637487
ID_B276E6A572,0,0.10549222715384887,0.12398602,0.08418396,0.061447125,0.09220243
ID_62AEDE5F50,0,0.1204520032849182,0.11443889,0.13870236,0.13441825,0.100640826
ID_8B003B88A1,0,0.02515363426950367,0.03679843,0.008873358,0.017259032,0.014279768
ID_A45E37BCD5,0,0.15777359083916193,0.18309295,0.13421209,0.13716927,0.11023868
ID_C213643714,0,0.2833776146821255,0.21375452,0.36779398,0.4236539,0.33553764
ID_013CDB82AF,0,0.09930272641991478,0.12403318,0.07373052,0.046756875,0.0724945
ID_87457F824E,0,0.07582951748934268,0.07886572,0.064808324,0.07207188,0.08827083
ID_2A28583295,0,0.020675387138532154,0.024841627,0.014741205,0.018019626,0.01694624
ID_F4668680A0,0,0.14160537424353725,0.14944239,0.1139246,0.27432683,0.109991446
ID_EB555589A1,0,0.040408670730672856,0.0502734,0.022585444,0.02353691,0.044284385
ID_40D80F1999,0,0.045507126457054764,0.04805285,0.041035075,0.04930348,0.042681094
ID_9D12A60ADE,0,0.09820138338373938,0.10676964,0.0747582,0.083239034,0.11878185
ID_9CE596457F,1,0.12197903333869209,0.11081578,0.16415434,0.13469379,0.07316889
ID_3706B7C0A4,1,0.3537706118588552,0.41543108,0.22771725,0.4069271,0.34027487
ID_8F8671947C,0,0.27095228870864024,0.3072752,0.27688548,0.19082566,0.13956892
ID_03CC900419,1,0.40799482238517637,0.41972485,0.40248305,0.43896878,0.35671827
ID_C4052110C0,0,0.16663089807673837,0.13999099,0.20827085,0.21687327,0.16805044
ID_6F56A1B375,0,0.019405902101192092,0.023718726,0.015285218,0.01834519,0.010471572
ID_38655B3261,0,0.1666281374970126,0.17950927,0.1266337,0.27462757,0.15087643
ID_93B175B4CE,0,0.03578889399843559,0.047895644,0.019737655,0.033612773,0.019977722
ID_94DA6B2B92,0,0.0958791578345389,0.1150222,0.06783036,0.081381425,0.08142323
ID_ADB15DAF04,0,0.037485689832439245,0.050176736,0.022171162,0.038347915,0.016299209
ID_DB4132A281,0,0.04710917047276018,0.054755032,0.04297763,0.0371859,0.027968312
ID_856BA5A9C3,0,0.1409675005121907,0.1069569,0.17341444,0.23298183,0.17506352
ID_0E93506096,0,0.013641384377987457,0.016220203,0.008433249,0.01543555,0.0131271435
ID_F0B21D673E,1,0.18806032967731906,0.20861605,0.1604047,0.22187255,0.14572921
ID_5AA0146297,1,0.4555164778746674,0.5407051,0.32948503,0.546537,0.32598475
ID_20305B9377,0,0.022630028061538153,0.020736642,0.026631078,0.031894114,0.018014992
ID_33B587DF52,0,0.01227406360083381,0.015041583,0.008339019,0.012234288,0.009030489
ID_88029631BD,0,0.012730535071459971,0.0163217,0.00758876,0.01035039,0.009613056
ID_A501DBE302,1,0.5852360607263646,0.55692047,0.6348014,0.6600232,0.5660411
ID_1E72CA7833,0,0.039006137539195705,0.05161097,0.025536565,0.023451248,0.021382948
ID_B6A62449F0,0,0.027896851603877615,0.033565015,0.020481437,0.02431226,0.021399371
ID_CFE756727C,0,0.7845682716833999,0.78834397,0.80484223,0.79020447,0.7226575
ID_DDC9913BCA,0,0.08619293122749422,0.08859836,0.07679463,0.11068273,0.08550687
ID_8F61A9BF2C,1,0.4170181034616363,0.35090858,0.522105,0.6617259,0.3644596
ID_4DF98494F6,0,0.014010879166405206,0.018525412,0.0073297033,0.012626511,0.009857195
ID_B8CA392208,1,0.3663335142411771,0.38846642,0.31750816,0.36955398,0.37607938
ID_2AE1B228CD,1,0.17458548631108486,0.15983476,0.19563018,0.31010082,0.13274147
ID_4D44425BFA,0,0.02100639120237731,0.026552476,0.014038894,0.018752605,0.013484171
ID_6B9836615A,0,0.02860523465623252,0.023029294,0.03748557,0.036946278,0.02949704
ID_E7A487C28D,0,0.06208514795858555,0.06125352,0.06269069,0.090239786,0.052029796
ID_1F06132868,1,0.7760505943208658,0.7432933,0.8514541,0.8500743,0.7205445
ID_741468C077,1,0.37368810461158164,0.3874184,0.3733243,0.4011736,0.30443174
ID_C42159A2FE,0,0.0650929146907209,0.06570789,0.06477525,0.08266163,0.055515714
ID_BB1CEF93E8,0,0.0369958795628631,0.042116806,0.031639505,0.039510608,0.02573675
ID_7708D3E3DD,0,0.04571003267120413,0.059971128,0.027439037,0.04837685,0.02344014
ID_FB3BBC7A6E,0,0.09041016330615242,0.08724608,0.099260904,0.13359724,0.065977804
ID_E6050A8ADB,0,0.040460437345625794,0.04281781,0.03254761,0.030987533,0.051595688
ID_7819836374,0,0.10655480386781611,0.11279709,0.084263004,0.11921843,0.12245804
ID_A258C9D801,0,0.10967440507225056,0.100705035,0.12262614,0.103280276,0.12260431
ID_FD14CF4952,1,0.2685810080624832,0.23453332,0.30347145,0.24765244,0.34682482
ID_B8FA63B8B8,0,0.18601754253846697,0.18648537,0.14636807,0.30866432,0.21562809
ID_1B6017149C,0,0.5802265799875204,0.5349071,0.63233244,0.61826545,0.6434982
ID_4E276343BC,0,0.016193520997653896,0.01695179,0.012792326,0.033014983,0.0129505815
ID_95A1BD77B1,0,0.07104418533204833,0.098954074,0.028187757,0.039365977,0.05877202
ID_72D643FC5D,1,0.39602444814892773,0.35236168,0.45530427,0.50839174,0.40450212
ID_A8020E1B7E,0,0.07160191236092128,0.06195627,0.08664525,0.12407389,0.057244543
ID_4DAB9E7860,0,0.06091518354887196,0.07568654,0.044037282,0.04775905,0.0403968
ID_960FB404F2,0,0.522129347010658,0.41834116,0.5769536,0.7304209,0.75257844
ID_C5E6DEFCDB,0,0.06999983247594847,0.088011585,0.044609547,0.05562666,0.054570314
ID_9A555E2E65,0,0.18112057119324315,0.22661765,0.11820344,0.08031857,0.16764784
ID_FBF399CDA1,1,0.19186959410638893,0.2011489,0.17801008,0.23725186,0.1625813
ID_2433403D2D,0,0.017054365333655133,0.022214914,0.00849928,0.012679376,0.015492449
ID_4081DD7CE4,0,0.12249703819802958,0.11172359,0.14355168,0.06503831,0.14793316
ID_0CADBC6379,0,0.09417361716486902,0.072337285,0.1103318,0.19605404,0.107433185
ID_91E2FE0018,0,0.02582053403013041,0.02877925,0.021718629,0.03250584,0.019194951
ID_EDC08DB9C2,0,0.3609669391441875,0.35685298,0.36038515,0.32745543,0.39421782
ID_C539F4FA12,1,0.06348509847944171,0.07046797,0.06511967,0.037579585,0.041745566
ID_707BDD972D,0,0.256860472532882,0.18868183,0.31225166,0.26928926,0.42090365
ID_A3BCB66F9C,0,0.03696669295984473,0.044097356,0.024798907,0.033005595,0.03464365
ID_D6E3414BFB,0,0.12194456004067634,0.13897398,0.088150404,0.12608539,0.1206252
ID_8294327885,0,0.042139394317605716,0.047437552,0.038218707,0.022201493,0.036838457
ID_47BBAF6345,0,0.21754614660567856,0.22508863,0.21032828,0.18489967,0.215368
ID_ACE47BAEA2,0,0.011248381562143656,0.012985268,0.008468662,0.014654378,0.0083823325
ID_DC74589B83,0,0.4020914151759283,0.34399396,0.46891215,0.41366437,0.49936417
ID_2BF87C5805,1,0.6347871587899427,0.6811108,0.6100756,0.5993259,0.5073832
ID_1142C99399,0,0.08670303025289766,0.08835894,0.088315465,0.106301695,0.067699395
ID_EC93212ADC,0,0.02834228101064055,0.034122847,0.02357154,0.01994497,0.017794399
ID_740141B95E,0,0.17905073979342306,0.16866504,0.18545009,0.19425,0.20261198
ID_BF3D160351,0,0.01964299548225657,0.022051372,0.0155124655,0.018201144,0.018948488
ID_7AA3E22601,0,0.01955303361274241,0.026214737,0.0089439,0.014504966,0.01634328
ID_91A007D4F4,0,0.4474700152818757,0.42080256,0.45963937,0.6373147,0.45136917
ID_B7382418F7,1,0.11571301548651614,0.11035615,0.12636657,0.11664707,0.11510356
ID_77F91FF70D,0,0.18975506914113907,0.1571719,0.1970294,0.28314963,0.27121097
ID_86597822DB,1,0.8575073321420245,0.8845944,0.8223871,0.84166265,0.8252177
ID_EB690CB1DC,0,0.022483003688903477,0.03019038,0.013408503,0.014841783,0.0126903085
ID_4A904D7A74,0,0.015043032843474764,0.021520164,0.0064539798,0.008148638,0.009085307
ID_4F3EFFDF72,0,0.03539288643503186,0.0494872,0.015152857,0.026263673,0.023193885
ID_0F470567FC,1,0.7656369667335154,0.7804635,0.7581871,0.81663245,0.69669724
ID_D8E857E16E,0,0.11869609227049664,0.10843033,0.10922164,0.10134474,0.1899897
ID_AE62EF2578,0,0.034861508474983795,0.037571356,0.02848677,0.043998286,0.033095002
ID_7847B5145C,0,0.013493788781463765,0.015906485,0.010542717,0.007921779,0.01205135
ID_8DF0E72B52,0,0.03714745250670201,0.04747978,0.025219427,0.02610744,0.023858283
ID_DB774DF8D3,0,0.20758036277056008,0.19854227,0.22946809,0.15880786,0.22010547
ID_6C621AB5BF,0,0.04687024674050447,0.053919353,0.033783514,0.03969465,0.048264485
ID_A4566D460B,0,0.033014211571146555,0.045578774,0.016065618,0.018666966,0.022497635
ID_F99E54FF27,0,0.042844946344983335,0.061297055,0.02075051,0.024621502,0.020161984
ID_69C14F633B,0,0.15522454266038263,0.1811636,0.13258235,0.16630322,0.0892866
ID_8781C0336B,0,0.02160039087879126,0.025518723,0.016057089,0.020823086,0.017262172
ID_A61FD07551,0,0.015514715493658458,0.019130737,0.009503233,0.020144006,0.011102269
ID_ED42F30053,0,0.01292432241442847,0.016903875,0.0074420017,0.0084447395,0.009810279
ID_424CA2CE54,1,0.38489001420419333,0.36483657,0.39228934,0.57072634,0.37280253
ID_EA57931DFF,1,0.019833380734896516,0.020702766,0.013848897,0.029261636,0.0248847
ID_131A7A9382,0,0.44579240874752746,0.32988787,0.62196976,0.57462966,0.501796
ID_5C0ABC18FD,1,0.5996513133136578,0.5215028,0.72030336,0.60055006,0.6708866
ID_CA5A83775D,0,0.01959391222311511,0.02242517,0.017160287,0.021188565,0.012147722
ID_ACF606B2EC,0,0.24022866131468634,0.23893513,0.26445276,0.22717486,0.19942582
ID_4BDF6F7E62,0,0.33745587829411006,0.29883763,0.398343,0.28239128,0.39414063
ID_4AB00D3D3F,0,0.07575196410322131,0.084028125,0.06718883,0.062324267,0.064979725
ID_DDA8C0F9D8,0,0.015882165366420495,0.019126322,0.010922662,0.018753741,0.011551695
ID_6022DCC70D,0,0.13676910939685366,0.15698841,0.10859151,0.104015164,0.12599671
ID_B4ED0BEEED,1,0.1539674037870246,0.15365806,0.15704258,0.13400412,0.15738103
ID_F66CFA6C8C,1,0.15201267818898365,0.15679905,0.13982965,0.14912643,0.15916616
ID_5479154CD2,0,0.011630675276776768,0.015310976,0.005875437,0.0090042595,0.009559581
ID_7FCC156E90,0,0.08522785874642455,0.09520803,0.06855868,0.1200956,0.063586384
ID_A0EAE5630E,0,0.019506452048414228,0.022678887,0.013966948,0.022466764,0.016684705
ID_27A9D32490,0,0.017615379197527377,0.021987125,0.011816361,0.015572582,0.012460159
ID_0D37C01059,1,0.3391531862378183,0.28212604,0.4682142,0.33323732,0.30601373
ID_D904743FD5,0,0.049082869985160024,0.05367798,0.042114247,0.051005807,0.043763407
ID_244166C001,0,0.01711692587207634,0.022810712,0.008886839,0.014813509,0.011700164
ID_93F272715D,0,0.022188827230193442,0.02829959,0.010107419,0.025373252,0.020878157
ID_8951D1AE95,0,0.013530662010514297,0.018636663,0.006015838,0.012714592,0.008416595
ID_0D3C467D16,0,0.019890596586012374,0.022712832,0.01207446,0.015455381,0.0266569
ID_A1E1F4BE67,0,0.11948069805036732,0.15355663,0.07614294,0.081096426,0.08509241
ID_24181F81D0,0,0.21269294551118606,0.17863072,0.30218753,0.26077312,0.14378688
ID_8D192EE80D,0,0.061932909038217646,0.08022667,0.034130305,0.052745204,0.048225217
ID_AC08FAB969,0,0.018383619142460433,0.023027532,0.012040754,0.011937568,0.015163598
ID_70B209F774,0,0.01288493421509963,0.017647304,0.0051460126,0.012327862,0.009591647
ID_C842F43EDC,0,0.22119382584826744,0.19751842,0.2860661,0.19069186,0.19544044
ID_1BFCC9239A,0,0.019842580989195387,0.02432577,0.015600071,0.013731462,0.012650728
ID_58E6C262D0,1,0.23239692064462034,0.23515469,0.21851783,0.2843228,0.22787318
ID_2D70DE6300,0,0.19179232436901042,0.2589161,0.09336463,0.13913076,0.14206368
ID_AD98A761D8,0,0.37688011845174785,0.3451768,0.41639253,0.42393875,0.4056608
ID_AF6BAC8753,0,0.07540599903503326,0.088567935,0.055832956,0.102448225,0.049951274
ID_0D2D4222E9,0,0.044580514107044535,0.036299728,0.05824527,0.063225985,0.042154487
ID_9EE7E576AA,0,0.009046161469972142,0.011690953,0.0047793393,0.0060913176,0.008303901
ID_4FFB7DE7F7,0,0.015496242941427022,0.018300924,0.011085712,0.009644454,0.015648982
ID_5152A4BC6A,0,0.05685779851778736,0.06862768,0.033741783,0.06732329,0.052114937
ID_6F7D9F68F9,0,0.08449368302690577,0.092253685,0.07131054,0.06531872,0.08831944
ID_308880D11B,0,0.1093042776481239,0.1047815,0.12057103,0.11525638,0.1016653
ID_0C23CDE83B,0,0.12966018296704046,0.13259177,0.11317557,0.18507822,0.12846826
ID_262C296C68,0,0.050156973997509194,0.043475516,0.056161977,0.065823145,0.058697965
ID_6E5DB67370,0,0.5506746269739038,0.53859544,0.6557637,0.51790446,0.3906097
ID_B7972FB070,0,0.016551446100877526,0.014873692,0.016312283,0.027224535,0.019506041
ID_9A5807C1B4,0,0.13650075941458661,0.1476666,0.11155237,0.13376282,0.14399797
ID_38DA1C1A1A,0,0.012334242081441401,0.016141588,0.004031689,0.014254474,0.013208235
ID_A722EC5852,0,0.11287370043982733,0.13370822,0.10452092,0.09412976,0.050867196
ID_9B864F2B57,0,0.04544870101299214,0.040011384,0.04889575,0.07365739,0.048748747
ID_DA0996C156,0,0.0403189263607142,0.042178724,0.0413445,0.033074126,0.033413276
ID_7AE5736D4A,0,0.022207084301288503,0.028744875,0.0107248165,0.019608373,0.020326523
ID_6D40D46FBB,0,0.03562145458914138,0.040012907,0.02766696,0.03939964,0.03246917
ID_A1A30638AA,0,0.022890165271174576,0.023248833,0.022774464,0.027489956,0.019616727
ID_8688C25B73,0,0.046182921718047026,0.054698125,0.036192127,0.051678427,0.029213643
ID_93FFB07B2F,0,0.03362979048030108,0.045801457,0.016305154,0.030552614,0.020668441
ID_720F6C04FC,0,0.04926678015472658,0.060964607,0.033818237,0.06035018,0.028111922
ID_B1A3C1D181,0,0.03331414924006636,0.03210136,0.031247407,0.02075365,0.048350696
ID_EE44912B36,0,0.1421843084567549,0.15862949,0.11737086,0.15562358,0.12001773
ID_51B54656D1,0,0.05925889793802823,0.075482585,0.033185348,0.037466962,0.056089383
ID_2C5CFDF229,0,0.030722761048308005,0.03185228,0.027889991,0.03752196,0.029059524
ID_36B48B66E4,0,0.012780125485827097,0.016629117,0.0070583457,0.008098203,0.010819995
ID_F30769EA40,0,0.02294728372243462,0.025172561,0.023278477,0.013253206,0.017053433
ID_7ED049AFB6,0,0.010113600009247006,0.011553105,0.0081166355,0.010764387,0.00802691
ID_B67F2DEFF3,1,0.4373376970686282,0.43080914,0.47296876,0.4412494,0.3868059
ID_D3039952E8,0,0.05206296871884401,0.06556888,0.034219645,0.06374209,0.028140312
ID_1F4DA39939,1,0.021732925140903036,0.025152465,0.017637689,0.026334908,0.0140526695
ID_8CFB2EF265,0,0.011054550501009328,0.012606524,0.0077824173,0.010907646,0.011575363
ID_E978DFCD0F,0,0.07482950339374676,0.07694054,0.07380465,0.10353249,0.055590026
ID_B5BCF84D53,0,0.060567670547988714,0.067639686,0.047300637,0.05361046,0.062156603
ID_DD1B9E1849,0,0.019033017139013248,0.023190225,0.013960718,0.019031048,0.0123364525
ID_3A5DA04513,1,0.5097032640549146,0.5039804,0.55592644,0.6197272,0.3867889
ID_11C146C4B2,0,0.1255711685717316,0.12601118,0.14236233,0.12901163,0.08619266
ID_30460AAF51,0,0.08469442821397885,0.09030063,0.093657546,0.09234688,0.03842747
ID_95D7F4EF88,0,0.02938292045445088,0.039407413,0.015652243,0.022129029,0.01961179
ID_A6CA780FBC,0,0.018442308420178813,0.023128677,0.012795939,0.010631136,0.0141437985
ID_BA80B7B605,0,0.051582267151778174,0.06064439,0.04099344,0.051473763,0.0360261
ID_533637CCA4,0,0.054548198895561895,0.08263754,0.020067241,0.023913547,0.023096344
ID_303EF28385,0,0.015589468693736246,0.020066814,0.009642814,0.01195461,0.010998422
ID_9D75664320,0,0.07097932502282303,0.08344333,0.047909554,0.12421927,0.044556662
ID_6D78DA753E,0,0.04257141726201112,0.04960432,0.02803092,0.044803407,0.04305178
ID_CD778193B3,0,0.038621557696959574,0.053072855,0.02003041,0.03431399,0.019274363
ID_C3BC0C4F6F,0,0.09373453473645818,0.09119357,0.09892354,0.07497216,0.10152629
ID_73F82D6653,1,0.4342110506941128,0.44381794,0.38416296,0.46593288,0.4871195
ID_3F420F22B0,1,0.12131648228899303,0.11895196,0.15510277,0.14141192,0.050080497
ID_A60861973B,0,0.014899398231061279,0.016046435,0.011289133,0.014400205,0.018011287
ID_F4485626C9,0,0.4047249661899319,0.3914582,0.3933564,0.42903632,0.4746096
ID_9E894BD156,1,0.09335950459122538,0.10296199,0.08174668,0.06473527,0.09014526
ID_13336C4BFE,0,0.007340473106705346,0.008335343,0.0053517167,0.007095189,0.007506828
ID_9A03961424,0,0.38065682048368676,0.34709194,0.40525118,0.38594428,0.46751735
ID_E280BC4892,0,0.013697791344287748,0.01666427,0.008525757,0.0146595985,0.011829798
ID_9376339DB5,0,0.3094793714077856,0.285703,0.39577717,0.45847693,0.15994857
ID_30081A6C57,0,0.07533393427968232,0.08126661,0.05931835,0.072353505,0.08590267
ID_8681264B09,0,0.06986473890932988,0.08846159,0.05131661,0.05072102,0.039363805
ID_C9D0A7D6C0,0,0.08353128461972037,0.09507384,0.08492622,0.031380102,0.05446676
ID_41C29BD66E,0,0.056472909333465326,0.07100429,0.037387926,0.05617154,0.0361001
ID_DC5F8F28AF,0,0.02146937229587239,0.029765513,0.009774936,0.008668515,0.017056286
ID_DF05A4E33E,0,0.17611983674509657,0.17628878,0.17368774,0.18923166,0.17490698
ID_CC3C144286,0,0.01944317233250599,0.025117844,0.010413969,0.017835803,0.015517986
ID_DAE23FA7C6,0,0.02360853470044348,0.025790833,0.023005487,0.016879153,0.0186081
ID_5A814F3A5C,0,0.012117548431889044,0.013746381,0.008286397,0.01193648,0.013527407
ID_0AFA0BF9BE,0,0.030156962391030048,0.03897465,0.01800635,0.02712847,0.02025732
ID_5086F5766B,0,0.093026962060831,0.08655357,0.12861782,0.1000306,0.041000325
ID_6D72B6B55F,0,0.014573934626002528,0.018673632,0.0095331045,0.008914971,0.010518953
ID_5F69A16F11,0,0.013604027127565055,0.015750112,0.009028825,0.014096552,0.014129213
ID_227981D3F4,0,0.025161003018054934,0.026492774,0.022632238,0.0381007,0.019313784
ID_394D328781,0,0.518752545739796,0.57243025,0.42615885,0.44926548,0.52069783
ID_EA91FE166D,0,0.1334293989555969,0.16082242,0.097627036,0.07764189,0.11872058
ID_5E3701058C,0,0.015524263580434777,0.018823205,0.010233116,0.01468488,0.01329118
ID_2CEF425E43,0,0.08752288275163406,0.11719836,0.053135466,0.07208597,0.042538933
ID_5689373BCC,0,0.09786949865590419,0.1278169,0.055702955,0.05486758,0.08043835
ID_D7F9E3AB3A,1,0.31421047071342645,0.37602574,0.26459688,0.2267168,0.19740139
ID_F2BF788970,1,0.26054866546959166,0.3451306,0.15299678,0.16101241,0.17700695
ID_7C7F17DE2E,0,0.025312581009004114,0.028412372,0.022135831,0.017307203,0.02250972
ID_9DAEBDC3AC,1,0.3003231845943831,0.24604315,0.35459986,0.46949977,0.33966237
ID_39E156075E,0,0.031263759143957445,0.028885158,0.028894447,0.03997309,0.042607084
ID_4482144E01,0,0.09182866549565481,0.10554199,0.069858246,0.113584444,0.07148946
ID_84313D8F4D,0,0.013317040705581429,0.016931677,0.0070758327,0.013588555,0.011302809
ID_71EC836A16,0,0.021862102432751034,0.025419855,0.015240225,0.017808206,0.022790428
ID_C9B42620A5,0,0.2678978974931413,0.2450174,0.34117004,0.3447673,0.17396122
ID_BA3C94BC8D,0,0.023643926793568634,0.027227858,0.01972869,0.019909259,0.01851646
ID_CC90653DE5,0,0.02283191333607002,0.028408984,0.016929423,0.012777437,0.016294524
ID_473219F230,0,0.10250342298401247,0.106264524,0.08684151,0.096796565,0.12268403
ID_362B95F597,0,0.042340751358840925,0.033749368,0.053879928,0.039441902,0.05517885
ID_01CBE266B3,0,0.1942188192059633,0.16264616,0.26495668,0.17529766,0.18422703
ID_77F87BBB82,0,0.012695598582471063,0.0144136865,0.011043136,0.008643801,0.010741881
ID_18B5EDAB4E,0,0.09399554980214882,0.093328685,0.097296715,0.07433781,0.09830293
ID_AD243163CA,0,0.14230280573824627,0.16951087,0.12139373,0.11641046,0.08339733
ID_B30684F444,1,0.142137615247942,0.18357706,0.09061441,0.10706389,0.09272955
ID_D60ADF5565,0,0.03925752582833685,0.040031504,0.043982748,0.049647808,0.021319775
ID_ECE355B512,0,0.011210503461894153,0.011444831,0.012565304,0.009679844,0.007980772
ID_E5FB0B2DB8,0,0.018990192484014776,0.019589115,0.016677367,0.016522465,0.022494657
ID_A71CDD33DE,0,0.01700244894050207,0.020570606,0.011802788,0.01967715,0.011902986
ID_29DD3807D3,0,0.02054799917494086,0.02323828,0.01967416,0.014342206,0.0137522975
ID_AA30A96558,0,0.1746393042157367,0.21009317,0.11107125,0.16829774,0.1638526
ID_34D15E64D8,0,0.028228048901018273,0.03628514,0.018424388,0.01646062,0.020319402
ID_4C70F8F2EC,0,0.04781147895385009,0.06138793,0.030966314,0.036229186,0.03158922
ID_0DCE740CEC,0,0.014394664783459465,0.014692829,0.011841783,0.013762129,0.01888579
ID_D883DD28E9,0,0.039971188176736006,0.052835293,0.024354132,0.0265397,0.024932627
ID_B2BC22438B,1,0.16482295424040144,0.20087843,0.122322716,0.1227394,0.12188058
ID_7BEFDA533A,0,0.01903154250112355,0.018940298,0.017265337,0.021070931,0.022317015
ID_0DE993E086,0,0.12180550320097172,0.12846799,0.11806701,0.16397424,0.08327229
ID_21EF5F2DE9,0,0.03040189302669937,0.041416757,0.011582656,0.020852078,0.028359339
ID_8456E68987,0,0.4238165225023672,0.4603205,0.382702,0.45158884,0.34555468
ID_C3F0C20514,0,0.13732772761561035,0.17099056,0.09355768,0.12770502,0.09307611
ID_85872EF5D2,0,0.028008677501563616,0.034082968,0.018507745,0.029831162,0.02191059
ID_8B72C657D5,0,0.02924390941718079,0.037734076,0.016635498,0.030218614,0.019966118
ID_DE0C40C96B,0,0.017586647569032346,0.017902499,0.019024879,0.013696765,0.014861644
ID_220978532A,0,0.16019451436220675,0.15749899,0.17683902,0.16171344,0.13522616
ID_936D78F217,0,0.015895659996714624,0.01301316,0.021600364,0.022681436,0.012888731
ID_3C2A59A5BA,0,0.30509066754791425,0.21410264,0.44082534,0.33565807,0.38532898
ID_D84BFDF020,0,0.009568003996903213,0.0121341115,0.006247109,0.0065976437,0.007136121
ID_C4D8392C5D,1,0.017330741780908168,0.023354141,0.008559188,0.011607709,0.0131724
ID_E33BB000F5,0,0.03891007588282504,0.051035214,0.029131254,0.022194248,0.01590429
ID_BFB16CF8E4,1,0.5908026416897045,0.6188408,0.55101764,0.607845,0.550162
ID_C043643103,0,0.0223562962514504,0.028563343,0.013426459,0.02146406,0.015655195
ID_B76DC6F0B0,0,0.025749645018300682,0.032963086,0.015463051,0.020037532,0.019804575
ID_9C40D332B3,0,0.013571743372548408,0.017679188,0.0084962575,0.007064409,0.009928153
ID_C1959C0524,0,0.03501894705936379,0.044136338,0.021624532,0.025581537,0.029313812
ID_2804D11FBF,0,0.07512193403797678,0.094847776,0.044329025,0.07768051,0.056653127
ID_0FDDBDF9BF,0,0.008827664113001154,0.00977738,0.0055169207,0.009488377,0.011625773
ID_C8423622BE,0,0.02493592172806883,0.030965272,0.017687898,0.01901578,0.01757025
ID_2E5C74B3D0,0,0.11825384719124254,0.15642957,0.07807968,0.054995738,0.07058694
ID_759391C41D,0,0.02717316475349857,0.027457789,0.02311092,0.047201607,0.025952993
ID_4BB253D02D,0,0.012120984395296054,0.01543109,0.0052090567,0.014332732,0.011987383
ID_6D75EDE0C4,1,0.16575925591564958,0.11441152,0.25642133,0.3000259,0.12986785
ID_C88D10FCAD,0,0.0511908312307847,0.063443825,0.034981612,0.05709168,0.03157938
ID_184C007849,0,0.024299200234159896,0.031041378,0.014952732,0.015312231,0.019757656
ID_8EFA80466D,0,0.01736235197667129,0.017482258,0.017330011,0.018709706,0.016337406
ID_64331AC362,0,0.013838141013469283,0.015373297,0.010555941,0.022064297,0.010801789
ID_6EFA556039,0,0.051635168153442226,0.065588735,0.03098957,0.052455362,0.03656425
ID_4B8DD1FD19,0,0.04140141835112367,0.040255547,0.044843264,0.051999778,0.03424359
ID_56FB12B378,0,0.015842098000726723,0.01888547,0.011136328,0.021222925,0.010722525
ID_873F8B3558,0,0.02739178747205063,0.036608186,0.0159087,0.023580007,0.014715833
ID_A7815A42CC,0,0.07048439422990574,0.08039071,0.0602375,0.08048219,0.04621987
ID_85A0938C3F,0,0.06678508744101584,0.07814979,0.055069853,0.05049377,0.05096336
ID_EC436BB79A,0,0.010836578769880145,0.01397402,0.0062194443,0.009901989,0.007882055
ID_23C498BEB9,0,0.2857710872383979,0.21479997,0.35241687,0.40439674,0.39118782
ID_9B2F10AD75,0,0.02631704999834713,0.032409962,0.020143718,0.027918266,0.013098721
ID_609223639D,0,0.2716513535483614,0.23853703,0.29780418,0.28482708,0.34982523
ID_8E8119784C,0,0.08883844930796683,0.097425796,0.06527503,0.091659345,0.10184431
ID_B8CED1646D,0,0.02667792507643266,0.025806332,0.02690778,0.044430744,0.02213166
ID_D7E72DC8B2,0,0.03293359535459835,0.043503795,0.018548995,0.02316442,0.0233542
ID_372E6F0B6A,0,0.06461156965075897,0.06307244,0.04746421,0.11863076,0.084354535
ID_E85209FF8A,1,0.06976235316851988,0.042726193,0.10928455,0.06604491,0.1009215
ID_74CD219D2F,0,0.06479030719402926,0.0742738,0.06198594,0.047554225,0.038220212
ID_E8A1EB265D,1,0.1345638582776621,0.10824119,0.1815538,0.16367531,0.13237695
ID_53BCA21816,0,0.22780010776680717,0.27035922,0.12624492,0.1831836,0.28513992
ID_C613236650,0,0.021193448483380145,0.02232172,0.016410574,0.023153922,0.025827833
ID_B64F781C1C,0,0.011911354897214326,0.013764335,0.009449572,0.010250366,0.010081159
ID_CEDA03CD8B,1,0.08597670129994775,0.11581018,0.050423324,0.060640838,0.04714078
ID_B6B592CD80,0,0.03537685514359601,0.04540129,0.025960745,0.024660878,0.017860042
ID_4D2F9B6A24,0,0.040078392866571284,0.028979931,0.055786975,0.063344985,0.04316779
ID_7D5499BF36,0,0.05768904301365943,0.07176043,0.044214483,0.05924414,0.026417175
ID_38B317F908,0,0.019560590814427084,0.019944549,0.019737044,0.01901027,0.017798487
ID_37A90C1F85,0,0.02445774126620985,0.032354575,0.014186829,0.016002962,0.016784994
ID_53650C6366,0,0.23646161448968256,0.27016473,0.19694133,0.16702724,0.20899586
ID_257CE0A585,0,0.018601550361272885,0.01846256,0.02140925,0.01825678,0.013316804
ID_47730DBB4B,0,0.0929539691812793,0.10767294,0.077750914,0.110823825,0.055539995
ID_D0999B0496,1,0.456719394420421,0.524739,0.32538277,0.36573294,0.49050105
ID_2EF41C00B0,0,0.017585818029086764,0.022398349,0.011760118,0.017244574,0.009882348
ID_37C8148BB9,1,0.30413203605017924,0.26360425,0.34806857,0.3471716,0.36248696
ID_766867DA53,0,0.014346588000790996,0.016546644,0.010088529,0.015403909,0.013717072
ID_ED27E6E8C4,0,0.04406043292557044,0.061289877,0.022629695,0.023318864,0.026221238
ID_313E771A8D,0,0.06217867286676837,0.06025427,0.06159452,0.046670217,0.0783289
ID_B5312F7A2C,0,0.2104628181731491,0.20556223,0.20041552,0.27917603,0.22278363
ID_0AA74CB0B1,1,0.6839671736989683,0.68464005,0.709556,0.6974705,0.62034595
ID_279735689E,0,0.03092518038051092,0.034148395,0.029903414,0.026464947,0.021432497
ID_F4CA7451C3,1,0.9341912582375664,0.9584573,0.91912115,0.829876,0.90938556
ID_46D7CE8A8D,0,0.34907965045381156,0.3235157,0.36554304,0.26936734,0.45660332
ID_F0AEC1B378,0,0.013155112848403892,0.01536263,0.008724906,0.016524168,0.011855625
ID_1B6E04E494,0,0.022859938226636865,0.028057178,0.01699102,0.016378464,0.016299076
ID_BF8EC8139E,0,0.05028992736390982,0.06474644,0.03434828,0.028892612,0.03268683
ID_493D4136D9,0,0.07864593544256557,0.098787434,0.046832792,0.071046054,0.06503622
ID_75CD1C7D31,1,0.12218042930537167,0.08127121,0.15693551,0.19337998,0.18956797
ID_1AD1F1FDC7,0,0.029586656786027666,0.025996996,0.0385984,0.03470792,0.023201533
ID_5AC8E3C500,1,0.6159380130390217,0.6576323,0.55517745,0.5925904,0.5801558
ID_092F2E3D7D,0,0.07810494371131108,0.07490946,0.091221586,0.10465425,0.051907174
ID_985A0772EC,0,0.033609223140379764,0.03268414,0.045183375,0.020012753,0.018620098
ID_3376A15ADD,0,0.20334790449764173,0.19693431,0.18191522,0.2820356,0.24214073
ID_DC0AC0AFE1,0,0.10462752111528385,0.11486093,0.092763744,0.124389485,0.07819202
ID_9E0A8E4118,0,0.44070907035844853,0.41285768,0.49529943,0.4804205,0.42406198
ID_08AD8CFE0F,0,0.10898926047117938,0.086227655,0.16907749,0.10669204,0.07733957
ID_D2842A49F3,0,0.04738373753250541,0.05311626,0.04413569,0.05582445,0.026432915
ID_42BB2DAF57,0,0.05700465498644701,0.06465918,0.0486124,0.045887828,0.047487006
ID_C7119DA1F3,0,0.024906534438741336,0.028212696,0.023137411,0.017664915,0.017878685
ID_CFABFC57B9,0,0.037065059570234114,0.050693806,0.017778208,0.042405706,0.018482469
ID_EFF045CE18,0,0.0483371352016749,0.053642087,0.048329953,0.027056672,0.03519794
ID_39E4B86301,0,0.14052542581267785,0.16530533,0.09710936,0.12317412,0.13644302
ID_C1D4CD64D8,1,0.053511045337716334,0.069501214,0.03521525,0.052166194,0.025732031
ID_9C342796F7,1,0.21639111975859732,0.13458125,0.2502969,0.24140169,0.47867444
ID_3622EDAA9F,0,0.09559731239382932,0.12088519,0.0701475,0.07077534,0.054084584
ID_F5753BB5F8,0,0.09941849139474043,0.1147829,0.08104213,0.081259236,0.08178769
ID_45BF2EC176,0,0.020115870882149237,0.027168326,0.012785191,0.014669573,0.008394967
ID_2C441C5DD0,0,0.14828358746501108,0.1535085,0.15368816,0.13564436,0.12010743
ID_2F421ADF26,1,0.7511805079255807,0.68202716,0.8006886,0.8838408,0.879555
ID_429C8CAB9A,0,0.011253989299475279,0.011607827,0.009855028,0.007540105,0.014377643
ID_D63B45C748,0,0.04466445374037068,0.046588223,0.04257859,0.05307003,0.03734049
ID_CE29549C3E,0,0.036972383533419334,0.049990166,0.022843791,0.013881094,0.022301927
ID_2307BB5B07,0,0.3068041224120396,0.2538568,0.34746462,0.360303,0.4201405
ID_04BEE8344B,0,0.12864376514557657,0.116647884,0.15024658,0.11138979,0.1405473
ID_671E6B44B9,0,0.07040750856945824,0.058519047,0.080817714,0.0957595,0.08729363
ID_965C70F7EE,0,0.027679968010257728,0.037847355,0.011573588,0.016248614,0.024221685
ID_10599D13E5,0,0.04645286084735014,0.028165948,0.057932377,0.048381917,0.09830996
ID_5F1DCFF870,0,0.02959417933854459,0.030095106,0.0293481,0.038581684,0.024086267
ID_C0321A23B0,0,0.058638526847168054,0.05164677,0.06752379,0.10033522,0.050966315
ID_B986FC4C65,0,0.035342121147946264,0.036790244,0.038743306,0.034731906,0.022189232
ID_18377C0D49,0,0.029821355062023915,0.04286206,0.012535343,0.022041813,0.01515239
ID_4D732BA4ED,1,0.3690380796502367,0.3215084,0.45346406,0.41857412,0.36731425
ID_ACB8F247A2,0,0.023106668677493836,0.025360812,0.0194978,0.02250625,0.021578515
ID_C4DB4AF26D,1,0.1918837506236326,0.13852845,0.30272955,0.23316798,0.1617169
ID_49AB2F8F80,0,0.01880867203938831,0.024653524,0.009091242,0.012115029,0.01785735
ID_6C54C33F55,0,0.02642514559182118,0.032881964,0.016610702,0.020846147,0.022608472
ID_9CD2198D26,0,0.018415221268603135,0.026269246,0.0069701094,0.009128934,0.013804689
ID_C1EB8E94B3,0,0.05885081490640859,0.057910986,0.06312925,0.094982505,0.037897088
ID_70BCE96FEE,0,0.0612133655123729,0.076008886,0.039954174,0.038812637,0.054020766
ID_399FD84FDE,0,0.22705528740769243,0.25580657,0.14012718,0.14822717,0.3263155
ID_C99526CBFD,0,0.028858330256929562,0.034795225,0.017442485,0.041234307,0.022848492
ID_5171FBC895,0,0.016228737073899064,0.020266367,0.009906436,0.012467972,0.014357611
ID_E4C0E397FC,0,0.09246604238660633,0.100169055,0.06627687,0.09051307,0.11692452
ID_9F7EF553D4,0,0.016087551343211933,0.02158208,0.008747112,0.008048537,0.012105131
ID_3046ABB04D,1,0.5504541223156063,0.5098031,0.5531775,0.6537971,0.6714488
ID_07F3247020,1,0.23600077850513326,0.1586456,0.24095236,0.29435638,0.527022
ID_49BF733C17,0,0.011619998054519538,0.01380154,0.008264044,0.009398228,0.010563058
ID_D6F9C0F356,0,0.01587446798099712,0.019676408,0.00857414,0.020804001,0.013309697
ID_4FF6CE63AB,0,0.0605771025342539,0.08175154,0.031027306,0.04181591,0.042610057
ID_3F36F32E9C,0,0.1417634946684146,0.16923176,0.12271207,0.11169413,0.07959382
ID_86438BAF73,0,0.19463173836490116,0.105271555,0.32560763,0.39883268,0.2025071
ID_0B61E47877,0,0.07201996258976343,0.087120675,0.040942818,0.08309919,0.07000306
ID_5D31EEF52D,0,0.03426742038431521,0.041392855,0.02771332,0.015720656,0.026282689
ID_47D0B031BE,1,0.056266882634000925,0.055429995,0.05659216,0.06705179,0.05440654
ID_90FA69DE25,1,0.1038037868137506,0.11271706,0.100291766,0.089778185,0.07976325
ID_CBFE9B36F3,0,0.07384224316608314,0.08215622,0.033373818,0.11366949,0.108135216
ID_F463CE6957,1,0.26926278452791075,0.32882556,0.18381815,0.2581309,0.20555161
ID_AB03478187,0,0.027862823451239582,0.027153248,0.027581105,0.050388988,0.021648131
ID_573B02144F,0,0.010256840762732136,0.0134027675,0.0047138836,0.009206918,0.009302673
ID_9B4C87F451,0,0.04676860266736016,0.05295268,0.042813078,0.04398677,0.030318031
ID_E9674D4EC6,0,0.07819632099397271,0.077977106,0.07409497,0.089310914,0.08307601
ID_E5AD0BED68,0,0.08432490893517684,0.06062663,0.1325568,0.099465616,0.07446719
ID_64F84AA0C3,1,0.15798847759938348,0.14625965,0.159159,0.18666047,0.19257222
ID_8FF5F8933D,0,0.02955124984285034,0.029197203,0.026994197,0.04531434,0.029662108
ID_A23AA1323D,0,0.019106181978085012,0.020249043,0.017102737,0.016007151,0.01992226
ID_83ED8FDF3A,0,0.21460984515808185,0.23767297,0.18734998,0.15686376,0.20073856
ID_BEC2783837,0,0.010012947582574112,0.012828729,0.0050054914,0.0053775157,0.010868985
ID_37E0981D8C,0,0.12291751837427467,0.14502163,0.09773335,0.098560564,0.09409416
ID_1DFDD98755,0,0.09606806384122007,0.103155,0.09391271,0.07736272,0.07887958
ID_06A138007C,0,0.03401079246385265,0.03822484,0.020160163,0.07609395,0.027558917
ID_497196054B,0,0.04426403931926444,0.047186743,0.045872055,0.039746486,0.030425906
ID_5C7F477C62,0,0.08272561168478687,0.1039004,0.06204607,0.074356556,0.04119971
ID_EF7C571C54,0,0.4852926213318494,0.51780444,0.37682843,0.5001221,0.57402277
ID_B08236ED28,0,0.30713092545212023,0.30184382,0.28610787,0.36757877,0.3482328
ID_C83D260CE7,1,0.2535330037792882,0.26081622,0.19620964,0.2751208,0.33629015
ID_2FF179E5DC,0,0.04562999567910267,0.052270282,0.036594078,0.04480154,0.03729678
ID_70D063BDE2,0,0.06110461185828341,0.079517856,0.037726898,0.06467864,0.031837057
ID_0059BEBA2D,0,0.024323117282294887,0.031915016,0.012591066,0.029925374,0.014946428
ID_BF74202D6C,0,0.043234248978678974,0.05319371,0.024952352,0.034971938,0.043940376
ID_3E0796A0CD,0,0.011100685104375218,0.011764715,0.010525878,0.00847698,0.010669665
ID_4E654F7336,1,0.23914646532539546,0.32607365,0.1368934,0.17313355,0.11970891
ID_F448B46558,0,0.017424392538945833,0.020849437,0.01415381,0.01102363,0.012748083
ID_8E93129D62,0,0.06878241037208051,0.060006008,0.102297336,0.051807202,0.041399155
ID_70CFF22CFD,0,0.03033225601697353,0.040066727,0.017861098,0.021079652,0.019956913
ID_CF4E9AE02F,0,0.02759480931227607,0.034377865,0.01994534,0.01832468,0.01936366
ID_109FD162AC,0,0.37418628197345416,0.2969264,0.4078055,0.53310657,0.5594735
ID_B50724E72F,0,0.3906176879901597,0.31737664,0.48842275,0.45368928,0.4630097
ID_FF7E334BDE,0,0.08972783020111927,0.09974783,0.07370155,0.071551286,0.08966119
ID_7FA23D398F,0,0.0636596594407591,0.08466659,0.0380873,0.058626678,0.03188478
ID_B0E9CCA6CA,0,0.0487854110314716,0.05411169,0.04275063,0.058760025,0.034861416
ID_1643906EA9,1,0.15239342558355073,0.17551787,0.1022083,0.15371938,0.1616894
ID_E924AFBEE4,0,0.011140238590616943,0.013761688,0.007174979,0.012112935,0.008137762
ID_48953DCF13,0,0.09428858512444968,0.11104567,0.08225312,0.044909567,0.07077631
ID_FCEE314397,0,0.012685978184349491,0.016490377,0.007362406,0.011045661,0.008734356
ID_17F2795F84,0,0.025827912870658557,0.02965667,0.019627277,0.029449387,0.021361023
ID_BFDC192F9B,0,0.1156786582575138,0.11342531,0.14915738,0.09166251,0.06386089
ID_5384F46281,0,0.045677229910361314,0.065900885,0.017783621,0.02821022,0.027613582
ID_D30F19AFFF,0,0.1126208060384982,0.09493941,0.14267646,0.083866976,0.13544524
ID_EF99D7E0E6,0,0.016635199513491194,0.019035652,0.011404503,0.023802552,0.01458133
ID_E00C7B85C8,0,0.14496668907564014,0.1682274,0.12207223,0.13939062,0.09815458
ID_6723E62FCB,0,0.022946315813133382,0.02846596,0.017878756,0.013215291,0.014719758
ID_28940AE842,0,0.029522044344257266,0.04226531,0.012713823,0.01503008,0.01801183
ID_25BA537B4E,0,0.01392247973872551,0.014903006,0.013115598,0.011177084,0.012704085
ID_BA3DD4539E,0,0.018219963599805565,0.017464556,0.018840743,0.031357422,0.014355731
ID_C91C5B864F,0,0.10640267460790645,0.09997751,0.11458706,0.102331564,0.11778865
ID_6DACB3B68C,0,0.0243695969252022,0.02954383,0.01855229,0.02179064,0.016094172
ID_B1027771A3,0,0.008294639307522701,0.01062176,0.0036796643,0.0052353414,0.009687929
ID_7187A9C820,1,0.7444342156226009,0.75896204,0.74264926,0.67345643,0.71777487
ID_2732EBFAF5,0,0.4669155382999649,0.3893559,0.50990355,0.5531163,0.6650724
ID_BD9EFE26B7,0,0.02884670087712414,0.035955753,0.018807972,0.030664053,0.019529188
ID_F869B668F4,0,0.06438638318655962,0.078491285,0.03921529,0.07110429,0.05581226
ID_9599F96C7D,0,0.07539245584962516,0.092147306,0.062285256,0.06131785,0.038799196
ID_ED1EB43797,0,0.06486946511943698,0.08341655,0.042551965,0.06074502,0.03611756
ID_5B25D780CA,0,0.015858478397569948,0.021272823,0.008015754,0.012149376,0.011405104
ID_93FFA53E98,1,0.4338004654212416,0.3729154,0.54781294,0.6179856,0.36638758
ID_6DA260D72C,0,0.7533652857513856,0.6921889,0.81627864,0.77697396,0.8667918
ID_592030DE7A,0,0.1791932729771546,0.1541573,0.24164769,0.14404967,0.16640256
ID_FB06A68BAE,1,0.6053306584059508,0.68164045,0.53954524,0.4609229,0.4867335
ID_A3B69AED68,1,0.9197831355503838,0.9531781,0.91193944,0.8732025,0.81570953
ID_D6FCCA0A7D,0,0.33200568000266306,0.35281914,0.32130638,0.27891815,0.29009226
ID_5059825A24,0,0.036761409150773514,0.05237567,0.014298202,0.019976012,0.026241884
ID_22111AA0E9,0,0.3072964207432274,0.3669483,0.22141163,0.4150743,0.19231915
ID_CE04E83760,0,0.028416769037771385,0.029925557,0.028499532,0.025901744,0.022955954
ID_09AFF4323F,0,0.05835973460427359,0.05864313,0.056924745,0.05098614,0.063453816
ID_AA8E9DBCA0,0,0.022977068190106587,0.028217537,0.015668709,0.02480011,0.015701141
ID_2E3FF13F71,0,0.041162396284732866,0.04892381,0.031338338,0.03858209,0.030542994
ID_7629A43215,0,0.13737579639533495,0.1590133,0.1059636,0.14263134,0.11097671
ID_D64332C5E4,0,0.03396145418258404,0.034118816,0.03538611,0.05353251,0.021708941
ID_B331AE0B24,0,0.036178121832218434,0.044971235,0.024684645,0.026716603,0.027776979
ID_746B2EC3EA,0,0.23699004527931522,0.26064098,0.2287697,0.20179684,0.16996117
ID_DA5681665A,1,0.3101935055732061,0.29207283,0.34401193,0.39361757,0.27790487
ID_94281F8B38,0,0.08997392541078854,0.107475944,0.08230385,0.036770497,0.055614863
ID_564D90A173,0,0.02499414799308096,0.03314917,0.01178787,0.017478293,0.022116996
ID_5F842E0539,0,0.051907849433363684,0.057165097,0.04524583,0.05357614,0.043241985
ID_EE0E8BB358,0,0.12086274092570473,0.12076955,0.07752584,0.13818778,0.2066656
ID_333A924022,0,0.02006401626541134,0.025760215,0.010946921,0.011120338,0.019434286
ID_ECE981C7E7,0,0.03913686118328158,0.039734937,0.03602333,0.020886933,0.051242035
ID_D14E83AA7F,0,0.04932379855101057,0.066486016,0.033028502,0.029694911,0.020267922
ID_98DF8E53AB,0,0.025989656702230697,0.03137513,0.015985953,0.028954472,0.023384627
ID_7E5961DBB6,0,0.016522170247591218,0.020127254,0.011684251,0.012691444,0.013326364
ID_885D3E7E60,0,0.02417783970557769,0.031607516,0.013499356,0.031779543,0.012355523
ID_DE3B45AFDF,1,0.2528602423201789,0.19317085,0.31227037,0.40983808,0.30937764
ID_9539B7BA47,0,0.018698878532815127,0.019959908,0.016749524,0.016364502,0.01856596
ID_45D18E8542,0,0.06523555605028322,0.08483673,0.03871887,0.04420368,0.048404284
ID_3CAD80122E,0,0.03718473340972084,0.050780587,0.018670097,0.02812171,0.023363413
ID_52A2A2FB52,0,0.06861550761224214,0.063511945,0.0766928,0.061430432,0.07600048
ID_A2EA453DA3,1,0.6903526341647992,0.7740755,0.5973054,0.5897034,0.5798148
ID_B086F449ED,0,0.010220844800653927,0.013033303,0.005955652,0.0077140355,0.008570842
ID_044B228B0C,0,0.00855316667591042,0.010474492,0.004294155,0.009318821,0.00923139
ID_9FA1C2B376,0,0.037237566631138086,0.036042187,0.044946708,0.031029988,0.02846121
ID_37C70B3AF8,0,0.01054118960518705,0.011529697,0.008697749,0.008903753,0.011029579
ID_EC837BCA25,0,0.07135687430290094,0.07858337,0.0720299,0.054985855,0.04649368
ID_365C14D779,0,0.06393167065473762,0.08707385,0.036260135,0.04095043,0.03545498
ID_5FDDBC3786,0,0.008544803963358825,0.010201496,0.0053676935,0.007048071,0.009007403
ID_1FBFC0E041,0,0.036782568250382154,0.026490476,0.055788115,0.038158953,0.038932234
ID_695E4B2B05,1,0.6657770363170915,0.643025,0.7116817,0.7067365,0.6456559
ID_78821E3840,1,0.4375318072544361,0.3328149,0.557904,0.3639113,0.65418965
ID_6E69215F57,0,0.023542045089861297,0.03283504,0.009444177,0.019199312,0.016382562
ID_198F0FE0D9,0,0.01529375455116384,0.0147111025,0.015465355,0.0237905,0.0136855
ID_71CE3766A4,0,0.02812502148330915,0.031112405,0.020629505,0.035011396,0.02857013
ID_BACF864B48,0,0.12392462278604227,0.14502193,0.11593585,0.16236514,0.035099115
ID_88BCC8201D,1,0.7328769351527742,0.7140843,0.7100785,0.7864949,0.8378696
ID_B522DB3941,0,0.07302248957747245,0.0931619,0.047637757,0.06958431,0.043818057
ID_53C8F56655,0,0.5148336871283874,0.51975125,0.46678048,0.6591936,0.5341912
ID_112CE07136,0,0.06381811617916683,0.066562034,0.05909007,0.053518273,0.06684781
ID_024DE71DEB,0,0.20511661500884248,0.18797639,0.17474416,0.20525365,0.34268197
ID_E45CEACBBE,1,0.5595898286944139,0.5677461,0.5533986,0.56846255,0.5345157
ID_51A586042D,0,0.02369850558674289,0.026690273,0.019309223,0.03743285,0.0144769
ID_F0ED65C992,0,0.010258440366794696,0.013859732,0.005458987,0.0059835445,0.00718977
ID_0420FDF24B,0,0.21263713335059928,0.2121381,0.22726181,0.24130654,0.17087898
ID_91658CA369,0,0.13172440978887168,0.15459178,0.09188892,0.11566704,0.12748411
ID_2341A796CE,0,0.13659844001850446,0.14336737,0.1476687,0.13894457,0.0832082
ID_E67C238D49,0,0.14439523518265457,0.18355486,0.0968338,0.08671176,0.10598435
ID_85DBD2BE6A,0,0.06103498892991435,0.056528617,0.085217215,0.04893634,0.03349042
ID_24A5ECECBF,1,0.6793280079317507,0.6969218,0.7053964,0.6973946,0.54114217
ID_40C6D4F66D,0,0.11433899357019756,0.12529065,0.119070254,0.08436387,0.07094963
ID_8D7EB08209,0,0.16796208868370782,0.1712237,0.16409774,0.19501893,0.15066612
ID_BAFFEB28DA,1,0.6119164999137914,0.6632925,0.59873646,0.4823355,0.47944096
ID_31DA646AA4,0,0.033071176478444916,0.036664378,0.025832543,0.047001645,0.02733311
ID_9BFCAB3CB1,0,0.09636299577112035,0.09655575,0.10493818,0.097853705,0.07650376
ID_179394CA43,1,0.025643469097373854,0.02980293,0.01894776,0.018213667,0.025657553
ID_E06786A647,0,0.09057464085041034,0.121142484,0.052410997,0.082591094,0.046668842
ID_F6A5E77070,0,0.09681332106936913,0.122520536,0.06286309,0.07732165,0.069438055
ID_F205A10119,0,0.07717577311265683,0.10057025,0.05610142,0.05149965,0.034655564
ID_B7DBC7404D,0,0.015389283920587525,0.016836971,0.014583619,0.01214707,0.012409552
ID_1D3737BE80,1,0.4318957726897545,0.43766445,0.4295448,0.43337345,0.411903
ID_B979DD0D83,0,0.022632863010497876,0.022982256,0.02249051,0.030747905,0.017923485
ID_75EDA66599,0,0.1203178142500083,0.13521755,0.12335181,0.08468802,0.066340476
ID_9143DB0CDD,0,0.02737546753579716,0.031228855,0.019136526,0.027306203,0.028785564
ID_CBAD884282,0,0.026835698085577647,0.033213563,0.01610344,0.020748068,0.025543358
ID_14083549F8,0,0.06728892015346369,0.073856115,0.057268135,0.07524724,0.05754716
ID_F696CE079C,0,0.02416918315140213,0.017496923,0.03633709,0.03656817,0.020875579
ID_944F435816,0,0.03137137573949587,0.036612157,0.022070846,0.035281293,0.027457805
ID_36E731859B,0,0.16341521009155588,0.14441122,0.14229652,0.30025336,0.22942223
ID_6CA6F0CE64,0,0.03268965461756855,0.036618028,0.028374473,0.024157593,0.029054914
ID_3809168610,0,0.10200181282820295,0.11595753,0.09093453,0.09042516,0.07177946
ID_E355232E4C,0,0.025031212500831002,0.028704416,0.017375926,0.036460195,0.02093904
ID_68D82FD55A,0,0.02803924357242974,0.035914235,0.019547874,0.017182989,0.017688416
ID_5959931BDB,0,0.1647279141416913,0.21348327,0.10308223,0.17270479,0.087333485
ID_963B2226A1,0,0.10045463838775628,0.09338475,0.11035219,0.14198397,0.09101431
ID_75C75B1C26,0,0.26184593087089864,0.2944601,0.22035582,0.40247995,0.15163994
ID_548ED72E43,0,0.016624916624587927,0.022037216,0.008781665,0.013167746,0.012071504
ID_82BC51EC18,1,0.20187161363928302,0.15813431,0.27927506,0.24255902,0.20303358
ID_B1D9BFF55F,0,0.016506018691750834,0.02055085,0.010225792,0.018652745,0.011939076
ID_BB3BCEBB8D,0,0.04519003802771255,0.057570115,0.025711862,0.039012797,0.03731831
ID_AFFD750E4B,0,0.02503517732703671,0.014456867,0.036257092,0.042840406,0.0379301
ID_04FA0000B4,0,0.23458034810310016,0.23941521,0.24800129,0.23253804,0.18623844
ID_FA81F24920,0,0.052858875113314,0.072324045,0.03268412,0.030682158,0.023497786
ID_927783FB16,0,0.022270625472320185,0.028493831,0.011988472,0.010124503,0.023307659
ID_EB8DDB0158,0,0.12591944700849586,0.16458811,0.07500552,0.1770276,0.04935292
ID_8B84C3C024,0,0.0907668280321145,0.09803249,0.0613573,0.07639079,0.12939775
ID_3F36FFA6C0,0,0.319624002042337,0.32707313,0.29212657,0.40668458,0.30916077
ID_4D614CABF6,0,0.284735690933995,0.32052827,0.18896753,0.3195433,0.3236513
ID_575048010F,0,0.12432565994725571,0.1258326,0.105797164,0.10241474,0.16724999
ID_E1D8B0818D,0,0.015694248647391093,0.01665836,0.013489377,0.01441777,0.016903745
ID_B2C8751FC5,1,0.5046458441798019,0.49685505,0.42668784,0.68894345,0.62447697
ID_97100A9DA0,0,0.04361876713990444,0.05674302,0.026167307,0.051371053,0.02218103
ID_E0038A5E51,0,0.104450587535711,0.11235748,0.091560684,0.100257404,0.10049558
ID_05BE7BA469,0,0.029882267694353294,0.029876722,0.022708343,0.042968914,0.039589778
ID_C4E7D5E68A,0,0.011936134389032228,0.014298547,0.007942885,0.01420411,0.00952436
ID_511074DB4E,0,0.26298977711518323,0.27758008,0.23800527,0.2229576,0.27234164
ID_08486C3EAD,0,0.02536084376635794,0.0335787,0.015540854,0.02201664,0.013135719
ID_72999F1E8E,0,0.04940789102842312,0.04834823,0.04414242,0.07568946,0.053726986
ID_AA37CAF858,0,0.024165182554984573,0.03253747,0.013534428,0.009816198,0.01782328
ID_34D4631531,0,0.06016113083123211,0.06441427,0.0544476,0.043404616,0.06173784
ID_D4D65BEF07,0,0.08521249742950512,0.10519262,0.058652505,0.041770305,0.07664062
ID_CA06FF63D7,0,0.016651109931541237,0.02031198,0.01253264,0.013285319,0.011473481
ID_A9D529297F,0,0.02747848409257288,0.033288963,0.02123278,0.023612533,0.01799278
ID_0ED44BE949,0,0.4952913514699854,0.5235029,0.46049848,0.58775353,0.41033325
ID_B55AB04BC0,0,0.1160637759467201,0.1477352,0.0811059,0.0992148,0.06447962
ID_F044EA170F,1,0.38775522862647027,0.2826579,0.58222693,0.3874419,0.41511756
ID_26947D54CE,0,0.019403303574701665,0.02534942,0.012288666,0.010641085,0.0133423265
ID_50B6D61FE8,0,0.023880125038965364,0.023242781,0.022613786,0.031832077,0.02582509
ID_C5628B4DF2,0,0.026389435682302485,0.03452903,0.015526337,0.01943231,0.018307673
ID_392FCBA091,0,0.03807643837299507,0.047738735,0.026883624,0.02143837,0.028483493
ID_D6C1289C2E,0,0.10986846779956458,0.10493794,0.12788896,0.07776427,0.10605527
ID_CD97353252,0,0.04242286708357678,0.05213301,0.025087792,0.03834256,0.040329225
ID_FF038150B9,0,0.38263736926610503,0.2596509,0.55403894,0.52328265,0.4736827
ID_414B8BC988,1,0.5304770937501514,0.45369527,0.6312804,0.6137624,0.6025978
ID_C7895C4120,0,0.23323435136612344,0.19346868,0.3590755,0.17869829,0.15520911
ID_1C0B813D2F,1,0.6188248529760567,0.53802735,0.7481639,0.74283445,0.6289618
ID_1CF2C23F91,0,0.017120401624856556,0.02114614,0.010477101,0.015650902,0.014989352
ID_CDB87F4722,0,0.029932838490192973,0.03688637,0.019402653,0.027057474,0.0243727
ID_89E22BE507,0,0.03894739419701364,0.04435227,0.035729922,0.03251751,0.025798542
ID_8D11925F04,0,0.03329235750043183,0.03177684,0.040210973,0.033726905,0.024670025
ID_F5EA19AFEC,0,0.0903522961802162,0.10334898,0.0762845,0.10706062,0.05829176
ID_DDBF55026C,0,0.04674156534021907,0.045917112,0.05113923,0.043597218,0.042164907
ID_5DF92A5F15,0,0.009121212193963972,0.010995132,0.0061059543,0.011231811,0.0067456653
ID_ADD088ECFB,0,0.015860844067738696,0.016011566,0.014315861,0.027812356,0.013327916
ID_F1A32CCA7C,0,0.01069690227582927,0.013180933,0.0072215046,0.0104920855,0.0077379663
ID_38BC5A405E,1,0.44834683657620317,0.4746121,0.42790467,0.40414345,0.4004082
ID_76A67C2BB1,0,0.015082372893550187,0.01571969,0.016153911,0.018045938,0.008797246
ID_CF5BCD029D,0,0.013617375729730319,0.017426593,0.008940912,0.0112229325,0.008586012
ID_6980ED86C2,0,0.059509464464694475,0.07193218,0.043299776,0.05885515,0.042038813
ID_4104E49175,0,0.04757949383309485,0.057459574,0.040315393,0.024799695,0.031315524
ID_F378D4685D,0,0.07741465140146073,0.1077089,0.037651278,0.032772288,0.05407703
ID_D975495317,0,0.043981131667459566,0.04378788,0.04490867,0.031012364,0.048461776
ID_9114228FC4,0,0.009279109763202157,0.012459605,0.0037946503,0.008763507,0.007820381
ID_EAE72E6B2E,1,0.7147313249281291,0.7760557,0.5702903,0.69205207,0.77515686
ID_D0A81EC5C2,0,0.011788902022868721,0.012117745,0.010366093,0.013150447,0.012856983
ID_6D07271D29,0,0.03440431879166525,0.04146851,0.03247131,0.014877389,0.017193217
ID_F387932A75,0,0.02205405954356463,0.02461949,0.0184176,0.020751964,0.01957474
ID_0F2EE5CD18,1,0.5066961377215835,0.54505557,0.43808106,0.5790887,0.46012944
ID_15495ACADE,0,0.6656099984930549,0.6160889,0.7534922,0.6287531,0.7025518
ID_5E0E0B6A51,1,0.2396115714047808,0.22414427,0.25143474,0.1526278,0.31756702
ID_9A164919F9,0,0.027064255220200773,0.030599983,0.01800297,0.020357218,0.034474943
ID_943678CD3E,0,0.017114243533826023,0.021911496,0.008716632,0.024619214,0.011572107
ID_F4B398D528,1,0.40335919127003916,0.31101155,0.55516857,0.37117925,0.48221684
ID_BF904E1B41,1,0.46629490381423255,0.402233,0.5108629,0.6148515,0.5768089
ID_898BB5BCB4,0,0.03202963547380678,0.032208357,0.028742747,0.033269133,0.037784267
ID_3BD1B59F89,1,0.4473530402184681,0.3752794,0.5822867,0.49411273,0.4422757
ID_9ACF3BC225,0,0.09469546098965456,0.12708429,0.04616254,0.08665785,0.06535648
ID_1CF5BFCAEF,0,0.020242082701641663,0.023647415,0.015675887,0.021789609,0.014963603
ID_CD7559B1E3,0,0.019331649307542727,0.023770358,0.014534268,0.014760865,0.012846669
ID_1F8F241D4F,0,0.1114806543268383,0.10962026,0.14065485,0.04917834,0.08392406
ID_F434E86359,1,0.3664552588681592,0.5161375,0.1662132,0.3761994,0.15884191
ID_B0855DCCC6,0,0.1268464787035246,0.13037163,0.1266719,0.135101,0.108717404
ID_4F7A87CCDB,0,0.060893819174006755,0.06894558,0.043768164,0.053115692,0.06697498
ID_EF12EFD850,0,0.013663940707612697,0.01869121,0.006148713,0.008562025,0.010751864
ID_CFAF88AB27,0,0.04769535482249508,0.055245493,0.04193033,0.033346552,0.034392312
ID_C3D71B969C,0,0.07493791052920565,0.076525256,0.0842842,0.072642915,0.049178053
ID_D85123576E,0,0.3385237019738877,0.32577682,0.36056852,0.25954154,0.37956226
ID_D838747B32,1,0.5400053922466189,0.51037323,0.5629178,0.5948133,0.5922588
ID_CA93CB69DA,0,0.38485130952247837,0.43784457,0.3198223,0.36647144,0.3082843
ID_C109B34C64,1,0.24456678829436385,0.22868116,0.2724093,0.24251448,0.2529062
ID_C62C5EA3BB,0,0.08305304853223534,0.1037344,0.04917777,0.118115366,0.052987423
ID_60413BC9DD,0,0.02918460462233826,0.034167275,0.025710355,0.016482504,0.021105869
ID_FB2B551A73,0,0.025405802512460357,0.033399425,0.013932856,0.017223338,0.019783553
ID_EDE2B075AE,1,0.03827712273984083,0.035867415,0.049342334,0.046391554,0.021193225
ID_F76DA42065,0,0.1093892485626775,0.09580176,0.12435184,0.21140316,0.09027674
ID_08A9A59187,0,0.048368447622739515,0.06039826,0.027638948,0.027126387,0.05122878
ID_B2D28F4FB5,0,0.2901996023029648,0.24492593,0.318342,0.3568736,0.39219874
ID_41FDB86549,0,0.05690792269198801,0.050568465,0.072724134,0.037339676,0.05831595
ID_CD6FB40966,0,0.013711981568427525,0.01771156,0.008196704,0.012212528,0.009284906
ID_D94B9C5241,0,0.03660899966629372,0.048151813,0.020576857,0.029999532,0.025073875
ID_383F654BCE,0,0.10346994078859025,0.11218369,0.09409586,0.05303719,0.10871771
ID_D2CB818D3C,0,0.027782314774532725,0.028737888,0.02713701,0.029251618,0.024485623
ID_680AC854EC,0,0.049440674254257175,0.05112829,0.04043605,0.038851634,0.06623636
ID_FD7CFA3464,0,0.12628194839127754,0.15708606,0.084837936,0.104775056,0.09430869
ID_5D75F6B366,0,0.04132523439314513,0.055702362,0.023543805,0.024264408,0.026113965
ID_3927E8D50B,0,0.018837990890625853,0.021685382,0.013514554,0.016223611,0.019357186
ID_7AC74C27E7,0,0.03363808633510064,0.043729965,0.022487503,0.032554448,0.0153578855
ID_CBBCE6B838,0,0.030196060850024183,0.04301936,0.015381474,0.015225214,0.014279689
ID_303770C248,0,0.033091713607436665,0.03739562,0.02930188,0.03700709,0.021316288
ID_EDD9D5F613,0,0.021938550030173955,0.02511389,0.016645813,0.024978852,0.018540319
ID_B6364ED643,0,0.0057548684174685925,0.0065500196,0.0038201823,0.0051572346,0.006803297
ID_8F7EBD78F5,0,0.5780814418319147,0.50925064,0.64207786,0.7051523,0.6764501
ID_EA396DF6E4,0,0.07148889518474269,0.08383397,0.05758466,0.063475884,0.05260887
ID_4A7F11236E,1,0.36167482917511085,0.38838577,0.31629047,0.4019226,0.3285418
ID_96FC6F9BD0,0,0.14157317092770666,0.11835637,0.178437,0.13693371,0.16268727
ID_25F7F555D0,0,0.03410872743007505,0.04080359,0.02882427,0.024568813,0.021294964
ID_FF3918EBE8,0,0.042719276748349896,0.050522175,0.029628715,0.05585532,0.03208051
ID_8C7C6AE0F3,0,0.018132854550927308,0.020522684,0.013645541,0.017821487,0.017789312
ID_3F1471140B,0,0.03187661147912612,0.03449561,0.029568857,0.035703816,0.024084724
ID_DE2B839522,0,0.016316772692462154,0.022675669,0.00810049,0.008338783,0.010531703
ID_35566F82A8,0,0.016303026748168307,0.018472038,0.012511608,0.015270732,0.015714675
ID_B82D652344,0,0.06907496580130115,0.062295787,0.08037379,0.09734123,0.061181054
ID_34F6C7F9CE,0,0.03745745504764923,0.037600514,0.032632686,0.03967992,0.04623327
ID_2B9FFE16AF,1,0.3173310958020638,0.24364017,0.40411118,0.47090608,0.37582377
ID_192435803D,0,0.16864074991286881,0.16980971,0.19573891,0.11353748,0.12959027
ID_A584485ACC,0,0.006694639829696466,0.008139328,0.004857532,0.005093093,0.0052249343
ID_F44F626742,0,0.13061051815809335,0.1556463,0.08158311,0.087253064,0.14881921
ID_9634EEC4DC,0,0.06817005012832122,0.056635696,0.101266354,0.0871904,0.03765551
ID_76433A33CA,0,0.011247495534385952,0.015920926,0.0041080345,0.0073100203,0.008517919
ID_86E2D63958,1,0.2830467659172644,0.27653247,0.3259683,0.30517793,0.20887408
ID_740963795E,0,0.01790184621654508,0.017782496,0.017469866,0.014618223,0.020764474
ID_525B3E62F2,0,0.011797264112695844,0.016193021,0.0048378827,0.008493909,0.009579071
ID_D0F1D6380C,0,0.054797292954801374,0.057261646,0.043165836,0.07177493,0.061926987
ID_A8187362C5,0,0.019399911495842064,0.01955771,0.020583425,0.021971483,0.015073001
ID_BD1B2D6BF2,0,0.04615209777834767,0.04737374,0.048122935,0.03145823,0.043164197
ID_B502E88107,0,0.16457352809270365,0.13916497,0.18251343,0.37996718,0.13963449
ID_27152B01DF,0,0.020487035217857698,0.021861743,0.01820782,0.021921217,0.018938288
ID_E20EA5F8EB,0,0.14518628470010447,0.052342683,0.26453364,0.20624778,0.25513
ID_222DECAFFE,0,0.26109633355735495,0.23577805,0.27390492,0.29949406,0.32393625
ID_DAD97F206F,1,0.10745529427535383,0.12223348,0.083405495,0.13934001,0.0826587
ID_95F6F4AAC1,0,0.02798939155588937,0.024009595,0.033120286,0.033828314,0.031265758
ID_D7E72E74C3,1,0.40677787014494005,0.36878744,0.44343504,0.4904372,0.4523125
ID_D5CE13B64F,0,0.014962034168725614,0.017931782,0.008506322,0.018543417,0.014691917
ID_FE5D0692F5,0,0.410589531361136,0.42566702,0.4156652,0.40927875,0.33652118
ID_111B9C72E1,1,0.12469145426185005,0.11375103,0.15565957,0.1216841,0.10583273
ID_641A078766,0,0.0620747180578253,0.0688932,0.05251549,0.063625716,0.05307335
ID_E65D323642,0,0.03439604899350378,0.034544144,0.037033044,0.03072701,0.029712664
ID_1CDEEF7C7D,0,0.12442938306933671,0.12957306,0.09592157,0.1590848,0.14872532
ID_3EA34FD576,0,0.05274297942452578,0.06843525,0.027847365,0.036231723,0.0469918
ID_3782B549AB,0,0.2069933361198973,0.18485528,0.28834164,0.2098547,0.124853946
ID_A78A604D77,0,0.18775389134693007,0.23644151,0.15878567,0.09443602,0.08470527
ID_D70C961D69,0,0.07309272469380773,0.08567374,0.059198577,0.055701472,0.057281457
ID_D144A10A59,0,0.06388036120877268,0.07729326,0.040447425,0.048466817,0.064150974
ID_5DA932C0BE,1,0.26486913729235423,0.29359224,0.2545564,0.35109785,0.12795345
ID_DBEDA56DBE,0,0.01947738354998296,0.021820502,0.016788434,0.018956037,0.01556525
ID_F2B3FCC413,1,0.024078988127266634,0.021235505,0.028146751,0.029461607,0.02503009
ID_CC9BAF7FEA,0,0.303832974147467,0.3032999,0.34261256,0.24838682,0.24707112
ID_E6823EA6A3,0,0.3869017937819713,0.37044945,0.34806284,0.5067449,0.48753923
ID_71FFFE6F37,0,0.0889486012144797,0.09182987,0.078616366,0.13870862,0.07723847
ID_57E6AF6618,0,0.23827955001487433,0.27675107,0.20098378,0.2995074,0.12892337
ID_E3F2CF50EF,0,0.02006617348435308,0.023529869,0.015568251,0.02289208,0.013837213
ID_28807E6564,0,0.010477267442515668,0.012650281,0.0072242566,0.0058379467,0.010289392
ID_93D01AF001,0,0.0277926823989423,0.030563332,0.028097425,0.01869568,0.019389309
ID_096899D24E,1,0.352238807518097,0.3305097,0.3209995,0.41507804,0.48373452
ID_8E1955B47A,0,0.045894593992838406,0.03882686,0.058238756,0.06486213,0.04103181
ID_8D15ECF228,0,0.0485310978686314,0.061519474,0.024585463,0.03370162,0.051441904
ID_8D5AFBFEAA,1,0.325165533484476,0.29274452,0.35460553,0.2534095,0.43037894
ID_7CCAB84A36,0,0.11813180160037254,0.12667851,0.09698723,0.12891077,0.1226519
ID_CEC5C41A9A,0,0.05266786452971274,0.06200361,0.039745692,0.046572607,0.043569606
ID_721049C44F,0,0.010909072232959541,0.011416446,0.00913704,0.009637314,0.013119256
ID_9D8C5F5A7D,0,0.015250777316613642,0.020888172,0.008049616,0.008681694,0.009724764
ID_F158EE5DE1,0,0.1347955736257635,0.13224767,0.1308113,0.09264167,0.17249055
ID_CAB154BEDE,0,0.10782997036323927,0.11515929,0.08012977,0.1521613,0.116934195
ID_A212FD98DF,0,0.02957380919251172,0.033015884,0.02930709,0.021451566,0.019132378
ID_8F7B08C710,0,0.017109569790492718,0.023167906,0.008520176,0.014931804,0.0108673535
ID_A92C91D109,0,0.06885497026579589,0.095557705,0.034612823,0.03667933,0.043425556
ID_2AB80C4BAF,1,0.48396872560239634,0.45436788,0.4958295,0.6081645,0.52954984
ID_38D973E810,0,0.22452199562282127,0.26232898,0.17302996,0.22694366,0.1740617
ID_948A83CBD4,0,0.06100011266295856,0.055384256,0.07629221,0.06973993,0.048133153
ID_40F2BA4A09,0,0.08166840119366164,0.07791031,0.06951637,0.11341775,0.109786
ID_75601CE94C,1,0.13963337926598288,0.14220677,0.14837587,0.1938846,0.08635058
ID_D6EB4C51AD,1,0.5083849750501673,0.6873065,0.32348627,0.301749,0.23854797
ID_E45A4EA615,0,0.019944266853988347,0.023731276,0.015497354,0.023080284,0.01210364
ID_C7A7F12741,0,0.03091894267900725,0.03976013,0.017992334,0.017409638,0.027153153
ID_F336589D03,0,0.043341336119274244,0.057939325,0.024823483,0.024823744,0.0294109
ID_57D02C7E6B,0,0.027792130374254244,0.031717878,0.020488746,0.035452213,0.023520157
ID_F8857C89FA,0,0.02715634603947506,0.033638492,0.014799278,0.02703108,0.026309386
ID_B97CD96F70,0,0.041099839684127996,0.04818539,0.032250263,0.025691561,0.036839638
ID_10B5B8F59F,1,0.876002518261188,0.9315016,0.8329631,0.7764047,0.77707416
ID_925619A95D,0,0.014104000044583063,0.014369861,0.013238876,0.013592104,0.015058756
ID_06F4DCFB10,1,0.44944456580065256,0.43467158,0.4587147,0.5523526,0.4471657
ID_D3513EA0B2,0,0.04356894854842161,0.053869855,0.027908502,0.033943947,0.037802145
ID_9324D47A1E,0,0.3864726392351124,0.41286895,0.35337296,0.4978664,0.29730543
ID_DA4E2D13B1,0,0.05376623651925655,0.071114324,0.034635514,0.025759304,0.03365869
ID_E381CCD7F7,0,0.020110312223284254,0.024278738,0.0140516255,0.020106856,0.015482839
ID_8E311D5D24,1,0.6163809123941736,0.64117974,0.6082144,0.5977653,0.5371567
ID_C3343D4071,0,0.08137328531529,0.09801214,0.050791033,0.103740804,0.06687044
ID_B5557BFCBC,1,0.05407285988546846,0.056364954,0.040126845,0.09690793,0.055624407
ID_ED39B4059E,0,0.28301326410124017,0.30020672,0.28716424,0.3444364,0.17463543
ID_7F16D8B7F0,0,0.028304254575381365,0.026579471,0.03342637,0.023888389,0.02653472
ID_479F0C32AB,0,0.022846078311312856,0.023357002,0.023117492,0.017231964,0.022550767
ID_A1ECEB53C6,0,0.025138723918051126,0.024555804,0.025572587,0.025444703,0.026539432
ID_933BEC87FC,0,0.02191214414763201,0.027939238,0.014331822,0.017863002,0.014453241
ID_0B3BD88811,0,0.015914433034407045,0.011230489,0.022400483,0.02502052,0.01783705
ID_2562054737,0,0.010023464195663287,0.01022246,0.007885431,0.01516055,0.011529007
ID_F184D81705,0,0.04053212327390408,0.050214432,0.0282762,0.027840333,0.031414803
ID_4FDB9AD4BE,1,0.869370183550858,0.8696176,0.8678265,0.85789096,0.87663925
ID_022BEBD179,0,0.036720616923112376,0.03841891,0.027649507,0.027443444,0.053041924
ID_2536CC4177,0,0.0924975376574545,0.097302735,0.095141396,0.067610495,0.0773569
ID_AE018ADFE6,0,0.08934540165787169,0.097740814,0.09484152,0.074630946,0.04847168
ID_3FC3489C54,1,0.12684335233157223,0.17464924,0.07731391,0.0637451,0.05845541
ID_FDF5E40937,0,0.02018387253798394,0.023301357,0.016583765,0.022915833,0.01353386
ID_DD8B990A28,0,0.26358714667056915,0.2751074,0.23267414,0.31574592,0.2584505
ID_127802C2CD,0,0.0647417102658613,0.079528585,0.050121203,0.05649985,0.037173253
ID_3676919CB9,0,0.017025834362672312,0.024003599,0.0064492053,0.0155186085,0.010866485
ID_13163C7FE5,1,0.8254041550182434,0.76591736,0.9020928,0.87223464,0.89201504
ID_9FBFBBD999,0,0.04654422410604432,0.05765971,0.028714633,0.038600914,0.041253053
ID_3D351C5929,0,0.08991343498308821,0.10229752,0.07287147,0.097440295,0.0708252
ID_904E2B30C3,0,0.020106900751428472,0.02377753,0.011676578,0.018878791,0.02320543
ID_9F7DCDD606,0,0.19218098623885485,0.17021354,0.17619872,0.22115828,0.30671757
ID_821DEC31ED,0,0.014903526076285475,0.0184847,0.010205634,0.012171979,0.011029306
ID_AFEC6153DC,0,0.12541313689949943,0.11694515,0.1378581,0.2217757,0.092517875
ID_FC00049BD6,0,0.10749027199366862,0.10134151,0.12470857,0.14170791,0.08163881
ID_78863EDCD2,0,0.10058508742868773,0.11211804,0.09851511,0.060422517,0.07376775
ID_C4AC15ED6A,0,0.22726105071959068,0.20852937,0.29585922,0.21628635,0.16409977
ID_CD1F840777,0,0.009846655735280615,0.0128081115,0.0047349534,0.008553862,0.00885328
ID_7528AE62A0,0,0.06229125503445536,0.06260144,0.057274036,0.089328155,0.05995647
ID_65AFD34E38,1,0.6912095228536952,0.7410508,0.6666654,0.6572812,0.54790473
ID_9DB25F8420,0,0.009490253755578097,0.01230902,0.0049262815,0.008180137,0.007932838
ID_9436B15740,0,0.11712430303420657,0.13075864,0.09013762,0.074481115,0.13595122
ID_12FE695584,0,0.016929002541530624,0.020297239,0.01357121,0.012509487,0.011816328
ID_8A83A13A58,0,0.8229342483957012,0.8526762,0.7712314,0.77040213,0.8309821
ID_EF0D28B90E,0,0.014793596139999431,0.016614784,0.012378818,0.01584688,0.0118138315
ID_27CB62EB0F,0,0.00969370081593952,0.011687824,0.0056346073,0.009870126,0.009892125
ID_43BA4A0542,0,0.10084861198261427,0.12975405,0.06843604,0.085190505,0.054980844
ID_FB6B94995C,0,0.012838362168454062,0.017845457,0.0062738135,0.00615917,0.008659854
ID_46CA07874C,0,0.050513617319138934,0.06878836,0.024075052,0.03782004,0.035488605
ID_A2947FD53E,0,0.10581439657531785,0.10590243,0.08551504,0.21192583,0.10273119
ID_E6E0500E22,0,0.12157562502514765,0.13039614,0.08115707,0.235524,0.12130996
ID_534DC82737,1,0.7898091185182551,0.75505924,0.845491,0.8412414,0.7948803
ID_7B9180E643,0,0.15348618157168192,0.13596345,0.17933491,0.1777902,0.16153565
ID_E04BDEC44E,0,0.010621314856406504,0.0095520485,0.011129515,0.014439713,0.012387894
ID_86EC009451,0,0.01872982762915959,0.023253007,0.010319028,0.015304966,0.019139223
ID_592C7872AD,0,0.00989998740874143,0.011671873,0.004540214,0.011027401,0.013413611
ID_9FC17DC363,0,0.18604246302695931,0.17144929,0.17236398,0.3435108,0.20844664
ID_DA97D20BDD,0,0.014544033486541688,0.018543908,0.009629172,0.009024159,0.010580289
ID_9DF136937C,0,0.08809510139393784,0.11170622,0.061675295,0.062238082,0.056204107
ID_84824D6663,0,0.01554675520044839,0.01682096,0.015175218,0.011693924,0.012635495
ID_00C4F93B0D,0,0.06891755324246017,0.06957546,0.080368176,0.030295392,0.05840892
ID_D19E3A2D60,0,0.037831749940040044,0.040501222,0.040050514,0.021625333,0.028849501
ID_9BD5A31AFF,1,0.24650203936039322,0.17305036,0.30504122,0.3590125,0.38246223
ID_6E1402402B,0,0.019009245846130104,0.0226671,0.012367233,0.020685703,0.01705961
ID_43EAED9C9F,1,0.3206171890806064,0.3835233,0.25222608,0.22236377,0.24416518
ID_9F23B9753D,0,0.03406635880838531,0.036136318,0.034621786,0.04542659,0.01917054
ID_D864B2EB61,0,0.16134476471427203,0.19454922,0.10664638,0.09965465,0.1651699
ID_C28773D7DF,0,0.03426667623404783,0.03188795,0.039819773,0.03897695,0.030359583
ID_7393B83122,0,0.5727719412531549,0.53116626,0.6536701,0.76642454,0.490746
ID_70EA38F5B7,1,0.7277939583396235,0.66404766,0.82189715,0.82867557,0.7514986
ID_AFD7A15C78,0,0.054467398678907444,0.055346593,0.052926242,0.06152381,0.05097987
ID_1EBA476F09,0,0.014021916482733918,0.017368542,0.009352557,0.013509941,0.010110707
ID_2B7EA0D1A2,0,0.025703027710540234,0.019644039,0.039961603,0.016303623,0.02483374
ID_B86BBFE1D5,0,0.019144757811571766,0.025124002,0.011678635,0.010841553,0.01349758
ID_D04A907982,1,0.32372042935075984,0.32245424,0.29708704,0.4387524,0.33606172
ID_22AB3A7DF0,0,0.11940379802987605,0.14631638,0.094278954,0.051875293,0.088940315
ID_69BB916066,0,0.023777919090901947,0.027562667,0.019063683,0.020988682,0.019103138
ID_6FD454B69B,0,0.49803759822539173,0.4770182,0.502758,0.5220199,0.566334
ID_A68090F74F,0,0.025114372929839934,0.027312843,0.022207147,0.022412617,0.02323253
ID_4B719FB33F,0,0.033979013990840634,0.03938397,0.026022999,0.038359735,0.026281951
ID_2F526982BE,0,0.029948181221226066,0.02620243,0.03413299,0.03720363,0.03364689
ID_61BC070078,0,0.22981296796674286,0.21538027,0.28164268,0.2555589,0.1684372
ID_B784694DAB,1,0.14059469315333778,0.15333952,0.1282381,0.12980163,0.117916435
ID_FBC78417C8,0,0.695336723684383,0.65908206,0.72351557,0.81174695,0.7374424
ID_DDC07D5487,0,0.045075848229442494,0.03459541,0.06370633,0.072339915,0.037541833
ID_4DF34D4D5B,1,0.35442193450655035,0.40510696,0.23115239,0.5541144,0.31748617
ID_DE4BA044C3,0,0.24221752415930586,0.20940252,0.2916022,0.25854185,0.26791924
ID_66B9ECDE7B,0,0.1304173638556,0.15219608,0.09892713,0.17837678,0.084973715
ID_D180DBF326,0,0.13130216035774794,0.13909963,0.106333,0.13694184,0.14943455
ID_E2253B8B8D,0,0.030564858302565494,0.03095516,0.03639958,0.022105604,0.020086069
ID_5899DF9413,0,0.009964078389704253,0.012766453,0.005149957,0.0068850415,0.009783643
ID_72D38CB132,0,0.02581908080229343,0.02850163,0.022810647,0.03191115,0.018274227
ID_7945F67A75,0,0.11537511873550232,0.112117305,0.12087769,0.09988853,0.12409737
ID_F7C811A67C,0,0.02400629360857262,0.023026323,0.01741907,0.025127018,0.041791458
ID_6EEB1EA911,0,0.010531781250077258,0.013129265,0.0060144872,0.012722674,0.008283774
ID_A9705FF0E8,0,0.036419613072208507,0.04192786,0.03497387,0.026649699,0.02048913
ID_A92F370072,1,0.17622533283036612,0.19892742,0.14164323,0.14433233,0.16831787
ID_3DAA92DA6F,0,0.02156149382585487,0.02542072,0.017978447,0.023491573,0.012088133
ID_7D235D57A8,0,0.04064435685415131,0.054462656,0.023625052,0.021204703,0.027198108
ID_CAA49B1902,0,0.03404219625161972,0.047451813,0.014854979,0.027186424,0.021488924
ID_888AFFA7F8,0,0.04462090176921766,0.04288083,0.037272703,0.0734255,0.055184778
ID_EE77F3590E,0,0.018391494914699325,0.016961113,0.013553087,0.043594025,0.023832384
ID_658355EFC8,0,0.03901138347489233,0.050339803,0.027905528,0.015467331,0.025197411
ID_69BEC01BAB,0,0.5834603269853982,0.4796737,0.66390747,0.8229673,0.7453327
ID_A58E49D354,0,0.029841848001580802,0.027573459,0.03582442,0.04277954,0.02096057
ID_F16CE0F208,0,0.24313683458813296,0.28526583,0.17989041,0.23535077,0.20406547
ID_B0E06D5B17,1,0.5354522752612096,0.5229339,0.5353921,0.58495647,0.5669335
ID_CB1826EBFB,0,0.6501568455568201,0.6061841,0.72133327,0.56662977,0.7198175
ID_FDC810F107,1,0.46918017933559963,0.34415603,0.6158907,0.609834,0.62180185
ID_323922AE99,0,0.06966584706054403,0.08704481,0.04793988,0.0700692,0.042610515
ID_F401ED8DA4,0,0.020969939022837766,0.030014535,0.009424147,0.011536719,0.011605336
ID_8DB9B9F76F,0,0.02085457991290894,0.017317051,0.022227267,0.040395856,0.024349608
ID_F568689A88,0,0.1107133826623457,0.13113609,0.096085444,0.104153655,0.05859767
ID_D3FF883AAE,0,0.06587662774740266,0.06963025,0.053076405,0.09062835,0.066673234
ID_D7959C4FBF,0,0.06966555180247595,0.087702826,0.04365364,0.04952113,0.057977278
ID_08BE9D4672,0,0.021899792498580692,0.024080763,0.017031772,0.018379064,0.024654992
ID_227E0E9131,0,0.04701246340368717,0.049949422,0.048728,0.044245426,0.032120354
ID_6E3D62A27C,0,0.015814103274138392,0.018387493,0.012162417,0.009742098,0.015413027
ID_012B9456CA,0,0.015805812206393356,0.019833555,0.010716836,0.011741574,0.011463202
ID_5CF31C848D,1,0.43585677620248886,0.35006976,0.61424476,0.36582127,0.44646254
ID_5D10EEA29B,0,0.059573089716373415,0.07144903,0.03643808,0.06373233,0.05717146
ID_6F13455F53,0,0.020168292719574304,0.025741357,0.01362163,0.009479206,0.015306271
ID_18FD8AC78F,0,0.08220208304069095,0.058737755,0.12295454,0.15746748,0.061190374
ID_035A47345B,0,0.04641397853563071,0.026973082,0.071994364,0.043033235,0.0752176
ID_89C2229FCA,0,0.07361299637082042,0.07593343,0.06522839,0.08348582,0.077483535
ID_E326AA3E83,0,0.4227148136045713,0.4274803,0.42461896,0.4740366,0.37610888
ID_40A4309015,0,0.05275641123106412,0.067003325,0.03130311,0.051005017,0.03929869
ID_7A192877D7,1,0.37594229173199945,0.44981787,0.28647116,0.36935994,0.2583664
ID_0CEE04816E,0,0.06553196453549862,0.07057969,0.05327134,0.07565373,0.066076525
ID_CE1023C2A3,0,0.040920728390518586,0.03913103,0.04353709,0.05969483,0.034692053
ID_A56E73C64D,0,0.018239845919740004,0.022799741,0.010708569,0.020808162,0.013994889
ID_A18144383D,0,0.02327564387068559,0.022130096,0.021922639,0.022807637,0.031225659
ID_F37F10A8F2,0,0.0759555039780047,0.09811487,0.057665996,0.05052993,0.032574765
ID_9D71BF22B2,0,0.012222492213946256,0.014348969,0.0070671136,0.017551137,0.011967015
ID_E02637141E,0,0.13511345260300112,0.1642773,0.0894776,0.13301575,0.11060694
ID_167FEA4206,0,0.443428654577549,0.39879093,0.5222334,0.6170316,0.38745326
ID_373C609D52,0,0.04975126471705932,0.058141,0.038275015,0.03863802,0.043738764
ID_D9B3FAE1AE,1,0.33517683467554493,0.30317202,0.3806289,0.3280668,0.3761037
ID_7C934CFC9D,0,0.04539650334813252,0.056855064,0.025364323,0.050849486,0.037539914
ID_32E644E09A,0,0.014825319163970082,0.014856132,0.012840167,0.024943538,0.014542744
ID_653E4E3204,0,0.07639714589457994,0.075114675,0.08960184,0.09095637,0.047148295
ID_658922056B,0,0.4645054980306624,0.4048495,0.45404625,0.77230537,0.60501254
ID_65CAB608AD,0,0.010882852295642509,0.013287597,0.006250505,0.01216882,0.010091062
ID_E6CAF1AD0E,0,0.025455358181070135,0.03408721,0.013958722,0.020260414,0.015883023
ID_B87226F2A8,0,0.01656056363853678,0.021709599,0.00888626,0.014028219,0.012354765
ID_AC35E7649F,0,0.10846688327803947,0.10818561,0.08266718,0.089881904,0.1730998
ID_E46903E2C3,0,0.0202709950951541,0.026560448,0.012026508,0.013245425,0.014424886
ID_54B86ABDBA,0,0.010760703454813919,0.013691605,0.0062003843,0.0106048025,0.008218182
ID_B044363F1C,0,0.10353418388459892,0.12101763,0.07211104,0.07706298,0.10855305
ID_BF317218F5,0,0.018833376135439894,0.0222363,0.012931868,0.016513368,0.018115303
ID_F412C9409B,0,0.0292763997142725,0.025978602,0.03569562,0.04043092,0.024588415
ID_41CE1E8D98,0,0.1124040966552522,0.1635768,0.04375013,0.072401,0.060736507
ID_0C193BD6B5,0,0.016199690093952952,0.017014714,0.015493921,0.014956272,0.0148094725
ID_E14FBD23F9,0,0.05538011820322292,0.06600239,0.039769173,0.054604497,0.0442908
ID_015D8F3FF7,0,0.014202050187283615,0.014347578,0.014546349,0.01760757,0.011363681
ID_774A0058C9,0,0.1287716800302755,0.11630173,0.12733929,0.10790982,0.19366467
ID_45B2A200B2,0,0.02818336943582106,0.03390509,0.02142243,0.034669448,0.01566567
ID_DFF5E507D9,0,0.2226513552456266,0.21682061,0.24426627,0.22100762,0.20165633
ID_6780B30114,0,0.028918084809059177,0.035090193,0.018340813,0.030909901,0.02464141
ID_31F9B16600,0,0.01980618524977637,0.026944326,0.008318618,0.015914898,0.015961975
ID_CFFDB5F1EE,0,0.03174595905908173,0.033791903,0.03442965,0.032114405,0.01717778
ID_328F64AC42,0,0.05720310302999791,0.07142836,0.032343406,0.07634812,0.042035066
ID_EFA8D0DAA8,0,0.18884713010996015,0.21651869,0.15558085,0.21620849,0.13127542
ID_55BD1B9327,0,0.06507736689710594,0.069606476,0.060291756,0.073195174,0.052653868
ID_3901E11EDE,0,0.22276554216862013,0.16435489,0.32050794,0.24326485,0.25114223
ID_86F5B3BB9D,0,0.01605745410020145,0.022005953,0.0064693284,0.011875315,0.013295737
ID_85B815E5D3,0,0.36561568785329096,0.32088673,0.46103606,0.3840749,0.3420124
ID_0C8E8EAF4F,0,0.44894712798060055,0.385831,0.5467232,0.41934988,0.51898515
ID_A006BD4733,0,0.015995965704164422,0.02175246,0.0071271528,0.013184547,0.011905614
ID_51571AE310,0,0.011354195375473646,0.013395544,0.00836597,0.0077164574,0.010718457
ID_43819B85F6,0,0.009477683963460819,0.010251544,0.007089695,0.009562843,0.011290872
ID_F13CCF75E7,0,0.04640774425003702,0.057594102,0.03046854,0.06527491,0.02507504
ID_EAB58C4D92,1,0.030211511987500998,0.033965047,0.026579816,0.03720232,0.019083394
ID_F2DDE4C540,0,0.076356438854663,0.07373722,0.060041774,0.07207577,0.124293424
ID_BD7EF527AA,0,0.4259499301810766,0.46217406,0.36589476,0.46660867,0.3838832
ID_93C1D2E0FD,0,0.0586405424773979,0.062343117,0.057552528,0.051703807,0.048342615
ID_40397D25B7,0,0.018843177300057013,0.018792497,0.018019628,0.021041682,0.019865703
ID_26364E61AE,0,0.013810815225294797,0.014366674,0.014434042,0.013887106,0.010090356
ID_E7676A861C,0,0.08249731402791546,0.08877086,0.071009286,0.095896125,0.074773
ID_1F6BE1CF31,0,0.1601670731274925,0.1266008,0.19247542,0.20462714,0.21341081
ID_A57F36035D,1,0.4193404853073205,0.42271695,0.39877206,0.40414745,0.4558074
ID_C1ADB58147,0,0.021719101559728865,0.023131229,0.020244416,0.019810105,0.01974367
ID_5DD9EC5D1F,0,0.016825687728166134,0.018367704,0.011096748,0.023397638,0.019729849
ID_C555572DFF,0,0.04684152586606378,0.06705547,0.01932767,0.021114502,0.031604923
ID_00F50444A6,0,0.12323006847451809,0.14276786,0.099366345,0.09766072,0.102953896
ID_17DE8D0380,0,0.013884794813669728,0.015699875,0.009476837,0.017779736,0.013967682
ID_FFE015C8A6,1,0.8340786718657753,0.90260285,0.74865574,0.7963878,0.74400675
ID_BA400973F3,0,0.1959117781303487,0.21999547,0.17575032,0.1323132,0.16504976
ID_74B04E30F0,0,0.16908607758228578,0.14855962,0.15283744,0.24287184,0.25856885
ID_85D568996A,0,0.3335363816129462,0.33286256,0.3207426,0.35551915,0.3542467
ID_D4C395498A,0,0.014104109950213767,0.016611306,0.009215924,0.013890449,0.014081617
ID_D4059B5115,0,0.14898547235229803,0.15386885,0.12589099,0.17424229,0.16686693
ID_CA38EFD576,0,0.02707374444561141,0.032678183,0.021764932,0.020031337,0.017834172
ID_B48EB4107E,0,0.07786503279618816,0.085132964,0.08252836,0.07115308,0.040056687
ID_3EF3BFED4D,0,0.025787453367665844,0.024089864,0.026392892,0.036393628,0.027043352
ID_BD4B1567D7,0,0.2531013676914808,0.27709663,0.19097944,0.27749255,0.27426636
ID_704C028732,0,0.01811951954212126,0.022297576,0.010795133,0.01674505,0.016763978
ID_4D124FD0D1,0,0.011654986951573632,0.013050081,0.010343864,0.007174813,0.010521514
ID_26179D0146,0,0.34243760091277153,0.4094844,0.25674295,0.22351226,0.29460597
ID_5F95AB0F24,0,0.06633547502573986,0.0638553,0.06552774,0.060389195,0.08114707
ID_A2E9A2D563,0,0.04084809275418129,0.05398126,0.018081391,0.025313567,0.040925115
ID_90E5F78520,0,0.014948161012014509,0.015673593,0.0149700185,0.018234052,0.010401598
ID_450904BDEE,0,0.02558817711964967,0.029126162,0.020065762,0.018551497,0.025541874
ID_B712F912FC,0,0.061489049981706026,0.06736465,0.048248004,0.08784105,0.053561352
ID_E811A2499D,0,0.016510487259323123,0.02000464,0.010914685,0.014257695,0.014721615
ID_FC5DA93B87,0,0.021857447898792275,0.03022106,0.010219188,0.015982652,0.014019458
ID_56AFAB63D4,0,0.09450771042297312,0.10867235,0.068620436,0.10566772,0.08528092
ID_BA81649B44,0,0.018498791400818886,0.022477873,0.010942544,0.015046949,0.019387474
ID_682E05C533,0,0.2853355641488119,0.3109662,0.24176234,0.36334318,0.23642564
ID_1536F64331,0,0.00781700861218368,0.0099616,0.004173612,0.0067560705,0.0070268777
ID_1B636BDF29,0,0.014331813710969088,0.017018802,0.009425014,0.014015954,0.013633581
ID_4C5424EC45,1,0.28324534069490914,0.28396136,0.2818701,0.2565636,0.29479855
ID_D091196B67,0,0.0230841563850297,0.031219069,0.011718694,0.021251403,0.013866053
ID_A294247C8D,0,0.1771994835574174,0.1992591,0.12359323,0.20898446,0.18505916
ID_6ED12E3267,0,0.04626291822840099,0.06484722,0.022363191,0.028058406,0.026885223
ID_8EB8203A97,0,0.015942583460177517,0.020278418,0.007980014,0.010798472,0.016932068
ID_47DA7A8AC4,1,0.1904570516570126,0.15973942,0.26095322,0.16769874,0.17904106
ID_75DF7A8F11,1,0.43740475930586487,0.4153809,0.52151775,0.26307142,0.42609233
ID_C4A12006C5,0,0.019620771586008903,0.024624418,0.014044109,0.018108979,0.011085253
ID_C0DF6A6A1C,0,0.08991312147487349,0.10918105,0.05205227,0.10232429,0.084246986
ID_8AB2AB3232,0,0.01981100421131694,0.020627614,0.018521056,0.017834691,0.019986663
ID_EEAE10867E,0,0.48927319522614177,0.4388471,0.5709564,0.53298867,0.508217
ID_5A782FB2B9,0,0.08764339125652675,0.12602037,0.04295975,0.037466366,0.04309656
ID_8BC7B10CFB,0,0.02053657028714003,0.018651098,0.024462521,0.022191526,0.019366032
ID_734BB9550B,0,0.18644560695114276,0.20834044,0.17055741,0.08879548,0.17051554
ID_5029B52E28,0,0.013630054861733014,0.016673988,0.007804625,0.0132346675,0.013427756
ID_37E67F735C,0,0.16470299350714024,0.13779107,0.17980832,0.27612078,0.19752473
ID_4B9D94D0A3,0,0.21103625105380674,0.2206123,0.16859894,0.3640879,0.19486101
ID_B0A0E5C014,0,0.020139883364566312,0.022731498,0.015683984,0.03141003,0.013827294
ID_80E4AF3F42,0,0.3761245355810157,0.21209505,0.5624675,0.50024575,0.61586416
ID_FAFA7724F2,0,0.4034286915025388,0.37369716,0.47242442,0.24157226,0.45169544
ID_0512B738D1,0,0.02243972138680777,0.029417442,0.014469419,0.013781431,0.013806982
ID_4EE8F800B3,0,0.024227027057771494,0.031654496,0.0114018535,0.026543405,0.019322762
ID_5BF1FF2925,0,0.010281766889637561,0.012125422,0.007314239,0.010603993,0.008711364
ID_EE7F5B7525,1,0.4574163619890953,0.4079745,0.4192387,0.6154948,0.6794576
ID_C9FCE9A352,0,0.06332673948294168,0.07502221,0.041285723,0.053254146,0.06554521
ID_532DDFB725,1,0.6610528804563581,0.63232046,0.72179824,0.62478876,0.6680463
ID_2F677DF038,1,0.4700891788545534,0.51474154,0.47648457,0.3940612,0.3007084
ID_C996751B64,0,0.11988444090941522,0.14792456,0.07699899,0.17833094,0.06783799
ID_599B96EEBA,0,0.07498086618990216,0.06533098,0.0807804,0.06728266,0.10669865
ID_3575DE0DE4,1,0.15622672073625876,0.16102834,0.17372602,0.18176787,0.087253205
ID_1392547D2D,1,0.1614351565302708,0.14635022,0.1775392,0.16118516,0.19078326
ID_985D806FE9,1,0.8633335157551826,0.8131406,0.93297064,0.8875425,0.9156342
ID_3A93703938,0,0.021165176928875866,0.029357374,0.010569367,0.015192211,0.011858641
ID_2FAEF33920,1,0.3812658633641407,0.42843214,0.34510005,0.32939237,0.28202346
ID_7B45B098AC,0,0.25654583356166744,0.30371195,0.18288682,0.2781273,0.20571035
ID_D79F67BB2F,0,0.01263779105339669,0.014126589,0.0098012835,0.00673877,0.014998662
ID_DAAA8EBB4B,0,0.01887265677557468,0.019769453,0.013604592,0.019930905,0.025919843
ID_FC65F683DC,0,0.06582081098084425,0.069454856,0.06733857,0.05916657,0.05009992
ID_BD814EA242,0,0.3255811117379487,0.4254598,0.19192512,0.2602927,0.21842663
ID_603DAADB1F,0,0.05942912216780347,0.08073748,0.033483308,0.03613139,0.03514252
ID_61732B16DE,0,0.06721405613677409,0.07891167,0.053121828,0.049103487,0.05587653
ID_3D71CB4185,0,0.03453999930201811,0.029245503,0.052320205,0.020210484,0.025033114
ID_6A5281C32F,0,0.0678966138769127,0.06524255,0.06967577,0.05860786,0.07935136
ID_593DF01A73,0,0.1161522364030011,0.05651951,0.15205282,0.18490776,0.26131642
ID_B7080D3EBC,0,0.014966135190817633,0.014879421,0.015614282,0.011064165,0.015643355
ID_FA7C77C687,0,0.03424329061802668,0.046731867,0.01897515,0.018915059,0.020870926
ID_CC4DE61831,1,0.3588011390967755,0.34303012,0.38124818,0.41569132,0.35253623
ID_E72ED0F9F4,0,0.06932673081574725,0.051948313,0.09880684,0.121665314,0.056755986
ID_637C8AE4EC,0,0.1464460425037597,0.21462986,0.06269443,0.13218424,0.04401529
ID_EE698A9DC6,0,0.03821512511763736,0.042392727,0.030011022,0.035584,0.039296348
ID_92D21936CB,0,0.011967165929020456,0.013872569,0.009298725,0.009299327,0.010797498
ID_1E6FC7ED59,1,0.3181598991388368,0.26597813,0.39870864,0.44916543,0.30891043
ID_576F508914,0,0.0368882458150719,0.03466389,0.042189416,0.06036588,0.02468802
ID_B3C3760229,1,0.5693481348647353,0.61543566,0.51593274,0.573881,0.48708078
ID_3805554842,1,0.2586923689662078,0.28525478,0.20448305,0.2736807,0.25612834
ID_51CE5D1272,0,0.28860078475468626,0.18905991,0.46023133,0.38575283,0.298979
ID_B7F7D3BF14,1,0.8846345293550807,0.9049174,0.87314993,0.8720505,0.8289933
ID_85A5BF6EEC,0,0.27419195446808564,0.33390802,0.22274049,0.27237606,0.13285382
ID_44E5A1EE72,0,0.008497696544307353,0.010810773,0.00441669,0.008229169,0.0075884536
ID_70EA58BB21,0,0.03933070648615292,0.03556911,0.04560634,0.06274324,0.031568464
ID_8BE411262B,0,0.025087553591935662,0.029538816,0.015853997,0.022700312,0.027113605
ID_EC08C5FEDD,0,0.04859698259567778,0.06706734,0.022166641,0.025590375,0.037222713
ID_ACA2B22F3A,1,0.643724780014858,0.59875333,0.6760981,0.6986062,0.7405108
ID_36C3B4863B,1,0.17128680866915136,0.15096086,0.20289172,0.17528738,0.18769205
ID_2589986CF2,0,0.04055614914734924,0.053717706,0.025901379,0.029157802,0.021309437
ID_A11B09D851,0,0.04345434883302224,0.043484263,0.045549847,0.05886055,0.032117203
ID_E8A0E1704F,0,0.06831212194309187,0.079896726,0.05672647,0.07018991,0.04336259
ID_15BAEB48B6,0,0.12018194337044504,0.153695,0.07985803,0.11487222,0.06729133
ID_98D00768DA,0,0.10843384291863531,0.116586044,0.09991117,0.0460586,0.11943548
ID_6AFF27EF7C,0,0.1663792171574406,0.17308624,0.14595379,0.17005442,0.180232
ID_8CE9D557DE,0,0.02086533996257399,0.027465787,0.014591716,0.010984414,0.010721275
ID_97E34BC867,1,0.6764813822415192,0.77736175,0.5471065,0.6399925,0.54335433
ID_CB19457FB8,0,0.21903155543953856,0.25952008,0.11699535,0.21348433,0.26912767
ID_0561A46D1F,0,0.02452050555000372,0.014535717,0.04352668,0.044369917,0.017316952
ID_19024A4F60,0,0.016407298307478498,0.02362321,0.0065867817,0.009949708,0.00977697
ID_23E0CBCEE0,0,0.013927164071595395,0.015195724,0.0119087305,0.017837448,0.0111885
ID_EBC940B480,1,0.3665819500191428,0.30979216,0.41103026,0.37013757,0.50981086
ID_22B40110BF,0,0.07362265443557994,0.07964938,0.070863776,0.0804082,0.051100034
ID_E6261557AD,0,0.029928402931938214,0.029296655,0.022244873,0.047823887,0.04128062
ID_C5381A9560,0,0.08877630785459491,0.09481194,0.07656041,0.088768564,0.0894633
ID_BF401B8BAA,0,0.41155884171715684,0.3595955,0.4864855,0.5267116,0.42035586
ID_CED1AF9755,0,0.045894209812214315,0.04740174,0.038438037,0.07501954,0.042818073
ID_03B603253C,0,0.03786971783296472,0.048159,0.020384582,0.02829512,0.03604419
ID_E22C369185,0,0.33411290922531134,0.30868867,0.3154385,0.39731914,0.45412004
ID_95E7107FB4,1,0.5877173259734126,0.55542064,0.6740025,0.5578623,0.5522029
ID_C82E53A7B0,0,0.301274476453531,0.3041461,0.2873515,0.3030715,0.3182149
ID_06D5579402,0,0.10895964189459537,0.097789735,0.1504704,0.10193023,0.07020971
ID_621A8670F9,1,0.8393279628894457,0.8775956,0.77187306,0.7945383,0.84174114
ID_6E602EC53D,0,0.06540643240609662,0.06874374,0.07038397,0.06357118,0.041418105
ID_9281720FF8,1,0.7582423204540691,0.7213763,0.81406623,0.65722346,0.83841085
ID_4C7E8FEA40,0,0.05161328345803259,0.061652526,0.03977147,0.0479971,0.03614233
ID_F47CCE50C7,0,0.06176469588311706,0.079750896,0.028872939,0.05113344,0.060903322
ID_42AAAD2275,1,0.7025382358673095,0.7763985,0.5671122,0.684957,0.68839836
ID_92BBAD06EE,0,0.07759613856492276,0.088652104,0.06625009,0.04680715,0.06860752
ID_6F4F8FD5A3,0,0.14522566116401403,0.14949438,0.06973909,0.33259928,0.20742337
ID_C65E1377E1,0,0.1498459543596263,0.13707471,0.17555495,0.14176585,0.15222095
ID_E7AE1BD874,0,0.06950899110697999,0.0746908,0.067462705,0.104047425,0.03693273
ID_9977A8ECDE,0,0.07666689414211214,0.08515729,0.06633761,0.08127618,0.060914904
ID_7DB783FA91,0,0.024781821382700627,0.028548006,0.016611231,0.028875487,0.024599371
ID_B9A9EA9521,1,0.06424638836819621,0.07521558,0.046433933,0.06828221,0.054315273
ID_9495744E03,0,0.023497929592924093,0.027099466,0.018378763,0.033177372,0.015031254
ID_E971FE7EBE,0,0.045980599846532355,0.05736656,0.030740323,0.031453907,0.03686125
ID_5AB780ED55,0,0.08153952913413841,0.10248688,0.04956365,0.082549885,0.06111827
ID_573E6418A7,0,0.018739649048116806,0.025863195,0.007356276,0.022470586,0.011411074
ID_27DDBDB1A1,1,0.9092416828754712,0.93480325,0.8945343,0.83797014,0.8637761
ID_910EC47040,0,0.16402835367189847,0.17123072,0.15070015,0.1552996,0.16596957
ID_361BA96988,0,0.01838436892459966,0.023147866,0.007778582,0.012719618,0.023462424
ID_06B8607A26,0,0.0490321583725015,0.068723,0.022228066,0.035285383,0.02926263
ID_791F0DEEC8,0,0.03710658525218811,0.05062894,0.019116936,0.026815439,0.023005242
ID_723EF2F5F2,0,0.11593998079500367,0.12497489,0.11791297,0.0856284,0.08671853
ID_FF042D6C64,0,0.029893720394279864,0.03783954,0.018665593,0.03234955,0.019311147
ID_84FEDE1093,0,0.0326589478283101,0.034994233,0.027768806,0.032716244,0.033249427
ID_00A8FC6D80,0,0.2283792455203022,0.25202566,0.21302731,0.22160476,0.16427937
ID_C31961BC3B,0,0.01745651226249566,0.017134625,0.017703723,0.02402598,0.015423587
ID_BDFAF452A4,0,0.09593041060961702,0.103800185,0.081608444,0.06836638,0.10539173
ID_6210254AE7,0,0.015569343901631725,0.01890608,0.012088411,0.0082615,0.012113051
ID_DAC673A38A,0,0.5700020773830864,0.48384196,0.66271865,0.65511227,0.69832814
ID_F2F8FBCB9B,0,0.04504079452186978,0.04835398,0.048038132,0.048950758,0.02289778
ID_F4C901F516,0,0.021886648975399284,0.02790338,0.013902268,0.017750546,0.015376205
ID_52842E7724,0,0.020043142035709845,0.021968594,0.016816454,0.020655602,0.018556284
ID_D15C0CB9B4,0,0.2943466248382526,0.33496338,0.2464796,0.31052175,0.21823466
ID_616D4A2251,0,0.3476043369263945,0.2632071,0.54172504,0.4230195,0.25518298
ID_BFBC91F2B4,0,0.05972341525304567,0.07405006,0.046040997,0.041166063,0.036585253
ID_EFCE05759D,1,0.15245168119067037,0.15429576,0.1403139,0.16068093,0.16710368
ID_7A0502C621,1,0.03591018185831829,0.043073773,0.03108347,0.019248271,0.023237113
ID_5D16ADFA58,1,0.028424857792422313,0.038035966,0.018984163,0.013244115,0.014654663
ID_7493D9BAEB,0,0.025905424651321535,0.030927265,0.01811736,0.0194935,0.024172598
ID_6F9411869F,0,0.07229536333965265,0.06667066,0.087706015,0.10261315,0.04980552
ID_413131DD44,0,0.4504991924579198,0.42221773,0.4752792,0.50818557,0.49178064
ID_8E349AC22E,0,0.03806582160462003,0.04612197,0.024309812,0.049450025,0.02854731
ID_BA1E369D51,0,0.019967595868422523,0.018049607,0.023468213,0.031191494,0.015675759
ID_E04BBDCF2F,0,0.021394367574948878,0.026120614,0.013900562,0.015216417,0.0201782
ID_01BC6D8140,0,0.1271698289960203,0.13597585,0.12613547,0.09829138,0.10474246
ID_086A1F24B3,0,0.023440605371864105,0.024389911,0.02042718,0.014921638,0.029604156
ID_20AD59C5FD,0,0.048171234837648104,0.05380497,0.043195967,0.059483133,0.030091552
ID_0FE46AEDF8,0,0.0278695022392519,0.03491472,0.014983442,0.017733427,0.03014021
ID_3BAA5A9942,0,0.08683182212497906,0.086047605,0.06575794,0.17939949,0.09500199
ID_91085E43CE,1,0.19343377128321199,0.20326932,0.20023085,0.33188084,0.07691604
ID_9E635E4BE7,1,0.5190404147773876,0.5032094,0.5593873,0.50859964,0.50398254
ID_7F391641A9,0,0.05193338949792021,0.029757535,0.097838044,0.052117795,0.047150046
ID_2EB734FD1B,0,0.016817741135216866,0.022961756,0.007808305,0.015589663,0.0107002985
ID_E880B2782A,1,0.21174711473519714,0.20639294,0.26615453,0.20464702,0.12077308
ID_9750A9B664,0,0.03936789406398633,0.043174405,0.041199293,0.032646216,0.022274386
ID_66834642CA,0,0.03624472763104608,0.04194285,0.024670172,0.03160851,0.039000653
ID_66224B8A57,0,0.10620157748920674,0.11508349,0.09800273,0.12641847,0.07742072
ID_9A07BB93BE,1,0.04440916591443696,0.042389296,0.040463872,0.061349764,0.05402821
ID_C586148AAD,0,0.020844297639837646,0.026055545,0.012867757,0.014671097,0.01861084
ID_55A002CFF0,0,0.256067888251731,0.2324006,0.26373413,0.24902862,0.3427639
ID_EA6915B10E,0,0.13680784814569727,0.13904394,0.14425312,0.2269541,0.07208702
ID_3DEF48D30C,0,0.051439391555224374,0.06101944,0.03647065,0.046731908,0.04509325
ID_C1F8C33287,0,0.05158170704480869,0.06964089,0.02585331,0.049526326,0.031307515
ID_6F9BEC2E8E,0,0.013800106363777136,0.017540256,0.00867059,0.008548352,0.011278135
ID_08DE4584D6,0,0.05895634164843932,0.069918945,0.043659374,0.04687689,0.050681908
ID_B936F1FAFF,1,0.1594312964365126,0.16457517,0.13335888,0.1614733,0.19271865
ID_EA6DA8ACD6,0,0.24070859710148979,0.23047897,0.27220395,0.25494397,0.21019724
ID_B4AFDBE366,0,0.016463807499658922,0.023286734,0.007307346,0.009676708,0.010214321
ID_262955AD75,0,0.052641862253476016,0.06084449,0.051446587,0.0461401,0.023356875
ID_64ADAEE364,0,0.32545696773660376,0.28616357,0.36517668,0.4186676,0.36576807
ID_59B3EE683E,0,0.1380470894829785,0.16614546,0.1161422,0.12899373,0.07017303
ID_36EB45F9DC,0,0.014881123100440668,0.019446421,0.008642877,0.010771012,0.010750839
ID_0CA97916F2,1,0.591784061698535,0.5742089,0.60348856,0.82330674,0.54006773
ID_7E35FC508B,0,0.0502484566840171,0.038084384,0.060335044,0.09682909,0.05974044
ID_20108B1F9F,0,0.01978752275017618,0.02140074,0.013766247,0.032657642,0.020272296
ID_7DE5845495,0,0.1262001453448834,0.12666991,0.15454717,0.1554305,0.050665632
ID_7F18CB9949,0,0.041705647740989685,0.049128223,0.031233327,0.038884703,0.034014415
ID_6BE728861A,0,0.3053867434733989,0.26165307,0.34105366,0.39928377,0.372867
ID_77D7D69481,1,0.8730989828896691,0.85844666,0.90049684,0.90284157,0.86331785
ID_A36A76A69D,0,0.028975540592908366,0.024561277,0.02541678,0.026437098,0.05638067
ID_B5BED11748,0,0.039549470792983016,0.0457978,0.032210775,0.03510829,0.03080771
ID_247485ECF6,0,0.02210621431257041,0.026710285,0.015808752,0.02843129,0.013390252
ID_D0758BA495,0,0.026587350510008247,0.03413212,0.017906632,0.018778006,0.016710801
ID_D82A26C5CF,0,0.05038048472475728,0.045208447,0.061904248,0.07069666,0.038674086
ID_FE1320FDAB,0,0.03356691558221098,0.033987124,0.035568673,0.039601363,0.02486578
ID_57E7F8CFED,0,0.01981491582139076,0.01811067,0.022814177,0.02713503,0.01739644
ID_3EC515A130,0,0.05425788646176584,0.06167846,0.047754195,0.06712498,0.031223593
ID_84A04DBC33,0,0.09235272022619098,0.09620225,0.09047068,0.091818996,0.08034557
ID_1CF093FD3E,0,0.06770155057992783,0.07901296,0.053175133,0.063757755,0.052752994
ID_29ED092D93,0,0.024117189593094165,0.03478813,0.010102258,0.011197671,0.014692112
ID_85292ED50C,0,0.12167929475254717,0.13569771,0.10942532,0.14646856,0.077885255
ID_747AE80CDB,0,0.01838836368190927,0.023264958,0.010255676,0.014328193,0.016983783
ID_71B9A08A8D,0,0.02285538548346644,0.029097527,0.012553678,0.027618134,0.016483616
ID_006A148314,0,0.04847625668456556,0.046328,0.046754297,0.0544239,0.05866083
ID_638D556985,1,0.3629413794168461,0.32647824,0.3927841,0.5975925,0.35081747
ID_C47233E886,0,0.031515004499206634,0.022873456,0.04314457,0.04819345,0.035837468
ID_547C4C0412,0,0.031083624858514486,0.031549644,0.032305308,0.03348837,0.025444316
ID_B0A6D59034,1,0.28512541322437346,0.26943403,0.31468743,0.2518412,0.30256918
ID_C96324BEAF,1,0.8198916342826373,0.78202677,0.8767728,0.8627617,0.8392936
ID_DC1A1DA883,1,0.34228304347023986,0.3712703,0.32592642,0.28191295,0.28111833
ID_2538FB04C9,0,0.02169236082559676,0.029816158,0.012097821,0.01744026,0.009777103
ID_0BC69904B8,0,0.026412669724206056,0.031378765,0.02291021,0.020974798,0.015298013
ID_1E48A127E6,0,0.011081719074969383,0.016236516,0.0040695947,0.0039446135,0.007438377
ID_4C669D29DE,0,0.012396946228647935,0.012720921,0.008957812,0.015609149,0.01700407
ID_E202A49A28,0,0.1247643599053245,0.14398777,0.081547715,0.08907305,0.15174317
ID_2C7764C9C0,0,0.057567767269699754,0.066874124,0.043507546,0.049770564,0.051776856
ID_803C8EF631,0,0.06511625363817103,0.07090089,0.06088826,0.050952792,0.055900436
ID_14A9001B70,0,0.07483003958944752,0.07571323,0.07398395,0.09587664,0.06373622
ID_B4A62A5271,0,0.02613941595225153,0.029975502,0.02245138,0.03202462,0.015265044
ID_9F3F6EC347,0,0.03380820610257034,0.035395775,0.030495843,0.039613266,0.03167031
ID_546CE64B59,1,0.5422868333021605,0.4935638,0.63252115,0.65642065,0.504991
ID_FA9613C791,0,0.021788087268777206,0.02050479,0.023317501,0.018559672,0.025340823
ID_6A43AD4D34,0,0.02059578008146096,0.01573958,0.030508414,0.030644279,0.01548566
ID_E83DB8B4DF,0,0.04527862798401272,0.05473005,0.03043666,0.05314739,0.033722356
ID_5B495800D0,0,0.19141534964073897,0.12488531,0.21465634,0.33243814,0.36139742
ID_3C6B6FE678,1,0.8008718922415097,0.77220905,0.8603873,0.832008,0.78082925
ID_899850F1DE,0,0.27767588831231815,0.37491888,0.16324455,0.14568307,0.16950446
ID_DD6CE49E84,0,0.019707305651967585,0.027580762,0.0101564955,0.010314478,0.010997631
ID_449CD59625,0,0.009382034894114618,0.011905298,0.0043316972,0.010178774,0.009198995
ID_BE88591656,0,0.06680752199130988,0.08891049,0.032888833,0.060335122,0.048929222
ID_290C26017F,0,0.05189229741078995,0.06227837,0.034151457,0.040809702,0.050863355
ID_A610B3287F,0,0.01296028071690283,0.015977837,0.008081944,0.0135559505,0.010405916
ID_2CC736DF36,1,0.36395888310314833,0.32122886,0.31020933,0.41254476,0.63875186
ID_5E0E5AD73B,1,0.7115184612743726,0.7306376,0.6680379,0.8334033,0.6708159
ID_1073ACCE12,0,0.13245890586913167,0.14779417,0.10900586,0.12219506,0.122399546
ID_5D676DA722,0,0.06884520023419007,0.08280584,0.054264985,0.0857086,0.03374033
ID_7E5FBFDB6D,0,0.013737705527406068,0.017562265,0.007665447,0.01123376,0.011683291
ID_1877E7E666,0,0.14079735688709621,0.1475094,0.14003865,0.103187166,0.13043888
ID_B9FFA0226E,0,0.09434300479152799,0.0966692,0.09511776,0.10089069,0.079991095
ID_59AA5685E5,0,0.08294193092503908,0.10381357,0.054182038,0.0860364,0.055033773
ID_7C6053D6CF,0,0.14889957981105467,0.15645337,0.13927585,0.13952495,0.14169003
ID_5FF069DE10,0,0.26418011163369537,0.22237125,0.28016064,0.43373013,0.33277288
ID_D0194F8A82,0,0.24436627030666824,0.23693842,0.26668125,0.2911528,0.20751154
ID_CC472982A0,0,0.05398933220929514,0.052489735,0.04534197,0.07475614,0.06982694
ID_3BAC384162,0,0.04594073357860183,0.05600503,0.03447801,0.036192913,0.03222349
ID_600103AD58,0,0.1237810388811305,0.07756032,0.20232242,0.17455302,0.12860672
ID_9029C7831C,0,0.11846000665653542,0.10897156,0.10957602,0.18107408,0.15034291
ID_3E8072C0FC,1,0.8087481108077056,0.8924968,0.67806333,0.67428315,0.7935769
ID_426A7F66FA,1,0.21095506830064348,0.20898592,0.19388457,0.37080586,0.18621877
ID_5226ABFF18,0,0.016416889884768117,0.01830819,0.013636271,0.011675466,0.016451372
ID_559BEA3AC6,0,0.3562405470557259,0.35231733,0.29153523,0.32516342,0.52517354
ID_5382F037F7,0,0.05640421295590911,0.07080945,0.03823168,0.036796406,0.0430233
ID_C7990F712A,0,0.06147858339418842,0.059182584,0.052473076,0.099664345,0.07385883
ID_BC279BF989,0,0.1955421369112636,0.26539615,0.11999497,0.10997947,0.09953064
ID_71CEA9FCCC,0,0.11800063086941907,0.12282974,0.10684839,0.09398605,0.13197224
ID_06B5497447,0,0.04054717360435259,0.045366183,0.031760544,0.038745698,0.039804254
ID_00C7A0FD9F,0,0.05790986948766964,0.053805288,0.06243816,0.109702975,0.042974785
ID_21E63F27BC,0,0.034779957127895694,0.036205567,0.028381178,0.04529177,0.03789576
ID_10DF04505F,0,0.016612633620011072,0.01707475,0.015986973,0.021266513,0.013972102
ID_D8D54184FF,0,0.06136318414301964,0.06908258,0.05505679,0.04435074,0.049666837
ID_8F1F9D5BC8,0,0.049882551298359466,0.05614562,0.036213722,0.042216536,0.056062803
ID_6088ADD22B,0,0.052682012264724756,0.06325948,0.036670044,0.051405024,0.042860907
ID_403CD6BFE7,1,0.41045061252141696,0.495594,0.30259046,0.29326403,0.33289003
ID_813931BBEB,0,0.05514781340360921,0.079818785,0.021513168,0.021241134,0.03776072
ID_0D29CCAE72,0,0.010086214176632587,0.01220381,0.0066430788,0.010723499,0.008240391
ID_02B7898958,0,0.12059212034279435,0.16818112,0.05936037,0.04804601,0.08234194
ID_4DCC21790F,0,0.05171925748598031,0.052074987,0.057834625,0.051002003,0.037409857
ID_1154BFA981,0,0.18821857633478178,0.17514668,0.21003222,0.16023631,0.20889607
ID_9DDA77FE61,0,0.016809369171384557,0.022112245,0.009343783,0.009580562,0.013552588
ID_2DC57B45FD,0,0.023348592843678944,0.026093274,0.021962967,0.010736972,0.020213032
ID_9A802DB9D6,0,0.028634322775801305,0.028885212,0.027745843,0.035529714,0.026473604
ID_8E3D74CAD5,0,0.22757990702882788,0.22992481,0.22284387,0.20003337,0.23983182
ID_F9CD15E345,0,0.2309370795292961,0.25712797,0.1617052,0.24969517,0.2605252
ID_6105F73859,1,0.2724645076797297,0.28618518,0.26620117,0.34046316,0.19824383
ID_92A7C90833,0,0.2365869587791607,0.24490048,0.19361451,0.2804477,0.27449495
ID_31AFDEB04C,0,0.10065875876833374,0.11094672,0.09617407,0.09891447,0.06753859
ID_953E402897,0,0.01807707999325999,0.023537163,0.009302807,0.012840906,0.016094213
ID_AE183A1A88,0,0.022279974339698718,0.026184779,0.016821437,0.024013732,0.016722541
ID_E14F3E5EFB,0,0.2351838793632685,0.2299928,0.22208561,0.3151287,0.2503816
ID_36B787180D,0,0.01705899962301628,0.021277811,0.012720851,0.010762524,0.011270959
ID_924731EAFA,0,0.07036909694757759,0.09327337,0.049752798,0.038313385,0.03171993
ID_89AE9F8F4A,0,0.04811377965437179,0.056846835,0.032850437,0.039541252,0.04766571
ID_AB72EFF2EF,0,0.08533922010834785,0.07502367,0.09173449,0.08760075,0.11425221
ID_F7C50B8606,0,0.015076364550808399,0.016903033,0.012658636,0.022212822,0.00942806
ID_A0DA18C279,0,0.02876053112836749,0.038686175,0.014065122,0.016911842,0.023479687
ID_C7BC93F1F5,0,0.023409075510599855,0.022772249,0.023549266,0.034026794,0.021172717
ID_98BE59E730,0,0.08200242181561593,0.083084285,0.089924425,0.09036717,0.05678845
ID_8DA9EE1DE7,0,0.027999008677537848,0.02596998,0.03285786,0.038796518,0.021449028
ID_C4689F3EC5,0,0.264442915405295,0.21056603,0.38752586,0.30515376,0.21048182
ID_CCD2B539ED,1,0.3478757215877287,0.3079954,0.3563787,0.4732493,0.4436107
ID_3B8DA952DA,0,0.010142342761980946,0.013236959,0.005127488,0.0072884504,0.00905867
ID_43B8DA467F,0,0.010717102992880225,0.014938378,0.0049198256,0.007872329,0.006543972
ID_2FAB23F13F,0,0.06265148376328401,0.078537144,0.037261035,0.06255642,0.04998814
ID_2C47A617B5,0,0.026283642720116053,0.027798042,0.022418803,0.021787615,0.030130541
ID_7B2198F0A2,0,0.015159296331093669,0.019961014,0.007976372,0.013812271,0.010851322
ID_59464CC352,0,0.017321906767238406,0.023579277,0.007117236,0.017548397,0.012654978
ID_DC1D7C561F,0,0.020613143053016363,0.0240646,0.017162481,0.016542573,0.015195689
ID_663169507C,0,0.022498339749971216,0.030856768,0.012249015,0.014159663,0.01277692
ID_CB10AD4044,0,0.07814243788431827,0.081543624,0.075985774,0.05513096,0.07841828
ID_D5CA8C2D19,0,0.03045444150881779,0.028208558,0.0363832,0.030707903,0.027122574
ID_1CFD84CDB5,0,0.1066079037969686,0.123239845,0.08184864,0.08536541,0.09865341
ID_F9810C46A9,0,0.5273437326011592,0.47779137,0.63121986,0.6087588,0.47855413
ID_D34C54DDEA,0,0.11347986559356829,0.113065585,0.1277405,0.118126236,0.08261604
ID_2EF8EF9A59,0,0.08327145270209929,0.09191973,0.06846651,0.076679625,0.081335165
ID_DFB11656A0,0,0.15960722132317778,0.19829102,0.09050404,0.18272911,0.13419339
ID_038C3CEDC0,0,0.035588640532434435,0.042076234,0.028103244,0.042143404,0.021356681
ID_E6F6580C6F,0,0.027689805042418407,0.019360406,0.039345242,0.06293212,0.022544805
ID_656FF2C8D4,0,0.350018711252019,0.26918957,0.46765593,0.25076875,0.4827109
ID_8A85B29B4F,0,0.4406064154318331,0.45310107,0.4328388,0.46106106,0.3955212
ID_2BBC8AC3E6,0,0.11457670223037159,0.13254456,0.08962675,0.07274854,0.11035602
ID_48D9954F61,0,0.05170264693327632,0.06151809,0.042313054,0.0552062,0.028814245
ID_33C61318EE,0,0.047654632821802136,0.05213912,0.04939996,0.043394282,0.02680617
ID_B515E84A10,0,0.033841649182576525,0.04697736,0.017255152,0.02284834,0.018671367
ID_FAA78AA656,0,0.17031584116567683,0.17907801,0.14982294,0.2051837,0.16202654
ID_BBC9DF8F8D,0,0.4849323582646353,0.41610754,0.5339201,0.659837,0.5946194
ID_414AEDD1FB,0,0.0523731687253063,0.061647784,0.04898855,0.0407099,0.025501736
ID_C743365136,0,0.034001847652547844,0.03649344,0.026974937,0.0472808,0.03275155
ID_6978D2993E,0,0.08764147080442591,0.102604546,0.051597152,0.09739356,0.09744001
ID_7D184DE616,0,0.3786041081920144,0.34715903,0.4212052,0.30377525,0.4527989
ID_5B26266CF2,0,0.023525305503789125,0.030292034,0.013698468,0.016112583,0.01922416
ID_F6B364D518,1,0.21957480154674083,0.24218865,0.16593933,0.2454826,0.22771563
ID_D2305B35E3,1,0.0685662637379292,0.065964356,0.06764444,0.07791028,0.07747216
ID_7A29C26182,0,0.008451337352866425,0.008572829,0.008125615,0.012168074,0.0070161857
ID_8ED42AB608,0,0.11751272382676456,0.0906629,0.1429049,0.13192198,0.17029244
ID_F9F6794CE9,1,0.27881473679884183,0.31426588,0.17170168,0.34796584,0.32853916
ID_61AF2654B5,0,0.24169805619613016,0.23971725,0.2566114,0.25113422,0.21396996
ID_60BF9F8456,1,0.4284780737104368,0.47141203,0.34963533,0.48457274,0.39161238
ID_DD5881E6ED,0,0.008193132912303667,0.010167527,0.004626836,0.0059726047,0.008462735
ID_C394CD14DB,0,0.19550839220067423,0.22705306,0.15736705,0.18290119,0.14943993
ID_265422E239,0,0.016069438155831152,0.017565463,0.012681745,0.017281095,0.016482498
ID_41A9B42A66,0,0.03754871627558706,0.046328697,0.021673014,0.030748667,0.037443154
ID_84883FB7B8,0,0.10122781212222573,0.09293706,0.11426306,0.096887015,0.11021413
ID_F89B40129D,1,0.4575997597322822,0.39845398,0.4699971,0.5735682,0.6305408
ID_A1C1E386F0,0,0.02708824706278054,0.033143435,0.016620357,0.032970153,0.021375602
ID_D41FB92D91,1,0.6117282467633569,0.55289304,0.6405961,0.7366171,0.74413717
ID_A1920CDFC0,0,0.020825392778022596,0.026670689,0.0143853845,0.011534244,0.013974146
ID_8566D4C3C1,0,0.02603625412898965,0.03418685,0.017596845,0.012430651,0.015607084
ID_63C1C680FB,0,0.07255978585704853,0.07285671,0.07520405,0.08640417,0.059597306
ID_94CD32120D,0,0.03868071202930451,0.029098274,0.056792725,0.04349093,0.03824962
ID_EE1BCCA673,0,0.5105166445642495,0.50137836,0.5467919,0.48068842,0.4843451
ID_1D6489B62F,0,0.05711965271535485,0.05937844,0.05036214,0.07922141,0.05242992
ID_34D91DDA17,0,0.12341766069946769,0.11177835,0.14154063,0.17839393,0.10979244
ID_A0B61B6040,0,0.047348187069452534,0.053974513,0.03839749,0.028471556,0.046758503
ID_0571EC1B6F,0,0.047030084581610065,0.038263977,0.05340597,0.07342334,0.058914013
ID_704312A55D,0,0.026192204349884153,0.029090533,0.020643506,0.03651659,0.021339139
ID_8FC33D9620,0,0.018343546085928183,0.021058211,0.015430005,0.014208461,0.014917423
ID_886B3CF511,1,0.4034942235581249,0.37773162,0.44133383,0.40041688,0.43259865
ID_5287787434,0,0.017999638660735257,0.017163094,0.01774107,0.017573744,0.022277094
ID_956E56DC16,0,0.013298080966499764,0.01793722,0.006330685,0.009409194,0.010323223
ID_5FFF6176D9,0,0.028890961133982953,0.035435148,0.01780821,0.015751416,0.030721175
ID_B6DA75615D,1,0.7893708541213706,0.8100978,0.8103687,0.7355264,0.68016034
ID_02314BC592,0,0.021201671725078114,0.023924813,0.017978808,0.014855046,0.019367255
ID_70F61AE2D7,0,0.11491266489260707,0.114497386,0.10317942,0.21446244,0.098442934
ID_76FD699612,1,0.4982603541832137,0.521198,0.40633819,0.5769933,0.5641332
ID_1B7E843984,0,0.07713718863717262,0.08851825,0.06606128,0.051259864,0.06405349
ID_BD25D4DEB0,0,0.014126530735609159,0.016722916,0.0100387065,0.014358732,0.0118157305
ID_4B9271F4EB,0,0.18479398651173196,0.16917269,0.21673639,0.16975072,0.18888398
ID_95A93708AA,0,0.014364124204979843,0.015688581,0.014585539,0.010754416,0.009862475
ID_8BF8FC7498,0,0.10169157826796331,0.13298075,0.0553968,0.1039798,0.06770017
ID_07F12F96EA,0,0.2535888899717974,0.3006071,0.16184318,0.36019355,0.20511408
ID_9530FEAF2D,0,0.045972682693472676,0.049619026,0.039962973,0.05018924,0.041608132
ID_62F5125876,0,0.0754168229249754,0.0895022,0.07056146,0.03582424,0.043533497
ID_AF2D20D20D,1,0.20262043959590892,0.20895074,0.1974415,0.21832688,0.18011674
ID_825BDE478B,1,0.11967573191609229,0.13709569,0.11544088,0.094784185,0.06595351
ID_BA3878A48F,0,0.02559063690763868,0.025861992,0.023276286,0.021470383,0.031203771
ID_CEB6FB9156,0,0.07003929380533211,0.078733556,0.05930323,0.07210072,0.05540849
ID_C513E9DC82,0,0.31118817900528617,0.33762005,0.283273,0.33565623,0.24864088
ID_2F0C4FF2C4,0,0.0260805167439151,0.033203654,0.017379647,0.014117339,0.019840656
ID_B2DD50D817,0,0.2932458334720373,0.34469894,0.22839428,0.27977833,0.22066912
ID_CC3DF9792E,0,0.015710135659272016,0.021125212,0.0075702304,0.0076281102,0.013797325
ID_E5EC6DE012,0,0.009456342964430885,0.012892897,0.0043383143,0.0077505573,0.006647708
ID_4E2939F65C,0,0.024311241783955648,0.03493022,0.010415467,0.010524931,0.015228114
ID_DD1AC2DC3F,0,0.11026044451187171,0.08323425,0.14615561,0.057348248,0.170602
ID_1E85600384,1,0.3592584962487855,0.25654665,0.47358334,0.5168042,0.47964364
ID_00F429779E,0,0.28621159985237093,0.32337058,0.24208255,0.36536855,0.18924774
ID_59A355BE4F,0,0.031140071389512233,0.028786166,0.035917204,0.024469428,0.033753537
ID_DAB7F9909F,1,0.38075924130504635,0.34679565,0.4136683,0.4168395,0.4380472
ID_B0922576D7,0,0.029468319819121267,0.03307588,0.019944701,0.034995012,0.032234263
ID_65FC011B15,0,0.018156742419646377,0.022291025,0.012013732,0.020058775,0.0130239
ID_5706EA3E64,1,0.7958375949150369,0.74437666,0.8594264,0.8128076,0.8696294
ID_BA6E7A83A9,0,0.054870897553544365,0.063935466,0.03753246,0.04702375,0.05715613
ID_337270FA87,0,0.0122919032290912,0.012223289,0.013337793,0.012452946,0.010268311
ID_0537A1099B,0,0.03877641754774911,0.043787025,0.032902468,0.02189886,0.0375472
ID_6C02C947F3,0,0.01562924460757111,0.017566642,0.011680292,0.014421551,0.016434606
ID_DFD8B5BED1,0,0.010224219182287393,0.012726729,0.0058292206,0.010199743,0.00908115
ID_1156C35B91,0,0.1767336106099089,0.18333676,0.13693231,0.15012187,0.24579056
ID_4F8F79EE6E,0,0.016582173798193024,0.012468904,0.02203026,0.021917924,0.019961836
ID_AB70EF91F9,0,0.030985013121664306,0.029802753,0.036113,0.031508144,0.024755998
ID_3BE948ACFE,0,0.37254856574127515,0.29742634,0.47688654,0.38679785,0.4601631
ID_0A4418CAA2,0,0.05772129511775116,0.07918988,0.031013012,0.038131014,0.032776646
ID_6FA1BD0CB5,0,0.11835346207384542,0.11534156,0.12114408,0.16488889,0.10481751
ID_08BCC976F6,0,0.06578832258453234,0.073380105,0.053916723,0.08146078,0.052321807
ID_5993F4AB74,0,0.061106735790073585,0.08203274,0.028434519,0.052246906,0.046571903
ID_A2549A5680,0,0.016802867265425493,0.022613829,0.009194267,0.010026985,0.011507094
ID_36F68A0B55,1,0.8549483649526722,0.86377984,0.8450639,0.80257475,0.86163914
ID_1EE5A88E96,0,0.03650443372051039,0.042989522,0.02871362,0.030337,0.028483892
ID_25C80214F9,0,0.10167207934905453,0.12265849,0.07342178,0.117552765,0.066611946
ID_63F9B11919,0,0.0759472922284429,0.06798609,0.049780823,0.112340845,0.14987445
ID_3D69CDFAA3,0,0.017031354726838394,0.019100228,0.015933562,0.015050554,0.011501844
ID_9257E433D8,0,0.028511850336471002,0.03289989,0.021506893,0.026352197,0.025925506
ID_FBA33CD900,0,0.021618024082106717,0.023668729,0.01448683,0.020521877,0.028721813
ID_F6C21AA9B5,0,0.011121386035973237,0.013192455,0.008872679,0.010639028,0.0073982086
ID_087A431B34,0,0.15897184997952463,0.17032862,0.13751319,0.2009997,0.13866237
ID_E70BAEA9EB,0,0.024742922832138657,0.01540323,0.029097823,0.023927089,0.05524791
ID_170B82C63F,0,0.022311727926593042,0.027448371,0.013217372,0.019222874,0.02144703
ID_18622F2074,0,0.021394467980795848,0.026090221,0.015679877,0.015509636,0.016362913
ID_16F8CA54FB,0,0.049545378101314735,0.058949776,0.043194596,0.035740517,0.029421367
ID_254FCA2DBA,0,0.012247253574318027,0.013832206,0.009787434,0.0073358817,0.012963008
ID_76978EF704,0,0.15147181696086687,0.12612069,0.18312086,0.18624261,0.17561741
ID_11A69A2F87,0,0.03873009253805288,0.042952426,0.038912002,0.029530449,0.024496805
ID_D7FBDEAA45,0,0.1082084950615764,0.07304333,0.1273858,0.13434756,0.20436615
ID_49AA7A65EB,1,0.44583620232341925,0.3847228,0.5034212,0.5950283,0.51568365
ID_2FEE8AD39E,0,0.02744956615528752,0.03147291,0.024868147,0.03147992,0.014218174
ID_2A47FE1FCD,0,0.13053096803535266,0.15645441,0.10144813,0.1193306,0.08818625
ID_97E4339B7C,1,0.7345512807091827,0.7161492,0.71530986,0.8450023,0.80548865
ID_C8C7A013C7,0,0.04041349651202024,0.057710238,0.016812267,0.020254591,0.02669163
ID_F12F9FAB93,0,0.05276868656500732,0.062545374,0.04264762,0.05403784,0.03258722
ID_443BCD2580,0,0.008955205396892547,0.011134569,0.0045703095,0.01086649,0.008313013
ID_0CBB6611FD,0,0.33656229984794717,0.26988307,0.37701225,0.35690126,0.5228675
ID_7FB086F3AB,0,0.1106193770246382,0.11326388,0.07565932,0.10993939,0.17472601
ID_9FF78E123F,0,0.011972375684844317,0.014989746,0.0070067374,0.009429165,0.010974323
ID_7F03FB6701,1,0.01603975284927285,0.01689994,0.012224186,0.017519256,0.019942386
ID_EC151B5571,0,0.18153284114754722,0.17564441,0.19526426,0.22372498,0.15858409
ID_6AEA0B8613,0,0.010553985198016792,0.013406802,0.004935966,0.009993156,0.010786987
ID_FAA5435A96,0,0.0525345575761628,0.055932842,0.052773792,0.06093466,0.033990785
ID_7312A31960,0,0.02571607745862288,0.032617003,0.016323872,0.023231482,0.01776699
ID_61F9C51E3B,0,0.0797966830860906,0.10007754,0.059965417,0.060077496,0.045178574
ID_7C6B078BAB,0,0.021879563376373253,0.028003724,0.013641018,0.02150698,0.013819534
ID_334A5FC53A,0,0.27550737672563613,0.28133896,0.24059342,0.39631703,0.27308115
ID_0BE8144458,0,0.02237190408850168,0.021804024,0.017690344,0.019884195,0.035899777
ID_F65E2C5BD0,0,0.019858401807939727,0.018902475,0.021776762,0.023788946,0.018071964
ID_47C3743866,0,0.1908766616769411,0.23296085,0.120626196,0.19861251,0.16025287
ID_54BB336D2F,0,0.043223197506909214,0.057499636,0.025485372,0.029604986,0.02684348
ID_C6A0C7CEDC,1,0.6748010850987846,0.6948727,0.72411406,0.5568105,0.5355853
ID_8CAE103D5E,0,0.024040905975823125,0.030848602,0.015649164,0.01849667,0.015673665
ID_8B6A270A47,0,0.240634913024651,0.27731046,0.19684134,0.22378905,0.18684371
ID_907BCBEB2B,0,0.009467938646326947,0.010139674,0.008037653,0.009500802,0.0096813915
ID_CFFCCF32E3,0,0.007519447119120115,0.009429227,0.0043082624,0.005004114,0.007429024
ID_A73E6932C6,0,0.06072920156750755,0.0639248,0.058789585,0.061587837,0.05100363
ID_152B80C4C9,0,0.034563888676974255,0.03693478,0.031796373,0.04873919,0.024296489
ID_652BFDD3A2,0,0.07605854368071735,0.08841055,0.057203054,0.06151885,0.070615046
ID_94614DD2AA,0,0.05712980729086063,0.052892514,0.070207536,0.06048619,0.04553054
ID_456F72D05C,0,0.05632646653766404,0.07933993,0.02325297,0.05367518,0.031119686
ID_FE366A76B0,0,0.05694384179402413,0.05584626,0.06305217,0.062075052,0.04624519
ID_DC52EE6C57,0,0.028018477934125062,0.036593106,0.014400646,0.015126041,0.026593616
ID_E0C0419A38,0,0.03306567483016841,0.03659678,0.017579354,0.05275175,0.042773183
ID_0644B21844,0,0.008629599398390253,0.008810982,0.007069038,0.010171316,0.010538138
ID_C7F9B00739,0,0.12710798087202277,0.13760985,0.11360077,0.14528655,0.10375284
ID_C4756E6568,0,0.07615922337490508,0.0953463,0.05535674,0.063550934,0.045149576
ID_02A1B868B6,0,0.04042048429218272,0.043661732,0.03589995,0.05017159,0.032161865
ID_0889A93C23,0,0.014543933083082846,0.018066816,0.0103642,0.00788981,0.011514571
ID_4DF5DF7D03,0,0.036571419066934646,0.04324545,0.030466946,0.029697888,0.024442438
ID_D7CF57F747,0,0.07276143973474299,0.09880031,0.040611982,0.053265214,0.04012303
ID_8A45183A25,0,0.14220763313607043,0.14219788,0.14768024,0.10157445,0.14822198
ID_FADB57101E,0,0.06686858770951382,0.078949645,0.04965131,0.05244535,0.059005886
ID_AA801F70AC,0,0.09887747150268852,0.10049409,0.10413815,0.12634367,0.068784714
ID_B8E193AFE7,0,0.09606376319158001,0.07550748,0.13598223,0.12778768,0.08352497
ID_35CEA0D6FB,0,0.03762376987443165,0.05659384,0.014408605,0.017264832,0.016085641
ID_C8E22917FC,0,0.027423677662854834,0.021994267,0.02970195,0.030267762,0.044253994
ID_5BE0A84705,0,0.23629147260169214,0.2589219,0.20901592,0.34564373,0.15144426
ID_FE739E14CA,0,0.15696827293892324,0.17137773,0.13977727,0.13035437,0.14451802
ID_E496DD9E92,0,0.35526189346049714,0.33873975,0.32721126,0.46202293,0.43875527
ID_7B804D0C32,0,0.05844842567925511,0.06355556,0.056808226,0.06490783,0.037556626
ID_29F4B719CB,0,0.10263144835448035,0.11179115,0.08803424,0.07125913,0.10888905
ID_D2110757D7,1,0.06533923947885205,0.078224935,0.045722127,0.059250135,0.05558922
ID_82684793D8,0,0.4732967294749815,0.46201617,0.4993395,0.51563203,0.44667634
ID_E6B1635674,0,0.12412801549374984,0.13661657,0.107419476,0.09762295,0.118717544
ID_9EAF659459,0,0.04871782470950861,0.04660006,0.05535473,0.07494759,0.032001983
ID_E995069B62,0,0.11443457330294371,0.117698476,0.100634135,0.083729215,0.14362147
ID_0709A5A1CB,1,0.4108479725867875,0.38096163,0.48092073,0.5680911,0.31836158
ID_1FF9E3E0D2,0,0.11160196317116801,0.10665795,0.111991026,0.16619809,0.107873335
ID_E7E9A77B21,0,0.026897877745819497,0.026028205,0.028095705,0.035287455,0.024348611
ID_E63BD2AD42,0,0.008965241174667744,0.011203716,0.006095655,0.0055208714,0.0071572186
ID_A3744587FA,0,0.09527208828540011,0.10562761,0.09121769,0.065434486,0.073189296
ID_00F1608D0B,0,0.012846098673506473,0.015668448,0.009177623,0.010234764,0.009919834
ID_31564A2627,0,0.039802004910137995,0.041338656,0.038793355,0.048818603,0.031537835
ID_B4D0178716,0,0.04059805524345775,0.054881822,0.023071624,0.026887676,0.02377407
ID_E4F74145D6,0,0.13044461551397343,0.12273743,0.11518745,0.20562783,0.1629878
ID_C3605945E3,1,0.17662204477226862,0.17694865,0.16108668,0.2104362,0.1938258
ID_9F0BAEABA5,1,0.6625447870703163,0.67630357,0.693507,0.4567398,0.62766397
ID_112C939C43,0,0.207124922808397,0.22371529,0.23648536,0.11857184,0.11259647
ID_48CD9B2315,1,0.5906892195295033,0.7007407,0.48944923,0.32579708,0.45799494
ID_E24CE52B7F,0,0.05556094719104785,0.06894284,0.039685708,0.04874262,0.036004145
ID_76537C8F60,0,0.04312334400456873,0.04828366,0.038397733,0.042836607,0.031565808
ID_A94CE3CD97,0,0.05981914250476063,0.074555196,0.041969743,0.044988785,0.042263757
ID_2726216F6B,1,0.34000843569099803,0.38058984,0.33816448,0.2391164,0.21635327
ID_5534AAB0EB,1,0.32360835803634247,0.26170346,0.3292467,0.4935016,0.49920818
ID_2263352832,1,0.3090387919748213,0.29669094,0.31228328,0.342692,0.33961982
ID_B5DD3BDD70,0,0.4165928755173077,0.41756803,0.43477508,0.4020131,0.37982285
ID_8530E86CF0,0,0.029952046846586113,0.03421587,0.023529954,0.03526057,0.023385208
ID_E46B360339,1,0.2944942897249059,0.33862355,0.2056602,0.30556917,0.2936311
ID_CF33FA0BB0,0,0.19424348145029974,0.2215396,0.16542047,0.14215069,0.1633626
ID_8BD2818F2D,0,0.15729305687373038,0.14694187,0.15205102,0.22817151,0.18140912
ID_B9C9180019,0,0.011923381275323348,0.012149449,0.010804038,0.01143606,0.013581002
ID_85179298C2,0,0.09332859314104483,0.1053504,0.08478227,0.046409052,0.08128191
ID_6025977137,0,0.028389137217612135,0.03319593,0.023378637,0.03864784,0.014340677
ID_DE9F303CC8,0,0.1270140090027776,0.1298262,0.12596866,0.14522137,0.109428875
ID_66A17A6F5C,0,0.02293875356010643,0.026346665,0.017807927,0.024615318,0.018804295
ID_0260620E11,0,0.016826416852804844,0.023403201,0.007837031,0.010771351,0.0109402025
ID_2E24ED5C2E,0,0.04119034960321437,0.05948058,0.012904757,0.020529475,0.03353484
ID_C97F270B91,1,0.5790683107746679,0.52414936,0.6879738,0.6102773,0.564067
ID_F899EB831E,0,0.015252365165168999,0.020891037,0.007046956,0.009564768,0.0114908945
ID_5D34DB09D8,0,0.20413472463869423,0.20850223,0.19445938,0.29218784,0.16803908
ID_82EF2358E8,0,0.025602027434901815,0.031378046,0.020768909,0.018784555,0.014518517
ID_6EBC470F01,0,0.08523074053273548,0.09370795,0.06931136,0.0732786,0.088744916
ID_404596269F,0,0.0877370845085653,0.116733015,0.03587115,0.09328517,0.07397172
ID_B7C11F2874,0,0.07313213681591557,0.02965143,0.106183685,0.17540513,0.14150178
ID_D0501F359C,0,0.11549825205382705,0.10081096,0.13848332,0.15106948,0.11279
ID_86C6AA8151,0,0.055621340630971204,0.064859554,0.037578333,0.08722053,0.04148881
ID_9791119564,0,0.12034913910334319,0.14550786,0.100898385,0.09258788,0.067795366
ID_E4E658B36D,0,0.08138446819014022,0.09527951,0.06511817,0.06578538,0.06432436
ID_6A880FDEDF,1,0.4524511067947921,0.4812451,0.43332478,0.36441103,0.4101063
ID_7F7659CEDA,0,0.2729293488139629,0.23074473,0.31479606,0.26936755,0.36304358
ID_E5645F18E2,0,0.2730572893105866,0.22653331,0.34092754,0.34066078,0.29471868
ID_C7FCD2EA3B,1,0.9018939546535754,0.8677748,0.94405174,0.9264005,0.9450456
ID_7E8CF24F28,0,0.010400410698761603,0.012112138,0.007339987,0.013622637,0.00832298
ID_2B178A024E,0,0.03019812368623194,0.036921445,0.023078082,0.02522883,0.019209128
ID_F6ED960752,0,0.01067376720675268,0.012470506,0.007885002,0.007319786,0.010520764
ID_191C6BFDF9,0,0.01685705740755377,0.022328034,0.009648849,0.0114870155,0.011527155
ID_78D8F443DF,0,0.026258690472152086,0.030749356,0.020342348,0.02643355,0.019885622
ID_6A18687E6D,0,0.07479052638700331,0.08447655,0.061618242,0.08539324,0.057468932
ID_7F42FDA98C,0,0.06805356376608644,0.082987405,0.045200873,0.07691913,0.05006511
ID_5ED38D7B12,0,0.06677381915792188,0.07532348,0.041044123,0.03672092,0.09891575
ID_1C31B3F1DC,1,0.27865810288334636,0.33609125,0.20972615,0.23547994,0.20249984
ID_4B17BAC6F7,0,0.023324252815445045,0.025212472,0.020743607,0.025230119,0.020045212
ID_562B185B8D,1,0.6634006156443086,0.62732005,0.7448808,0.57897645,0.67797965
ID_0BFA806EA0,0,0.017172130859215387,0.02193456,0.0118616745,0.0091966465,0.011903083
ID_D654805657,0,0.016698855956901133,0.015754,0.01906066,0.020040613,0.014171045
ID_9D8277C32D,1,0.2225516931530956,0.24691741,0.19448923,0.17575002,0.20012356
ID_EE0A3846BB,1,0.5978737107854977,0.52328724,0.7196613,0.60145915,0.65044063
ID_0060D93CB6,0,0.043858669713807384,0.0396431,0.04846523,0.0685405,0.041042946
ID_8FC79A50B6,0,0.019922635252919277,0.024385087,0.012194954,0.02303955,0.016271863
ID_E16644B3D5,0,0.05086260395188269,0.060108434,0.040190294,0.06121992,0.030146625
ID_2D29BDC2B5,0,0.045102704387385215,0.05141819,0.042221885,0.037788827,0.027766729
ID_495CCD893D,0,0.05822849555536811,0.07226823,0.04154317,0.03482209,0.04485866
ID_12439642AF,1,0.654377456076846,0.6191034,0.7235246,0.6288242,0.66633964
ID_258D49A9C3,0,0.025144193757571997,0.026377654,0.019412676,0.033793803,0.028452886
ID_9D668FF221,0,0.02482191407281886,0.029452005,0.018616043,0.020481491,0.020448614
ID_6914A3B099,0,0.1371104996428943,0.13662018,0.13816243,0.13996942,0.13568102
ID_FCE189A58D,0,0.07813301706313286,0.08908887,0.065509036,0.05194771,0.07030219
ID_468FE98DB3,0,0.06283083621280475,0.058709044,0.07197567,0.09764952,0.04546494
ID_7B757CC21A,0,0.013710301630212947,0.0121434955,0.016854726,0.016079938,0.0125572495
ID_2C2B04DE6E,1,0.30717870498371846,0.26213542,0.28484437,0.52450544,0.4508097
ID_56CDB4999C,0,0.0762771132210086,0.11249245,0.03403251,0.03829052,0.030324545
ID_0BA57B88FE,0,0.08888165298766419,0.11838502,0.039875634,0.0652792,0.079542875
ID_3A0347348D,0,0.05576439815076335,0.06950624,0.032448884,0.027701214,0.059906315
ID_A976A28383,0,0.04333838931038038,0.04956616,0.036203045,0.016078645,0.04419409
ID_6EE5047ED4,0,0.19597951366950675,0.19807313,0.18869463,0.17413494,0.21227589
ID_601BBEAEFF,0,0.028248726367064568,0.036391996,0.017995132,0.019728303,0.019525442
ID_8D744D0538,0,0.028993737243698386,0.034122013,0.02340031,0.02415601,0.021417009
ID_E0EF28F16F,1,0.5432857697530455,0.6258235,0.3826828,0.5227283,0.54775876
ID_0C785BA044,0,0.4060755456656878,0.46662268,0.30326885,0.378429,0.382644
ID_F54EE89D98,0,0.047526246310316114,0.060303457,0.030271925,0.04954676,0.029631535
ID_D4508252AD,0,0.024262342567114493,0.026949497,0.021565448,0.026756037,0.017598294
ID_8D9C107FE7,0,0.07646362568854792,0.049346704,0.10509941,0.22228345,0.066132225
ID_84A0115132,0,0.04779933292959433,0.056046005,0.03652068,0.04596385,0.037923656
ID_A54F907B56,0,0.01465489999112514,0.019262422,0.007451201,0.012235539,0.011680044
ID_38EF727D92,0,0.0936857990484121,0.10100772,0.09644097,0.07986857,0.06283953
ID_E922521DD2,0,0.034343789914675064,0.047469944,0.020292785,0.021623798,0.014527765
ID_6ADDC6D0D9,0,0.2029327246615471,0.17365256,0.18650283,0.30509987,0.3174459
ID_B1BA54AC3D,0,0.022322497345149045,0.02208915,0.022974288,0.029420014,0.018817168
ID_481E5C6A5F,0,0.03498032536362116,0.027717013,0.04650783,0.04391788,0.037068427
ID_86A582F427,0,0.01582582006643971,0.01879503,0.011531116,0.015365071,0.012684439
ID_436A300B1D,0,0.028444709632678686,0.03675622,0.01535208,0.02255746,0.023952179
ID_C19A4B264D,0,0.15699243333842722,0.15527661,0.17373577,0.13019247,0.14001398
ID_08C7DB1092,0,0.027470493242593905,0.027450487,0.0227808,0.05994168,0.023460444
ID_2AC2DD9992,0,0.03708557173225647,0.044626437,0.027712226,0.050611768,0.019410973
ID_D8E09A4996,0,0.040960198062687456,0.04166834,0.035500623,0.0550954,0.043515544
ID_892FD140FE,0,0.09915454878773583,0.09067194,0.11104898,0.15111834,0.0868557
ID_711859A262,0,0.02558838181348154,0.02311646,0.030709565,0.035260275,0.020839028
ID_CC1D706A26,0,0.42563107447220117,0.45694703,0.42129615,0.32820904,0.34498367
ID_DE74447C43,1,0.3877903902489906,0.5567643,0.16295892,0.15453525,0.25727713
ID_55CC00040A,0,0.1398251428614995,0.13761717,0.15893835,0.11727148,0.1179931
ID_7E4A8DEB92,1,0.4661489057488537,0.50375384,0.40001696,0.55121315,0.41192225
ID_2F8CED09FC,0,0.10061283423012247,0.12477749,0.08680265,0.053994793,0.0483826
ID_7147A3B87E,0,0.025089500622704923,0.031402305,0.016934829,0.016327372,0.019708972
ID_DD0504BABD,0,0.012203213880416076,0.014351291,0.010531282,0.008870069,0.008159876
ID_2B61ABC563,1,0.1674502074373032,0.17831796,0.17619541,0.08952231,0.13670827
ID_8ADD8A7AE9,0,0.023752235513747888,0.02723853,0.02019345,0.018633254,0.018876426
ID_0100C9EB67,1,0.9583764774236849,0.9800666,0.93125993,0.9438236,0.93117505
ID_7970E8E6AD,0,0.028311203324861735,0.037966605,0.01333404,0.019358067,0.023515217
ID_968B584DBD,1,0.02662094602721999,0.021594247,0.023674589,0.031990994,0.05185462
ID_097AC697D6,0,0.03263322681231719,0.044012096,0.016912773,0.029125439,0.01977067
ID_12C48D77BE,0,0.016712225075307563,0.018628946,0.013662444,0.019540377,0.013916972
ID_D0EE69F28B,0,0.010843828718795965,0.013249232,0.008374729,0.0068740444,0.007699937
ID_FAFA14C05D,0,0.01917649059433897,0.019919768,0.014422332,0.023350773,0.024412131
ID_3C354B1BE1,1,0.2171498805826645,0.15247348,0.30656955,0.2954154,0.26469225
ID_D33C9D4D97,0,0.017210880450186938,0.019333709,0.01123356,0.024266336,0.01798123
ID_FCC1EAE13A,1,0.4665432857787095,0.5264803,0.39836177,0.3712385,0.40091044
ID_672D997AF4,0,0.02589277446832764,0.030097341,0.020883514,0.026117004,0.018762138
ID_AD608F6114,0,0.035406746871683825,0.035064004,0.03468414,0.029633297,0.04092269
ID_C32DCF4876,0,0.07015016048893094,0.07535412,0.07587023,0.06880372,0.03646323
ID_89AF94FAC9,0,0.051170855804384005,0.061133135,0.03818885,0.051129863,0.036912683
ID_BAA975D896,0,0.05432220364937125,0.07404334,0.032119527,0.03225109,0.028182823
ID_13C0FA2B3F,1,0.6310295000951671,0.592462,0.674564,0.74460995,0.65120894
ID_2926B752AE,0,0.024961316140102857,0.02910575,0.019431574,0.023331966,0.020009393
ID_1490B69696,1,0.09511537127318392,0.10623615,0.08387435,0.12856092,0.05762718
ID_855222AC08,0,0.5105956210900798,0.45230377,0.60021645,0.6149505,0.51933825
ID_BB753D47DD,0,0.03733735086508892,0.046837103,0.023752315,0.03603557,0.026878007
ID_D0D4603D97,1,0.1334383037916173,0.16249426,0.113197714,0.10265312,0.067418285
ID_1B210984E8,0,0.013710848551790344,0.01454441,0.010084411,0.012579471,0.018458465
ID_E15C07D83D,0,0.21472245778969373,0.20792069,0.2610713,0.19736314,0.15162762
ID_ECC775B1AE,0,0.06727793608894864,0.06866916,0.08268601,0.051604565,0.035176065
ID_CDBCDF0EE8,0,0.014810173786776328,0.01752943,0.009928812,0.017699137,0.012523937
ID_84D26069B2,0,0.21897836390953168,0.24204567,0.19751899,0.23318541,0.16128209
ID_23246A9934,0,0.044639045363336266,0.060026452,0.023214499,0.043883443,0.025863238
ID_2F0095D339,0,0.07056204272692469,0.07849707,0.059376772,0.08957493,0.052715857
ID_4F1569A421,0,0.0136845905514726,0.015028964,0.01191088,0.0150271505,0.011219701
ID_9294416513,0,0.031258126780862226,0.032635115,0.027261306,0.02076605,0.03858286
ID_D9B0E9B1F7,0,0.025008156170777826,0.022870297,0.033379555,0.022107918,0.0173546
ID_8154FDB5F8,0,0.05140327301869317,0.06281195,0.031170987,0.037204795,0.052753046
ID_2A30CB8DF5,0,0.020407107311358114,0.019720769,0.01991171,0.024129385,0.022749249
ID_ACBD7D1DD2,1,0.38651893803904364,0.354205,0.4247811,0.33887568,0.46184438
ID_A7F8369E5A,0,0.045430899179349046,0.048475556,0.04546789,0.05758198,0.02718112
ID_8678229EAF,0,0.07162078708619855,0.07771676,0.062455256,0.08704447,0.05878271
ID_287DE60BA5,0,0.015929015581498743,0.016695421,0.014404998,0.020768268,0.013848102
ID_AA817A57DA,1,0.716774405870047,0.80379015,0.5578992,0.6071857,0.73741615
ID_FB02AC9AC9,0,0.17089984165116878,0.18853614,0.15769495,0.1863777,0.117907025
ID_2CA72598D2,0,0.03083708038403499,0.04313178,0.012980231,0.02612953,0.019207839
ID_4E662F5326,0,0.055013669077414326,0.058304932,0.04401253,0.06509053,0.060302954
ID_2A12DD5785,0,0.01761005817105301,0.02212486,0.0122516,0.02045302,0.008775189
ID_E0127E4C4C,0,0.48795010504069297,0.53545475,0.44783965,0.45280808,0.38844517
ID_44BB9D8697,0,0.024968771385403515,0.03322138,0.01039409,0.017037336,0.02479549
ID_93D0757DBD,0,0.030166563595666357,0.03887398,0.016910234,0.019328214,0.026509386
ID_6D09CC3695,0,0.10017146952760086,0.09888954,0.097911656,0.15077247,0.08838204
ID_585C5F89A0,0,0.013384394265194974,0.014979308,0.009739153,0.014540914,0.0139558185
ID_AAD82B819B,1,0.12694702099045468,0.13226026,0.12294621,0.108695224,0.12101919
ID_536B40D796,1,0.26370486270116306,0.20697807,0.29536045,0.38590598,0.3823905
ID_9D78EC4202,0,0.21281549425999818,0.18667127,0.24390204,0.26532578,0.23378836
ID_22C705D401,0,0.06889425969527647,0.06715622,0.08425305,0.051744476,0.050773136
ID_BDD4AEE383,0,0.08665719986405196,0.09492598,0.054720156,0.13859092,0.09756354
ID_AC260FD4B0,0,0.06525120311382651,0.07478913,0.063069835,0.05022562,0.036151007
ID_A710C3C5E8,0,0.014336843270875114,0.018667994,0.008102138,0.0115710255,0.010603024
ID_CF1422C078,1,0.21015033960876084,0.20619164,0.2563285,0.14763549,0.15508384
ID_F40014A3F9,0,0.012186977397620705,0.016437812,0.0060448977,0.011231057,0.007805124
ID_A342E18F26,0,0.3799131130785538,0.383797,0.35679072,0.4679226,0.37472636
ID_224971EA62,0,0.0302290881507876,0.03197251,0.029608399,0.028806591,0.024808897
ID_EF525FE6C5,0,0.2381833285610424,0.2302202,0.27543175,0.18681006,0.214347
ID_803D17BC49,0,0.04808976447577776,0.05247214,0.043846555,0.034231942,0.04470251
ID_F02D489FD1,0,0.08331673951085644,0.07517301,0.08603586,0.10076113,0.104313955
ID_D6F09A2964,0,0.1767665833439202,0.18051283,0.14203285,0.13228786,0.2548214
ID_726A5525D2,0,0.12825429242331013,0.12989599,0.13188533,0.086301744,0.13181125
ID_EF42CF9323,0,0.17475796760133092,0.15546428,0.21103907,0.17953895,0.17642757
ID_4102B87492,0,0.08947737491062102,0.12417026,0.05310057,0.04485421,0.040268227
ID_547E72843A,1,0.7034417527909718,0.7672586,0.6894033,0.62661654,0.49720767
ID_3B366F4C58,0,0.010403667937646726,0.011940014,0.00769548,0.011400702,0.009282204
ID_39462C9672,0,0.19576898847572394,0.18301779,0.1968181,0.2948969,0.2042239
ID_904FF1DEDA,0,0.008228588274518575,0.010521941,0.0037752017,0.00967986,0.0074518556
ID_7BACC096E7,1,0.22691282888105208,0.28977287,0.14165567,0.15041627,0.17735058
ID_A9375A83B5,1,0.7410263413492372,0.74596095,0.68529713,0.8042665,0.81213796
ID_62706CC719,0,0.013548042181957593,0.017950539,0.0072076074,0.0074961395,0.011171774
ID_73AED6A1F4,1,0.21421000460177947,0.19459662,0.24992153,0.33753943,0.16677716
ID_CF6073BE81,0,0.01382111339412422,0.015704533,0.011959442,0.009538906,0.011717531
ID_049D742D7E,0,0.010566915713873233,0.01206566,0.0072337296,0.013982029,0.009891054
ID_D9A49D070C,0,0.036027181327854554,0.045491453,0.02437663,0.027166583,0.024863174
ID_444D4548D2,0,0.07822475982025102,0.08439534,0.05424282,0.07734874,0.103958674
ID_598EFCC0EF,0,0.02863104906049788,0.034729462,0.01911564,0.024936998,0.024866708
ID_0ECC6DFE9E,0,0.007809530757963841,0.010251096,0.004330268,0.0053658383,0.006014379
ID_5F8255E909,0,0.041054189250617816,0.04565264,0.033684418,0.053433333,0.032023173
ID_B5843E2FE8,1,0.01677683246282719,0.018184945,0.012874361,0.014338602,0.020256856
ID_F0C83C7DDA,1,0.32646982041571787,0.34961537,0.31318682,0.46207568,0.1979853
ID_3F9DA07A93,0,0.04207823805918706,0.026461596,0.054485846,0.06717887,0.07055319
ID_68A54B0835,0,0.07352231954085914,0.08646939,0.04442992,0.11416268,0.06346834
ID_2F2B61F11C,0,0.017152769248105625,0.02100026,0.012504023,0.010253682,0.013863719
ID_6D8DEB3968,0,0.0745457760599343,0.1029486,0.03709402,0.053581055,0.04392584
ID_25EBCF286F,0,0.016870746047159543,0.021753078,0.008102321,0.013133219,0.016664963
ID_35A5BF6A00,0,0.010004040136380402,0.011944314,0.0064695156,0.0120650325,0.008483416
ID_1C395E58F4,0,0.01534800124849256,0.018294826,0.009433535,0.010789665,0.017561948
ID_EC0E38D0B0,1,0.3168731303259298,0.4209336,0.20834658,0.18538366,0.16698976
ID_029BB2F367,0,0.010530160684607395,0.011744283,0.0077826343,0.0135092465,0.009991546
ID_5AEB670DA5,0,0.011302015785390614,0.013124463,0.0077037136,0.009071144,0.012287256
ID_239858F7E3,1,0.0748748670255842,0.088209055,0.05309167,0.0875711,0.05968626
ID_363C781DB7,0,0.013098524233252126,0.017015148,0.0068045985,0.011972737,0.010529579
ID_9BE0FF6791,0,0.04073106286245353,0.04560861,0.036096923,0.051359314,0.02541503
ID_E739DB0482,0,0.11192917156146447,0.12711327,0.08220544,0.14313547,0.097883016
ID_09C80E0F16,0,0.00924008308882535,0.011041807,0.005528069,0.0089375535,0.009716293
ID_A3D8B0BBFA,0,0.047631248061711956,0.05600326,0.039899852,0.039978154,0.03215239
ID_1ED116B6D9,1,0.5208198282075616,0.5524665,0.49470606,0.4806892,0.4605176
ID_2E96382EB0,0,0.06099250857430391,0.06993792,0.050472658,0.07707941,0.038722184
ID_0E51F6C9D7,0,0.09956958363713227,0.12981683,0.062704965,0.08678862,0.05632408
ID_D6825CF3BA,0,0.21211012294285464,0.20504397,0.22673668,0.15999067,0.233332
ID_841D684480,0,0.00923955862967784,0.011878345,0.0050212382,0.00875126,0.0073434664
ID_8F569373B4,0,0.05920795171642529,0.06545798,0.04616632,0.072647534,0.054897908
ID_67FD933540,0,0.03453951770743026,0.03489098,0.031233637,0.03528226,0.039821032
ID_7A48D5ACAC,0,0.2622200029953955,0.1485626,0.3824452,0.43164665,0.41105053
ID_97165CD19B,0,0.00816465498220009,0.010035699,0.004368334,0.010563021,0.007351266
ID_4E03F5CE64,0,0.11832128475382381,0.07208137,0.15991004,0.23371805,0.17432398
ID_2FFCEE5E55,0,0.27987406664917863,0.27394605,0.26530978,0.40870166,0.28002423
ID_83F7774182,0,0.023339904178968075,0.02910139,0.01876413,0.017016327,0.011550522
ID_A9FCB2B02C,0,0.0394604554196131,0.048621316,0.027634915,0.03783693,0.026800044
ID_BE6E2817ED,0,0.018825512566867007,0.019358763,0.01852413,0.024983842,0.014532805
ID_23E125BF7D,0,0.03510372960447934,0.03650453,0.029290762,0.03131619,0.043301005
ID_69E3640DED,1,0.11465448017305435,0.13907966,0.07766103,0.081449404,0.10520572
ID_036244C640,0,0.04970126264855565,0.05820496,0.0350816,0.03835762,0.05005019
ID_414B802D47,1,0.5152598798465569,0.39042413,0.6745183,0.701067,0.62048614
ID_1574F2583D,1,0.04775929646569863,0.04445579,0.06118994,0.037828807,0.03724651
ID_BC638BB024,0,0.03278769288543439,0.03570721,0.03401407,0.020544643,0.023149276
ID_91EBE6414D,0,0.025085735935266217,0.025751151,0.027427169,0.0228035,0.018244456
ID_67AFE0F04D,0,0.5149325743272825,0.5009081,0.54278237,0.47281885,0.53284997
ID_3D7F586E0C,0,0.04325971545891938,0.057992004,0.025872206,0.0347676,0.02196658
ID_655E9A069D,0,0.2073919241058788,0.17968902,0.166936,0.22518174,0.40355423
ID_2DF225BE2A,0,0.061867592176276395,0.054770045,0.05518029,0.09272061,0.09277385
ID_B3A227A1D7,0,0.014326413990507093,0.015511078,0.011015954,0.012422903,0.017248247
ID_64C8A3C624,0,0.08140014727783662,0.09977316,0.05819186,0.055545505,0.064767405
ID_C3572890B8,1,0.23441519861509408,0.24871267,0.22781971,0.18859458,0.2080826
ID_BD305446A4,0,0.12874120731946964,0.15115243,0.0931075,0.056581084,0.14187203
ID_ACAB28ED43,0,0.012852899725886751,0.013416181,0.01033294,0.022194356,0.011804687
ID_6DAF096B8B,0,0.0473598154357942,0.056831926,0.03095855,0.045332503,0.043374635
ID_8F513577FD,0,0.026641808715735963,0.027379123,0.023772892,0.028211806,0.028993899
ID_4A4BF72CF8,0,0.10091397892661357,0.15353797,0.034040872,0.07976343,0.031071873
ID_7351ED8840,0,0.03439155698399058,0.0461751,0.020549236,0.019382244,0.02080277
ID_837ABC6BD0,0,0.09525547012203296,0.120211914,0.054435585,0.10015333,0.075159065
ID_B7A0533226,0,0.17387623972581256,0.17772569,0.14613967,0.19218966,0.20911376
ID_3E2C41DA0F,0,0.02176380216029694,0.019004622,0.028506465,0.02562985,0.017281665
ID_632D141761,0,0.0344198298272045,0.05055121,0.011248404,0.022930212,0.020924496
ID_1D9CA8D136,0,0.024043305785314665,0.03012676,0.015731018,0.019410616,0.018170588
ID_71135BDE0F,0,0.15143725423198784,0.15626203,0.1414706,0.19693692,0.13258237
ID_A39C4CF188,0,0.08600806107967203,0.10136407,0.06124721,0.06590924,0.08295347
ID_77C520C06D,1,0.1978467238485221,0.20460522,0.17249924,0.20501612,0.2205169
ID_F12E557900,0,0.016602407915712686,0.013868218,0.020456437,0.016539909,0.01992342
ID_917B6A14BF,0,0.22061618560037785,0.22054546,0.16015755,0.36827856,0.28623667
ID_46BC8B2249,0,0.05469017460640746,0.06528665,0.03350148,0.07465476,0.046633843
ID_88BF42FB9A,1,0.653813905065499,0.6600943,0.6273413,0.63021475,0.6943313
ID_6E7D3EB774,0,0.022743687539380015,0.023176307,0.021592101,0.0293169,0.020519383
ID_107E7E677A,1,0.44717514095382505,0.4986072,0.35812068,0.4802102,0.40633377
ID_7045EA9110,0,0.02445477279171366,0.031796705,0.015084518,0.012433749,0.01875088
ID_96739E02F9,0,0.04904481366170523,0.07477989,0.017602056,0.022537587,0.01923114
ID_C47B5E858D,1,0.7493575958202672,0.7500948,0.75260794,0.7354997,0.7453091
ID_CE062051A8,0,0.3605001849002071,0.39223734,0.33766752,0.33382764,0.28691074
ID_DB87CC75ED,0,0.01848440112066118,0.022037279,0.014780157,0.012078551,0.014200028
ID_7C756E4AA5,0,0.037790773642458836,0.042782653,0.028160179,0.03414275,0.038932197
ID_6BDA382C93,0,0.06183240562104327,0.07373395,0.0429621,0.074166186,0.046611067
ID_FCEDE9D674,0,0.012110784297806418,0.012252414,0.0097859735,0.020081796,0.0130242165
ID_20D5C04E7A,0,0.010305287405057827,0.013318508,0.0056032385,0.008342155,0.008506502
ID_DD23DA901A,0,0.07025618192401983,0.07556088,0.06564098,0.041679256,0.07018317
ID_E2A5BBFAD0,0,0.12366791790952965,0.1616528,0.06759997,0.06141048,0.11046511
ID_91C9FDBD7F,0,0.1423808084359347,0.13092214,0.13622048,0.17897812,0.18809278
ID_9FD28076C4,0,0.30890121106939095,0.2975084,0.3476942,0.29446098,0.2801541
ID_43642228BE,0,0.020222893144897,0.019565145,0.020389687,0.025909977,0.020167226
ID_C4832F25C3,0,0.04675820861699852,0.05298794,0.037920754,0.039872196,0.042375743
ID_752E1A31AE,0,0.012119127854371949,0.013290241,0.010241745,0.00900197,0.012553234
ID_374BDD7C8A,0,0.03660257273416623,0.041131414,0.029398277,0.054500017,0.02510546
ID_FB6030C84E,0,0.05558276280283614,0.051524695,0.068987794,0.070637345,0.03742427
ID_145C637611,0,0.0117884891551052,0.011412339,0.011398468,0.016459227,0.012179582
ID_DA0EFC65C1,1,0.13622011852141852,0.16885515,0.087649256,0.10505303,0.11600378
ID_A771927405,1,0.2320860206198666,0.28929147,0.15260157,0.16855037,0.18840039
ID_481E797BBB,0,0.21828174585081628,0.21825701,0.22191441,0.27869812,0.18425813
ID_70AFB9B66C,0,0.010093092169186777,0.01212425,0.005827707,0.011116496,0.01020823
ID_D293B8CA67,0,0.02873112950247974,0.0398074,0.014790508,0.017324738,0.016773216
ID_018A0F021D,1,0.152096275150083,0.16761431,0.14494775,0.12855548,0.112077184
ID_4B1651E441,0,0.02105871755673288,0.025842918,0.013203114,0.020566396,0.017895188
ID_BB66905607,0,0.026343312485397518,0.032861236,0.017747335,0.02894977,0.016086476
ID_FCD90D0891,0,0.013160055607031351,0.015068344,0.009022223,0.017790394,0.011948827
ID_C22B014D8C,0,0.04704405201813902,0.059029497,0.034337275,0.035177942,0.028795594
ID_0E4D00B442,0,0.07761001760011446,0.083200924,0.082583636,0.0500611,0.055309985
ID_2220AC2234,0,0.10957638026074251,0.14672342,0.054817565,0.08988718,0.07855228
ID_3E31362F5B,0,0.0885458728729192,0.107344076,0.07288903,0.054049782,0.057683744
ID_3A9CAD2C4E,1,0.028374497802865904,0.031588472,0.02465732,0.025791008,0.02388466
ID_DFA3F959CD,1,0.22813402264301802,0.2723191,0.17777297,0.2779461,0.12762144
ID_9DA8B9B57D,0,0.046828084409104215,0.058714308,0.030971808,0.036386408,0.03513416
ID_69DF1CD7B1,0,0.07891384418040145,0.100078955,0.051091723,0.09428225,0.04240294
ID_F2AF5DBADF,0,0.3384922439342449,0.37891248,0.33375332,0.25300288,0.21501437
ID_F7622B95E6,0,0.07397223491766358,0.07218281,0.079817615,0.07912226,0.06675473
ID_C795991B48,1,0.41914943238250196,0.32732537,0.5483692,0.4839127,0.50199145
ID_C2DCD3CEB8,0,0.016862880919003072,0.02345599,0.0056509175,0.007401637,0.01716001
ID_DA449A8E52,0,0.03379002261180875,0.020802237,0.056276727,0.0512335,0.032866776
ID_2FE01ED55E,1,0.8893814494964987,0.8715363,0.91363937,0.86906046,0.9216589
ID_98DC9F7D1B,0,0.03696031340383783,0.045026455,0.02172669,0.04222046,0.033238653
ID_D2F87DF74E,1,0.68793785961092,0.6624496,0.6750196,0.748383,0.7970719
ID_F61841E935,1,0.06710217323413678,0.08931262,0.030936358,0.07652394,0.046661314
ID_CF1564CB8D,0,0.14867137441143813,0.16809502,0.13622285,0.17918882,0.07994279
ID_799026924E,0,0.04430256563273838,0.062995754,0.016775915,0.03445316,0.028602462
ID_DB6CFB2CA4,0,0.01713113277032921,0.01875439,0.01398055,0.014745024,0.018065888
ID_2A2C3EC705,0,0.2289355443630855,0.23531647,0.2064541,0.3540128,0.1956576
ID_FA3BF3F62E,0,0.04822802636440286,0.06332522,0.03086758,0.027616186,0.03061698
ID_7397ED4C0A,0,0.02070791792348017,0.026553255,0.0110355,0.022397479,0.016003704
ID_7D2ABD2EF3,0,0.13252965408489223,0.13467237,0.10175948,0.16140087,0.17688882
ID_D000B94FB2,0,0.008010651983022919,0.0100437505,0.004477036,0.008251121,0.006889168
ID_312CB2A315,0,0.07876505526386554,0.08545039,0.072185874,0.070901066,0.068038315
ID_91F5EC3128,0,0.1056654501681305,0.1042757,0.10320761,0.11966826,0.11071005
ID_7A3675E4DF,0,0.02858347012657219,0.038196307,0.01554499,0.021825878,0.018851789
ID_1E1B86A982,1,0.62041682560532,0.6399173,0.615277,0.60290813,0.55662054
ID_4B4A328A70,1,0.3907503916788908,0.41464588,0.38618392,0.4345172,0.2804305
ID_898147B399,1,0.8400586475019062,0.80871034,0.8690879,0.86280805,0.900422
ID_8485E43E5B,0,0.014429448867813914,0.017949177,0.008571316,0.011630222,0.013333349
ID_71659553C5,0,0.03793702419867243,0.055354577,0.011951185,0.015424096,0.029845634
ID_C2B91509CE,0,0.042546936895166906,0.05685397,0.024584016,0.03408713,0.02427213
ID_A5437EF015,0,0.015300631595499915,0.02064249,0.00838782,0.0083198175,0.01058518
ID_30F819D3B1,0,0.2675196143336467,0.31016275,0.19120625,0.28623563,0.24275148
ID_16AAE22AD4,0,0.14309326836993586,0.12869081,0.1786785,0.10412958,0.14464258
ID_CB34AB162F,0,0.029498081216562326,0.03799456,0.018697059,0.023259629,0.019460876
ID_42AA7BB880,0,0.4738895194477537,0.44716164,0.5583431,0.50377804,0.39271486
ID_40FCE80180,0,0.06580845737506238,0.078199506,0.054433007,0.055637583,0.04225023
ID_447742BEAB,0,0.01339152932238677,0.012643613,0.015060867,0.010878582,0.014068492
ID_1F8F768F2E,0,0.13480902078536877,0.14129874,0.10316236,0.20282641,0.14560387
ID_C33405F241,1,0.5243759893960398,0.3798015,0.7188501,0.6378172,0.6690678
ID_017A44D47D,0,0.2214816589922406,0.21905364,0.2837413,0.16199134,0.124128595
ID_EDEAA9DE9D,0,0.03359385430673004,0.045609165,0.016838,0.029076485,0.020701334
ID_A53493520C,1,0.552642942335138,0.5572061,0.5806481,0.60169715,0.45189235
ID_F4EACB0308,0,0.013941212823324223,0.015443493,0.013146172,0.010474819,0.010805579
ID_063CB84F6C,0,0.02830551439077464,0.036759116,0.018876301,0.024242131,0.014558846
ID_7F50EB8D8C,0,0.015116328825464964,0.020049017,0.009601405,0.010480347,0.008110263
ID_E78F7E3318,0,0.013875581749254271,0.017615208,0.009577349,0.010709024,0.008663704
ID_47D82206D4,0,0.03588515167744007,0.04254013,0.027186265,0.036442176,0.02616292
ID_FA1F49F833,0,0.22421393935764578,0.23214945,0.17483765,0.23527156,0.29175606
ID_AC8B898FDE,0,0.021421762879463666,0.015951248,0.026705218,0.0301912,0.029396636
ID_855881E0B5,0,0.012738154964677152,0.017052142,0.00640333,0.008476819,0.009943578
ID_6D229C014D,0,0.014627322361793777,0.017632138,0.009616081,0.016052991,0.012050118
ID_C15F37A0B0,1,0.7230173610921554,0.6996481,0.74650127,0.7762954,0.7482305
ID_38773D1CCF,1,0.17839799464730113,0.21202223,0.13785622,0.09681155,0.15875411
ID_DE30715507,0,0.013169046963590898,0.01569809,0.00973804,0.0103966985,0.011043766
ID_1051C78E2B,0,0.053450176713423156,0.06570053,0.03940459,0.061014414,0.028483648
ID_C4481F8D74,0,0.023641933050012907,0.026212268,0.023183271,0.021819161,0.014552229
ID_6E0010F0B4,1,0.5920631982793261,0.59437567,0.60044914,0.5407815,0.5866509
ID_C2F9E4D934,0,0.06443106075126107,0.07481031,0.059604935,0.05250686,0.036094792
ID_0B8D350224,0,0.05851546369557427,0.049113907,0.08115892,0.028847098,0.06262869
ID_3782728259,0,0.01736453775076355,0.02009939,0.013651755,0.015662594,0.01450687
ID_B4DB422073,0,0.2049162235574668,0.20783463,0.20799553,0.23037815,0.17487198
ID_B3BED74AD2,0,0.08966404703794617,0.11158059,0.07896078,0.05356783,0.035688393
ID_A3DB3535BD,0,0.01018685261956579,0.012551489,0.006365235,0.010778388,0.008128283
ID_943406FA85,0,0.10172422404251276,0.1341321,0.06283406,0.04907187,0.07106806
ID_0E8299FF1F,0,0.1420642329460418,0.17987768,0.109847926,0.06972301,0.08281831
ID_6EDA0E6567,0,0.23207385018307633,0.22949003,0.28098032,0.1910452,0.15597558
ID_C31CB502A6,1,0.2514696320803766,0.20223722,0.30195528,0.36393064,0.3023207
ID_94197FCEF5,0,0.026320417134072186,0.024673099,0.03170716,0.026397452,0.02169721
ID_DAE6902AA4,0,0.0476382001868714,0.05624237,0.031080054,0.067661844,0.038047306
ID_CB75C07AB8,0,0.10585400639735779,0.09851558,0.14269942,0.11703811,0.052971613
ID_ADC582CF5B,1,0.6914345029553494,0.7872492,0.48192793,0.6335359,0.7609477
ID_602153B7AF,0,0.1941263034668158,0.23795845,0.15800284,0.16232865,0.10013955
ID_B7147EFF5A,0,0.2912301627410135,0.2580893,0.34388945,0.45608228,0.24654122
ID_2ACBA3C260,0,0.0164693266193303,0.022989336,0.00656517,0.013154929,0.011590751
ID_24EE5F8BBA,0,0.22163305258238675,0.18192749,0.27838072,0.3140527,0.22750546
ID_4D671DE401,0,0.17117385511961708,0.18215173,0.14022571,0.26101357,0.15198061
ID_88EDBB237A,0,0.29019602102643977,0.26830363,0.32002994,0.27454627,0.32558924
ID_E87EBE1E37,0,0.04145876679258134,0.046154138,0.036846284,0.059888713,0.023465766
ID_70B48807DA,0,0.200547506006309,0.21409546,0.2156514,0.14044106,0.13706459
ID_E677B36352,0,0.014489925619492035,0.017127631,0.010832107,0.014595924,0.011137028
ID_7EBE2A20B2,1,0.4969889335004146,0.46730554,0.5681083,0.5633724,0.4410056
ID_FD5C7DC81A,0,0.021857015836462424,0.026647048,0.015305579,0.01611089,0.018161459
ID_7E393CBE95,0,0.06791215640317043,0.07851384,0.04705406,0.06448059,0.06932318
ID_391DCD02B6,0,0.0237515753975438,0.02867327,0.017239666,0.013646428,0.021314643
ID_F9E233E3AC,0,0.012197257128291422,0.016648734,0.006601038,0.0071888026,0.007562641
ID_40C05E5BD1,0,0.16181273216688002,0.13466439,0.20407248,0.1612047,0.18621857
ID_31C72D7F55,0,0.03068983006735434,0.042205185,0.017313339,0.018283563,0.016101098
ID_6B28E3560B,0,0.011028992794032015,0.011812386,0.008674123,0.018452043,0.009532197
ID_3C3E4CDF06,0,0.02885315136318589,0.036457933,0.019054044,0.034679294,0.015178085
ID_9482163AC4,0,0.2849690766217561,0.2599603,0.32417515,0.24226421,0.32522884
ID_7EF4B09A46,0,0.03984603860502349,0.049843427,0.028712848,0.02671457,0.027179781
ID_11D5F3D693,0,0.01547108177156806,0.0182926,0.010440726,0.011562145,0.0160353
ID_8E24B41357,0,0.010983128850180504,0.012427968,0.0071710097,0.01515914,0.011230862
ID_B2FB67A378,0,0.015135424943385194,0.01986625,0.007713105,0.017342133,0.010091632
ID_B3BDB567A0,0,0.02718630081840334,0.035572514,0.0149061335,0.022117995,0.020278133
ID_707F8E1B96,1,0.1846809372140554,0.17427419,0.21014044,0.19132385,0.17117546
ID_905143B04E,0,0.42826406925539257,0.463153,0.4398346,0.37569067,0.27884087
ID_78CD5C212B,0,0.03532049332515935,0.046682518,0.023154845,0.029153286,0.01606309
ID_B8566E6AE4,0,0.06594765165663385,0.061601102,0.054121226,0.07344107,0.10642828
ID_D5883FDA9E,0,0.10922328842990786,0.12568071,0.08192897,0.10446992,0.10025688
ID_1851703486,0,0.017452010562639928,0.018176839,0.0147958305,0.027421732,0.01573907
ID_169FC77788,0,0.05799244932948353,0.062863514,0.05772738,0.049585875,0.041629232
ID_E6E00BFBBF,0,0.018805481493054686,0.021778082,0.015962148,0.013240169,0.014761575
ID_FA23EDF9FF,0,0.01679754562654895,0.01688831,0.01721523,0.016891329,0.015476926
ID_E3F35D7896,0,0.08202346420458045,0.090314895,0.085382216,0.049661037,0.053867076
ID_DA913A717E,1,0.5667472530469418,0.6057001,0.48517266,0.5756853,0.57313085
ID_C8D57E4306,0,0.04029904919722352,0.035203066,0.050616197,0.043339986,0.03838973
ID_D74EBC7E11,0,0.0193088605137694,0.018017834,0.020614821,0.022021355,0.02078392
ID_C5A39D891D,0,0.21423580843706255,0.23612171,0.16020775,0.17410606,0.25508288
ID_2CE44AA92A,0,0.19930180108920267,0.18584949,0.24856967,0.18514171,0.15667129
ID_56F71F912C,0,0.024723307825225617,0.018034058,0.034685656,0.06299933,0.014952671
ID_A0BE738132,0,0.013481657272065371,0.016232066,0.009159685,0.01136556,0.012045503
ID_2C85A4CA3C,0,0.10207111236377912,0.07446888,0.11754825,0.1810828,0.15114011
ID_0F1900DD36,0,0.029570711380036474,0.039355807,0.015676154,0.030635173,0.017537339
ID_E064238C48,0,0.025598320146518874,0.024197513,0.026446171,0.039973944,0.023436215
ID_4B36233669,1,0.20937168833102343,0.22900893,0.21057388,0.18283968,0.13532637
ID_68760C659B,0,0.06990599943748874,0.069339484,0.0703462,0.057793275,0.07663714
ID_5FBF84C4CB,0,0.11286001818958839,0.12846254,0.10939926,0.09393608,0.062560655
ID_9F1154F30E,0,0.018358293606581012,0.020396,0.014712001,0.018633716,0.017443791
ID_7E52C517E7,0,0.03306882578712751,0.03664979,0.022013009,0.080991164,0.02075339
ID_D29B57FF1D,1,0.5632605225795453,0.58831495,0.49448875,0.67562336,0.5558641
ID_370FADEB22,0,0.024550596080891975,0.029962432,0.017557075,0.019838125,0.0187236
ID_A047EECFE1,0,0.061331353184113764,0.06962532,0.03869019,0.10218108,0.057022408
ID_D7FCFAA4BA,0,0.02216931816305491,0.025455212,0.01689512,0.024208186,0.018700399
ID_C47985F097,0,0.057594741220378734,0.059211697,0.041921854,0.08303986,0.073285624
ID_C2F9B5D260,0,0.10724274837144857,0.10760741,0.1114357,0.066571996,0.11443529
ID_514A61004A,1,0.5423662314582197,0.4142732,0.69906604,0.6759793,0.6896053
ID_9CAF7B4E8F,0,0.07008964711086105,0.085691586,0.06096409,0.07049466,0.023518555
ID_A6DC2ADD6B,1,0.7315316325990582,0.6888742,0.78997546,0.6653126,0.81539863
ID_5397CE57ED,0,0.04416013401932119,0.045594484,0.042091824,0.052846346,0.038745593
ID_3DB94E66E2,0,0.42833007720858635,0.50016093,0.3349821,0.35196784,0.35813347
ID_CDEB6B8EF6,0,0.031656586360650996,0.03726654,0.025899997,0.036122907,0.01833748
ID_ADC13443B8,1,0.15340831089883106,0.1835495,0.12191148,0.07762163,0.12656154
ID_6B3B8A8F87,0,0.23968016374668086,0.24062368,0.25480115,0.23617807,0.2047816
ID_F9AF66DB3C,0,0.024554679869248724,0.030290598,0.018772095,0.015619842,0.016600372
ID_54FE0C0F95,0,0.010950819751921755,0.012898063,0.008133121,0.0119786635,0.008313439
ID_3CD99E563D,0,0.059004695413055135,0.066147335,0.040660314,0.055357944,0.06974325
ID_F57416997E,0,0.517142632624616,0.45762995,0.62563396,0.6736481,0.46783587
ID_299A521A1F,1,0.09898965831255095,0.107014865,0.08217126,0.070126675,0.11371502
ID_4A61C138FF,0,0.1041390613183384,0.12890641,0.07269594,0.08590759,0.074810535
ID_888E51AE5D,0,0.09171962193933644,0.10783112,0.06597133,0.08179259,0.08315478
ID_33C294C19D,0,0.2611205338797964,0.28336653,0.20802116,0.21239679,0.3021991
ID_46FB80BA72,0,0.041237194665626926,0.051647924,0.027957276,0.034998614,0.028423455
ID_A49F5A15FA,0,0.12920904865721553,0.1490785,0.10732369,0.098483615,0.10553434
ID_671EAF1E2F,0,0.049553948258451615,0.06263398,0.026887124,0.06058445,0.038061555
ID_CFC4B6AA0E,0,0.2360789694513218,0.26427448,0.23434605,0.12458009,0.16918041
ID_66C3D91416,0,0.06570957625787818,0.07076157,0.07533497,0.047787674,0.031513337
ID_8C12A24B15,0,0.09993360191788919,0.09520534,0.114690535,0.06919944,0.10166856
ID_C15ECEB37B,0,0.04993213760037049,0.042718954,0.057957757,0.036998715,0.06885378
ID_DA8DC94E8C,0,0.13924948491165146,0.1761196,0.08336657,0.08037476,0.1288888
ID_A95D2F91E2,0,0.018993588909104506,0.02151226,0.014823263,0.017059611,0.018132607
ID_A7602A4D2F,1,0.05428643119161904,0.052014045,0.04507816,0.07398444,0.0750607
ID_836BD03499,0,0.13826935355118125,0.15347429,0.14692664,0.09510388,0.07422401
ID_1EED294933,0,0.013756949425523442,0.013127245,0.0154272085,0.016389808,0.011689013
ID_2D881B8210,0,0.25933646204053756,0.26366407,0.28667083,0.2569023,0.18346485
ID_6E6187E376,0,0.0836238667056264,0.08755029,0.07178369,0.1314881,0.07155556
ID_64275A676B,1,0.8466388996615606,0.8215669,0.86506236,0.8644446,0.9053694
ID_852951DDDB,0,0.07118238271902391,0.080666274,0.06287492,0.06600228,0.051159892
ID_4B7DD5B6AD,0,0.27739252625391314,0.31960413,0.20424427,0.14437942,0.3137993
ID_5625EF39C6,1,0.7214510698931393,0.7409171,0.7139266,0.7243148,0.6540353
ID_6FC6DA4426,0,0.06829829730742526,0.07968334,0.062000908,0.06700919,0.034229312
ID_24168AE4AC,0,0.013804833191336578,0.013032385,0.012410271,0.017610138,0.018403655
ID_869ADFB7A3,0,0.022822812744416957,0.026670363,0.020323994,0.015313989,0.015187545
ID_19CB082CD6,0,0.020409746020940624,0.028204963,0.008945857,0.0108012175,0.016228616
ID_82BA6BEF9B,0,0.1464214048234335,0.16639692,0.14067426,0.07145704,0.10696458
ID_261598B4B7,0,0.10335258139906589,0.11920377,0.066874705,0.11848519,0.107980534
ID_DBF3734D36,0,0.0243933102998889,0.03190378,0.011139968,0.019335357,0.023271058
ID_E1B14A4849,1,0.4669713049843892,0.5867353,0.31840503,0.35100225,0.3298116
ID_B900C95AD8,0,0.0184702315648509,0.02423201,0.011889736,0.01540754,0.009558457
ID_2934D67195,0,0.27754245105469816,0.20423283,0.44320235,0.2806465,0.2308109
ID_CD591633EA,0,0.1259657728597951,0.13267967,0.114177935,0.26383078,0.06276706
ID_574F011601,0,0.02057863869600786,0.024143558,0.01374232,0.019528907,0.020627122
ID_60172DDCE9,1,0.29376198854357594,0.3125272,0.27631137,0.22769709,0.28064814
ID_2E275ED6AF,1,0.07177350832098246,0.07683058,0.047113273,0.077170454,0.100936234
ID_13416D5477,0,0.020501687299460253,0.022320926,0.014899903,0.0370203,0.0176251
ID_D3F84C2D4A,0,0.019086477390216395,0.022394506,0.011133068,0.02286042,0.020514743
ID_6A2C57465B,0,0.01545463543436071,0.016869564,0.010100374,0.031251226,0.014071371
ID_56B1400181,0,0.026603420980089443,0.0316646,0.019779649,0.035453033,0.01598319
ID_F139E58793,1,0.2764202579301652,0.27333894,0.17983547,0.37804794,0.4523305
ID_B66194E00B,0,0.054009803875630924,0.06525379,0.04387156,0.046140917,0.031644356
ID_FC572990BD,0,0.238796438690795,0.24412274,0.19295813,0.24774651,0.3107005
ID_75889EC8BC,1,0.22898735537754122,0.2398982,0.21245971,0.31396422,0.1812642
ID_6C8689B1B2,0,0.5369945038875141,0.4632882,0.6905727,0.61670375,0.4844638
ID_ACF86AA0E2,0,0.20010942245594443,0.15367594,0.25280118,0.27270806,0.25176975
ID_81DF67B060,0,0.07383862913594996,0.08110892,0.06709562,0.07009401,0.059194274
ID_6F511DD72E,0,0.5631572471878921,0.5244463,0.588249,0.6014693,0.6563142
ID_F1DA2AB785,0,0.012531313100556654,0.012969049,0.011647564,0.02166339,0.008595419
ID_E6A2EFC808,0,0.2461391856481588,0.22785865,0.25987765,0.27187356,0.28274682
ID_BB9217F2A8,0,0.3014607765221476,0.31676126,0.2536752,0.30274725,0.3387088
ID_78CB83A48A,0,0.08416458721779349,0.099535964,0.0749829,0.060408544,0.049220737
ID_D8F2F5FFD8,0,0.07618215041181008,0.07462172,0.06004363,0.06784089,0.12103445
ID_493732D09B,0,0.21167390319491894,0.2219057,0.17280519,0.19451162,0.25926837
ID_AF58BFBFB1,1,0.3404367002778831,0.41701123,0.24574615,0.24854223,0.25983295
ID_8466F26D0F,0,0.05939258319457706,0.08203968,0.0330073,0.03997364,0.028697314
ID_EB147ACA9F,1,0.35579117224475126,0.3466403,0.37205276,0.47747535,0.30655858
ID_F3FCEA2877,1,0.26609934925232875,0.32428363,0.13832991,0.23490962,0.3077501
ID_20FE400DB0,1,0.22805816192102543,0.20259541,0.26421198,0.31743264,0.21921055
ID_5AD640D7E2,0,0.049489347940811126,0.0654147,0.031198723,0.037432335,0.026642816
ID_2825B04FCA,0,0.020352590701769147,0.025434118,0.013692149,0.013929195,0.015953558
ID_C009A23614,0,0.11841908551026492,0.12741141,0.11295811,0.09299264,0.103194654
ID_E0CBD53E27,0,0.038135353906081054,0.038214423,0.04122309,0.038853608,0.030864509
ID_C94D977BA7,1,0.20628391167616134,0.22717583,0.17558435,0.26216725,0.15943977
ID_4B067F239B,0,0.0339827445238179,0.040548794,0.021726405,0.041412443,0.029271692
ID_67AD88ECC0,1,0.8113259659187747,0.7551389,0.88652015,0.89721966,0.8501626
ID_963EC1E0F6,1,0.5466439718891826,0.46821457,0.660291,0.6395736,0.5939763
ID_BF68AD3F5D,0,0.025410564917961398,0.03532367,0.011890812,0.014568126,0.017222244
ID_9E23B49F59,0,0.02650620571746154,0.029417308,0.021828903,0.023350643,0.025605911
ID_CF125A18FF,0,0.26132820889654707,0.23343776,0.31766623,0.29321507,0.24450818
ID_79C7F50255,0,0.023547379874477564,0.02361035,0.015956419,0.045493685,0.029997783
ID_E8ED62DE06,0,0.037060504405079346,0.03182017,0.050492346,0.030689377,0.033183064
ID_6F5419B418,0,0.05963525315432826,0.079717785,0.033945218,0.04681261,0.035416976
ID_B92FBD5C6A,0,0.20815969659162178,0.1851544,0.23751764,0.23101476,0.23249517
ID_87DBDCB0E9,1,0.08106648172133288,0.09315472,0.071421996,0.053353675,0.062722206
ID_CDC37420BF,1,0.6191987552954668,0.5830141,0.68006754,0.6131891,0.6442497
ID_E5DE59DA70,0,0.2736856893547909,0.26516944,0.28334826,0.27694637,0.28754658
ID_3F8FD295F5,0,0.027281703830599816,0.035938945,0.015910579,0.025620582,0.015792375
ID_0E7B22D7EF,0,0.14022057570803198,0.17419636,0.09812949,0.08636557,0.11032531
ID_D8FC7FCD21,0,0.016817684765383294,0.021163635,0.012523957,0.011039791,0.010170728
ID_0C0D86F1EE,0,0.055456596446783434,0.048267134,0.062080402,0.059894085,0.069712855
ID_CBE37B69EC,0,0.15693037027108614,0.14828488,0.14923215,0.12318658,0.22470841
ID_914B151011,1,0.5886197684682908,0.56387216,0.66011786,0.6462844,0.5147547
ID_8B8EDF641E,0,0.012771242826089544,0.014269541,0.009983245,0.016560657,0.010764637
ID_2F1E6B39A8,0,0.03757509487505907,0.040152695,0.03513825,0.048835326,0.026995063
ID_69D85EC4F8,0,0.31391373103972486,0.25588349,0.41850567,0.24537145,0.36480296
ID_6F569B2DB3,0,0.06081004510778171,0.060586516,0.04810278,0.07219796,0.08404917
ID_1163A35B7C,1,0.5874371424015394,0.5497725,0.6506831,0.6589505,0.5798538
ID_D222681A09,1,0.3665313435520809,0.4204236,0.28810373,0.30264136,0.33474234
ID_0409E698C8,0,0.0248508404224619,0.030995592,0.019498266,0.018541254,0.013101096
ID_74CD02FC29,0,0.054615065382763825,0.06760199,0.03707303,0.07103943,0.030172046
ID_D4156E73AA,1,0.058065010083004284,0.069238424,0.043016925,0.0634443,0.040754963
ID_2441D79B2F,0,0.05302779678887926,0.05223855,0.044238914,0.104244135,0.052892268
ID_F41283DB6B,0,0.0470241671707696,0.054293226,0.03593588,0.05141112,0.03816138
ID_F5D6879D0E,0,0.19456560212828333,0.15414172,0.24352324,0.26356715,0.23039354
ID_595F050945,0,0.10813321277780688,0.0834326,0.13444373,0.16921362,0.12951125
ID_0389231CD7,0,0.013264139572227666,0.011201924,0.01290444,0.027366573,0.016608037
ID_242D5E2A9D,1,0.3661932010137548,0.36078507,0.37730315,0.4412201,0.332524
ID_E999EF4116,0,0.039779145442455546,0.044929653,0.035405934,0.023699423,0.03439141
ID_2403824978,1,0.3723968776276021,0.34553352,0.41579056,0.64393264,0.2745362
ID_40827CBD2F,0,0.04469937091520892,0.043691173,0.060384728,0.044994794,0.015187273
ID_49DCE61F12,0,0.13078206329951692,0.1285584,0.11579893,0.10098525,0.18531294
ID_F4D5928191,0,0.027488489174636713,0.033634055,0.019211326,0.023700878,0.020909423
ID_C40099EA92,0,0.041855742057688626,0.033625692,0.042953346,0.044806924,0.07301392
ID_4436988E55,0,0.046284125285871655,0.037421394,0.06318723,0.07769003,0.03380989
ID_ACDF28504C,0,0.3801147770212649,0.31478575,0.48317298,0.4698042,0.3961812
ID_BDEE841FA0,0,0.0673981927821891,0.06705156,0.07295782,0.06997784,0.05581355
ID_DD7C7E117F,0,0.09562686212142985,0.09509273,0.08443948,0.13224313,0.105921865
ID_A0CCD9EAF7,0,0.15435133454570243,0.15906997,0.1372034,0.13197534,0.18093702
ID_7B231ABB54,1,0.8205511491389338,0.88130563,0.7346165,0.7022767,0.79955626
ID_C7D594CF28,0,0.1798092736496002,0.14619823,0.24257016,0.17070524,0.19126825
ID_EACADC18FC,1,0.14648568482667335,0.15614216,0.114752576,0.31023175,0.1023473
ID_3EF1744AA4,0,0.015991881905619156,0.01685381,0.012770293,0.028976075,0.013598063
ID_35D635E83D,0,0.013525220011257501,0.01744429,0.008647803,0.011107085,0.008470753
ID_DEF7123688,1,0.18561151054030303,0.22078173,0.18261662,0.09614432,0.08232511
ID_5A82E54D19,0,0.03660302809154983,0.04088239,0.03049902,0.02345932,0.037331615
ID_0C2193A7FF,0,0.014201912508665638,0.018000944,0.008190993,0.011805865,0.012076827
ID_262DBA2D20,0,0.09988567425970143,0.11199362,0.09662839,0.11224748,0.050288282
ID_5AEC123FDB,0,0.5717895350494027,0.4981345,0.6368802,0.7731111,0.65584284
ID_5C51206C91,0,0.03640797034613299,0.048953846,0.022773648,0.021150079,0.019258002
ID_B6A30CA399,0,0.06125568876111839,0.06738003,0.04816068,0.09129857,0.05035408
ID_F91859B7D7,0,0.013686941996095763,0.013717295,0.011524786,0.012228068,0.018832522
ID_37153F5957,0,0.11905053087390491,0.1508517,0.08391831,0.08155275,0.076292686
ID_1FBA14D3C6,0,0.017332204679608124,0.017369851,0.017293489,0.021731054,0.015338587
ID_E43411F45E,0,0.25542377131884053,0.31153557,0.1560676,0.3347359,0.19672057
ID_63994E817C,0,0.05169479032886565,0.059671275,0.04534073,0.03711554,0.037953
ID_87000314F3,1,0.0745700210103614,0.03688812,0.13225172,0.09681591,0.100471385
ID_C262631C64,1,0.2897156579248276,0.24091852,0.32667068,0.4315271,0.35495645
ID_120AFE1041,0,0.15485885344011596,0.15133399,0.15804511,0.19088332,0.14722496
ID_A310A633FE,0,0.01306502943779264,0.016240146,0.007560736,0.010951406,0.012368175
ID_7F617A0CE4,0,0.015231225865698882,0.017622499,0.010496611,0.013595524,0.015989345
ID_E669E43E4B,0,0.015609021818425595,0.018472338,0.013447815,0.01075387,0.010254427
ID_115D2D9EC5,0,0.011462141957468603,0.014842435,0.0066489936,0.008247476,0.0088951355
ID_7B224400E7,0,0.09289458857137436,0.09103048,0.09413921,0.123499595,0.084765874
ID_43B6FB185A,0,0.7674866805313679,0.69978064,0.8724624,0.84136957,0.79638076
ID_2B7506A7A6,0,0.07731445065562666,0.07738699,0.0681376,0.06814988,0.10068766
ID_F358B55005,0,0.04114318036112974,0.049630925,0.031177977,0.028280068,0.03223774
ID_0F85181688,0,0.40742837148868133,0.41100433,0.44019473,0.34878686,0.34758404
ID_1DCDE64D9F,0,0.10734435178941282,0.12947962,0.10354259,0.05466182,0.044869687
ID_83578210A3,1,0.730512086737205,0.76279896,0.7169244,0.62752,0.66803515
ID_E0CE6A2B00,1,0.3171633290838426,0.2948039,0.33260813,0.49476475,0.30115777
ID_6E0633309A,1,0.1683205607027931,0.1714777,0.17786217,0.10830147,0.16066645
ID_A75B50788D,0,0.24951153853507124,0.28532842,0.19530208,0.2014265,0.23531124
ID_032B06E6EF,0,0.02186280053512432,0.02905439,0.0117410645,0.01629703,0.0155927
ID_7B9E4F0CBB,0,0.403961862410126,0.3430123,0.5123441,0.43136352,0.41724172
ID_FB6A91DC9D,1,0.6575914719527753,0.63884205,0.69098973,0.5748974,0.7012746
ID_CA71BBAD21,0,0.17885991011571153,0.21010123,0.117892,0.19730209,0.1695042
ID_6088CFA9DD,0,0.5883386980875829,0.5786865,0.5528394,0.6314811,0.68649375
ID_2BA8E8A87F,0,0.04772157987712179,0.051320024,0.044461988,0.03260077,0.04608963
ID_ADE01CCBAE,0,0.03570222469911598,0.033628207,0.04326666,0.05280766,0.020789128
ID_5AE5EBABB5,0,0.032931143699531984,0.024792405,0.03830551,0.07822834,0.036070365
ID_759A582583,0,0.02877814933459385,0.030038906,0.028086228,0.027721835,0.025391977
ID_C89819BD03,0,0.014265416426372655,0.016059058,0.013787199,0.011284721,0.009006493
ID_EA2678B0F2,0,0.038911555623222426,0.049842138,0.024651742,0.04771207,0.019446041
ID_6F94A673C5,0,0.012272549694641184,0.01343559,0.009171277,0.014649807,0.012971078
ID_9E3890EE92,1,0.1681070697053432,0.17788959,0.16306473,0.23481894,0.10847982
ID_FF02556EB9,0,0.0354238072290208,0.04374605,0.025583122,0.023818707,0.026402678
ID_D2246910D0,1,0.8589884427837374,0.88573045,0.8404623,0.76528543,0.8265011
ID_C68E2FAC89,0,0.043213778795484895,0.051270902,0.034489002,0.037941474,0.030159442
ID_A2F93C370D,0,0.15323173459491513,0.13187137,0.17583092,0.2022746,0.17369455
ID_0B4C594B0B,0,0.023606041722297806,0.024844473,0.022097621,0.019996867,0.023178529
ID_786DED884B,1,0.3338750202679685,0.36127073,0.3079354,0.3104653,0.28388488
ID_82F4F11014,0,0.012366082648920678,0.012842554,0.0101115415,0.0148645975,0.014098467
ID_A74D31683A,0,0.09291307877210665,0.075529195,0.10042979,0.10604264,0.14457005
ID_6FA9D8010C,0,0.5967947948528842,0.57445717,0.64330804,0.6808734,0.55482
ID_69479FA9BF,0,0.02451623618582454,0.025866589,0.017699476,0.039117396,0.027064282
ID_B86E30CE60,0,0.025361049292036725,0.034496702,0.011648975,0.019806786,0.018567411
ID_4AC238AC1B,0,0.028915557425136913,0.027981728,0.031827956,0.02481561,0.028403936
ID_16A240630A,0,0.030565260096874953,0.03870405,0.019412167,0.02423317,0.022836506
ID_D82520E10A,0,0.11340032775462537,0.137893,0.09132503,0.07925411,0.07207585
ID_1ACF6E2FE2,0,0.6136966130254614,0.6224725,0.5844533,0.5251272,0.6779266
ID_83F470A604,0,0.5438917668864178,0.5790868,0.44979224,0.57282454,0.5843156
ID_8137DF6034,0,0.07551261558584271,0.06480269,0.108389854,0.060570702,0.056786414
ID_34BBF83B9A,0,0.11725760982591873,0.12173591,0.12520742,0.06778584,0.10283415
ID_6368C96CD2,0,0.45141664491391165,0.45386004,0.43616945,0.3713514,0.50869256
ID_E64A1DF611,0,0.06281674109752916,0.06239762,0.050031282,0.065564014,0.09081712
ID_818AF54F27,0,0.12640141647096187,0.12809072,0.1177576,0.1435753,0.13031396
ID_80B0BF6B95,1,0.29584700510992845,0.2803243,0.30043766,0.25305346,0.37028816
ID_ED7ADBCF82,0,0.04095351043494366,0.05298311,0.025164846,0.048228685,0.020785438
ID_C7ED8D0050,0,0.03250591647176001,0.039860897,0.021451008,0.03945619,0.02209086
ID_410CDE9970,0,0.3854256622934517,0.40756825,0.33426502,0.3679698,0.4091529
ID_1449E8F7E7,0,0.36483417622417813,0.36823404,0.31264558,0.47231716,0.41555455
ID_C12B55F7BC,1,0.04615265429958981,0.053774312,0.034500595,0.0335214,0.044426646
ID_7A00804F17,0,0.11216648269189589,0.14191833,0.056312572,0.1096717,0.10726532
ID_C151F0591E,0,0.031192846801764307,0.040666364,0.014211353,0.04490554,0.021585189
ID_29D9761E46,0,0.010007994612122942,0.011013247,0.0074281655,0.011409535,0.010680482
ID_21C79C09FB,0,0.037858375323024565,0.035214975,0.038298696,0.06624009,0.03571916
ID_3A0276AB99,1,0.622069223892913,0.6406188,0.57383764,0.6008438,0.6563489
ID_FED9CEED4A,0,0.023074680703042826,0.02907259,0.0118085295,0.02821047,0.01964179
ID_E59AAE8271,0,0.08038156906154263,0.09561382,0.06568428,0.0642327,0.054541335
ID_E2B78B98E3,1,0.15660106194053616,0.14035933,0.17693418,0.16574225,0.17767508
ID_0060A25E6D,0,0.08063627981370378,0.08614712,0.06666907,0.08003767,0.08755649
ID_53362CCCC1,0,0.040286828214157536,0.050167263,0.023905903,0.05278255,0.028200826
ID_EF0FD91386,0,0.05494505729056143,0.059492875,0.05256241,0.061589852,0.03793001
ID_BE4FF82341,0,0.03470209307176335,0.04394648,0.028643632,0.025194047,0.012754601
ID_9D394F206B,0,0.01960994439341705,0.024595084,0.010030005,0.012537865,0.022163775
ID_E035560DBF,0,0.026281209638014738,0.031257957,0.021572975,0.018025564,0.01893627
ID_9B9D49D4F1,0,0.04305810421599485,0.045559824,0.037851952,0.04798961,0.04149802
ID_197CD4B5E3,0,0.01626162661146243,0.022718366,0.007999368,0.009812453,0.009495048
ID_F0586A3E33,0,0.08348449611754755,0.07515561,0.11560113,0.08412513,0.049529605
ID_F5DFB54B16,0,0.020306082010268945,0.023611773,0.015255653,0.0187413,0.017844304
ID_FAA6078C70,0,0.0375910323182194,0.042993926,0.027687222,0.031749476,0.038536813
ID_9F782525E9,0,0.02369912502198326,0.02877778,0.016126607,0.025568176,0.017653981
ID_60FDC107F0,0,0.040690640120298424,0.05179878,0.02511372,0.032170326,0.030849908
ID_9BC9E0D587,0,0.06209584771283434,0.06264061,0.05684117,0.07719073,0.06448418
ID_24B299468A,0,0.0524181094770571,0.064128906,0.0350081,0.052805286,0.040078457
ID_D2DEC907CF,1,0.8756077303053156,0.876445,0.86599916,0.8866061,0.8878844
ID_65BFE9510A,0,0.06141543263500303,0.0415761,0.07899263,0.07612046,0.10118751
ID_C356893584,0,0.665220925087219,0.67421097,0.6480216,0.63262695,0.6783102
ID_C2182E915B,0,0.05818741715975588,0.07711613,0.02747734,0.069865346,0.038936235
ID_61F85BC39E,1,0.4676601373734541,0.4805665,0.4038574,0.59259874,0.49548844
ID_A126E1E3DB,0,0.06678078233063844,0.07621511,0.049132373,0.08361361,0.057409324
ID_9B4BE10FD2,0,0.011088860212711164,0.015964417,0.0043110675,0.006652333,0.006946369
ID_A27028C643,0,0.06940781046292885,0.07323061,0.074935965,0.055322528,0.04752545
ID_87A5C00BCF,0,0.024165408325256196,0.026842764,0.0180733,0.023584496,0.026166024
ID_3661D9AA83,0,0.7372244418911026,0.76573557,0.6679132,0.7064278,0.77877337
ID_B4890D242C,1,0.4305278110478672,0.3979267,0.46925002,0.4364868,0.48271525
ID_A11FC6ABCE,0,0.014004778797683514,0.016811056,0.01010119,0.011588473,0.011565794
ID_99C7E5AC09,0,0.013064790617088342,0.012202821,0.012466901,0.014553831,0.017342888
ID_E661C28FA5,0,0.02987999132215801,0.039840303,0.017036013,0.024113765,0.017829718
ID_839507E191,1,0.7669695605054199,0.7749611,0.7422891,0.7792063,0.7807863
ID_0ABF9FEF73,0,0.025783688277186124,0.03350998,0.01707035,0.02156648,0.013643743
ID_FF8D6123A8,1,0.6316991810360666,0.5868952,0.7104153,0.6422181,0.6477061
ID_3AE27BAA02,0,0.05157856269430152,0.041448075,0.069199935,0.06309809,0.05159262
ID_165ED99556,0,0.41931123668771886,0.44217777,0.34026247,0.25910768,0.5620241
ID_D8407341B4,0,0.4027741316767157,0.2734088,0.54848933,0.5091198,0.5908417
ID_A412C0215A,0,0.02042132490433514,0.022508126,0.018044999,0.020214947,0.016785081
ID_92081BAC97,1,0.4181996701514592,0.4161061,0.37828505,0.40682322,0.5176308
ID_D8182C598D,0,0.021568873389007658,0.023109801,0.020591594,0.0127167655,0.021008406
ID_F9CB5D8B60,0,0.02109632728286455,0.026620233,0.011771463,0.016768875,0.01962854
ID_6980E1235E,1,0.3893775299397398,0.401494,0.33266616,0.45383197,0.43169966
ID_44E212CB8C,1,0.5702348103432666,0.5595623,0.6404201,0.5197421,0.48681858
ID_503F649F0F,0,0.014851221364244042,0.018376796,0.008042179,0.019476162,0.012533934
ID_B029508A73,0,0.04234579229347969,0.054971922,0.029686619,0.027651945,0.022518847
ID_D3A4C64FA9,0,0.029425963748598433,0.031151485,0.02220607,0.035476126,0.034979872
ID_6F6CAC9F56,0,0.08899864409688568,0.11858737,0.063442625,0.04737323,0.03685324
ID_0E990F6A90,0,0.09027613995866562,0.099537805,0.09206714,0.06668319,0.0575576
ID_0D0E1BB145,0,0.02506308999179038,0.03189709,0.016642354,0.025760796,0.013925919
ID_80F10FE2B0,1,0.028304953445000114,0.02969901,0.033716477,0.020653717,0.014137564
ID_BECA6D5C91,0,0.015101258477439206,0.014968495,0.014003278,0.021566374,0.01519969
ID_F0F0F6F0CC,0,0.38972552811164485,0.43572232,0.31141052,0.44653618,0.33846515
ID_A1606BEE35,1,0.6522175514541407,0.6555761,0.7032589,0.60482395,0.54918826
ID_A0AF768A95,0,0.16531910959729385,0.16791494,0.15416387,0.16316164,0.17921247
ID_7BE2077486,0,0.04537148022136121,0.052671783,0.038020074,0.04234582,0.031591892
ID_30FEB33B1E,0,0.10305193796912171,0.09312814,0.12968618,0.14876948,0.06795166
ID_38E0D19E28,1,0.09579902978747681,0.10559288,0.0806761,0.1319203,0.07108213
ID_7AD8F89026,1,0.20692448263598992,0.18788771,0.19963309,0.16799468,0.32002783
ID_FA5EF3F66E,0,0.11497170855484073,0.10543821,0.10861235,0.13236861,0.16134001
ID_AF6BC42E1C,0,0.03491633728791236,0.028531412,0.04295219,0.051132303,0.037607517
ID_CDDC40C869,1,0.8975372137180397,0.91478693,0.8877134,0.8638817,0.8603439
ID_7088A33E7B,0,0.09907654522668075,0.106980726,0.08100507,0.16370341,0.0762488
ID_85ED24F904,1,0.5334048764613875,0.5035501,0.5589848,0.4963879,0.62090456
ID_4901C2F317,0,0.07370488364287262,0.07765876,0.06922035,0.06305365,0.07124935
ID_44BB3D9F53,0,0.011736945722116834,0.014332541,0.0069812904,0.014736582,0.00965569
ID_60BDDAD5A2,0,0.02541835160158403,0.032899197,0.018208072,0.02142657,0.010993788
ID_46BE162869,0,0.009175209507070702,0.010930854,0.005758059,0.006717699,0.010153121
ID_FF2825AECD,0,0.4125265150739249,0.37602785,0.5044549,0.38057524,0.38358793
ID_E217074C8F,1,0.3700935747443491,0.35149443,0.4083823,0.3431588,0.378345
ID_7CC72850C7,0,0.0227902857019242,0.027674561,0.020527665,0.013346736,0.011108135
ID_2A61B7BB8B,0,0.01176413410186953,0.013157636,0.009940758,0.012005527,0.0096780555
ID_0E19CA040C,0,0.041522260634728754,0.042723496,0.043131717,0.035216432,0.035739433
ID_3008E52003,0,0.22112976734286316,0.24360003,0.18005852,0.21426056,0.2172142
ID_B27B6B7FF6,0,0.025741931964524543,0.035412595,0.010620167,0.017724646,0.020783657
ID_FC9A40A932,0,0.03929723915631431,0.05068101,0.027684873,0.023069877,0.023146339
ID_779F991319,0,0.06214605893428929,0.0799218,0.033328433,0.068418406,0.046066877
ID_7F25BD5651,1,0.16111866488349147,0.19982712,0.116751105,0.10987258,0.11495826
ID_434402C577,0,0.04866264025020667,0.05298242,0.04426791,0.054250177,0.037388735
ID_0516A273FD,0,0.511440123561132,0.43763572,0.5481265,0.57028264,0.7191618
ID_BA3639A15B,0,0.01038360155301808,0.011593214,0.008085901,0.016678896,0.00745359
ID_3BEF3E8891,0,0.007786912746689004,0.008139607,0.0067927307,0.007818191,0.008414581
ID_5E0C8D3851,0,0.023676208030138653,0.030751685,0.014866603,0.020353422,0.014104717
ID_5C4AE9BF58,0,0.17238555475750356,0.1656609,0.13354744,0.23491418,0.25687343
ID_ECEB9AEC9E,0,0.0140663867305553,0.0148799205,0.0109284585,0.020632314,0.014495494
ID_DCF943AAE2,0,0.023936303507041783,0.023677384,0.019978976,0.034685977,0.028834008
ID_DF4B5827E9,1,0.26211412927439226,0.265232,0.2523091,0.21602774,0.2900527
ID_A81FAD2D17,0,0.06936426427297762,0.084044024,0.05902091,0.05215586,0.036982473
ID_F6FB8AB685,0,0.034023919151688425,0.03499169,0.032173872,0.039878383,0.0313484
ID_124DF8C3F3,0,0.02690768350963925,0.036823038,0.01121491,0.027062388,0.018577415
ID_6C32231D36,1,0.7374348292620705,0.74628794,0.7436316,0.77145684,0.67187834
ID_5C080E1917,0,0.02301549604733398,0.024134217,0.022866165,0.021834834,0.019120201
ID_2959B3B152,0,0.09328220829981032,0.090459675,0.11585903,0.09527116,0.055920716
ID_458C6B24D0,0,0.015581643351617054,0.016294498,0.0133461915,0.022399615,0.014390703
ID_7CFCC37201,0,0.05571391238473044,0.052351955,0.05646296,0.06490938,0.06431413
ID_49469B8286,0,0.02051881765451729,0.019430999,0.024120346,0.01919436,0.017970223
ID_95736E537A,0,0.04570850296865492,0.057617694,0.029549735,0.032599654,0.03572897
ID_854092AB4B,0,0.0670321348776508,0.06817203,0.0665361,0.052714285,0.0695176
ID_7F8DF42FD2,0,0.07056918094324822,0.091222465,0.042001586,0.05966443,0.049274158
ID_7E38D70F45,0,0.22047017457604534,0.22224924,0.16677007,0.317473,0.28585443
ID_F54BBB17F4,0,0.02154714438891924,0.018563258,0.02517105,0.029520595,0.022914661
ID_475B635E00,0,0.03362656469048369,0.04270993,0.022883058,0.027733216,0.020834016
ID_1BDD512A58,0,0.03011835174151408,0.020419499,0.033084553,0.069628626,0.04754244
ID_4C9834D42A,0,0.02998651895526198,0.036884643,0.017218221,0.041632816,0.023131507
ID_5C3D9DCF5D,0,0.48486666445955184,0.38235843,0.61836946,0.5616842,0.5984426
ID_E378728754,0,0.019791880818175237,0.023247082,0.0165117,0.012817147,0.015258848
ID_91C0FBD122,0,0.02925270817392737,0.024807317,0.033469845,0.041873112,0.033501733
ID_3B39586B09,0,0.034770572413036535,0.03864771,0.031347156,0.03946036,0.023676077
ID_16F1CEA18C,0,0.01782193005665395,0.024567418,0.009331941,0.012193007,0.009965387
ID_7194A3B42D,0,0.03339927697878638,0.025397459,0.053005923,0.03297322,0.025361286
ID_96554914FB,0,0.016952474979145902,0.01753905,0.012690352,0.03013883,0.017866826
ID_B03FE69FBE,0,0.042233692524904574,0.06155432,0.0173446,0.026900677,0.020613173
ID_57C915A395,1,0.05140205436867909,0.06417354,0.030689672,0.036100492,0.048500143
ID_130CADDF1A,0,0.01778873526119413,0.021698663,0.012252159,0.024125244,0.010370669
ID_55DAC7769D,0,0.10522647644703877,0.090018205,0.11194528,0.10943717,0.15328369
ID_DFB6BFDE47,1,0.6118083175203307,0.6668864,0.48447427,0.7277636,0.6015177
ID_2E88BF55B9,0,0.01094685542816554,0.012208034,0.008098271,0.012490134,0.011051928
ID_ACC67B20B7,0,0.008237375077794117,0.011255308,0.0034068383,0.006111479,0.00676523
ID_99ED47CFE9,0,0.06468663107345615,0.075936124,0.038259536,0.07182841,0.07069546
ID_80014B37A1,0,0.033301720849471035,0.047234125,0.019332388,0.015760561,0.012003015
ID_A4850DA37F,0,0.0574570218127291,0.06811723,0.0389688,0.08251296,0.041119136
ID_2A3C78DE29,0,0.22566241110949503,0.25109655,0.18670812,0.28247333,0.17691512
ID_3C2B0E643C,0,0.07163772689378184,0.09859578,0.036274042,0.040858533,0.0469258
ID_56E48243C2,0,0.5635250730291894,0.5105567,0.65575886,0.595625,0.57564986
ID_6D0ACDEB52,0,0.009407539991562915,0.010922512,0.006944134,0.009260634,0.008350025
ID_D97634C964,0,0.10466086382459014,0.10485784,0.11641517,0.07975071,0.0894726
ID_99EB8E448E,0,0.030048106228241653,0.03230597,0.025705028,0.024458524,0.03225396
ID_F7380F6056,0,0.022233813199183265,0.022698268,0.023810001,0.0211128,0.017377576
ID_920D43F672,0,0.09376863953554296,0.082655236,0.097581446,0.1117063,0.12476146
ID_7F86345A21,0,0.09324368680001804,0.06099161,0.13469747,0.13132817,0.12409214
ID_4987E90722,0,0.41564412911718635,0.39726537,0.46903068,0.3421729,0.41086325
ID_06FDABF6F8,0,0.05231434090100269,0.060985055,0.029061625,0.064852394,0.06006545
ID_24A36627B0,0,0.4888445035892633,0.49428627,0.49200138,0.39301452,0.50083625
ID_834D5D2B3B,0,0.01779757861939527,0.018660413,0.015156985,0.020923413,0.018450964
ID_633881F232,0,0.0199317924340938,0.021878336,0.016614754,0.018661557,0.019370241
ID_B0C18C5D43,0,0.07076925382670779,0.101802655,0.03260606,0.038903575,0.03530434
ID_1FCC400E05,1,0.0628520189333153,0.08131368,0.03451503,0.0489391,0.05164044
ID_E1EDD93BC0,0,0.015943362385047337,0.016893791,0.015444507,0.015298836,0.013275708
ID_65F1433CD8,0,0.1597992570384758,0.20851304,0.103693455,0.109034136,0.09630317
ID_29C47018E6,0,0.2936095840334284,0.26550832,0.2670627,0.31301028,0.46091813
ID_F3F399BE1B,0,0.16831194251307102,0.1924335,0.14227268,0.14108714,0.13404256
ID_3712BB8713,1,0.431992089656831,0.4369647,0.46271417,0.39604995,0.3607327
ID_48A0345567,0,0.010476407305303978,0.0120445965,0.008434792,0.008288074,0.009178972
ID_B443CAC4E5,0,0.04378574984162891,0.053948905,0.029787162,0.035526928,0.034441058
ID_AF19D24772,0,0.018770261808654324,0.020535624,0.017182037,0.011882797,0.017714946
ID_29DE5413B8,0,0.0741021324813066,0.087687336,0.0556683,0.06724033,0.059192993
ID_A24F04D8E1,0,0.12254677756596613,0.13919817,0.08273352,0.13229044,0.13329495
ID_1B4DFBA5B7,0,0.0600893986358729,0.064765505,0.053346038,0.067473605,0.05156365
ID_06E2340958,0,0.03584327812122738,0.046446834,0.025012646,0.019078678,0.021548662
ID_2AB8439F20,0,0.21887735777874834,0.2350434,0.18443415,0.20304783,0.23130606
ID_020AD7366E,0,0.3221350431667277,0.35523972,0.2910992,0.31916738,0.25002667
ID_91C83136F0,1,0.206019582673021,0.20029838,0.22340101,0.20496261,0.19338675
ID_B1AFBDE80E,0,0.01713685358273715,0.019313695,0.012041884,0.020338057,0.017466204
ID_1241CDCAFC,0,0.12151104307854589,0.13908063,0.089016564,0.14789896,0.10542216
ID_74FA32AFE8,0,0.07245888763459354,0.09785158,0.033831704,0.09394348,0.03858412
ID_3EDB62ADEB,0,0.009899190325717877,0.014191459,0.003495696,0.006220766,0.007089651
ID_B479672ABF,0,0.07162030307792963,0.07175725,0.08136796,0.067249335,0.05203712
ID_853A31B0B5,0,0.03344197463969133,0.03959038,0.027051244,0.029894281,0.022699777
ID_5825404CC3,0,0.0422353407198927,0.041799054,0.045410432,0.041761376,0.037475884
ID_A69A1AA037,0,0.14755480965097262,0.16233784,0.10846861,0.16964708,0.15926054
ID_F4F9E7F704,1,0.851894925631366,0.8387509,0.8435054,0.91797847,0.8966617
ID_2945F92261,0,0.06773560960065632,0.07404417,0.057795316,0.069485724,0.061620977
ID_7F3AAEE632,0,0.029085888274565014,0.03366018,0.023836449,0.029340595,0.020893859
ID_9317194973,0,0.048003475363794526,0.04301658,0.056451198,0.053573146,0.048540674
ID_1B117AB769,0,0.23331788912112703,0.24580964,0.2265329,0.26189265,0.18259749
ID_C4D5DA8874,0,0.015391995503105984,0.018906554,0.009300834,0.00925955,0.016270587
ID_8F7EB1BAC6,0,0.03596168632050613,0.050685983,0.017195944,0.03133,0.015975973
ID_C3C7341B6E,0,0.04762739935081994,0.057590105,0.03697076,0.02270411,0.03922568
ID_4483AB13CC,0,0.04714635914432767,0.06778319,0.021079566,0.027507994,0.024363523
ID_EF7DF7EE44,0,0.013364717547223775,0.016882533,0.008721828,0.0076284106,0.010950204
ID_B7883766D9,0,0.16609603228822645,0.17694785,0.16531418,0.16498105,0.12237454
ID_B53360C31A,0,0.1858404812158067,0.1946737,0.17871307,0.18771689,0.16296194
ID_D387A8C1DF,0,0.013980163652714813,0.017131189,0.008233146,0.016665746,0.011813834
ID_C83F846438,0,0.0988211464881204,0.1044636,0.11261018,0.069637276,0.058106106
ID_A961238762,1,0.3335590467799479,0.32580635,0.31908688,0.54637456,0.30461603
ID_A4897EEC74,0,0.019258555533267323,0.021643795,0.014378113,0.01748576,0.020414757
ID_C7F4049304,0,0.1855343505216323,0.26218212,0.11290373,0.096462466,0.056070346
ID_F9BA203BDC,0,0.008775209289857814,0.012067885,0.003161705,0.0074413535,0.00747564
ID_4FDD0AB70D,1,0.38896482863459864,0.293831,0.49091464,0.3938334,0.5704062
ID_C990D6F967,0,0.058798755459976725,0.0853547,0.028062137,0.02865781,0.02558345
ID_780A992EBC,0,0.014165195911553224,0.01855037,0.00851078,0.0073345504,0.010730069
ID_E5C56ADEB0,0,0.017457043831119144,0.022598613,0.009551502,0.010344439,0.0157754
ID_B9B3A77821,0,0.027301766480422485,0.036301624,0.017001526,0.017561512,0.015588368
ID_CCB7DF328E,1,0.16605365275399028,0.16928616,0.16206822,0.19150783,0.14983909
ID_59D6DE8086,0,0.31255471642062227,0.34107736,0.27755833,0.33902565,0.25548372
ID_55C6AEFF5E,0,0.017869209850561764,0.021560598,0.012287944,0.014231436,0.015818907
ID_8C1FBD1AED,0,0.049517237970017294,0.056745015,0.04269991,0.037525542,0.03880702
ID_8EFA0DBFCC,0,0.031071257339827414,0.025098745,0.039006714,0.03388351,0.038076755
ID_63FA2064BE,0,0.009642541163365556,0.012057691,0.00596249,0.010273386,0.007049581
ID_2381770BDC,0,0.01773993277280545,0.019901771,0.012054421,0.032227922,0.014479498
ID_32B6F82809,0,0.022095050813312936,0.022894798,0.017835319,0.034044836,0.02264195
ID_D62C4B73A8,0,0.04181026125559237,0.060440656,0.018182745,0.032696277,0.017691158
ID_3B7F21302D,1,0.21078724988396952,0.25660798,0.15880989,0.18886442,0.13809548
ID_21E9DA8D2E,0,0.03749119357600204,0.044376127,0.030419247,0.03487426,0.024690278
ID_39BC71A1BA,0,0.03603240213061881,0.03884061,0.03199418,0.04260342,0.029956425
ID_A78FAEE141,0,0.0076423956325138405,0.008865879,0.0055491407,0.006834962,0.007311306
ID_7168768369,0,0.0264010089236871,0.028892161,0.019346181,0.04482527,0.02296958
ID_769C23DDB6,0,0.23427447876540358,0.19817811,0.3354875,0.24348505,0.16577591
ID_7E8C3C7177,0,0.023752966524218867,0.03245211,0.011913237,0.019669922,0.014147383
ID_FE8D1640A2,0,0.06561841495867705,0.06256784,0.07623465,0.090942994,0.044705376
ID_4A76EDAFC4,0,0.009663521791469402,0.009719147,0.010371186,0.0072711604,0.008953173
ID_E1062A2EB5,0,0.2666926831972619,0.261777,0.2890886,0.39021543,0.18559231
ID_9997C5707C,0,0.03379790984237515,0.03679696,0.027051814,0.024688633,0.03955872
ID_4E19E064AE,0,0.010543927639231242,0.013864591,0.0049581407,0.009166659,0.0090854885
ID_36E24E2220,0,0.0723130655350615,0.101177424,0.031605177,0.042136695,0.050741684
ID_2A10202425,1,0.7525769289355433,0.69495314,0.7968359,0.8614724,0.8538201
ID_FD01D93AC6,0,0.0502681317503606,0.060997896,0.0365887,0.052005026,0.03348585
ID_DA0905A001,0,0.03389438615594784,0.034062408,0.039396152,0.027944515,0.023975823
ID_86A358D6A2,1,0.07653567266748067,0.09403005,0.054611336,0.057863574,0.057732962
ID_F408EABD45,0,0.378221821727164,0.3882024,0.35207355,0.4690201,0.35253152
ID_7C780F8C5B,0,0.03858491176447023,0.041063715,0.044476397,0.022536444,0.022461751
ID_9ED631776E,0,0.026981895070498224,0.03230343,0.013296852,0.02675502,0.033935238
ID_9CFFAF2673,0,0.012638612043119855,0.016992716,0.005957315,0.008987577,0.010151583
ID_C420AAF9AA,0,0.015359889310288435,0.017095637,0.01266201,0.0134975035,0.014619622
ID_045CC91904,0,0.23018397299438742,0.20839159,0.25990975,0.23042057,0.25846136
ID_153F2CBD90,0,0.14786375420452547,0.14693624,0.14330083,0.17020862,0.15183312
ID_97E1097C8C,0,0.07953058327005365,0.09266985,0.07323904,0.052506793,0.04924958
ID_C1B58F9162,0,0.053922642212349034,0.0636695,0.04110539,0.08754229,0.025549036
ID_9E68CA7478,0,0.03633811623170078,0.03739492,0.032867122,0.043585002,0.03615623
ID_6F9D6E81BA,0,0.01926233851388653,0.023515945,0.013134912,0.014698255,0.016410151
ID_7805E56225,0,0.01990590492996664,0.024549417,0.012096943,0.022437451,0.015919074
ID_B50FDC0E5A,0,0.19287539624212446,0.23333706,0.13416441,0.19157016,0.14830013
ID_9814CE7638,0,0.11978450400018215,0.15397108,0.07256184,0.07204204,0.097341105
ID_6A2918B712,1,0.7531892214339645,0.8790664,0.6331945,0.5379462,0.57216716
ID_C3C2E60532,0,0.07043969502735968,0.04799223,0.076912336,0.11736555,0.13101457
ID_A452CAFC6A,0,0.7224158324488809,0.8132316,0.6023346,0.54260737,0.67438316
ID_F0CB283625,0,0.026595348191404924,0.03104715,0.021430375,0.023509964,0.020196022
ID_434035EBB8,0,0.011977815920265096,0.015453345,0.0059454245,0.0095581515,0.011276945
ID_3048DC1338,0,0.11074565172041992,0.12776421,0.0953383,0.10403601,0.07476092
ID_A1603C7783,0,0.042423820778478914,0.052401796,0.03253723,0.03511073,0.024629332
ID_6E8CCA10A8,0,0.0099532474378315,0.012611753,0.0057231253,0.009540587,0.007966121
ID_7ECA6A53CF,0,0.011738294251163298,0.015407296,0.0073510823,0.008521463,0.0070378208
ID_5AB713A087,0,0.15271148655272104,0.14347531,0.15329884,0.16132367,0.18675072
ID_EA80D559B8,0,0.05397015574346217,0.060982715,0.046622403,0.06590906,0.03487625
ID_B9E7195224,0,0.13404229929970746,0.14622973,0.089357264,0.110784896,0.1885011
ID_9028E90ECD,1,0.5060116052641626,0.5675927,0.47326943,0.34921572,0.38421154
ID_EAA40C0244,0,0.027540113833557672,0.033613052,0.019066831,0.02623183,0.020608077
ID_2B8919DB94,0,0.0381254630549582,0.048016027,0.024530321,0.020149928,0.03330352
ID_6407D23BE5,0,0.014283802117937465,0.017094761,0.008286848,0.012741051,0.015934661
ID_F73BCAA19A,1,0.8748686095695124,0.88969713,0.84999704,0.88820475,0.85970736
ID_AA0625606B,0,0.012918325775929967,0.016944624,0.0074198446,0.013501187,0.007434543
ID_F8E8B98CAB,1,0.5951735022871261,0.5531143,0.6480357,0.6663812,0.62857884
ID_2D462AC116,0,0.03271523721095077,0.038158584,0.027950099,0.027764387,0.022078862
ID_0F283E648F,0,0.038481838058271566,0.032858524,0.04827045,0.060984205,0.031452622
ID_91B5EB13DD,0,0.0647236627206671,0.050724223,0.08151687,0.09201135,0.07599982
ID_5414E3AFF7,0,0.032886320793741375,0.036581244,0.02966353,0.02220242,0.028833413
ID_F91C5B0F19,0,0.13582724990542194,0.17516336,0.08343669,0.15578724,0.073183715
ID_BB3DDE366E,0,0.12840479834900115,0.1538365,0.09060995,0.12925905,0.10157254
ID_5D96038140,0,0.2272485835435849,0.22696158,0.21255545,0.24024339,0.25431547
ID_D9AFA16BDD,1,0.09431308904511337,0.11940026,0.06003324,0.060022958,0.07671733
ID_74653FA825,0,0.016263939010198666,0.020224936,0.0074805594,0.028991979,0.012808468
ID_FFEF14D17B,0,0.1018850838528792,0.089357756,0.12994257,0.12486231,0.08465295
ID_1FB1BDD096,0,0.05916333077658513,0.07602831,0.041061975,0.05593054,0.02809124
ID_9ED1B01442,0,0.014204514149744163,0.015483979,0.013252196,0.013921787,0.010960599
ID_2288DA5057,1,0.14201472421387656,0.11389247,0.16118766,0.14525607,0.21838349
ID_5ABE3FDB16,0,0.08596197077129553,0.1078772,0.055445537,0.09348106,0.05548041
ID_1ECD3FE27E,0,0.08497019911761436,0.093214944,0.08816261,0.07279963,0.048566274
ID_C7B50647F5,0,0.018372938463075136,0.020116031,0.017929843,0.019477056,0.011471815
ID_377959D51A,0,0.01159855107926187,0.0143399155,0.00602216,0.011104179,0.012184542
ID_6218AA7BCA,0,0.26135314883355354,0.23343924,0.27481663,0.3105385,0.32906094
ID_43C8D50D67,0,0.03094032726732501,0.040363543,0.015738226,0.039795272,0.01984595
ID_F48E7323AE,0,0.04274109874136127,0.053638753,0.030462088,0.034782797,0.026471112
ID_FB18CC34B0,1,0.5971719470083086,0.57543314,0.6141721,0.6089277,0.64749897
ID_FCEFA78C0B,0,0.08928249965911368,0.08557411,0.086645305,0.11146208,0.10095141
ID_1ABFCA7A5D,1,0.7072496272648033,0.7046554,0.71542805,0.7006238,0.70356363
ID_80F586C05F,0,0.028652596204425083,0.033274688,0.021706805,0.033868663,0.021734575
ID_4E4B22D519,0,0.019056334409555772,0.016732408,0.019763082,0.0456267,0.015784364
ID_87F52C4C3C,0,0.13268679115757812,0.14949258,0.12993401,0.10381521,0.08011723
ID_117A23E2F0,0,0.07334910467333128,0.06629494,0.079104505,0.07110255,0.0918097
ID_15B94AF2A1,0,0.1001016250171194,0.13540383,0.059358187,0.10463496,0.036255244
ID_040151DD57,0,0.25093688937080333,0.2211308,0.26720256,0.22827284,0.35195404
ID_F10E8011B8,0,0.07487138364313634,0.09867462,0.05523526,0.03523354,0.033623703
ID_394D3C9BBE,0,0.019630217128060488,0.025454758,0.011714978,0.01766475,0.012837903
ID_D1CEE7BC76,0,0.019266958902259317,0.023453677,0.013148708,0.018446121,0.015046209
ID_BEB580C9AD,0,0.015167042389706358,0.016228857,0.013070145,0.013863903,0.015743433
ID_7E66D03415,0,0.021000609246837252,0.025757533,0.013326107,0.016087694,0.019490905
ID_F466B9F97D,0,0.04198665139231218,0.04684361,0.03839518,0.028509635,0.035028696
ID_A7761AAD04,0,0.052495947542275725,0.07536673,0.02555772,0.021468911,0.027101014
ID_42A95FC08C,0,0.23562654342989198,0.26233435,0.20001289,0.17613615,0.22502434
ID_70A0227EB4,0,0.05511079127075071,0.07125658,0.038408652,0.033676293,0.032012466
ID_E2D2804DA1,0,0.14415296505284306,0.16121238,0.14126465,0.12021072,0.08865298
ID_36356CA3C5,0,0.0836950704657277,0.082557924,0.076588474,0.0592103,0.1144205
ID_2B79261E9C,0,0.024861698925119288,0.024348885,0.026461119,0.024679694,0.023678487
ID_688031A4CB,0,0.21681956094451865,0.22631826,0.22814436,0.19822982,0.16046713
ID_9057384B62,0,0.012120581012115095,0.015839282,0.0061090277,0.009868341,0.010273826
ID_42651E54C1,0,0.11120117512595373,0.103280365,0.1296415,0.12952614,0.09714881
ID_D2068B7106,0,0.01385454495463614,0.020060124,0.0059496616,0.0075916103,0.0073021674
ID_2361DD7475,0,0.02841847096541032,0.0341925,0.015831849,0.017241852,0.035875406
ID_030DD4A817,0,0.010960913527262044,0.013283283,0.008021812,0.009049741,0.008278942
ID_FE5E54FF8C,0,0.11674442563093179,0.15806675,0.06433776,0.08562854,0.06800143
ID_D0201BDD77,0,0.2081816046328889,0.21424279,0.19764487,0.19768944,0.20972884
ID_97D385E257,1,0.06765721072751263,0.07316106,0.066344656,0.048665628,0.05547941
ID_931F021A81,0,0.022265739567326404,0.022434669,0.02163067,0.03000343,0.019540822
ID_0ADCADEFE7,1,0.2618123216099114,0.23776624,0.3052969,0.18168195,0.3051378
ID_175A7C54AD,0,0.018549048280298464,0.02239429,0.014392045,0.011368938,0.014337181
ID_E5E88FE059,0,0.02546308462099113,0.028670488,0.022197077,0.021951139,0.020437958
ID_8D7F22D9E7,0,0.07480059606274791,0.08022839,0.06652818,0.090632275,0.06269414
ID_FFE0E3E244,0,0.18695804811475453,0.17584679,0.22198464,0.14466365,0.17724141
ID_EB70E53659,0,0.10344511072454647,0.10163547,0.076923594,0.17758097,0.13567118
ID_649CB4951F,0,0.011233923672629273,0.012373154,0.0074048154,0.011788708,0.014388817
ID_60FDA9A775,0,0.026760282819864818,0.022283453,0.03075361,0.05021621,0.026899055
ID_595123BBB2,0,0.023460605738668646,0.026724737,0.016003303,0.030291026,0.02267796
ID_7B20B16F8A,0,0.09777195467022594,0.120290816,0.076106325,0.06628204,0.06275669
ID_5D8FA34CC6,0,0.02096037455373201,0.023604812,0.015684137,0.020539608,0.021280263
ID_45136A98B8,1,0.5814286065387577,0.5260032,0.7276753,0.5475093,0.5168589
ID_4039EBEEB0,0,0.017436983117398122,0.02085269,0.013229206,0.016723158,0.012331534
ID_0EC2889C1F,0,0.08632216639875942,0.08741265,0.077824034,0.079514496,0.10290793
ID_53432AAD30,0,0.023714136748057384,0.027811311,0.015671575,0.020532167,0.025029028
ID_CE053AA49D,1,0.1770452901861508,0.17804652,0.16497183,0.25520396,0.16464043
ID_69248DCA7B,1,0.3200628535290113,0.26103255,0.45579937,0.28339967,0.29447684
ID_FE97FB1F67,0,0.12500801776415338,0.12585132,0.13043393,0.12871522,0.10818731
ID_7D5453CBFF,0,0.7890783347295083,0.7935425,0.7725468,0.71846914,0.8364428
ID_9EFD97DCB8,0,0.00803547412820671,0.008689288,0.0057881824,0.008136666,0.010047458
ID_05222C94EC,1,0.838963299693994,0.8271455,0.8494824,0.83795714,0.8668066
ID_62AD115A15,0,0.13811937602243915,0.13304214,0.12926157,0.23837663,0.13488533
ID_FD4247BF90,0,0.12800901149162408,0.13163856,0.1388787,0.107192166,0.09842011
ID_67995E3FCE,0,0.0776684608107013,0.07936125,0.06684851,0.09316615,0.08696492
ID_15D732DC7B,1,0.5984741809904919,0.63907444,0.5375944,0.55679774,0.5755632
ID_366AC25701,0,0.39251454321667156,0.39347965,0.38831842,0.4163444,0.38704723
ID_58284DF73B,0,0.00994668719357412,0.012403517,0.0064723147,0.009121739,0.007370884
ID_4C7BDE03A9,0,0.11311561473524454,0.15210226,0.06022614,0.094914965,0.069654375
ID_124C7F0876,0,0.015544978099019849,0.022267682,0.006910236,0.008406816,0.008753162
ID_73C37A39D6,0,0.2017949761978347,0.2530203,0.12798607,0.13196127,0.173966
ID_B6E099046E,0,0.03086946298058034,0.028686682,0.032320336,0.015583425,0.043649945
ID_D8A5507CD6,1,0.5186171845338956,0.55512863,0.47502133,0.48845014,0.4709025
ID_7EE0B71E34,0,0.10797157838332783,0.08797462,0.16822714,0.10181803,0.06595419
ID_237090B0ED,0,0.06918137901254909,0.09000543,0.047032982,0.04423081,0.039517306
ID_2EADEC5297,0,0.0579281647031631,0.06737745,0.03318636,0.083721764,0.059803285
ID_6EDF994B15,0,0.05538100117808553,0.05729982,0.04862691,0.08562327,0.048572924
ID_7B1F9708E5,0,0.1951924310803015,0.23163867,0.18486531,0.12479064,0.093928106
ID_45B21F748D,0,0.016761150229254916,0.016887484,0.018802192,0.013051858,0.013465688
ID_D0F37A2D91,0,0.01752896271580217,0.023445224,0.0076772617,0.011032669,0.016477697
ID_B1B87F2186,0,0.24098250283380582,0.27780402,0.2188495,0.2242542,0.14005932
ID_5A341E675C,0,0.3843579698652593,0.43928882,0.33395135,0.29082033,0.3009939
ID_DDCE9952B0,0,0.06405819798423049,0.05499026,0.08213513,0.10495054,0.04579847
ID_96AFFD9BB4,1,0.8053235906719907,0.86812735,0.71928364,0.69475186,0.77253205
ID_96F9011B38,0,0.010469441520826095,0.013452877,0.0043454585,0.016279245,0.008458481
ID_865E54B534,0,0.08686927823676957,0.09520203,0.06832758,0.04358081,0.110279016
ID_5C3EA0AA45,0,0.5338127126389792,0.50304514,0.6489961,0.47821218,0.4410665
ID_AAF54FC2C0,0,0.05959321096035708,0.068869546,0.050372344,0.052163832,0.043388125
ID_BD21731D8C,0,0.40493862494302324,0.49434987,0.3825183,0.22498626,0.15341741
ID_B76DC474EA,0,0.016482843111421806,0.0127477115,0.022884581,0.021292701,0.016447213
ID_A0576CB44F,0,0.02401819935811087,0.025456268,0.020165727,0.024720224,0.025895452
ID_EA80B705CD,0,0.054530524841571774,0.046678506,0.06871652,0.064973466,0.052748986
ID_668B8F109D,0,0.03964335569556966,0.055026017,0.017236937,0.02317943,0.029841155
ID_58C88B4188,0,0.11230922002381599,0.106686756,0.09779016,0.11562473,0.16578187
ID_24F4DF0B10,0,0.016310554480882172,0.021441959,0.007908668,0.016168974,0.012697874
ID_8AC09DD605,0,0.029197748618237068,0.035901807,0.019942284,0.02789421,0.021272922
ID_A3B6CF675C,0,0.1540223890048554,0.14226304,0.16910824,0.2040837,0.14956203
ID_236D1F28C9,1,0.2989320185483826,0.2787327,0.29752,0.3133013,0.3811059
ID_B15E806C39,0,0.040209915596900306,0.042322025,0.036498845,0.055566985,0.03254559
ID_49EC5FE5EB,0,0.05031510445415535,0.05798762,0.031603973,0.039977714,0.06251639
ID_03E2166A46,0,0.022619031673019062,0.02151807,0.0227345,0.038980495,0.019894468
ID_C515638767,0,0.06586018233673599,0.09378249,0.030325675,0.038598947,0.03590404
ID_092E0591BB,1,0.6931247728240784,0.70569503,0.69923824,0.731263,0.6102355
ID_9D5EB75D8A,0,0.01426964174347731,0.01712372,0.00962723,0.011799623,0.013236785
ID_39E30BC772,0,0.09751154657775447,0.11061497,0.09162549,0.112909645,0.048020355
ID_8408FEB98D,0,0.5770553072508116,0.606479,0.5555714,0.59591275,0.49050796
ID_3E11A7076A,0,0.04379159832129094,0.05261971,0.039378934,0.03852633,0.018224422
ID_551D6DCE7C,1,0.554299774971997,0.56306815,0.5386772,0.61985964,0.52215815
ID_42D8A6E468,0,0.04536485817585112,0.06146558,0.023510044,0.0330894,0.029517476
ID_5DE3FF24CA,0,0.03364933159088042,0.04354268,0.019526482,0.031774927,0.02292901
ID_0C07D2B597,0,0.113523594663788,0.098891795,0.12350858,0.16329153,0.13227843
ID_018CD6EC24,0,0.07193688814365215,0.062348057,0.08002442,0.056528497,0.10184951
ID_4EE919F665,0,0.03389985192490187,0.03433649,0.03171514,0.036324084,0.03568326
ID_DF8B61F411,0,0.2895874960590272,0.250804,0.39779702,0.25286007,0.23746753
ID_3F8C82BBC0,1,0.308762491160778,0.2641167,0.37487924,0.46884316,0.28593236
ID_DA9C7CFAA9,0,0.00933052119954246,0.011723798,0.005719121,0.007526972,0.007743953
ID_3C7A8800FB,1,0.15412850574092685,0.115619265,0.19244078,0.2160535,0.20778063
ID_F864CE06BB,0,0.16517498452157753,0.17853121,0.16872978,0.13008556,0.116371326
ID_E74C8462D0,0,0.4967407562432983,0.49594706,0.53467184,0.52042747,0.4084065
ID_86952EBE37,1,0.4436277375220491,0.42446238,0.4596039,0.50180656,0.4650339
ID_8762071338,0,0.09649915456048944,0.124498926,0.04861723,0.07210112,0.09145354
ID_16ED106D50,1,0.41902704807404156,0.44837722,0.36025307,0.37179017,0.4415914
ID_9A294EDDED,0,0.07390862719605895,0.06424601,0.0872229,0.0698107,0.08799121
ID_90CA9D6305,0,0.028827224987863595,0.030699093,0.026741864,0.027014406,0.026175896
ID_5E119C399A,1,0.877297918872215,0.85782117,0.90307015,0.9263016,0.88300693
ID_12D3E49AC9,0,0.0223021968689757,0.022826398,0.022145895,0.020394221,0.0212527
ID_09A4E32B82,0,0.1579311425727372,0.18168904,0.12884949,0.0848687,0.15170652
ID_7DAB120C3B,1,0.06231584211615649,0.08162257,0.037004326,0.034437377,0.04712886
ID_17C0ABBD49,0,0.020047429657102912,0.01867594,0.023123654,0.025634386,0.016812367
ID_73BE716015,0,0.05947304246580927,0.0730387,0.041543968,0.08201278,0.030747501
ID_ACDBDE9406,0,0.010811874552637515,0.013820572,0.006472517,0.009425017,0.008003013
ID_23FC070E91,0,0.045485039753755674,0.049222916,0.03986332,0.037011556,0.045432866
ID_83A2F7F32D,0,0.44457576170547286,0.4364979,0.42759106,0.47760403,0.5007676
ID_47332F56AC,0,0.045646653235507643,0.04604677,0.038545176,0.045834754,0.05910605
ID_2060E36620,1,0.391761109208331,0.32087728,0.48420727,0.44180524,0.4713601
ID_923DA32701,0,0.4169855447152748,0.41990164,0.36806852,0.44430262,0.4976785
ID_3312894BA3,1,0.12826201330436368,0.15407005,0.098428145,0.053142563,0.11587902
ID_15C39CD510,0,0.046341973587349636,0.05915016,0.029660666,0.047511183,0.02745822
ID_A0B48872D1,0,0.03129799542431613,0.03907741,0.020362433,0.0293163,0.022725804
ID_46567D1F2A,0,0.24431011150532586,0.27908948,0.20073822,0.29714796,0.16768543
ID_432C69EE2B,0,0.02051403833743007,0.022840219,0.017349347,0.016394379,0.019262554
ID_EA12A3C9D6,0,0.1724486484979612,0.14312695,0.18760021,0.193102,0.2549252
ID_BE9050BD36,0,0.04398880973288978,0.057090856,0.033862047,0.03498934,0.014235125
ID_8FADED3CD3,0,0.01673320524169553,0.019819226,0.012759345,0.013653815,0.0135511635
ID_EC99A47F35,0,0.3249647563396628,0.3824899,0.21985085,0.29807472,0.31893048
ID_37432F3077,0,0.11975710645920219,0.11361803,0.112206906,0.11080052,0.16581489
ID_104019DE17,0,0.05591870413999202,0.060252763,0.04764336,0.049601793,0.058097854
ID_0C2B2E75B6,0,0.01739312638184489,0.023052026,0.008915157,0.015223671,0.012597211
ID_E6C647AE9D,0,0.057522295464334496,0.069018826,0.04423624,0.06751635,0.03305473
ID_26A72C8951,0,0.028980335331027295,0.039511,0.014572045,0.027159102,0.016154371
ID_AE0481327B,0,0.1955505865059371,0.2389011,0.1408675,0.21904688,0.11930915
ID_6C77939601,0,0.2510036646616106,0.22819313,0.33436814,0.24007036,0.17339605
ID_D6C135502C,0,0.049028641055492816,0.055682514,0.034347236,0.051293377,0.051399633
ID_D03867B865,1,0.23651423394854384,0.21051905,0.29213002,0.21190014,0.23785885
ID_5FB47E59AE,0,0.011703791743011196,0.013496564,0.009582905,0.006095301,0.011117665
ID_B102267A51,0,0.0802395488066909,0.08587132,0.07593159,0.062478404,0.073409885
ID_F382392EBD,0,0.16089586353647387,0.14894798,0.15814723,0.20232336,0.19925252
ID_D396C864AF,0,0.06567210166290752,0.07081423,0.058790535,0.07103159,0.05635493
ID_44E09373A2,0,0.17810989649080838,0.13955928,0.26514107,0.15268911,0.16550578
ID_7F02D3688C,0,0.0205271700067345,0.025964009,0.013499177,0.021859169,0.012033577
ID_9EA0743204,0,0.3200985508727541,0.2637181,0.4091768,0.32507157,0.36524424
ID_3DCA2F71D8,0,0.3439205807480095,0.31609392,0.36341444,0.49399295,0.35434657
ID_E9CB41148F,0,0.29909490300846553,0.249008,0.3496477,0.46436772,0.33039397
ID_1C83109244,1,0.12878960720451393,0.14479421,0.0971901,0.11296501,0.13579884
ID_D650CAA30B,0,0.06804306776630392,0.07955225,0.050050855,0.071076564,0.056651227
ID_4CF1A79629,0,0.04102511656274371,0.052862283,0.021000884,0.048257265,0.030775072
ID_FE7AD239A3,0,0.23259177328701364,0.15320349,0.31101018,0.2853248,0.37706858
ID_3823698DC4,1,0.5342563247690544,0.6637508,0.3661385,0.3057942,0.44692922
ID_BB87CE82FB,0,0.011629397342946875,0.01430111,0.0071093384,0.010876523,0.010356666
ID_A4B836D4EA,0,0.04294511997778684,0.05719656,0.022907712,0.035988778,0.028699929
ID_CC47D18B79,0,0.04622264275790879,0.04988963,0.047872894,0.033886485,0.032555036
ID_F42918AD77,0,0.02686823435203973,0.02674543,0.022196148,0.016769137,0.041811727
ID_6129146FC9,0,0.0467507621025938,0.04334918,0.05442856,0.0500385,0.043231044
ID_3AB7393CCB,0,0.0293640683528092,0.036215317,0.023082618,0.028727656,0.014146592
ID_1CA769C9CA,1,0.4301491232496735,0.5122094,0.38583332,0.31589755,0.22803792
ID_9878A57CF7,0,0.1940917892308873,0.20352532,0.16535906,0.19258106,0.21649647
ID_ADF4FA09C3,1,0.0365912944719565,0.04117726,0.032907538,0.037569042,0.024676215
ID_2037A19F25,0,0.058085029866265604,0.072587594,0.043930877,0.040406406,0.034831896
ID_6FB109A3DC,0,0.023053921288146303,0.022052817,0.023770144,0.0174266,0.028203513
ID_8D9DB1B89B,0,0.01577605165829624,0.021048939,0.007000165,0.01697306,0.011783901
ID_09E09E244C,0,0.016864039969294184,0.021956263,0.009821914,0.009983043,0.013437993
ID_4566750318,0,0.08305595152547414,0.08246204,0.091297075,0.13653702,0.04457662
ID_031439C796,0,0.17084021654131587,0.16857374,0.17564088,0.23487134,0.14221421
ID_2231F0E714,1,0.07333418643893144,0.074758634,0.0692864,0.080810905,0.07273487
ID_D3F8A5F1E8,1,0.6593433187096223,0.6103532,0.7549238,0.6355149,0.6718475
ID_F5BA030592,0,0.03881007201684378,0.040633757,0.026738774,0.025096467,0.06297069
ID_A73FE7E302,0,0.0413307668490074,0.04728996,0.034842398,0.03195528,0.03413843
ID_F503F03B95,0,0.013820762410259365,0.014208979,0.013234398,0.020847093,0.010374244
ID_37F320C490,0,0.029263182216384888,0.04073162,0.016913882,0.02213833,0.010367226
ID_A39FF6322D,0,0.06029865967564164,0.06646927,0.063317955,0.049334344,0.032510325
ID_22AC8BEBF9,0,0.05483938945843825,0.06441843,0.0437253,0.0384011,0.045342527
ID_10C21166C9,0,0.04491136454251207,0.041005027,0.05682016,0.06033373,0.029160531
ID_EA9A158A2A,0,0.16408719968197133,0.19073474,0.11689889,0.19243777,0.1402779
ID_4043BFCA94,0,0.018941669783659597,0.023802042,0.011758745,0.012655542,0.016538674
ID_78A0069FAA,0,0.44064839462971517,0.3749394,0.5652953,0.44008887,0.4513521
ID_15077225CB,0,0.026557248485837986,0.034946453,0.019332765,0.0133426385,0.012342634
ID_B0AF487838,0,0.02912128792967799,0.043557495,0.011614761,0.01176013,0.0132014435
ID_1C0CE943D5,0,0.33912319656154805,0.40039027,0.22623491,0.3195588,0.33075026
ID_B20ED28E51,0,0.03817977830232606,0.032805987,0.049064625,0.057093143,0.02930847
ID_456AB04C6B,0,0.09539161725721639,0.122782044,0.07150376,0.05270085,0.049427316
ID_54BD46E35B,0,0.12110735989739344,0.14895149,0.07835688,0.1457032,0.0843558
ID_845D83FA42,0,0.009581389301904473,0.011498973,0.006448323,0.007208413,0.009228345
ID_E1F0650B6D,1,0.5409106964938557,0.53450584,0.49160486,0.56605273,0.66279745
ID_3F57408278,1,0.6374103312409705,0.59857553,0.6996755,0.52415186,0.71742177
ID_B6E4402E01,0,0.016322251396044263,0.015903646,0.011666495,0.023011647,0.025163237
ID_7EBDE6BC38,0,0.06336822360470118,0.07406068,0.050036527,0.06683337,0.045244418
ID_761FAD2B2F,0,0.007849915916735166,0.009793984,0.004736834,0.0065136217,0.0068901232
ID_163903D3A5,0,0.058449768165365845,0.069167234,0.0555794,0.043182246,0.02594555
ID_7DBDC77F66,0,0.07587198833760977,0.0837744,0.04474625,0.08158195,0.106736325
ID_A12D4AA966,0,0.017593282474460584,0.01889372,0.01363876,0.029397842,0.015431721
ID_03BF75FA16,0,0.037970887772382084,0.047697578,0.020716842,0.034949448,0.035171896
ID_3BA4780540,0,0.11349024744317912,0.10683846,0.11397356,0.20558694,0.100433715
ID_0D4E3DB999,0,0.07821178389443968,0.08813151,0.076196864,0.056844924,0.049904384
ID_98F2D7E481,0,0.016965914894639313,0.0221811,0.009746398,0.014545445,0.011456098
ID_F7777A01E4,0,0.022480473028456932,0.029429162,0.010177273,0.012518638,0.023833103
ID_FAA72C5959,0,0.19809593031017458,0.23152302,0.12413864,0.22174849,0.2050901
ID_6E0C7B2CF3,1,0.45235580977376916,0.46041358,0.43388578,0.31779465,0.51656085
ID_ACAB5FF30B,0,0.11381591084143945,0.10620303,0.13661674,0.1457248,0.083186634
ID_59A628A36D,0,0.01598236041583672,0.02092583,0.006270886,0.031347655,0.009213951
ID_7496257994,0,0.4409571561479777,0.41202715,0.41835773,0.57037693,0.5553443
ID_772FDCF603,0,0.1112132687930314,0.13203365,0.0786961,0.1085938,0.09407225
ID_47D937146E,0,0.07541829867533563,0.096878946,0.047862336,0.06190929,0.049674693
ID_D5DE875913,0,0.01590086807614515,0.017955258,0.013601259,0.011615442,0.014015183
ID_FB77468A5A,1,0.5561440997354445,0.5977408,0.50055754,0.59124917,0.48419583
ID_1B570A9570,0,0.522036326941282,0.5633551,0.47635102,0.5102587,0.4504609
ID_4FF4243F11,0,0.03217743423836893,0.039300725,0.021883124,0.020415029,0.029267456
ID_4BF8D7D3F6,1,0.8005081932375366,0.7545237,0.8292697,0.8144296,0.92718005
ID_6C4741D061,0,0.056226476245800405,0.07352003,0.034700796,0.04793613,0.032892313
ID_CA2C2A199F,0,0.11025547108231382,0.14721195,0.065589584,0.09377062,0.05699021
ID_4DC6EAAB91,0,0.016278087662805203,0.017085679,0.016080376,0.017982721,0.012544403
ID_95818426E6,0,0.032457600044625265,0.04460728,0.018231235,0.020116422,0.016981417
ID_E2B089FC33,0,0.35524530023291956,0.37216955,0.34541956,0.29238266,0.33216378
ID_C7D7577D09,1,0.14776342028453862,0.16668151,0.092324965,0.23394352,0.14912544
ID_8641DF0013,0,0.04916701430136329,0.05238884,0.0541128,0.022386657,0.036608834
ID_2E5F79E223,0,0.015129556880499783,0.016455155,0.010975021,0.023852216,0.014634075
ID_FA7559BA48,0,0.0322029985541752,0.04323896,0.019213527,0.022096317,0.017808689
ID_E9850BB840,0,0.02238924993241147,0.027695272,0.011540361,0.039899115,0.015592868
ID_9EDABD62DF,0,0.1960032318900331,0.18156816,0.15410626,0.2939115,0.3042323
ID_B2C0D6B0FC,0,0.01444533120332013,0.01623887,0.010882271,0.012508477,0.0153490435
ID_39748DB6FB,0,0.12049687326758367,0.09622436,0.122227095,0.25982565,0.15868244
ID_7F136771B0,0,0.09959272646590102,0.10410237,0.10388547,0.1335535,0.05651265
ID_E858FED719,0,0.06397315007922258,0.07294842,0.05087348,0.048745822,0.060760558
ID_C9B22FC077,0,0.07575408488530833,0.08460526,0.07078687,0.072554775,0.05037837
ID_61B9F34E65,1,0.6052885008435361,0.56098855,0.70906556,0.6368444,0.5562366
ID_1DCF767517,1,0.9057998799961853,0.90004045,0.9141743,0.9066527,0.9118169
ID_137BB15E06,0,0.10050832080151278,0.12669133,0.063050255,0.06818144,0.08424079
ID_2BA433A41E,1,0.5979062974412417,0.605025,0.60489005,0.46887589,0.60907084
ID_4260C01120,0,0.21657808152136648,0.22273695,0.21772279,0.166998,0.20969334
ID_CE88664021,0,0.01976344558588183,0.026652895,0.010019543,0.018218344,0.012207768
ID_B541227EF8,0,0.03417073291015234,0.041487403,0.02053404,0.026529074,0.035816494
ID_8DC943E8E0,0,0.01378885119795785,0.01777306,0.008652583,0.011470218,0.008970842
ID_801983787C,0,0.02720452492844001,0.029706465,0.026761258,0.02834247,0.017080395
ID_51680289D1,0,0.14208559194066123,0.18589701,0.10234945,0.05117987,0.0817015
ID_C5633C464F,0,0.09024092213677591,0.09253827,0.094634466,0.08435433,0.07366859
ID_98A8036E9C,0,0.45157789628881817,0.50443906,0.33360615,0.4902801,0.46425325
ID_CBAD400C06,0,0.020645367270400033,0.014492386,0.032993447,0.01583171,0.022272708
ID_8EF3AC0067,0,0.07872147672904146,0.09423073,0.06710722,0.057133663,0.04746755
ID_AB805AA623,1,0.19752567579471905,0.21340916,0.1949058,0.13758436,0.16211429
ID_54F36CF9FF,0,0.048759888324261695,0.061115228,0.03631946,0.047341276,0.023821943
ID_CC6C8E7137,1,0.1601048499145269,0.17574656,0.14717862,0.12208436,0.13826823
ID_1BE0A21B16,0,0.10527424669156271,0.10591504,0.1030998,0.13982517,0.09216818
ID_95BB5A8C98,0,0.04866228835564279,0.053333342,0.03848957,0.06963097,0.041592583
ID_3EBCCD6E15,1,0.0569202503812514,0.068781145,0.03929144,0.069050014,0.039296612
ID_012735CDC1,0,0.06982044222715333,0.06141608,0.048105624,0.10259872,0.13764822
ID_F61516B59D,0,0.012847186148892482,0.014631134,0.009158864,0.019134833,0.010475039
ID_C82C342C96,0,0.08221685462306362,0.09670213,0.065996796,0.048194345,0.07059275
ID_9E2DFE84DD,0,0.43202329630623715,0.3775239,0.5145958,0.4192729,0.49089637
ID_10B124A6A0,0,0.013036750110841011,0.016183134,0.009453527,0.008872857,0.00923427
ID_6DF13B8E2A,0,0.122046651629137,0.13194317,0.13089836,0.12729357,0.058926556
ID_ECAE28FDEA,0,0.0995181230496755,0.115891054,0.08721223,0.111993685,0.05124749
ID_8856F6DA16,1,0.6748291039207908,0.65673107,0.71092814,0.6683278,0.6767517
ID_DA381141E4,0,0.02065007866895047,0.024596814,0.013270765,0.019411948,0.020331023
ID_50FFE56F8D,0,0.31243261499025143,0.32914546,0.30868882,0.20828012,0.29519725
ID_B92A388258,0,0.1392989770424392,0.16215068,0.12780559,0.11490547,0.077962756
ID_F6AF8D1327,0,0.016695483640306978,0.019018115,0.01484276,0.015756879,0.011258094
ID_9FA260E6A8,0,0.12296554725603151,0.12555923,0.14133355,0.12798315,0.07041076
ID_0BE25EE3B2,0,0.016099460606712516,0.018329987,0.012632666,0.018978467,0.012849702
ID_A70570A137,0,0.02017000233308859,0.020681987,0.020690178,0.01735054,0.018118387
ID_9973B9956D,0,0.00827273753207987,0.01049959,0.005114098,0.0056481035,0.0067765685
ID_2DAE590406,0,0.01672427004849252,0.018953508,0.013677294,0.016711552,0.013839939
ID_338E0A7FE5,0,0.08048844745868625,0.10537803,0.051379662,0.061298538,0.046053555
ID_D01796EBC5,0,0.03141845117489224,0.043707334,0.014296481,0.017989118,0.022039313
ID_60E3B31567,0,0.017772717969745284,0.01459307,0.020366555,0.032656502,0.019165289
ID_499D68A836,0,0.015850488820778524,0.020881683,0.007204506,0.012460311,0.014601217
ID_7A453B2AF3,0,0.016741066140077206,0.016043834,0.016554674,0.021319758,0.018093111
ID_A48BA17372,0,0.05553388999495871,0.06810272,0.039075784,0.056174558,0.037413824
ID_D2BA4EE5BB,0,0.016785513736480316,0.020225983,0.013194059,0.011585594,0.012208822
ID_96179E5A01,1,0.7255279362867555,0.7321595,0.74604654,0.7039858,0.66286415
ID_3420BDA5ED,0,0.0233187572809243,0.023423763,0.027129874,0.022749202,0.014947902
ID_1F7D660B86,0,0.04391874122554419,0.016029073,0.03397788,0.06742204,0.17292307
ID_477B35DF94,0,0.4435066652743235,0.4064905,0.49543884,0.5078363,0.4605817
ID_5CE0743680,0,0.015412128039487043,0.02014333,0.009453375,0.009305063,0.010851306
ID_811197D750,0,0.04515260232437937,0.052429367,0.0318786,0.046039414,0.042471483
ID_D0CA7CFD79,0,0.28131592526123017,0.29563314,0.2944957,0.176429,0.2382278
ID_926DB97E9A,0,0.051772493992262254,0.048922915,0.063577175,0.06423642,0.033066314
ID_D9F1978FA8,0,0.035832539152888546,0.044269353,0.023773262,0.030065713,0.028541079
ID_4B71AD6A39,0,0.11835092978166953,0.14067733,0.08003717,0.13002619,0.10104497
ID_CC7FEC4598,0,0.018370475928284974,0.017124416,0.017456433,0.029866744,0.020588579
ID_0AD3EDDB37,0,0.04224728967767856,0.04683845,0.03486462,0.04806864,0.03613334
ID_68E5FB7769,0,0.12621102665552777,0.1512821,0.113493845,0.08463362,0.065606356
ID_7176698DEF,0,0.012347191737488106,0.013294516,0.012372744,0.011071678,0.008842819
ID_99F3E9D580,0,0.065882089225182,0.062113013,0.08007659,0.04822045,0.059069384
ID_E5D0A3A355,0,0.19464400700678391,0.19780916,0.19322546,0.13870676,0.2086871
ID_A217507111,0,0.012599419785461387,0.015636297,0.007706094,0.009764421,0.0114909625
ID_F0A9B4F7F2,0,0.06853448167762005,0.084141344,0.040414292,0.040409427,0.07512392
ID_918E24B5A9,0,0.15487083162206175,0.12936294,0.2017702,0.14239657,0.16756056
ID_390E2C0A29,0,0.10169866383968677,0.12481806,0.07248678,0.058818247,0.085296646
ID_D19A5EF71B,0,0.017336892699159334,0.021348739,0.013006685,0.011518576,0.012198496
ID_6B896A2F77,0,0.012638227147581012,0.015611177,0.008749461,0.010266304,0.0094433585
ID_FE54F8455D,0,0.027912755422037874,0.030045802,0.027601544,0.025705319,0.02052342
ID_B628915C5D,0,0.02756711228988777,0.02959148,0.024445046,0.022208557,0.028040389
ID_150CB07EE3,0,0.03350930872702097,0.034267813,0.038974393,0.030780189,0.019768752
ID_5A0438BF0B,0,0.019384447997939203,0.023475416,0.012297062,0.0146986935,0.019332167
ID_AACA6C0059,1,0.43062715167689347,0.58952194,0.27663925,0.21508987,0.18304323
ID_2DE8F72621,1,0.23939375560657544,0.2718792,0.20516191,0.23787786,0.1761265
ID_B29D0DA471,0,0.04744395354333329,0.06151795,0.028474716,0.050605804,0.02724716
ID_871526D1F9,0,0.02726746585074658,0.03132147,0.018498972,0.032014374,0.026865829
ID_53438AE934,0,0.038799482521405665,0.03088312,0.04644903,0.06772445,0.043254744
ID_71C170D4FA,0,0.016912913424028335,0.02195409,0.0077911485,0.010734258,0.017857537
ID_4513EF8DF1,1,0.37830246913778875,0.4568796,0.30708328,0.20492679,0.27440152
ID_E2FBAA48CB,1,0.6001746775015738,0.58033234,0.61116314,0.5675306,0.67473257
ID_84550CF0C7,0,0.009589059632608183,0.011343529,0.0063948105,0.009835061,0.008915321
ID_B51A86C1D7,0,0.08783921188755736,0.09353019,0.08281929,0.11451281,0.06291701
ID_3C054AA501,0,0.022053633164195605,0.0251219,0.019443588,0.016608046,0.017052615
ID_F637D5EBCF,0,0.01982987694510962,0.021588393,0.011435974,0.018471826,0.030991897
ID_7CE4B25926,0,0.015599808536139343,0.018910844,0.011148723,0.009599193,0.0137634035
ID_93635B7102,0,0.2922286787974888,0.261079,0.31541178,0.3620132,0.34378958
ID_C3D4C96D7A,0,0.012527338842387157,0.01619835,0.006126615,0.012942459,0.010554313
ID_F32539FAE2,0,0.2168903385189097,0.24503815,0.18992403,0.25436038,0.13938451
ID_A1A5A3DAE7,0,0.10086598226609117,0.1242379,0.07366683,0.07782552,0.07043038
ID_09575FBADE,0,0.019685189839173674,0.027587242,0.009550518,0.018590309,0.008489904
ID_9EED0D5B6F,0,0.03021200932900249,0.030525144,0.02728693,0.036696784,0.032335747
ID_68A0B95E19,0,0.4861882200378565,0.5528594,0.430615,0.38919553,0.36577132
ID_4975E0AF62,1,0.3664565258668683,0.3368048,0.34436515,0.5645547,0.45286813
ID_B926260076,0,0.015269675482359923,0.017012078,0.013146624,0.013422709,0.013261497
ID_F564E42307,0,0.01842136636210285,0.0233683,0.011446211,0.008932447,0.016602796
ID_212536DA33,1,0.25923003221613045,0.21717513,0.3071921,0.17568974,0.37058395
ID_D3788C31C2,0,0.04316267098212888,0.050399497,0.033453684,0.057649173,0.027075011
ID_26D1863DAB,0,0.03218382943394861,0.036904473,0.027566487,0.01776106,0.028415091
ID_E40AFCB005,0,0.014509423506185207,0.018770646,0.007835356,0.013158792,0.011396857
ID_9F7032DB11,0,0.5360695676873941,0.5252048,0.5777895,0.45558637,0.5275998
ID_C13B92FE6B,1,0.36179924299115984,0.42976007,0.30523238,0.28111628,0.23095141
ID_E7CF754C8B,0,0.19829467832874656,0.23575069,0.14900057,0.14689693,0.1680639
ID_478D0ACDE8,0,0.02391798646081022,0.029205052,0.0156202875,0.025381807,0.01872383
ID_F934E93E7D,0,0.010864940498774242,0.012490462,0.0077093067,0.009483974,0.011362807
ID_E1CF035A78,0,0.03989624113386762,0.043581042,0.035888795,0.031222884,0.03669287
ID_43B80DC7ED,0,0.05759101244677968,0.0623375,0.04943022,0.08523436,0.04297709
ID_C45A45F0C1,0,0.1317051991013996,0.1720094,0.08127396,0.10420189,0.08145497
ID_E31E1A3319,0,0.023335692217013003,0.025687775,0.024477672,0.014951186,0.014595625
ID_C6DB483472,0,0.06092620893317201,0.0659243,0.049118586,0.057777133,0.06649376
ID_78450BB044,0,0.08603451370634302,0.088035375,0.1028821,0.09138355,0.039103262
ID_5FF1D5DDAC,0,0.04369049273784767,0.04505685,0.03198529,0.05648837,0.057443008
ID_F42956E23D,0,0.5193071774924969,0.57932556,0.40053323,0.59251827,0.48839787
ID_32F06D76A4,0,0.014207734521276303,0.0180404,0.008037053,0.008515865,0.013719804
ID_1F9EC39FA4,0,0.014239869519355993,0.016500598,0.011702724,0.01474675,0.009902267
ID_283019D4E4,0,0.06490670768841718,0.06811179,0.06783199,0.06861841,0.043461762
ID_3A9CC68FB7,0,0.008752076728279053,0.010512838,0.00583175,0.0127800675,0.0058155586
ID_D32AE197D8,0,0.11376470856328158,0.1449484,0.0800879,0.08656379,0.06600732
ID_343A08033B,1,0.6921404852863208,0.769778,0.5900563,0.57463676,0.6340652
ID_C181BB3FB2,0,0.031908770172538854,0.04184877,0.017128365,0.025833312,0.024232956
ID_54C401EA3E,0,0.04892526855244965,0.06704077,0.025818149,0.042579032,0.024660511
ID_308B93B519,0,0.05090688458604378,0.05943253,0.042146966,0.0360965,0.040104594
ID_2DE4449C6B,0,0.49244856140081306,0.45374292,0.5100354,0.6996002,0.52808356
ID_6463BA345E,0,0.08509099022058539,0.102845035,0.06452126,0.0800469,0.056344073
ID_D932B53F1B,0,0.029392102584761156,0.029872356,0.024051033,0.02406179,0.041141964
ID_A8D258B8AF,0,0.0450807331918678,0.051871974,0.03706449,0.04806579,0.03225963
ID_2FCB41B8E0,0,0.015285279948843256,0.012622579,0.020695647,0.011051219,0.016783964
ID_477780C7D0,0,0.014257460121026393,0.0152733745,0.009968448,0.0127206175,0.01983205
ID_B189805464,0,0.017276402429410906,0.017682297,0.017823562,0.018380987,0.013904967
ID_819D95149A,0,0.00899165139984135,0.0113851,0.0050345724,0.0046883076,0.009235539
ID_DB6C864470,0,0.13772560638805692,0.15131438,0.1411176,0.09858203,0.090055145
ID_5723CDA6EF,0,0.014752235478721999,0.018518815,0.0100042205,0.009603928,0.011255067
ID_0E55FCA043,0,0.02072367787056651,0.019817846,0.015973574,0.0262915,0.032316085
ID_41C2919F7B,1,0.6706186372630192,0.64129114,0.70322204,0.72785527,0.6997373
ID_94E31ADDE0,0,0.01704841940576872,0.02079305,0.010312699,0.012326945,0.017721774
ID_B503EF5C6D,0,0.2186901864011008,0.1740962,0.2625687,0.21843517,0.313235
ID_C794468E01,0,0.39808304974588826,0.4535636,0.29992917,0.32383326,0.4064085
ID_86C6CD1497,1,0.6657695635615417,0.6810651,0.6730062,0.75554055,0.54644084
ID_36FD4C8696,0,0.0406866624139371,0.036338616,0.055047613,0.024234138,0.035437904
ID_309071EA09,1,0.14221551410431416,0.1528547,0.12340904,0.11267698,0.15044728
ID_6E78AD90A5,0,0.0343639585030958,0.04383847,0.02135818,0.026603295,0.025584247
ID_2504AFF3B6,0,0.17336859499239463,0.14371024,0.20965189,0.19666362,0.21078794
ID_8AC6C63B80,0,0.10054444037551728,0.13177493,0.05965578,0.08605579,0.06251775
ID_B1CDFCE30E,0,0.01839169869561632,0.025421415,0.008853955,0.01287832,0.011530502
ID_618CF709BE,0,0.09830526851772907,0.07501457,0.10166123,0.1359311,0.17318504
ID_12F8A9BDC7,0,0.04388745913608131,0.05835665,0.023460167,0.037053194,0.029504675
ID_55454C29ED,0,0.029270132010309244,0.03767617,0.02063581,0.02447897,0.014336715
ID_EC5473F422,1,0.3842165951489161,0.35183272,0.3958891,0.48913994,0.45036995
ID_674619E5AC,1,0.3641107575030279,0.43639925,0.24368487,0.39156938,0.30480713
ID_B55DC71ECA,0,0.053695889442871694,0.06290194,0.037393443,0.03784395,0.056649968
ID_9C446C7D82,0,0.09834396532741556,0.1061772,0.082631096,0.086037576,0.10429247
ID_A7A84C5E40,0,0.02779648386407207,0.03219179,0.024864577,0.014675131,0.021220682
ID_D2034C3731,0,0.045360467910501585,0.056922503,0.037743874,0.019690841,0.024000522
ID_BDE0ECC08B,0,0.04310566749356838,0.05986977,0.019376723,0.028162764,0.029636225
ID_62FAEACDB2,0,0.017414851531626915,0.02120398,0.0107348785,0.019901192,0.014638546
ID_743208EECA,0,0.4115342523485361,0.37467045,0.44688323,0.5869317,0.41512215
ID_53F4FBF325,0,0.018909526251550495,0.021875763,0.014392952,0.011133481,0.019445427
ID_48C6BBF611,0,0.022369546082508095,0.028101962,0.015395107,0.0174926,0.015217806
ID_4C892BA06C,1,0.4448303714750964,0.5273354,0.40821013,0.3431461,0.21885297
ID_05B864E89E,0,0.013251387400858393,0.01864383,0.004575979,0.009955662,0.010496598
ID_2A2B5A8E0C,0,0.07138455508685373,0.09176107,0.04649723,0.050670274,0.04764138
ID_B4DFC8EEAF,0,0.3461801476431726,0.3121214,0.42804918,0.39614838,0.2927938
ID_DCD5AD1B2C,0,0.06806805867476858,0.08561015,0.0503259,0.05181623,0.039037507
ID_13AE905EBC,0,0.011937851096609161,0.0153838685,0.0060675037,0.011806396,0.010016724
ID_138594671D,0,0.10086139965937756,0.12882006,0.06554405,0.106560625,0.05591807
ID_F0A3C3529A,1,0.5087075130576554,0.5747659,0.43009114,0.586301,0.36420783
ID_1A1B20962F,0,0.025774944127248463,0.033778515,0.013359925,0.014905452,0.023302741
ID_B1434AB6C2,0,0.01236287614531946,0.015593979,0.007431893,0.009448203,0.010548686
ID_6F35A760FF,1,0.48032807550430834,0.38909242,0.65133667,0.56755143,0.46125156
ID_CB3E184E28,0,0.2791139346808955,0.3319293,0.23202981,0.31294665,0.14204627
ID_C5C66EB9AF,0,0.010789936797557922,0.01342042,0.0070731835,0.0074849078,0.009080885
ID_794623FB95,0,0.06085467307534761,0.043809794,0.07234012,0.07204659,0.10340962
ID_96835EFB72,0,0.09805327588022131,0.10509994,0.08932925,0.105213806,0.0838503
ID_EA834E8358,1,0.7312180905507988,0.7498902,0.6847338,0.6201028,0.80041504
ID_0236B7641D,0,0.07027052986387425,0.07914526,0.05706252,0.12234065,0.03838007
ID_9454DBE653,0,0.05701273371837964,0.069108956,0.03859195,0.043804668,0.05113782
ID_6BD7E23B7E,1,0.24355561785702606,0.23721811,0.24954973,0.13048467,0.30678293
ID_0D43D6B6AA,1,0.3526185523420701,0.39557266,0.347297,0.29212204,0.20878193
ID_6B2BD68629,0,0.019380207828553167,0.023655199,0.015589516,0.016794449,0.010562767
ID_25283461CB,0,0.04906559371129892,0.05731922,0.03975561,0.02670475,0.0438847
ID_4876F53590,0,0.02586866354453478,0.029756704,0.024080224,0.026891554,0.012819344
ID_6F2B633AAB,0,0.13288437003820408,0.14387193,0.14143302,0.11775702,0.074682355
ID_28625E5623,0,0.03581540029874375,0.0329946,0.028649298,0.051210098,0.056403764
ID_005644F4C6,0,0.021312058023130003,0.023820672,0.014119519,0.021080745,0.026234275
ID_AED40679CB,0,0.11611331659990647,0.11393738,0.11798994,0.13546747,0.112851724
ID_C1266838E0,1,0.08055503553836245,0.077639565,0.09996537,0.06589792,0.057634987
ID_29A8290288,0,0.08887568162942289,0.069452494,0.11301969,0.13290541,0.100019045
ID_334A99493C,0,0.029737695540983086,0.029356083,0.03796548,0.026556091,0.015088926
ID_F9FB0EF7A3,0,0.11040934627201372,0.11372479,0.11735658,0.09170791,0.0896404
ID_7390972369,0,0.04181629776012875,0.047854517,0.042202473,0.028344346,0.021329075
ID_D8805AA777,0,0.0684425770151149,0.04748653,0.11426559,0.056324795,0.06403926
ID_86FC1C43EC,0,0.06806492804868515,0.09912808,0.02524435,0.051119737,0.035960723
ID_600FC77A65,0,0.010682719568394484,0.010967672,0.01067402,0.01219812,0.008835946
ID_FA3CDF4EBC,0,0.019056905397990653,0.024711689,0.0106569845,0.014920752,0.014968268
ID_11EF2EC79E,0,0.015420457199163153,0.01968735,0.0091653,0.012956237,0.011870737
ID_DC6D8F6FEB,1,0.3423628096153408,0.35310274,0.3444605,0.30458766,0.30891797
ID_4BC9892052,0,0.0616002813325037,0.07442394,0.048184622,0.055159133,0.03896345
ID_6E175317C6,0,0.029157595393902527,0.03772696,0.016356722,0.029353017,0.02029747
ID_E5D89442BC,0,0.012222192508356891,0.011546025,0.011124089,0.02297108,0.012751235
ID_9641A37A19,0,0.014353683798250746,0.019444356,0.008022581,0.008176317,0.00910228
ID_4424707B7B,0,0.06626229924293964,0.07930108,0.046627387,0.06016227,0.055907927
ID_B23A928F24,0,0.02908903746557604,0.036712185,0.017795494,0.0153371,0.027076202
ID_766F814411,1,0.1643507577154749,0.19512624,0.118045606,0.17163521,0.13037576
ID_9932851804,0,0.17656120477613318,0.22659718,0.09911019,0.1705,0.13377489
ID_A14AA6F81A,1,0.5698466278158986,0.5842306,0.5502782,0.53635985,0.56559986
ID_F5AE9B294A,0,0.012657013138437229,0.015028529,0.009910521,0.013484483,0.008160286
ID_941895BC5F,0,0.009610021235034873,0.011152022,0.007268356,0.009200752,0.008291445
ID_F79C7308EB,0,0.2805784925296956,0.24825478,0.33175737,0.36536825,0.2705097
ID_0E9780138D,0,0.15295140446334615,0.18899077,0.09160622,0.1267621,0.14357255
ID_247DCEAF21,0,0.056551433502237715,0.05481365,0.054741792,0.07421041,0.060083453
ID_EE9B3A8B23,0,0.1303126995403335,0.10288784,0.18198511,0.13363282,0.13398454
ID_717A5D5FC2,0,0.13987874873692552,0.15210356,0.11025399,0.22102094,0.116365656
ID_9ED76C87E8,0,0.011853512358861229,0.015719663,0.006368499,0.0088354265,0.008587667
ID_144B8E749C,1,0.49036479901022656,0.43873867,0.541755,0.49852142,0.5948637
ID_6B3FED0ACA,0,0.1981993711193971,0.23224671,0.1252228,0.3134306,0.16054752
ID_31B13820D8,0,0.08930461323353234,0.09846996,0.07373088,0.14198104,0.060995724
ID_FBFC63DEE0,0,0.055599297789337046,0.06258266,0.056204494,0.048434887,0.027896434
ID_8FAA96CE5B,0,0.09727454870782003,0.08350784,0.14462097,0.06864821,0.066400945
ID_F4C02410C6,0,0.10916427124487885,0.13735503,0.07629189,0.14240323,0.045990188
ID_0981F6725D,0,0.3317413947940001,0.3480989,0.32130444,0.30796686,0.2953286
ID_910495FF1F,0,0.21160389301864668,0.27075323,0.14075428,0.15378927,0.13868271
ID_215F07C52B,0,0.06303713131567909,0.042981647,0.08411355,0.1164194,0.07935741
ID_AFB4E70CCA,0,0.29970647098764636,0.31565097,0.30413565,0.2800784,0.23134354
ID_63CD0CEEEA,0,0.030723190211874946,0.026544552,0.04458679,0.032912605,0.017698847
ID_56AAD53E16,0,0.019781099319360965,0.025793424,0.01059043,0.013354422,0.016875342
ID_35C204E8D0,0,0.21411386864624107,0.21062341,0.22452462,0.1993393,0.21298102
ID_689C98D86B,0,0.03631986288470081,0.044574965,0.023703018,0.031422563,0.030613728
ID_B5DBFF4971,0,0.013664267522962362,0.015756028,0.011882539,0.0108771,0.00985658
ID_BBB31A4B8A,0,0.09642895135033025,0.12985153,0.050365284,0.058129486,0.07061352
ID_C206657603,0,0.014210422123766015,0.018705785,0.008182138,0.013275785,0.0085412515
ID_0E54FBD3F7,0,0.024818908477430502,0.029524865,0.02083852,0.014232117,0.018073833
ID_3FD016AA04,0,0.5655602728916648,0.5828015,0.4657142,0.54072493,0.7176625
ID_07437E6C0B,0,0.11546117558673955,0.120509185,0.10989552,0.17352292,0.080746
ID_6AD4FAE3FE,0,0.08658708562942584,0.095634624,0.060880147,0.11586006,0.09071451
ID_2E77ED2E9F,0,0.019636059134675605,0.021079533,0.020589203,0.015070035,0.0134784235
ID_9C71E63E63,0,0.01831973925702284,0.019587072,0.019162204,0.010963435,0.014360595
ID_DF025F92FE,0,0.008643821929807512,0.010153093,0.0061405622,0.008012599,0.007907016
ID_63EAC2C822,0,0.031651768795646594,0.029018626,0.03314493,0.03676911,0.037351847
ID_A237DA46C6,0,0.04745354751199104,0.057247736,0.03840247,0.041320436,0.02812956
ID_E93CF9A6AB,0,0.1604587723432088,0.14524613,0.17588508,0.20155609,0.17377709
ID_608B806EC5,0,0.033396185227487364,0.035609044,0.032168824,0.038748533,0.024339233
ID_8B917D8611,0,0.030172345278242002,0.04335929,0.011431205,0.028171021,0.015487637
ID_5DE1DF44BB,0,0.05106891726116011,0.05861781,0.046282448,0.053039208,0.028558463
ID_FC3D773F13,0,0.020322304927081716,0.01614261,0.028750997,0.023071265,0.018716805
ID_872E018EF1,1,0.545650813044879,0.55667734,0.505846,0.5974013,0.56185335
ID_54418A4DAE,0,0.23270337630644516,0.28049812,0.15187979,0.31773683,0.16691935
ID_CF3FA7489D,0,0.012269827084497002,0.01584684,0.007913736,0.007976779,0.008360686
ID_0564ECCD08,0,0.037410288339756154,0.038781483,0.037152216,0.02831785,0.036129512
ID_F2CA679AA3,1,0.522727017398227,0.45604888,0.57586694,0.56749296,0.6711588
ID_43C404F6F6,0,0.024857521339427188,0.025146516,0.025541633,0.016125984,0.025974225
ID_D0CAA4F9C8,0,0.028966118054740267,0.027055757,0.02570229,0.04662319,0.036348015
ID_92DAE6DAE1,0,0.035796107084694745,0.045683816,0.027141104,0.028402397,0.015776584
ID_EFD2C7A062,0,0.028699394497713054,0.0382795,0.01716146,0.015267313,0.018796775
ID_FB926DDB3F,0,0.012918145518489424,0.016651098,0.0073761074,0.00874869,0.010839715
ID_9929695002,0,0.04538104510833353,0.04306984,0.051164504,0.057287585,0.03755741
ID_98145C2371,1,0.6510258046817421,0.64074636,0.7130382,0.67123234,0.5526609
ID_0776888BC1,0,0.016574657365975708,0.018432874,0.014081305,0.012561714,0.01581527
ID_D9DEC88F99,0,0.20952459510250157,0.25625682,0.13503672,0.25853962,0.15034327
ID_47D7EF37A1,0,0.09612498030044504,0.11354219,0.07848242,0.061130468,0.07557887
ID_17241A7536,0,0.062357286448063376,0.06956933,0.04946383,0.06349301,0.059025038
ID_5AE11C36B7,0,0.05935208466026818,0.083482176,0.033795513,0.035027776,0.022746898
ID_74A528F7A4,0,0.045604692482721004,0.046449512,0.04231037,0.067562714,0.039527487
ID_7B63E52C49,1,0.22229875287174486,0.20444441,0.23859172,0.2525449,0.24965802
ID_D5468DB2ED,0,0.01036596851432634,0.013767318,0.0048385235,0.009341919,0.008287246
ID_96ED1AEB33,0,0.031124905135136022,0.030240893,0.038133826,0.029419048,0.020571694
ID_0CBEAF8C7B,0,0.026514788617042803,0.031592973,0.020873543,0.027641933,0.016652312
ID_F140906EFD,0,0.20019879094107101,0.22092669,0.18713076,0.24835621,0.119594984
ID_122EA2529A,0,0.057407664612292866,0.0673912,0.03766627,0.03894981,0.06558703
ID_24740207BC,1,0.1273809688948136,0.14335951,0.1248241,0.08178978,0.085177176
ID_B157E1CBF1,0,0.01949010177923173,0.026614966,0.009282715,0.014697245,0.013348946
ID_9ED320D036,0,0.009532367039927058,0.012558761,0.0045671803,0.00728176,0.008367643
ID_45CDEF889E,0,0.06823386751577815,0.0810061,0.05473723,0.086117834,0.035384707
ID_A0257F7D48,0,0.07131998693753216,0.07053667,0.0753136,0.051646408,0.0746413
ID_A9309090EC,1,0.5421671277593705,0.56588024,0.51176065,0.54900736,0.50414366
ID_DFC637E4D3,0,0.018330041448883935,0.024228767,0.009782878,0.011735526,0.014597409
ID_A422969BC0,0,0.05210685049387165,0.06340242,0.042603325,0.045370027,0.027668277
ID_D43069BC0E,0,0.054199890003908506,0.044935618,0.07078111,0.03162488,0.06764455
ID_C9F4C1107C,0,0.020075043576950304,0.021681959,0.015954329,0.015372296,0.024169737
ID_922E8409A6,0,0.013951992000683183,0.016927822,0.0078008347,0.019823706,0.0120044965
ID_04C5074B16,0,0.03791712827808919,0.048767805,0.029039426,0.024010066,0.017142812
ID_534CA96344,0,0.1744281017019143,0.16310167,0.20809844,0.16338035,0.15490991
ID_65DC69C8E0,0,0.13585131812616733,0.15896638,0.11990624,0.07611546,0.09835672
ID_9E858CA848,0,0.07323152815930187,0.093453236,0.053262107,0.049410455,0.040947907
ID_9D2A1078B5,0,0.13591744205888384,0.154734,0.11034503,0.17371067,0.094735995
ID_1A562F0349,0,0.02418872605282396,0.020379843,0.023793288,0.03452986,0.036634278
ID_9111C95531,0,0.24887788370244668,0.22178061,0.33531812,0.2961268,0.15743613
ID_336F7A8981,0,0.1394845769052846,0.15980496,0.118533455,0.12537295,0.104657166
ID_7F1C6011A0,0,0.09927710965558567,0.08051877,0.123853944,0.186173,0.087995246
ID_A6F53D7357,0,0.02861247940747861,0.031863682,0.022506053,0.03440591,0.0254388
ID_FB7BC8BA33,0,0.029078376322667354,0.03437871,0.022864813,0.023371859,0.02248308
ID_B2178A1050,1,0.42230552889298867,0.39130208,0.44420722,0.39946932,0.51637083
ID_72315703CE,0,0.09362571267126577,0.113571905,0.073958315,0.081204765,0.056889806
ID_9CC48512A3,0,0.028639848292136602,0.027096873,0.030790959,0.029013105,0.030387
ID_A5478A80B8,0,0.017227969016578436,0.023070434,0.010274575,0.007531333,0.011666697
ID_EE0DD8D77C,0,0.032317827228216425,0.038802654,0.02553773,0.02406558,0.023039114
ID_FD2CEE7645,0,0.05470717923377603,0.061784543,0.05181259,0.044613693,0.035390943
ID_22E0D0D0C7,0,0.02362796752952085,0.027253436,0.015203349,0.022868551,0.026700905
ID_27544F1348,0,0.012364373819925946,0.01304338,0.010848443,0.013361265,0.012310571
ID_300DD3D624,0,0.279972137958409,0.26175332,0.3086132,0.46220905,0.21613118
ID_F30A3DC98A,0,0.016280188165692457,0.019300586,0.010035684,0.020545224,0.015044843
ID_E2F760C90A,0,0.1331813883148285,0.07784854,0.16789284,0.13863458,0.29030907
ID_C2140BFA7A,0,0.05374793323104843,0.059693497,0.051963158,0.054612435,0.03205999
ID_FE6D0AD467,0,0.049683787572306945,0.046942353,0.047765754,0.08775231,0.0487954
ID_331219F902,0,0.011267251206725793,0.015561539,0.0038414565,0.008680862,0.010166062
ID_F971DF0B23,0,0.3054885967661811,0.30224845,0.3145504,0.3031762,0.30075863
ID_1EB6EF21D9,0,0.016132942217040445,0.014450557,0.021207752,0.014095047,0.0132490415
ID_1951F38B4C,0,0.11619440303568153,0.088798255,0.12844285,0.10167694,0.21208772
ID_797422A84C,0,0.019063560522416634,0.015196102,0.025521526,0.019701079,0.021285584
ID_03DE5DE8DD,1,0.36087487908519944,0.3710045,0.32978716,0.38520947,0.37412181
ID_70DEE3595E,1,0.5968818525407562,0.553628,0.6183896,0.6461464,0.7121612
ID_C806114933,0,0.07834317965450116,0.09429087,0.055613726,0.060833868,0.067300506
ID_135A15226D,0,0.24028237064959732,0.25618634,0.253566,0.16282108,0.17830722
ID_E8AF167A17,0,0.17114251092854116,0.16096005,0.1951799,0.18256626,0.15765525
ID_B2E52B30E4,0,0.019916726622682512,0.02374023,0.017537633,0.013707856,0.011559657
ID_937C2B2EB9,0,0.01689625629294446,0.019442797,0.012757026,0.009858254,0.01807561
ID_15EE36C23A,0,0.009100948396296375,0.0110290665,0.007080105,0.0064575016,0.0064354576
ID_2154A0D39E,0,0.19216123671115468,0.20722924,0.1622015,0.20408523,0.18751748
ID_08B0BE7940,0,0.09925746682355378,0.10602735,0.09373486,0.056123998,0.10128097
ID_F377219505,0,0.05603434902517329,0.06296298,0.05279132,0.040589288,0.040427215
ID_8263FFD7D2,0,0.02707293193254131,0.031346805,0.02368357,0.023569185,0.017799487
ID_A0580B5FEF,0,0.010397704150722714,0.012262632,0.0075032446,0.010338705,0.008746796
ID_FDD186590C,0,0.10590560047825975,0.12486687,0.07236579,0.084791735,0.10688089
ID_04CD859459,0,0.0833079616282652,0.097047776,0.06665565,0.122809686,0.043713436
ID_67AEBC58A9,0,0.05991743899349189,0.07319424,0.046944592,0.06330733,0.030129295
ID_569E689258,0,0.07228069108540272,0.09299469,0.049054384,0.049601376,0.044404086
ID_C180310139,0,0.01220279350823313,0.015576413,0.007110408,0.011668095,0.009094775
ID_A05B31FAD8,1,0.20593116159494745,0.15617774,0.28403473,0.19380218,0.2540522
ID_CE0A38F90E,0,0.021194729569711277,0.023113277,0.015651243,0.030270379,0.021017618
ID_E2A8BD655B,0,0.07178990590798509,0.07120695,0.07382035,0.06688014,0.07203955
ID_3013560D34,0,0.3144330613119778,0.30945095,0.33396974,0.41044787,0.25173777
ID_57E841AD34,0,0.12545456435789412,0.14512223,0.10766013,0.09625367,0.09319318
ID_03E8EC2D5F,1,0.19180598975345628,0.21699381,0.1651003,0.16278513,0.15524061
ID_3BCAEF72F8,0,0.0496834302013567,0.05791242,0.04258504,0.056852985,0.026990183
ID_98C4EAA78E,0,0.05561464710892231,0.07377013,0.030835671,0.045568213,0.036380045
ID_CC27CCE1CE,0,0.3487788148589962,0.24753642,0.49017856,0.46263775,0.4239163
ID_815F0B8166,0,0.013159531154254554,0.014006517,0.01006861,0.014188805,0.01575982
ID_B067224744,0,0.14301141188302732,0.18366355,0.09769496,0.08087276,0.09541613
ID_316AAD4A5C,0,0.019403496708515447,0.026385764,0.008115295,0.018259807,0.014593018
ID_F18C9C2B40,0,0.21710705307765743,0.21868597,0.23987618,0.2272631,0.15716235
ID_2D4720552B,0,0.01340449312872578,0.016614493,0.008926131,0.009900368,0.010965571
ID_8A8090240F,0,0.0849061460054921,0.09878114,0.063938804,0.10604427,0.06200092
ID_451B909094,0,0.007996203747419956,0.010149826,0.004502402,0.0056549395,0.007405098
ID_AEE0B8A04A,0,0.2970761988995107,0.35271925,0.23241483,0.2781313,0.20876285
ID_862BCFDF47,0,0.0182645621720323,0.01972629,0.016033886,0.018558744,0.016740685
ID_3242023503,0,0.08407133256474643,0.10425729,0.04342463,0.15030524,0.05703768
ID_F84495D89A,1,0.7282960683264983,0.726473,0.7476687,0.6349071,0.7351577
ID_87B790EC44,0,0.022926243387175155,0.026562762,0.018103722,0.017519927,0.0202513
ID_D3F1C0E234,1,0.5896800957765042,0.49577397,0.65634954,0.73196405,0.7817092
ID_75906AF493,0,0.029245162108200884,0.04096598,0.013209539,0.02639888,0.015324445
ID_0BB3CB10C2,0,0.07778246659575297,0.09075487,0.053418674,0.083272025,0.072800614
ID_8A5D7D41B3,0,0.060906664852399206,0.06965055,0.04548214,0.07351126,0.051527303
ID_BA33BB4239,0,0.3616178463595643,0.33845344,0.40126798,0.3131163,0.3956533
ID_05920644B4,0,0.04026516669911599,0.04120703,0.039762788,0.043832414,0.03580535
ID_1CD8D92533,0,0.013094972723630069,0.018754981,0.004472187,0.0084863175,0.00966827
ID_C0D6C40EEE,0,0.021983961066290462,0.022641605,0.020248342,0.023437848,0.022292526
ID_8FB78B1F3E,0,0.0855723985146652,0.07645355,0.10135027,0.12233317,0.07426058
ID_DD6AE3AB14,1,0.5521212329809447,0.66102344,0.53529173,0.29219046,0.24105684
ID_741272EB9D,0,0.06149101579783614,0.084875554,0.032686956,0.059392072,0.025316183
ID_71630B82F1,1,0.46842364768666167,0.49994308,0.40610912,0.50484556,0.45294312
ID_7A59CC19E1,1,0.5148426465573102,0.49069363,0.52662987,0.5278027,0.5860179
ID_3EFF30AC92,0,0.08159710371826492,0.10349006,0.050971687,0.05617755,0.06580165
ID_D73AFE5E52,0,0.451140289135611,0.42789793,0.43692222,0.5047458,0.55654764
ID_A3B8C3E2AF,0,0.056282651320469834,0.06295782,0.045186684,0.06314215,0.048869666
ID_7F60B295E5,0,0.020279709370905487,0.02241693,0.017152818,0.023434373,0.016575195
ID_2CB460DAE8,1,0.6260852711628424,0.62515897,0.6416969,0.716307,0.5571857
ID_0028970DF9,0,0.03197605001957267,0.039319165,0.021324055,0.024631552,0.026978059
ID_B9259F3540,0,0.023632652287336776,0.030763533,0.01314228,0.02082916,0.017205905
ID_1896D534B2,0,0.04032572052137649,0.05002385,0.027468825,0.03190607,0.030568385
ID_43718CE90D,0,0.016967790411922923,0.020081902,0.010962726,0.018704975,0.015924485
ID_1241568F05,0,0.04215922637088171,0.04817664,0.03474012,0.040188722,0.033489347
ID_87370D9756,1,0.10637239982751315,0.110762246,0.08206416,0.09532182,0.14477088
ID_60E08B17E0,0,0.16289142785284244,0.12891088,0.18237887,0.20618372,0.24589768
ID_BAB23442D9,0,0.00842100154099324,0.010725501,0.0050328393,0.009029478,0.00567953
ID_92A7113509,0,0.010698322187407478,0.013802809,0.005687816,0.0064920136,0.010153116
ID_8101A8DD1A,0,0.15448983468507255,0.13039324,0.21068689,0.12619597,0.14816383
ID_5BFDEC281E,0,0.25139256056012194,0.15905704,0.31223378,0.45730537,0.4215465
ID_8C873275F3,0,0.1190197677309981,0.12873843,0.11734424,0.07448383,0.100934036
ID_7DB15A3A14,0,0.05978939144401887,0.06271551,0.07215419,0.030264335,0.033763647
ID_2E4227007A,0,0.03664623553819886,0.04147934,0.031520285,0.044561796,0.023755562
ID_17E19D8ACE,0,0.029605935693844555,0.027299142,0.0357073,0.03605893,0.023458952
ID_FEE4E54E51,1,0.44570171357990773,0.30419335,0.6259767,0.67754495,0.5562751
ID_EEE4CDF739,0,0.06683677002001304,0.07613318,0.04040382,0.06527299,0.08491118
ID_4E343BAA2F,0,0.010278578540708202,0.0124792345,0.006949842,0.0101363575,0.008175949
ID_6E6071CB33,1,0.41512662032251424,0.36844084,0.558516,0.31930563,0.3467156
ID_21E9162E7B,1,0.05949783728143017,0.07140757,0.046834826,0.049127202,0.04082374
ID_B84C4D79C8,0,0.04000063783526152,0.054334883,0.020885976,0.034589525,0.022752393
ID_9415EC82E8,0,0.06168847320172267,0.053077377,0.068204775,0.10802319,0.06392316
ID_E7D1ABB923,0,0.1787068664336881,0.15000619,0.22113095,0.22942342,0.18695119
ID_EC2C2F0D10,1,0.05119689540150432,0.050965372,0.062490657,0.023347676,0.040089514
ID_CFACF6269D,0,0.020964611861971127,0.023796672,0.015798746,0.026251271,0.01776652
ID_933A926A84,1,0.6260454757770788,0.6212051,0.5804931,0.64106816,0.73767686
ID_DD175E4C4A,0,0.018731065083999396,0.022068238,0.014206476,0.015740681,0.015629636
ID_C27C9BB736,0,0.03307658276101501,0.040884487,0.021564245,0.029470041,0.026329428
ID_5E1F1AD3C1,0,0.01575676533186336,0.018514466,0.011227281,0.015879204,0.013759118
ID_BD0D5A53D5,0,0.026144369750240662,0.03190821,0.014220079,0.027468238,0.026774589
ID_ABC9B4A7F5,0,0.023615246291725484,0.02716386,0.017526546,0.01995069,0.023268797
ID_A0922F9D69,0,0.02551670185835106,0.034656134,0.014566682,0.015632477,0.0146697275
ID_8A89176E3E,0,0.05812802833318446,0.05138392,0.06065555,0.0680203,0.076910265
ID_C79E2AE83E,0,0.1413841518085375,0.17769408,0.09311318,0.06956866,0.122704856
ID_E42C1E9285,0,0.07040959961268525,0.08357553,0.052279126,0.07098826,0.053379185
ID_A27649B17E,0,0.011076337340579926,0.012787226,0.008872977,0.007672285,0.010052422
ID_22769A8312,0,0.1041587023065349,0.11622432,0.1103619,0.07569297,0.052243818
ID_F3C4DF1E3A,0,0.0817500056701771,0.11086931,0.032509774,0.06819445,0.07015804
ID_6A6224DD84,0,0.01633448029331059,0.020924637,0.008559124,0.016348993,0.013598357
ID_1D56D11549,0,0.36077239105537606,0.3810424,0.3198883,0.38928548,0.35033536
ID_CD8B398D5F,1,0.13614719369700973,0.13685782,0.14937612,0.20693809,0.07390721
ID_ECA3A711D7,0,0.009896336046960018,0.013271685,0.005033748,0.0066619944,0.007464863
ID_B12F0ABB9E,0,0.3028712905422561,0.32936454,0.24889477,0.47268656,0.23261032
ID_04522C4DD2,0,0.019270620202856924,0.020802064,0.015057926,0.018337138,0.022238687
ID_A0D1ABE1BD,0,0.044550303065683944,0.041382264,0.048023827,0.04535281,0.050144907
ID_2386C0B39C,0,0.24266706189359882,0.27837932,0.23696111,0.19612254,0.12419393
ID_08EF773DF5,0,0.14316919948541756,0.15876558,0.1538672,0.12134157,0.063789904
ID_A009A8EEB4,0,0.057673998052116926,0.053049725,0.07863831,0.06546154,0.028862113
ID_62DF17D769,0,0.04071570934323868,0.045533832,0.03725557,0.03937774,0.028348766
ID_714BD12826,0,0.12638691771079075,0.13977881,0.10686514,0.10916003,0.11914709
ID_43DD1266D4,0,0.09749413751058061,0.08993327,0.10643141,0.13052766,0.09589306
ID_44E8495DEF,0,0.4579684937078878,0.43710262,0.44586667,0.5419139,0.5355625
ID_9A575EDEE5,0,0.04766729871231452,0.062760025,0.022375807,0.061871734,0.0319112
ID_FC6F4A578D,1,0.7457332656180202,0.68044716,0.8290221,0.78062034,0.82791364
ID_76B604259D,0,0.12150117274671512,0.15403481,0.08723757,0.098542355,0.06744537
ID_3523C95DA3,0,0.039179702955207174,0.047845967,0.028131403,0.032926448,0.028961476
ID_1DC4B8F96A,0,0.022293500692640744,0.024195846,0.0150623955,0.02099745,0.030326052
ID_976D6EC0D7,0,0.015307727115993375,0.016230045,0.011700936,0.027258925,0.0139351385
ID_CE95D78E17,0,0.030800978131229194,0.019883594,0.04980838,0.040482454,0.031970344
ID_25A2307D4A,1,0.3760549420514897,0.41459957,0.3223435,0.4149994,0.31131598
ID_A413C65291,0,0.006893314359581845,0.008495898,0.0034735664,0.006524834,0.007613363
ID_CAECA31C7D,0,0.05738585707148584,0.07436587,0.035489168,0.043026406,0.03881883
ID_FB7A864DC8,0,0.05017290891929946,0.058367237,0.03215692,0.041499894,0.057951175
ID_AE87D54B9D,0,0.026322410694106145,0.034910258,0.016196884,0.013950259,0.017123599
ID_348B634E53,1,0.2192531612376541,0.19317766,0.24586701,0.21962185,0.27225858
ID_B7C204DE65,0,0.017042490524373788,0.017218117,0.01534388,0.015121553,0.020780887
ID_E5AC1FAAFA,0,0.020954600910064125,0.026449468,0.011572786,0.022415072,0.017208772
ID_71ECFEA1A7,0,0.12840884647654416,0.16740139,0.08544975,0.10773299,0.06470023
ID_5940E2DCCD,0,0.017653390702589603,0.018439287,0.01718046,0.0184655,0.01499086
ID_8693FA813A,0,0.014750408248671637,0.017537234,0.010991374,0.015225499,0.010823211
ID_D45EFDD1A5,0,0.048042227621313716,0.06050987,0.032547407,0.048987832,0.028150752
ID_87FC2B8885,0,0.09965316975627467,0.12514481,0.064271286,0.07255149,0.07957767
ID_55A17A5F08,0,0.10826404687709766,0.114624664,0.09147879,0.14555246,0.101120904
ID_279AC305D1,0,0.19218335176256857,0.22413652,0.14953178,0.15105738,0.16649394
ID_68E18E0519,0,0.06205500905364939,0.06275529,0.07250561,0.06285596,0.036327567
ID_0E620A4772,1,0.366976323504748,0.36350402,0.3591745,0.47296685,0.35219184
ID_5073F4F535,0,0.02606035683792158,0.028068427,0.027588837,0.022751477,0.015733305
ID_764B63F7E3,0,0.12575880315914384,0.11491273,0.13803911,0.13470912,0.14137547
ID_CA34C77B49,0,0.025111614215360456,0.028783392,0.013631258,0.030899594,0.03168948
ID_83D9801089,0,0.012648369975652801,0.015702883,0.009245076,0.0059377393,0.009958524
ID_6DE5C11B69,0,0.02175009680748864,0.02303335,0.022718424,0.024128933,0.0132100405
ID_7B20001D66,0,0.03972559316943489,0.036358573,0.043051083,0.042498916,0.045620006
ID_23A679528D,0,0.04156865267333074,0.051032968,0.031189144,0.029831953,0.028931692
ID_35F6FBB185,0,0.012862554220366583,0.016736379,0.0070136087,0.010704354,0.009970094
ID_91F379C7C9,1,0.7346697293514532,0.76908845,0.6893495,0.7130705,0.69576794
ID_8C7A43696E,0,0.20791249665945422,0.22878563,0.17676273,0.18994881,0.19430386
ID_5542ED7B73,0,0.052066408068099757,0.0516589,0.04950856,0.06701111,0.052761767
ID_52AE4CCBBA,0,0.08129106242692605,0.048397314,0.121717095,0.13766854,0.109083265
ID_B04A17DF2A,0,0.011941282554697126,0.016141467,0.0053414516,0.008147653,0.009992478
ID_F4E2BA91C6,0,0.05372845173208898,0.05217383,0.053514924,0.05997526,0.058036856
ID_BB8F481FDE,0,0.025544026571571822,0.03129908,0.018463934,0.02996799,0.014468878
ID_B81513F04D,0,0.01927996805504354,0.024841337,0.0102678845,0.018115092,0.015604254
ID_56E3924138,0,0.3986338364963862,0.41645104,0.29654703,0.4033288,0.54023486
ID_9CAAA05715,0,0.022790671487568265,0.027780276,0.018748939,0.016820077,0.0129656065
ID_F6D769711D,0,0.053783229532765445,0.065025896,0.041942053,0.048997484,0.033732306
ID_A5B26865AA,0,0.008320733852547326,0.009227872,0.0047449116,0.009128407,0.011803429
ID_4A11CF007C,0,0.018339971575155673,0.028750584,0.004879375,0.009088795,0.007227503
ID_93CA9E750D,0,0.032750003579418804,0.03697119,0.025301266,0.023562593,0.03488455
ID_8F375218F5,0,0.17318807636034916,0.18040515,0.16780104,0.15846762,0.1606445
ID_70CAAD095B,0,0.056029229474432785,0.07276896,0.023536144,0.045354247,0.059602186
ID_0E72CBFAC8,0,0.07075944579364962,0.061686575,0.08598674,0.07111598,0.07630308
ID_6B2E2898C9,0,0.09226852543314959,0.11525218,0.058905218,0.051386323,0.08447453
ID_4743C39E50,0,0.208828575035954,0.20329916,0.21777026,0.2499788,0.19509031
ID_5AFE2BCD3E,0,0.10988242232464987,0.108398095,0.105092935,0.0820815,0.138551
ID_69EFCFBAD0,0,0.07038150545917715,0.06808106,0.07221143,0.11266435,0.057751793
ID_7B9516E3CB,1,0.5337772183498956,0.41437247,0.75058484,0.46124542,0.6052037
ID_53DAE8A5C9,0,0.34943246483939217,0.4045371,0.27360195,0.282113,0.30844107
ID_B386F3EA3D,0,0.24748879889871897,0.26449358,0.22036694,0.2571334,0.2295619
ID_25DCEBDA54,0,0.013482867086383531,0.013772893,0.010929485,0.014096183,0.017466404
ID_0DF4545BCB,0,0.46713398050899557,0.4534198,0.46011508,0.53654164,0.5099224
ID_0E6607D647,0,0.10151659122619841,0.1519075,0.03847526,0.06349411,0.04025174
ID_B7962771A1,1,0.09520797804891157,0.10357203,0.07752315,0.08332076,0.10295931
ID_9528683B13,0,0.08822612310085776,0.09965638,0.06920074,0.10388309,0.073881574
ID_441AB7BD92,0,0.08474710864734064,0.078507766,0.09835961,0.0919641,0.0787831
ID_300B628787,1,0.6407991582821978,0.5275079,0.8136408,0.8161812,0.6726193
ID_B9104E72D0,1,0.7473957414162269,0.7213076,0.7816764,0.7973619,0.76238894
ID_78A08A8867,1,0.8379838953365906,0.84217316,0.83417016,0.864168,0.8170374
ID_995511C269,0,0.023759614099386858,0.025192037,0.015411219,0.018149465,0.038056348
ID_774956A8F2,0,0.018200719344407847,0.017661912,0.019061435,0.018110948,0.018671785
ID_BC20CC8086,1,0.6529186671782724,0.73862636,0.5341546,0.5044392,0.6100025
ID_B7DEF496F2,0,0.04078261711762114,0.04160161,0.044921517,0.041033097,0.028332239
ID_5601E410B1,1,0.35684330141146975,0.4908794,0.21502142,0.29802954,0.1199555
ID_0BE78E056B,0,0.05339181527030491,0.07228667,0.031188883,0.029843777,0.031390537
ID_C53BDB7629,0,0.03239967905221008,0.045647558,0.015100877,0.020903675,0.018502193
ID_9D3359BECB,0,0.012720791080620372,0.014345022,0.009746559,0.013044436,0.012091942
ID_DE40AE4CE5,0,0.031217440099881078,0.034793463,0.02662128,0.022122357,0.029920684
ID_37D2104485,0,0.019315837401204655,0.02056312,0.017073432,0.016987573,0.019866996
ID_CD1264512C,0,0.02318904985470439,0.03187713,0.013309401,0.014153486,0.011584557
ID_DBBCD999B3,0,0.01410942344557202,0.016213324,0.011422291,0.013610662,0.011195032
ID_DB68DA5555,0,0.030357103714702193,0.03772048,0.02036082,0.018743265,0.025727928
ID_AEB9769D95,0,0.034752958357394864,0.045207493,0.021073112,0.031757776,0.021198053
ID_FE7E15D66A,0,0.08614421840859424,0.082534805,0.09769442,0.1403435,0.053004023
ID_1F17DA9C24,0,0.19008705530424552,0.13709462,0.2629184,0.28128362,0.21817267
ID_46FF32D6FE,0,0.4569142921418533,0.39115265,0.5132721,0.5173043,0.5877576
ID_9CE87C83CE,0,0.008718896454364636,0.010526009,0.005473174,0.007956132,0.00837271
ID_7857E86BFD,1,0.5582822452780595,0.47565165,0.6750639,0.6496391,0.61734
ID_ADDA474C54,0,0.009441853395317256,0.012137189,0.0044746883,0.009907745,0.008497048
ID_EE4DC458F4,0,0.04333252508013927,0.047797013,0.039072596,0.027263002,0.04059804
ID_3E67738EF2,0,0.07363794203083453,0.06307627,0.09287187,0.10740177,0.062319685
ID_BB28AC3DF7,1,0.8370445388902539,0.7932352,0.885067,0.8909427,0.895777
ID_8083E797F5,0,0.020975554854852717,0.023022285,0.018585203,0.018958006,0.01832833
ID_D653903B5C,0,0.09691224689627503,0.09526967,0.105299965,0.12621212,0.07309325
ID_25FA6176F3,0,0.01777663145548128,0.02150175,0.010978003,0.01207185,0.019096063
ID_F06965EEAD,0,0.11009520287942606,0.13825463,0.0736587,0.09968722,0.07372489
ID_CFCF508BEA,0,0.05982153684660583,0.064907804,0.062364306,0.0605791,0.032530654
ID_C6EDACFF11,0,0.3043436290556534,0.23238619,0.3996417,0.44988787,0.34073555
ID_F8F7DD29EF,0,0.05871346555750867,0.048776828,0.06920909,0.11429234,0.053987395
ID_06D7858D0C,0,0.11750579661965735,0.116081804,0.120456584,0.118766256,0.11664775
ID_8465455C77,0,0.3187833457126126,0.30139428,0.3947159,0.34202975,0.21929505
ID_C7B5FC866F,1,0.3892189217852945,0.44023243,0.35510537,0.4203675,0.23311721
ID_04DF76CA2B,0,0.10167391351093487,0.14000511,0.059805553,0.06888299,0.043702967
ID_AFBAA462FC,0,0.028516475584542123,0.039104134,0.012194058,0.015099975,0.024609916
ID_E526FCB42C,0,0.04124185182524722,0.03697148,0.0422735,0.034084745,0.0602051
ID_52855AF1E5,0,0.31996315925857877,0.3114511,0.2962052,0.41696927,0.36463168
ID_9E6C457888,0,0.017072204382948413,0.023381481,0.008111842,0.014120794,0.010901932
ID_9AB82C52BB,0,0.042201297428851585,0.045881152,0.03679051,0.06472164,0.028431594
ID_405E33CEE3,0,0.030128077195755498,0.033769824,0.027896166,0.021458773,0.02329633
ID_26068077A1,0,0.03906603256202751,0.044555657,0.03253675,0.031582456,0.03312224
ID_B7B8F6B02C,0,0.07110533930593253,0.08669364,0.06616827,0.034134053,0.031899855
ID_5E86E649E0,0,0.11162186123258179,0.13723968,0.08310345,0.096434265,0.071096756
ID_A05A6DFDB8,0,0.09413230936310728,0.117032945,0.061038416,0.113349155,0.059913892
ID_7540E3A691,0,0.3932681500079017,0.37076387,0.39447835,0.562361,0.41211826
ID_0E9630B0BA,0,0.06145548554410407,0.059872814,0.05913079,0.062409446,0.07271829
ID_C82EDDD919,0,0.032918963488987776,0.032405287,0.034416385,0.04697004,0.025753906
ID_92DD7B065C,1,0.1458233048854193,0.1465127,0.13044293,0.19714274,0.15352994
ID_7A35500A8B,0,0.3089806929880641,0.28339317,0.29057562,0.32400936,0.45010138
ID_BFB8094FE3,0,0.10687394187821003,0.15554057,0.045089304,0.060823884,0.05370343
ID_64F2D08B67,0,0.0764335559919122,0.0833801,0.06741369,0.06741095,0.07034283
ID_1E49FB837E,0,0.0685244311997151,0.085012995,0.052951757,0.049674463,0.040427346
ID_17BD69CE04,0,0.04365765471019883,0.04474714,0.043624368,0.057478562,0.033097778
ID_C933AC8367,0,0.5707856950743022,0.58367395,0.5735214,0.51598305,0.53431094
ID_287F024267,0,0.02576297922948842,0.029483423,0.023063099,0.016921973,0.019677153
ID_F31E20A9E1,1,0.15753440778536892,0.13675782,0.17932056,0.30290145,0.13528457
ID_F8E83E646F,0,0.059854802535070126,0.06377233,0.05874372,0.084627785,0.034875024
ID_2EBF4B42F6,0,0.012286940104327158,0.017511887,0.005161442,0.008779223,0.007008103
ID_34121611E5,0,0.04687341631736708,0.05864718,0.03249556,0.04884074,0.02707452
ID_B2E69A60CF,0,0.056063314261004894,0.05345511,0.061850395,0.055239666,0.05503687
ID_7778D14DC5,0,0.015681556161487788,0.019366749,0.011639043,0.009660597,0.011395555
ID_7404E4F033,0,0.023076144249303182,0.024425073,0.019274248,0.033539012,0.020967009
ID_CBABA5E004,0,0.033232726868373245,0.0394381,0.030277275,0.016663799,0.020556767
ID_5B37654D10,0,0.01872691511841036,0.019467521,0.02011984,0.026905859,0.009042234
ID_BA9CB55FEF,0,0.01647740220612226,0.01882115,0.013108397,0.012892175,0.015356945
ID_1B7063EDF2,1,0.3952280769846417,0.39347392,0.40332407,0.39621627,0.38484788
ID_B4ACA7F307,0,0.04023509410296736,0.051362097,0.025461568,0.030871898,0.028958678
ID_3E7B5495DE,0,0.400035907506468,0.38828674,0.40799496,0.42633116,0.4211798
ID_1102FC4298,0,0.10244273570908469,0.09831506,0.09498895,0.101751804,0.13618587
ID_9CDAE81D32,1,0.37044605857863877,0.2918885,0.4617177,0.4428546,0.47526246
ID_CE9F6792E4,0,0.010732228787542753,0.010643116,0.011609787,0.01087432,0.009164656
ID_07BE74ADFB,0,0.007959338564325756,0.010008206,0.0038904292,0.008206875,0.007916345
ID_B09163AFE4,0,0.2037115732125369,0.20597993,0.16971903,0.23639475,0.2527901
ID_7F0BB3249A,0,0.05687922876413573,0.071655415,0.036935795,0.08666021,0.024199659
ID_821D269AC6,1,0.20695329447787533,0.22367623,0.17836988,0.18163599,0.20859337
ID_5E330296D4,0,0.04631542847452673,0.053661853,0.033536606,0.041843448,0.044613503
ID_0C6CC8B4B2,1,0.686201387658312,0.63940674,0.7956781,0.6906666,0.64728063
ID_4E469AED49,1,0.1967315524744231,0.20933105,0.19186144,0.17572822,0.16305944
ID_1C7FB746C7,0,0.045750652276246626,0.061384797,0.023958769,0.026584568,0.03474477
ID_2D8A41CAD3,0,0.014551391093948218,0.014091342,0.0135884965,0.016381908,0.017764162
ID_CA296EE2AD,0,0.012383216205935018,0.014785734,0.00959743,0.0073806,0.010381062
ID_B7D6A40165,0,0.02357180922977642,0.026580453,0.020127913,0.027560372,0.016499164
ID_5A85AAC687,0,0.046496808886060254,0.047610406,0.03742737,0.06455452,0.053371362
ID_8D78BBBE22,0,0.3532604490219291,0.3627274,0.28191644,0.48136425,0.41042846
ID_45873DC781,0,0.013699169649596556,0.01559859,0.00977639,0.008334657,0.01642095
ID_8818FAAEFD,1,0.3479921926053207,0.31816128,0.43335757,0.30259028,0.3108018
ID_7DAA82793E,0,0.019539484558179658,0.02076838,0.018515907,0.017810931,0.017292494
ID_C41437C3BF,0,0.36903873325558734,0.34437123,0.34933028,0.41170388,0.49701828
ID_FBEA25431B,1,0.016505453384215208,0.020768978,0.009761136,0.013816851,0.014117075
ID_A9CA1726D3,1,0.5502333514805167,0.48049286,0.6556826,0.67847335,0.5630193
ID_F57E1B69B2,0,0.13477882867371146,0.15360303,0.13122912,0.10527401,0.075660326
ID_1ADD7E23C1,0,0.0684246056435097,0.07785131,0.053321287,0.077384755,0.05705772
ID_3496FF97BD,0,0.13919706583572317,0.14304753,0.12196589,0.14680849,0.1565605
ID_B0AE8E1AF8,0,0.0626815133376904,0.08045356,0.05104743,0.02708958,0.028006837
ID_A1FA98D160,1,0.28416709625828596,0.24426305,0.3632964,0.32935506,0.26345703
ID_6A083B23A0,0,0.02159938964013909,0.017065523,0.030719133,0.03077645,0.017207026
ID_B8084C84EC,0,0.03430225642050236,0.018037936,0.041719086,0.029407347,0.08929662
ID_32AFEE26D5,0,0.022769912459654446,0.02875301,0.014380377,0.022887133,0.015416716
ID_E6AB72F3F4,0,0.25568621148821014,0.28906822,0.24862218,0.13824089,0.18088533
ID_2266A27DB3,0,0.05012362157346753,0.06691864,0.027471723,0.041960284,0.031257853
ID_14840E8382,0,0.04098847031004643,0.037385367,0.051685825,0.047956053,0.030239599
ID_EF81D7D9EC,0,0.013682673492189235,0.01629404,0.009588885,0.015430814,0.010660514
ID_085CFCBF22,0,0.028399332834754945,0.038698014,0.015459561,0.017654218,0.01729415
ID_6FFB37EF43,0,0.6281120914513809,0.58637774,0.64171636,0.71850866,0.7359905
ID_CB5167BEC2,0,0.014472321004388618,0.019612644,0.00639708,0.0132131735,0.010608406
ID_19AF3C2847,0,0.026655524436987946,0.038214877,0.009587775,0.02575932,0.014781476
ID_F8B81FCE71,0,0.012477811621443983,0.012565537,0.0124214105,0.014825033,0.011204698
ID_62F607D30D,1,0.8825763969120749,0.89964527,0.86636466,0.88498914,0.8441279
ID_B2E5468C44,0,0.019168347302124873,0.020229913,0.016033487,0.019836975,0.021112788
ID_F85DD3E823,1,0.47070392771682656,0.435254,0.54376906,0.5386684,0.4342402
ID_978BC64D6B,0,0.1709232922270203,0.1673046,0.21029893,0.1307428,0.11927537
ID_8293C66350,0,0.12688060144357188,0.1219609,0.14234555,0.1313754,0.112549745
ID_E883EB0618,0,0.024900032942959616,0.028549952,0.020563869,0.02428619,0.019036084
ID_9DCC1D7D74,0,0.025874414882546964,0.033191502,0.01760053,0.010564644,0.01935736
ID_9AE047151D,0,0.022245515693390713,0.024787134,0.018232957,0.032590006,0.015596829
ID_3D6C93D64C,0,0.06615569447490366,0.0725411,0.047192946,0.056314874,0.08412252
ID_A016154D06,0,0.03539846241636402,0.040992707,0.030518759,0.02630223,0.026176797
ID_225AC10330,1,0.6643150103686486,0.68608063,0.64017713,0.655656,0.6278357
ID_B7AD323CB5,0,0.0306271629684442,0.042498726,0.016290447,0.0117764585,0.0194012
ID_B4D36757CF,0,0.022374101532530537,0.028087506,0.014110853,0.028554177,0.013247518
ID_B080690DF9,0,0.04824001501175576,0.05539416,0.031174462,0.05228479,0.052833952
ID_5658AC128B,0,0.4205593869638662,0.37618473,0.4228244,0.4855548,0.57499784
ID_BA6D9B14E9,0,0.015857969249237977,0.01839591,0.011119748,0.023775993,0.011839143
ID_3AA666B71E,0,0.010574030027017386,0.0135465255,0.0056869504,0.0070056976,0.010044063
ID_0C43D4777C,0,0.04232966117417312,0.05094289,0.035038035,0.030972036,0.026502358
ID_9F510D2AE6,0,0.1445358629520728,0.14714772,0.10846623,0.2644077,0.15861142
ID_C764DF1942,1,0.9046927650447364,0.8725395,0.9512482,0.9290999,0.93014187
ID_13F4537644,0,0.0702459464824251,0.061891112,0.09502641,0.076331325,0.049764004
ID_7637032BE2,0,0.04674792946974137,0.05906992,0.025344579,0.04946162,0.03937584
ID_FDA6863B49,0,0.06775499116497904,0.07258829,0.05532088,0.07155121,0.07233571
ID_4C5A7FB53C,0,0.014128983211706967,0.017461052,0.009147066,0.01131663,0.011952533
ID_CACAF31615,0,0.08866349130263843,0.09383401,0.0731515,0.09830442,0.09587287
ID_C5EBEDD89B,1,0.020653660517916655,0.017202372,0.024407785,0.032094188,0.022206841
ID_B1F5E4BCFA,0,0.471917379818328,0.4298025,0.53779113,0.5159255,0.48950377
ID_BEAD182903,0,0.0225923324202714,0.024173737,0.018638855,0.02617119,0.022826156
ID_D59BB8D073,0,0.12063287840358272,0.14272135,0.081867985,0.12087887,0.11028274
ID_BBF5580306,0,0.024033467606307868,0.026999136,0.020292437,0.01159786,0.024939304
ID_28076666E8,0,0.01943188266798168,0.026543574,0.008507606,0.016725114,0.013974869
ID_CDFD7B1F68,0,0.03771560871797076,0.044416323,0.031920288,0.0234171,0.028047238
ID_0D1F627463,1,0.4916351638387033,0.4591257,0.5207809,0.5423601,0.5444635
ID_21FE04CD99,1,0.603232334765788,0.6431385,0.4656776,0.5969601,0.7322967
ID_478E6BA538,0,0.016515140313397944,0.019710656,0.012191348,0.015278487,0.012817492
ID_96E91AA593,1,0.26593781615203455,0.33318925,0.17557286,0.17461123,0.21522859
ID_AE91F6B339,0,0.06439708269736591,0.068315506,0.060021166,0.09295031,0.044768993
ID_199E66451B,0,0.18115183991480321,0.2183481,0.15057749,0.17501941,0.09213264
ID_F7E02DF971,0,0.03147457248510224,0.042766355,0.016682638,0.02599585,0.017847642
ID_CE6A2A492F,0,0.15968492171052465,0.15177096,0.14664537,0.17629428,0.21387815
ID_1594D34B5F,0,0.034470664597376924,0.048502393,0.014838883,0.030344972,0.019050486
ID_485D4FE131,0,0.00969833507452629,0.012098129,0.005971883,0.0076419488,0.008441218
ID_D388B9D5F6,0,0.02879070220789842,0.037688315,0.019189209,0.016564455,0.01709442
ID_1B2A164EC6,0,0.03470645550052774,0.039750822,0.026332714,0.04019043,0.028949212
ID_23F1A930E7,0,0.01698674426820216,0.020587107,0.013865976,0.011965085,0.010646614
ID_74AD695964,0,0.025362561810164302,0.025998939,0.020167658,0.054947954,0.020918783
ID_CA6ACF4FC0,0,0.028159620376536684,0.035035748,0.022029994,0.019262236,0.01611228
ID_0594EE251F,0,0.0823972778668313,0.084937096,0.092551164,0.06287828,0.058385782
ID_7B9A9BEFAB,0,0.02226450334122162,0.020796997,0.0226792,0.035821494,0.021670416
ID_0B064C7E39,0,0.04791529488952234,0.049466472,0.053953283,0.057142798,0.0243822
ID_79B2A6208E,0,0.06067477279812466,0.06940917,0.054284465,0.033166103,0.049442083
ID_7842637067,0,0.1318923543918017,0.1431474,0.10416771,0.10702385,0.15461455
ID_3843638749,1,0.08567174219692958,0.1029161,0.061998982,0.064835146,0.07262022
ID_E32DD72AFB,0,0.11665274809729739,0.080088146,0.13463958,0.15759116,0.21483016
ID_4CC4557787,0,0.24368745333630715,0.22933227,0.2722279,0.30395126,0.21689457
ID_EDA813525E,0,0.17876231164903206,0.21375324,0.11748772,0.10280772,0.19535814
ID_34707B9DA6,0,0.0442478874558599,0.050055902,0.037812065,0.039169554,0.035708904
ID_498BB5829A,0,0.09838687830011049,0.12014068,0.06264498,0.12473522,0.07158912
ID_5ACE4FC50A,0,0.05778349277310912,0.06014375,0.054883737,0.078685135,0.044912677
ID_642218C577,0,0.40065028868197516,0.38551456,0.37462154,0.5080746,0.4736553
ID_B6B904F117,0,0.010970877370058928,0.011882574,0.0063255224,0.015699208,0.015019486
ID_2882C166E5,0,0.6591616864550829,0.7332343,0.596966,0.6866941,0.46737394
ID_C5DB703627,0,0.18438854833448642,0.12804016,0.22256233,0.23586494,0.31832147
ID_354C39F062,0,0.058519936991468416,0.07942078,0.034365397,0.04861638,0.026275389
ID_47FC05703B,0,0.0892057893322105,0.07900268,0.11519707,0.09477209,0.07416788
ID_BE42952DAF,0,0.19147166786071898,0.15237044,0.25732026,0.2312873,0.19819702
ID_1E0C9F5326,0,0.09037699219467246,0.099978685,0.08742425,0.08110781,0.06015258
ID_5B095375D8,1,0.024235304642341512,0.029133625,0.018238533,0.021867156,0.017419592
ID_FF4BFBEE38,0,0.03344080928603765,0.036569476,0.026125249,0.064042896,0.022564687
ID_DC6DD8E68A,0,0.02966512338313125,0.033030532,0.026979454,0.017277095,0.026596172
ID_5B96867637,0,0.027892490621784796,0.024268549,0.031036144,0.04641094,0.028399896
ID_B87A964DCB,0,0.011770391646267142,0.01537478,0.00659459,0.0074030473,0.0095362235
ID_39FD5FAA82,1,0.7274062078938249,0.7206957,0.7760658,0.5527952,0.72751576
ID_2016F7C35F,0,0.0169528265876071,0.019927187,0.0115520395,0.020972904,0.014209082
ID_48D1FB7DA6,0,0.015752393720868587,0.019455152,0.011196224,0.009366735,0.012652927
ID_68AE8D37F1,0,0.040255209058657954,0.049707506,0.022473253,0.03063083,0.0426271
ID_F2F7DADE33,0,0.016299946773311563,0.0144902645,0.017110448,0.018552184,0.021231461
ID_7FA760E2AD,0,0.012876290075077132,0.013924111,0.0123208305,0.008238751,0.011658832
ID_6A7286340E,0,0.015168111933982218,0.01736962,0.010318079,0.019750785,0.014265562
ID_A5A41BBD63,0,0.011779418022281595,0.014997237,0.0064868312,0.008034133,0.0111591285
ID_5DA6BDCEC3,0,0.27013767681167283,0.2524799,0.2584674,0.39252448,0.31648433
ID_E64248A97B,0,0.039753776600481724,0.032800883,0.0533694,0.028814048,0.044714797
ID_7B8FD77624,0,0.2381397139236524,0.23639801,0.20665799,0.3210397,0.2768982
ID_100FD32581,0,0.050628631497265604,0.06717673,0.03172904,0.030884825,0.029805938
ID_B518A7AB1C,0,0.056025780838394615,0.055348303,0.059971396,0.06792038,0.045241784
ID_34A653758A,0,0.06734549174487423,0.08699454,0.045340177,0.043374,0.041915942
ID_E681F3E73E,0,0.01877223371766048,0.020696314,0.015107743,0.019222131,0.018301155
ID_B7EE4429E7,1,0.8381329679800769,0.8055991,0.859919,0.8978487,0.9029325
ID_A8C91A1EAB,0,0.3448438829720525,0.33008248,0.38176438,0.32865477,0.3351191
ID_EBBB1D9468,0,0.4415223762704468,0.41676635,0.5018079,0.51124924,0.38648668
ID_3DEF46E1A9,0,0.19937883473440843,0.19927295,0.23382916,0.13219945,0.15521193
ID_29EF6DF1F1,0,0.020543047729551338,0.025196593,0.014752193,0.017755656,0.014503359
ID_AAA35C60C4,0,0.02035724568932235,0.029410303,0.009123179,0.010505544,0.010470614
ID_23F7D843A8,1,0.7330165948576275,0.7339339,0.73722565,0.69427603,0.73699635
ID_C0B08611E5,0,0.01513684045900695,0.02016493,0.008900979,0.007816959,0.010443787
ID_D32003D1DF,0,0.03717320288601006,0.026785865,0.056842785,0.05035445,0.033155374
ID_D8396CBD9B,0,0.06168075951444221,0.07341703,0.04204069,0.042077616,0.06273094
ID_C9D3139A91,0,0.1767942851137989,0.20917757,0.15156382,0.1664307,0.0985071
ID_70CFAFF0A8,0,0.01370244679245759,0.018701402,0.0065287966,0.012083853,0.008658978
ID_C73709D472,0,0.10338217153742052,0.070059784,0.15006492,0.12663704,0.13400401
ID_7DFAACA9C6,0,0.028001973408345107,0.031165006,0.028910587,0.025035106,0.013971981
ID_1572DF2A40,0,0.2758321504246423,0.22098556,0.34900233,0.34937042,0.3187282
ID_892B6F64C8,0,0.01284248512301775,0.013915542,0.01184161,0.013205691,0.010293918
ID_36A9AA0EB0,1,0.3454590781491701,0.35873562,0.3475995,0.35939264,0.27865687
ID_857C2F41B5,0,0.09382185848368912,0.12692682,0.048777215,0.09098208,0.05170643
ID_6409F65E85,0,0.06714435934416571,0.09472797,0.035739042,0.048327602,0.026081908
ID_0E6DD854B2,0,0.0819763450131939,0.09202195,0.05750125,0.09040823,0.088326015
ID_42F0538D7E,1,0.33554771758683644,0.38005796,0.20084783,0.36314383,0.42425752
ID_94C0912D4B,0,0.036325464994385694,0.04619818,0.02621715,0.017383138,0.02452091
ID_59BC39CECD,0,0.13000105658068517,0.16402633,0.08219813,0.1100866,0.097353965
ID_1B3A3421DB,0,0.014672143500888805,0.019800438,0.008004531,0.008777573,0.009860229
ID_E74A43C40A,0,0.09522396606561746,0.117513515,0.06430222,0.10994564,0.060889453
ID_FE18B8BD5D,0,0.07510125690932512,0.07962781,0.06163565,0.117163606,0.06651117
ID_B912DA6661,0,0.06320983404293408,0.076313436,0.04919793,0.06486133,0.03714067
ID_D3762331FB,0,0.0175832791673403,0.022450773,0.009256343,0.013468146,0.01665781
ID_6C951105AC,0,0.01479100062268291,0.017052377,0.009989398,0.018845685,0.013761582
ID_ADCE3D8623,1,0.19241953501347733,0.22806084,0.16340782,0.13313954,0.12979051
ID_DA32B0AD43,0,0.043291978255294176,0.059352703,0.021423051,0.022572666,0.031324714
ID_CC5BF9EC47,0,0.08342689832274205,0.092461154,0.07268127,0.07884209,0.070276156
ID_21FDEA0F7D,0,0.03290958783801329,0.04328309,0.019965526,0.019008903,0.022872774
ID_4AA99AE3F0,0,0.2863816474964481,0.26455846,0.36137092,0.24684715,0.23503211
ID_BC2715F26C,1,0.1413290463242259,0.120815046,0.16893342,0.18187295,0.15118143
ID_3BAC746C00,0,0.024583305022065526,0.028422905,0.019590264,0.022284841,0.020060718
ID_F1A46E5208,1,0.3586826092662627,0.37313718,0.3509776,0.33479083,0.32450688
ID_3872F49790,0,0.024756011533054515,0.034766715,0.00983747,0.01838882,0.017204728
ID_6C90B94CC3,0,0.020809177709444755,0.027544927,0.014056396,0.01239652,0.010480818
ID_19F0C654BB,0,0.04012626043973794,0.039563693,0.036922697,0.04896528,0.045523863
ID_AFF37483C4,0,0.13964860563061748,0.17089626,0.11543751,0.098645404,0.07733256
ID_ACC3A579D0,0,0.05643288826791652,0.069523886,0.034375116,0.09825163,0.030166868
ID_C9669C877A,0,0.12103061538487966,0.14557184,0.07298017,0.15771423,0.10434435
ID_2CCEDE853F,0,0.008470401190913537,0.010890773,0.0049576866,0.007096158,0.006370443
ID_BC069BE414,0,0.03696685647906961,0.044737086,0.023685992,0.021729214,0.039242696
ID_8661D3C330,0,0.2434719624311365,0.23580034,0.25238684,0.286228,0.23814912
ID_B17A5A006A,0,0.0355824218226782,0.048018064,0.01998699,0.03250254,0.017796809
ID_B8851281CB,0,0.20092293050561721,0.21626823,0.14895809,0.19569033,0.24978797
ID_7B917A6BFD,1,0.8793787151884961,0.8478582,0.91861284,0.9178316,0.9117347
ID_5CECB058BE,1,0.6269417761468077,0.69073576,0.5161253,0.68003684,0.5717674
ID_FEBC9622E5,0,0.05315481559808248,0.06208815,0.04508119,0.062291842,0.028717715
ID_5676B52E36,0,0.016825274438925987,0.020683639,0.01025385,0.012635369,0.01643359
ID_4C1FC7A7A4,1,0.5234926040722525,0.51279795,0.5234372,0.54719424,0.5584999
ID_1483172E5C,0,0.01439118932400139,0.017271347,0.008444017,0.008752457,0.017428132
ID_904DF8ACB2,0,0.011619214299905646,0.013620976,0.0076503986,0.011276764,0.011817865
ID_C89EBE3F36,0,0.054436706280452565,0.0618745,0.03723047,0.09262778,0.043248493
ID_74AAD24B65,1,0.5057646991022317,0.5272048,0.37861043,0.6075044,0.6435162
ID_0834ED146D,0,0.08627652911507155,0.08898482,0.08957473,0.104981646,0.059596527
ID_89A3832173,0,0.027574258291732826,0.024582375,0.027284982,0.040252857,0.035318658
ID_F20494452E,0,0.010391980432507199,0.014280177,0.005057363,0.0068541435,0.006936873
ID_AF34372FB7,0,0.02395528489256665,0.025053779,0.022672141,0.018559925,0.024414843
ID_4C0D8F65AE,0,0.01987887049384552,0.018175662,0.02325192,0.02459749,0.017788216
ID_A405BC65AB,0,0.01240312747522388,0.013661554,0.010935414,0.012766088,0.010072272
ID_EBDA4B4E85,0,0.2429712178794274,0.28733036,0.19971482,0.16671258,0.18143764
ID_B94C2ADEAC,0,0.06360880596592447,0.066643514,0.06752012,0.039069183,0.053084083
ID_127EE5F4F8,0,0.3597158141488159,0.38275275,0.34085256,0.33326116,0.3143038
ID_C41CC9D13A,0,0.01143028755486412,0.013085005,0.007999432,0.009434302,0.012663165
ID_8E4952D5E2,1,0.049887610510251104,0.04679844,0.0631952,0.06038729,0.029826863
ID_8DBF4043C3,1,0.3416689480863848,0.37959403,0.30069277,0.36647674,0.25839376
ID_3A94B947BF,1,0.42645057559293076,0.4714336,0.4263382,0.39060318,0.25211632
ID_2AE4634A68,0,0.03621292214244132,0.046920776,0.018656695,0.03008307,0.03126846
ID_44142AF530,0,0.06730478389720071,0.046251092,0.111023255,0.08093359,0.05660564
ID_234B0503C6,0,0.05306258180263907,0.058168016,0.045758698,0.05697843,0.045435753
ID_D9A18DFB04,0,0.18268117570330356,0.21544361,0.14453073,0.13410321,0.14716305
ID_945A659553,0,0.021147369856355756,0.020338897,0.020376738,0.027642068,0.023387816
ID_E3263B8B51,1,0.1414944177320228,0.15448345,0.1229352,0.13215542,0.13045484
ID_453C836810,0,0.017014797324256,0.02254713,0.008420814,0.014985367,0.012941865
ID_22145A69DF,0,0.02489506983983253,0.02530472,0.02560128,0.024512604,0.021814793
ID_2A9FBF984E,0,0.012985995036638396,0.012087683,0.010870355,0.012704263,0.021445336
ID_3B6A16553E,0,0.026340623118139214,0.03468157,0.016431352,0.018247943,0.015856447
ID_C23055F603,0,0.03110220065708997,0.024910737,0.044865675,0.028203255,0.029021494
ID_0742238439,0,0.020325159122654347,0.02409998,0.01754595,0.020349665,0.010315048
ID_0F49BC50BC,0,0.012866824075377679,0.014194462,0.011395556,0.008316066,0.0123928655
ID_B0A5A04E75,0,0.14064248424141942,0.15694477,0.09306426,0.19668166,0.14934273
ID_D62DDABE24,0,0.031150959010173486,0.034407,0.025040315,0.03267919,0.02982509
ID_0E6228057C,0,0.4696394266788205,0.42852762,0.5372367,0.4702624,0.49819934
ID_8D34B89F53,0,0.10275221804086393,0.13281968,0.05781361,0.12143431,0.063871264
ID_2D507C841F,0,0.02155426888556649,0.025490576,0.017170904,0.016318446,0.016595386
ID_3E35319EA6,0,0.009522533279652513,0.011893593,0.005149256,0.008670655,0.00924935
ID_216EACFFBF,1,0.8488651636193594,0.86342925,0.81470823,0.85006875,0.8600285
ID_521E663E98,1,0.7100113716127028,0.73446596,0.7139911,0.63081443,0.63259584
ID_A4B7968768,0,0.012904341080967191,0.0173005,0.006279221,0.010945736,0.00938125
ID_A5CCDCD8E9,0,0.22302152412586768,0.19588353,0.23253497,0.3646372,0.2556307
ID_247D55A3EC,0,0.06342649929018997,0.06837878,0.05842257,0.062818855,0.05348551
ID_9FAEFEB27C,0,0.02062430311148334,0.02898348,0.010912122,0.01156417,0.010061992
ID_D2040B072C,0,0.1029780932108053,0.1118102,0.068272546,0.12317842,0.13127394
ID_C955C25A46,0,0.022820662501325268,0.026815718,0.016364302,0.02920975,0.016992738
ID_58E17FB10B,1,0.515118291767342,0.6148972,0.43192485,0.30562133,0.36300117
ID_BFFD31165A,0,0.12270029454213587,0.13776577,0.095408276,0.14445479,0.10805961
ID_F0B492AAB3,0,0.5139525058743886,0.49778005,0.4625624,0.62201416,0.64546525
ID_2BBBB1C3D5,0,0.035638486898386605,0.04158567,0.030663265,0.026318537,0.025226913
ID_9A2504A46F,0,0.061595995337971055,0.072824605,0.045936763,0.08999761,0.035327952
ID_F11C440D2E,0,0.05005562518346754,0.0683628,0.026739378,0.039272677,0.027362997
ID_5BB172A2FE,1,0.6392042880883313,0.66447383,0.6031012,0.61419713,0.6207019
ID_515F124A46,0,0.2726943401328904,0.28527433,0.25395507,0.23205496,0.2774146
ID_68F4311EBB,0,0.19062415251705495,0.2244984,0.15174139,0.112677164,0.16477795
ID_AB68D6A9D1,0,0.02711482518434775,0.030855644,0.023149194,0.025237102,0.020622637
ID_9038110142,0,0.029754112772409313,0.041360673,0.012136509,0.019958237,0.02273936
ID_90E4689471,0,0.024867242989541277,0.028177878,0.018626273,0.026115773,0.023712022
ID_53D60C1427,0,0.08192941175645027,0.100629985,0.059891727,0.048605036,0.06465672
ID_5EF8519914,0,0.05558892864261902,0.07283118,0.031295486,0.040091336,0.0415504
ID_1D568B62E7,0,0.10941378494529437,0.113599546,0.0986834,0.10671751,0.11590797
ID_D15F91D1E4,0,0.03101671678972111,0.035130236,0.022904115,0.041232605,0.026572531
ID_5D2220D3A4,0,0.3592220303619572,0.4075456,0.3224469,0.20294511,0.30190334
ID_1E2BEDF3C7,0,0.0358104429840726,0.04925683,0.01862218,0.017763672,0.023692003
ID_BA401A47BA,0,0.760850106986375,0.81653976,0.68678844,0.668111,0.72467136
ID_64F554A8B9,0,0.0289640830916897,0.041567203,0.012142353,0.01870214,0.016231537
ID_BFDFACE45B,1,0.10933999543632633,0.10363964,0.1357734,0.07988064,0.089582615
ID_AFE0843FB2,0,0.016127355127662068,0.016225087,0.016964646,0.010548192,0.016350057
ID_A38A3A41B4,0,0.03605432972572545,0.04067616,0.034831535,0.024948552,0.023975937
ID_C3A31084CE,1,0.35541911905593593,0.37228623,0.3813677,0.37565482,0.21961749
ID_933B481D66,0,0.035056948616672114,0.0389661,0.03775242,0.020168267,0.01923599
ID_4DB79CFC0F,0,0.015768783082279587,0.018668385,0.013551156,0.012888393,0.009520975
ID_B10DC66604,0,0.02112233845612639,0.021333618,0.023678686,0.016149366,0.016913176
ID_5B6FF4D25E,0,0.10214080315454843,0.09624304,0.11974618,0.09139086,0.09399938
ID_F667A945F2,1,0.42632651422831414,0.4588727,0.36008507,0.59501016,0.35727438
ID_314C7015BE,0,0.039425563567150004,0.036974557,0.043826852,0.057854816,0.032314617
ID_E249608A9A,0,0.18094846031205375,0.19960599,0.18605417,0.19857956,0.08342135
ID_D2FDCD8C79,0,0.26856110421896867,0.30148715,0.23781429,0.25714517,0.20027068
ID_F5907246D7,1,0.5943875275080739,0.58032495,0.65302414,0.542165,0.5508324
ID_9E9A68EA34,0,0.043932726727270215,0.04546586,0.04619432,0.028195398,0.0394589
ID_C930FBD0AD,0,0.15878174316610982,0.13915552,0.16226085,0.17054707,0.22917563
ID_AACA27A979,0,0.21691740819496397,0.23900442,0.20189437,0.1842158,0.17000745
ID_B706D56330,1,0.7915781491637081,0.810818,0.76844144,0.7187033,0.79162294
ID_C94298CDB2,0,0.008872032955732093,0.011416833,0.0046969475,0.007721276,0.007569371
ID_7DAAEA6112,1,0.9402763407381778,0.97784644,0.89684075,0.8719443,0.90437794
ID_0569CAC0AB,0,0.298150416402057,0.21509337,0.38637552,0.4990032,0.3725374
ID_C4DB17F309,0,0.026230510784455915,0.025361307,0.02621137,0.033091556,0.026956046
ID_0324A9AF79,0,0.29274134825414444,0.25993407,0.3687093,0.36148205,0.23853864
ID_857A5F4A72,0,0.06540309010180051,0.07098507,0.06714131,0.067461856,0.037174802
ID_8AC472EBBE,1,0.11391744498418249,0.10671264,0.13181706,0.10930902,0.10799429
ID_D62AF985E2,0,0.021648388525445556,0.02719407,0.012606672,0.027331645,0.015117427
ID_7609CEAA90,0,0.05599479918936022,0.05500924,0.051691584,0.069417305,0.06354181
ID_24A5E1A452,0,0.06273521084250129,0.07884013,0.048952505,0.02457844,0.040836625
ID_90AF4B12A1,0,0.08815615830887522,0.09752775,0.07966326,0.05344985,0.081876926
ID_77EE2B2622,1,0.09553738964211998,0.120313324,0.0391564,0.14270487,0.09115839
ID_C6846F88CE,0,0.07444037975211638,0.08659088,0.060089074,0.08807181,0.047907133
ID_3CFED5DF69,0,0.08178091358649789,0.08904517,0.07819482,0.079475485,0.05976292
ID_9F7B0E4DCF,0,0.017447786491116637,0.018781696,0.015083421,0.015874622,0.017565124
ID_44953D12DC,0,0.3140858151593712,0.27536118,0.37878865,0.465049,0.27322665
ID_AC035BE3A2,1,0.09666619037158689,0.12284024,0.06305141,0.11244307,0.051223665
ID_2C91059D32,0,0.1681040018380096,0.14788829,0.22188835,0.20086902,0.12392799
ID_422337B76A,0,0.1613028453675629,0.16911769,0.14227942,0.14939359,0.17425741
ID_362A9B68F2,0,0.0536679798355267,0.063138776,0.039688315,0.068548515,0.03712361
ID_554052FE8B,0,0.10868278384703717,0.1347924,0.089046866,0.06660252,0.058747258
ID_DF8D67C59D,0,0.03316225696119044,0.029302798,0.03596886,0.03988397,0.040530767
ID_EB8F093072,0,0.07128294932198984,0.07729167,0.06583111,0.06344037,0.06098957
ID_8E2C8E1223,0,0.02074150971011622,0.021998003,0.020001676,0.027157305,0.014219004
ID_DB88BC6F82,0,0.06156999770372856,0.053499445,0.06715178,0.08392393,0.0739771
ID_91AA39DBEE,1,0.24098236766282868,0.21403433,0.25514778,0.34895325,0.27747548
ID_A98CDB1FF8,0,0.02201344092670686,0.027461182,0.013918835,0.014834465,0.0194717
ID_FEF169370F,0,0.017307389687382192,0.01634411,0.019036304,0.023942133,0.014779642
ID_672A1166AC,0,0.04383906635523134,0.059565526,0.017952796,0.042236675,0.0335695
ID_9AE760D6AE,0,0.30771036210962666,0.2894984,0.34981748,0.4040473,0.2523991
ID_FABFAB602A,1,0.5274109533079523,0.47892404,0.53790545,0.646141,0.65816116
ID_2B08078EAC,0,0.06678828814265447,0.08420924,0.046986707,0.046023127,0.044654958
ID_8E9A7A826E,1,0.0756749694974294,0.08453474,0.06559608,0.091987334,0.05272258
ID_F903B6CF7E,1,0.4458314822889093,0.4121851,0.48965427,0.45019788,0.49219167
ID_BD32A4C01F,0,0.02136523707273136,0.02350339,0.01768577,0.021861654,0.02000085
ID_355540001F,1,0.05084111256890714,0.059461594,0.0419774,0.057422504,0.03053566
ID_DB68AD3C1B,0,0.09833035632451595,0.08683048,0.10008446,0.155134,0.11843144
ID_9BE1077149,0,0.28887970031091087,0.36149177,0.19884433,0.19993977,0.21375678
ID_E9DE20F66C,0,0.052740368850321226,0.04261789,0.056688063,0.0472883,0.08944965
ID_3F13C90890,0,0.009222930308996633,0.010283341,0.008479572,0.0075160917,0.0070777866
ID_BAF0396627,0,0.03140768348510463,0.03861742,0.020823605,0.026443182,0.02579051
ID_84E173F0A8,0,0.011034370967731105,0.012149695,0.009651589,0.007112977,0.0109939845
ID_8078CF6599,0,0.14608473788090862,0.13091363,0.17487209,0.1626624,0.14125527
ID_C2FD2E66FF,1,0.7788268731457173,0.69858885,0.87706304,0.76333326,0.91412646
ID_A0A680E480,0,0.08095394986770242,0.0890466,0.066255584,0.07755654,0.079745926
ID_1AC6B9727B,0,0.05885901973086603,0.06989693,0.04096456,0.06793302,0.046617072
ID_D692CD7D8D,0,0.015585105361427792,0.019057645,0.009591099,0.01585516,0.013642074
ID_690D8F182C,0,0.46141651533599204,0.5171063,0.4230492,0.31302327,0.37293014
ID_0114FBD71C,0,0.015957550099991943,0.017402243,0.0124875065,0.014542364,0.017909361
ID_E0E21B8315,0,0.06662494171265836,0.08065563,0.05985813,0.056759022,0.026115045
ID_034D6CCF61,1,0.08977529408620756,0.12779516,0.036956344,0.058466054,0.05596472
ID_0EB14B3C60,1,0.25502170130256874,0.23558398,0.3103087,0.2707254,0.21176997
ID_A937470B50,0,0.02027615288750844,0.026481057,0.012321643,0.015936764,0.012994599
ID_E5BD96D6DC,1,0.1944281380623013,0.1882004,0.1705662,0.2685146,0.23965175
ID_86997267B0,1,0.6483954390411348,0.5747771,0.7581943,0.6671257,0.7159836
ID_66802D1AC4,0,0.011704438914027993,0.014140956,0.007939417,0.01262921,0.009075276
ID_DCAD23E65C,0,0.03950338312159611,0.042957254,0.03594035,0.054942828,0.025812238
ID_D5096AB461,0,0.01765364157338757,0.019098898,0.015460673,0.014937296,0.017430829
ID_9D2FF54966,0,0.020514924169771853,0.0235695,0.014191845,0.022472959,0.020309247
ID_1AFD80868A,0,0.10146667856954264,0.10338588,0.09720319,0.13697241,0.08702008
ID_FD339A9E47,0,0.01930100391078666,0.022948274,0.0149330795,0.023184532,0.011555953
ID_3CCBA729B5,0,0.05784555447013717,0.07289624,0.037381954,0.068242885,0.033570558
ID_AB96E1E467,0,0.035867610603247245,0.042889364,0.027144484,0.0326198,0.02630509
ID_F019C5A925,0,0.038913523638452144,0.03260012,0.038839933,0.06437123,0.05466913
ID_9B8FF45DE5,0,0.029909462473029516,0.033027817,0.029366277,0.0310828,0.017377859
ID_E90191F51B,1,0.4175937956431216,0.44781065,0.28973928,0.4953273,0.5302012
ID_7F1334E4C1,0,0.23532638509860287,0.21852641,0.24148452,0.32818222,0.2526755
ID_18574F4013,1,0.11131630003544246,0.13780989,0.07856116,0.1291322,0.06178987
ID_A5D676B66C,0,0.17502667379567355,0.18695606,0.18282546,0.12831707,0.12821774
ID_3970B75FF5,0,0.058583972573448266,0.061199952,0.05875224,0.06661033,0.043663166
ID_789CA97F60,0,0.06947531229948392,0.075856864,0.04847688,0.0646865,0.089622945
ID_FF7A33EDDB,0,0.04337423306999551,0.049437486,0.03241537,0.026145209,0.048754852
ID_B0ED7EA9E7,0,0.05635998251539322,0.067950465,0.029696014,0.043047924,0.07035107
ID_030A90A4B0,0,0.03606685540194745,0.044144597,0.020830568,0.065121286,0.02192979
ID_A3C64F5170,1,0.3718585854441848,0.28514317,0.55142784,0.2988889,0.38513502
ID_4722908D5F,1,0.7519517191416025,0.81985134,0.69272184,0.6399893,0.64070994
ID_E90253B49A,0,0.27102358932621584,0.19152062,0.4094397,0.4272327,0.24217984
ID_F164F19B5E,0,0.03867969859777893,0.04166641,0.038681068,0.035727616,0.0273349
ID_38991315CE,0,0.04926056589032035,0.05227396,0.041450467,0.07302514,0.04291319
ID_8119994A8F,0,0.047131688063332386,0.059393935,0.035017177,0.028299896,0.029478759
ID_CD56346996,0,0.06117124731868837,0.06308635,0.063510716,0.028034143,0.062499948
ID_E172792197,0,0.01340956231289129,0.01825367,0.005600588,0.007323821,0.012330915
ID_86889F1F36,0,0.04411552977069624,0.049735032,0.04706498,0.038305342,0.016560538
ID_9FF2DF6146,0,0.16532156672415796,0.18329312,0.16333605,0.11363351,0.116122805
ID_072C751754,0,0.03340890560215114,0.041355215,0.021702815,0.0444247,0.020118184
ID_E5E2750953,1,0.35389197522442967,0.35395792,0.3707008,0.31780413,0.33328784
ID_57A8208192,0,0.08868440292447555,0.11567934,0.060228124,0.051909607,0.051613152
ID_24328EF050,1,0.08013680765226225,0.072725765,0.09416015,0.12556958,0.061587315
ID_F4102C9C43,0,0.7303469596533942,0.696146,0.8100292,0.8402565,0.6561239
ID_EEF61349F4,0,0.09445555663531821,0.13020028,0.0525207,0.054928962,0.050499734
ID_F0326474D6,0,0.05058887618489638,0.05250624,0.04653775,0.068574674,0.043331563
ID_CB175366E1,0,0.03312241291559654,0.020761143,0.057580017,0.028942011,0.034748327
ID_8599AA72AC,0,0.04206662462074709,0.05534897,0.02426756,0.046124857,0.022316318
ID_74D296D4FC,1,0.43313303785823665,0.3868452,0.47695568,0.39337,0.5521816
ID_342D0A2464,1,0.45487946733194023,0.40233657,0.47122914,0.6556634,0.554452
ID_996D300D15,0,0.1363997464913262,0.17537203,0.062528364,0.13067476,0.13256878
ID_96A9460488,0,0.05010932878043606,0.057816397,0.04292353,0.035993956,0.03908865
ID_DD54C423BA,0,0.10176343915684696,0.1022371,0.09162732,0.07572768,0.13285255
ID_1FA08C5EE6,0,0.06375993312529277,0.08707528,0.034224965,0.04273267,0.037696492
ID_D45815A19B,0,0.12014307669508212,0.15416645,0.06221958,0.09923846,0.10964506
ID_0565DB7EA7,0,0.12451023952822557,0.11397366,0.1524283,0.13847247,0.1030894
ID_483C0C4AE6,0,0.020819094480509753,0.025816448,0.014984771,0.026317904,0.0098069245
ID_EFB7A84459,0,0.018432298186526384,0.024455523,0.008322663,0.020908441,0.013570909
ID_8ABE955EEC,0,0.03172076410396946,0.039981905,0.02212204,0.024505887,0.020525241
ID_61551C8B31,0,0.07114365634834188,0.08603198,0.04339174,0.04515557,0.07904979
ID_8298F17F5A,1,0.07170564872214599,0.064983204,0.0692823,0.06137087,0.10983337
ID_73EDD27FD2,0,0.11202437828909702,0.10344156,0.12399121,0.19870204,0.08486198
ID_E5F497D8ED,0,0.24893870205749513,0.23713978,0.28099814,0.208749,0.24757703
ID_98FAD6E596,0,0.01923714394767658,0.018846454,0.021464996,0.019234324,0.016111413
ID_5CFD70146B,0,0.04228589947414049,0.040458754,0.03763183,0.06063996,0.051994294
ID_2F19E8C779,0,0.23334028801619278,0.27025262,0.1703446,0.20745234,0.2236794
ID_705E76633F,0,0.026741291356463352,0.027444439,0.031430647,0.023132509,0.015282246
ID_5FC2F3DAA8,0,0.0713950422696738,0.07575685,0.075539604,0.06461297,0.047018003
ID_09DCF40205,0,0.07952741685325479,0.099561475,0.058171082,0.048206538,0.054281477
ID_0CF05DE3CD,0,0.008326013732637125,0.010561686,0.0042338744,0.009193649,0.007272679
ID_DCB3AB3FB7,0,0.023873041943071674,0.02817858,0.0185219,0.020403484,0.018658975
ID_D42B7ED0B1,0,0.08033624426262773,0.070423454,0.0869093,0.124376185,0.088953435
ID_ADE82AF8FD,0,0.012196510325583776,0.012371523,0.009426346,0.009749157,0.018465532
ID_0BDD9ECC90,0,0.03680241107734512,0.051327035,0.021823231,0.017026648,0.016139906
ID_57FE426A7A,0,0.03977314666941645,0.04529917,0.027610736,0.054055903,0.03627086
ID_A1BF680767,0,0.4112251704495907,0.42546383,0.3880145,0.24076734,0.47511223
ID_1170895A5F,0,0.010588380465563423,0.011255644,0.008774338,0.011849593,0.011108481
ID_567F66FCFA,0,0.010140655576456895,0.013143751,0.006040842,0.0075445566,0.007368757
ID_D6B8CD44EA,0,0.03781370562678556,0.04250092,0.031839922,0.04845923,0.026168559
ID_DAD1D7EFED,0,0.013618001933062469,0.017648244,0.008061549,0.010304711,0.009940255
ID_15B82C355B,1,0.3117666265708581,0.23332816,0.47359353,0.3030888,0.30007914
ID_7D38DA5D05,0,0.01661497904061871,0.02240398,0.0077006044,0.0122891255,0.013145066
ID_EC7CCA6BB3,0,0.016956056086028556,0.018401375,0.014271264,0.017215792,0.016490687
ID_C1976B7CC0,0,0.31570591012571647,0.35532382,0.25136763,0.29117474,0.29689357
ID_2BE1867CC7,0,0.11024353539959368,0.1127896,0.09088694,0.11501629,0.1389189
ID_4D48A4C61A,0,0.06861080002706808,0.090803735,0.047043633,0.05927861,0.025103748
ID_E07B4BBC00,0,0.024549021465010618,0.029881932,0.015409822,0.015559696,0.025522694
ID_401D628762,0,0.03589053720538064,0.02956184,0.048616633,0.04579179,0.031035665
ID_8C8175A6EC,0,0.05483560511062034,0.063926496,0.048141055,0.039160598,0.03758981
ID_E2F2EFDB14,0,0.07506642130785404,0.074498005,0.072728924,0.11879714,0.06342147
ID_85C758A0E6,0,0.03614637130300187,0.039198164,0.029703135,0.026424022,0.04130176
ID_CED14B555B,0,0.35789316961320683,0.40488368,0.25661662,0.27622792,0.41204777
ID_B096A4CE61,0,0.044500527272850754,0.04848027,0.039222483,0.055702873,0.034111653
ID_718439750D,0,0.017933316575878537,0.020137267,0.015265858,0.02035974,0.0132785775
ID_4D26ADA336,0,0.022154637556156632,0.028562738,0.013138522,0.018606441,0.015946247
ID_87D9FBFCAE,0,0.013017952723329108,0.015270523,0.009049173,0.014956425,0.011161768
ID_38BF441B7B,0,0.1489693476959734,0.14927895,0.14641634,0.16618562,0.14563197
ID_F348F85408,0,0.03255991247138411,0.02485315,0.040885676,0.04419984,0.042213053
ID_81E835C803,0,0.08239170727045823,0.09884605,0.054337587,0.095489144,0.0672869
ID_C0C4404349,0,0.05282731024638346,0.06373874,0.036651842,0.03508719,0.04912122
ID_9E3D438F2E,0,0.24087216849924312,0.21364018,0.24587587,0.40846,0.2722311
ID_47994532D4,0,0.09176396090748645,0.09785517,0.090759285,0.08847152,0.06959884
ID_CFD20873D0,0,0.018757442477257205,0.022400955,0.01464002,0.014462178,0.014056122
ID_F5BEC2BE11,0,0.01285323031646626,0.011297439,0.016138216,0.01431731,0.011746825
ID_3C6CADFCEB,0,0.05564152302594309,0.054188654,0.057635605,0.06120517,0.055081993
ID_30D641E904,1,0.7645582728509808,0.76999307,0.73810905,0.85819036,0.75749916
ID_91B881C58C,0,0.3272020618181575,0.3453388,0.25137922,0.3766024,0.39162648
ID_32DA6B780D,0,0.009427994382619199,0.011858798,0.004893937,0.008855885,0.009125129
ID_5A68B30794,0,0.02343151379068459,0.034317385,0.008341267,0.009365932,0.01590386
ID_01629CA685,0,0.02636393854651973,0.03107498,0.018033039,0.018485423,0.02774898
ID_EAC0A60DD1,0,0.04633203855049542,0.051142905,0.036196727,0.09077514,0.02835828
ID_68130FB620,0,0.06827015325015381,0.07595827,0.05631173,0.088905625,0.052419156
ID_BE9D437CE6,1,0.15162551227702917,0.17713691,0.110781915,0.16303915,0.12639318
ID_48A8ED1DAF,1,0.6346192116731328,0.5152017,0.7844483,0.6442836,0.81394386
ID_9F6A03E672,0,0.18677751638292028,0.20168884,0.1649873,0.1719714,0.17692383
ID_61D7F70B08,0,0.06096636427517427,0.06652839,0.062670365,0.07050517,0.029635271
ID_4D20DF75C7,0,0.009149840284170797,0.010746408,0.004897951,0.009104843,0.011539322
ID_46D6339ACD,0,0.014108519418966991,0.016252695,0.01201139,0.0084705865,0.01199843
ID_EC4CD2B332,0,0.03276018162069222,0.038297825,0.021903517,0.026005326,0.03557826
ID_51666FBD89,0,0.023996150522753522,0.025369065,0.021805262,0.028422534,0.0209612
ID_BC61ADFE64,0,0.01854750792779453,0.025444046,0.00932507,0.010687841,0.012595833
ID_C7F88FC1FA,0,0.06595159123171435,0.1007496,0.02064593,0.050852276,0.022581406
ID_F003457703,0,0.015975322352979975,0.019069692,0.01083507,0.016655382,0.01362121
ID_DEA9926F45,0,0.027416433864078243,0.027892482,0.021309119,0.031818815,0.036585193
ID_1A7FE4DEB5,0,0.03121209109700327,0.038455658,0.021389568,0.02755833,0.023246925
ID_67FCA1CCA8,0,0.042669791420789596,0.05026158,0.026361741,0.052509043,0.041262504
ID_C984E70922,0,0.03357665889265071,0.03301829,0.037950628,0.031453013,0.027480818
ID_BC55434CF3,0,0.034075044603868364,0.040263996,0.02060101,0.034938946,0.036432594
ID_D1C161695C,0,0.12768592153641767,0.1479513,0.09962458,0.10188585,0.11343806
ID_D85D8FAE12,0,0.015582936723498158,0.017956872,0.0134602375,0.013718826,0.010911174
ID_C448A9E7E3,0,0.02398801125776429,0.028558869,0.01577532,0.0214438,0.023386972
ID_AFF5C5AD36,0,0.02647137377231422,0.024566393,0.02683021,0.0168163,0.037965164
ID_A87126D7F0,0,0.047420221093046624,0.048062466,0.044721797,0.052459195,0.048296425
ID_006B353D3E,0,0.06970999859183596,0.0923674,0.035155464,0.06914257,0.048277304
ID_F31317F7D4,1,0.7454538358274521,0.81090724,0.62875277,0.7889482,0.70007086
ID_A1F21DB592,0,0.010564200895116007,0.011419065,0.007055944,0.018976403,0.010808131
ID_ABD79A7471,1,0.09279189633663992,0.10578327,0.07231229,0.09819013,0.07943776
ID_EF7896E5F4,0,0.07647242243913632,0.071816355,0.08248537,0.09161795,0.07665938
ID_73975B9BA5,0,0.13715986835928545,0.10506292,0.17018183,0.15130424,0.19587494
ID_A3F3D0EEDA,0,0.0210903608191652,0.02376796,0.018557595,0.018976616,0.01612306
ID_9E857F8D74,1,0.9131600493495187,0.95225614,0.8958005,0.8540526,0.81085324
ID_CAEA6FA829,0,0.08664802683943001,0.11120742,0.05626683,0.061207283,0.059063483
ID_8BCE6BD0B8,0,0.014547140330057398,0.017772168,0.00963151,0.013312289,0.011993459
ID_75D5724D67,0,0.16063607528957585,0.19965309,0.10357238,0.14212424,0.1261361
ID_F8EB21EA2A,0,0.03404720074276593,0.02896793,0.047029063,0.03525689,0.027149456
ID_C17A4849D1,0,0.10025840313842191,0.06687449,0.13711552,0.12841547,0.1500802
ID_B72537732F,0,0.0347582590051042,0.029954417,0.04254936,0.06095166,0.026939943
ID_773EF9D919,0,0.18178656235213636,0.17216462,0.18903811,0.16563949,0.21395443
ID_26C112D856,1,0.2570675863512708,0.308972,0.1575472,0.20151858,0.27529344
ID_A594083ED2,0,0.09031718911116879,0.10644131,0.08014416,0.08293283,0.047180492
ID_56BCE16957,0,0.027430710683946483,0.026176486,0.02086104,0.04963613,0.0371469
ID_3546947C66,0,0.014699563932975761,0.016113626,0.012053955,0.0136759775,0.014841715
ID_537B6D255E,1,0.19304126863890758,0.14102261,0.28699738,0.17304975,0.22016284
ID_67517695D8,0,0.0238385018650146,0.030756507,0.011920367,0.022585945,0.02069845
ID_57869D1830,0,0.04946000228695873,0.046726342,0.056051146,0.05140808,0.046031035
ID_F5F2B8DC69,0,0.03990245290828837,0.04005402,0.044645246,0.037034567,0.030338064
ID_A232AC0732,0,0.013571912969857715,0.019218681,0.00588145,0.008642643,0.008341049
ID_1D72AF80CE,0,0.12660942062624714,0.15001842,0.09571486,0.12617794,0.09408857
ID_AEB014C9E9,0,0.21185122839607115,0.20233005,0.18711035,0.34749773,0.24605146
ID_7BFFD35FF4,0,0.08630269332825165,0.095119126,0.06532477,0.08431518,0.09488984
ID_531183EBAA,0,0.4254426611801866,0.3217964,0.58468235,0.48716128,0.49520472
ID_E2DCA9EDAD,0,0.03555131511043516,0.045212984,0.018692417,0.036542904,0.030430326
ID_71C6CD040B,0,0.04970056395696949,0.042657293,0.06309344,0.04649997,0.052148
ID_4D4428BEAA,0,0.023807185092761876,0.025031572,0.02429396,0.018632423,0.019841662
ID_0BD8124C7A,0,0.106408604295466,0.12445804,0.08772657,0.11060837,0.068334
ID_51173B6ABF,0,0.1409889952955966,0.17532505,0.118735485,0.13909608,0.044366714
ID_C544C0937C,0,0.015555789351553995,0.01708169,0.013061217,0.019730588,0.012635065
ID_81FCC606ED,0,0.009399509105343708,0.011621271,0.006540997,0.0073389877,0.007035168
ID_A643DC05E1,1,0.3106257010879957,0.30035815,0.3063924,0.3683506,0.33795804
ID_781B62EA3A,0,0.016621021816023623,0.019568194,0.011788676,0.017158806,0.014290842
ID_6F9458A576,1,0.9234357612319237,0.923255,0.9285973,0.881689,0.9313258
ID_FC124FC22B,0,0.1925199788358184,0.23154059,0.11327812,0.11771881,0.23011549
ID_E6250E780A,0,0.010910674764028322,0.014748968,0.005261441,0.006098543,0.008896919
ID_36AAB14428,0,0.09167517586207566,0.10135102,0.06670187,0.14099392,0.08283416
ID_F543E3D3A7,0,0.063057636618913,0.073354386,0.05636103,0.049161535,0.039942093
ID_54D4788651,0,0.0364871378027294,0.043040197,0.02962635,0.03568009,0.023847591
ID_74D89EB8E7,0,0.04536854230060554,0.04633944,0.03862727,0.040894754,0.057673987
ID_253FFAAD7F,0,0.056281506030105115,0.06694383,0.042989843,0.038301136,0.047547452
ID_0A915C9A9F,1,0.10087921878977173,0.10901786,0.07607309,0.15460455,0.096258506
ID_2E5BFAA9A6,0,0.032991445158719046,0.039847415,0.02354225,0.026458675,0.027119314
ID_DC0C04F4AD,0,0.00974214695237708,0.0109833125,0.007773229,0.008706466,0.009169074
ID_032B4C856D,0,0.08861418640898702,0.09610377,0.07145775,0.11230607,0.08342044
ID_C523FB56C9,1,0.3875408936227458,0.44311878,0.30503884,0.2916503,0.37131378
ID_CB797C86E3,0,0.10875434639167622,0.12311817,0.06369648,0.097848155,0.1494265
ID_B5B535DD85,0,0.17635243811801044,0.19666444,0.17401297,0.16824378,0.09902031
ID_8D41CBF1B4,0,0.3804644686787253,0.38178566,0.3307986,0.508808,0.4254694
ID_4C8DAF5241,0,0.010419386315629994,0.012974885,0.0055732937,0.009309943,0.010492838
ID_DF864FD2C0,0,0.06686717969723216,0.07356365,0.058571104,0.1099979,0.037547313
ID_789B9C540C,0,0.09187860615641869,0.13046445,0.044909723,0.08247116,0.03357895
ID_F0BF9970BA,1,0.2420930573602647,0.31408003,0.16856244,0.11211191,0.1520994
ID_A43A41596B,0,0.04502666428808477,0.05368068,0.031730328,0.037461396,0.040254347
ID_1795724306,0,0.10534776763530768,0.11700819,0.051227078,0.08184886,0.1823804
ID_FD0142B5D2,0,0.04104922178969804,0.04675992,0.04138807,0.026771674,0.022399547
ID_868265E78A,0,0.2768497766109081,0.3055264,0.22113977,0.27625546,0.27535784
ID_9629FA996D,0,0.16456205786167072,0.15345147,0.20184427,0.14851846,0.13856119
ID_C148247ED9,0,0.07554584914877255,0.09455154,0.03810812,0.05125426,0.086079836
ID_6DA7E7F0AD,0,0.029865527339688506,0.034892198,0.025108434,0.029006109,0.019190246
ID_65D6872120,0,0.19233144765292398,0.18118346,0.2004647,0.37563586,0.14211847
ID_9D66DAE8A3,0,0.008010886789902937,0.00975024,0.004738518,0.010289025,0.006682819
ID_A7FF1A02CB,0,0.04261926496416135,0.057433773,0.023425212,0.019358868,0.03129124
ID_41E63C3D29,0,0.21463476594870973,0.24011286,0.15867518,0.23325646,0.21882619
ID_5FD40FF82F,0,0.05690984332541962,0.07185489,0.03914438,0.057936255,0.031378668
ID_6AB319B953,0,0.02214484644296846,0.030529488,0.009519877,0.018815456,0.015224948
ID_752EC79544,0,0.04107591317420311,0.05329402,0.019633489,0.06721314,0.024016425
ID_F8E14B25F9,0,0.22922774863270054,0.2533441,0.19215153,0.23186567,0.20563821
ID_D0B63885E5,0,0.05276595084132112,0.056289855,0.041061256,0.04446605,0.066591285
ID_67E9CE844B,0,0.05280883977224127,0.06603562,0.044608466,0.04314808,0.018683748
ID_EF512B76D7,0,0.2945204116034555,0.28689584,0.26398996,0.35476804,0.36598715
ID_AE5E16087C,1,0.4961284514796867,0.5000263,0.47041965,0.5807903,0.49789
ID_55CBD5F114,0,0.12589857643614366,0.11892042,0.14042619,0.13651697,0.1196128
ID_F209DC5AB3,0,0.016615162283671034,0.02054778,0.012356376,0.012676012,0.010839426
ID_7E7717BDA1,0,0.0655535686219868,0.08565878,0.031655505,0.08394039,0.045241836
ID_982127077C,0,0.016767238812455097,0.021519292,0.007936079,0.013004691,0.017257791
ID_3C81994F62,0,0.11686908525134784,0.15146698,0.08191577,0.0803184,0.061489236
ID_CDFD5EB4BD,0,0.05478303785234609,0.064813405,0.0397734,0.06004392,0.04227527
ID_AD1365CA29,1,0.10508950892243113,0.1310855,0.07081507,0.11755863,0.063256755
ID_7BC14952D7,1,0.5764990303780544,0.52459985,0.65770966,0.6158754,0.6045766
ID_1311D4DBF7,0,0.024490839926623282,0.025432589,0.020324271,0.03058104,0.026791701
ID_154F376D3B,1,0.3026982423553901,0.30189866,0.33651295,0.33038107,0.2214769
ID_FEDD57F949,0,0.010586936639386407,0.013313791,0.0059121223,0.006325539,0.0109423995
ID_62644DC8A6,0,0.01699842029027715,0.015432693,0.014084159,0.014174945,0.031100852
ID_E5C731303B,0,0.08455830839211893,0.11138692,0.048853535,0.08072773,0.049378317
ID_47F1D9FF48,0,0.09248501552505373,0.0911934,0.10119852,0.066675276,0.090505846
ID_1B0A896EDF,0,0.010774959828977314,0.0131427245,0.006556477,0.013226778,0.008743561
ID_2C22004578,0,0.01420818644580886,0.0167582,0.01100774,0.011055219,0.011665582
ID_223AE58F0C,0,0.021539709181086712,0.019224083,0.020595605,0.04102133,0.024863873
ID_EB42B93E45,0,0.38651991747083336,0.3945497,0.31877503,0.5480301,0.4274823
ID_B501116A94,1,0.35543477175849353,0.29076356,0.4128669,0.37766328,0.4959978
ID_9842AF67B0,0,0.16924486415885,0.21620926,0.11925575,0.091940075,0.111593716
ID_5E18607990,0,0.03142002464604083,0.035961423,0.028809078,0.029581377,0.01861982
ID_D0222B85DA,0,0.04282795742823043,0.05575615,0.02666374,0.020921385,0.032386452
ID_280B14C39A,0,0.24665946272940076,0.23758458,0.20960742,0.2782606,0.35073504
ID_698961ADB1,1,0.4147592476069586,0.40416396,0.43954062,0.37769693,0.422557
ID_C3A427C6DB,1,0.16412993847406787,0.12761848,0.20823908,0.1357996,0.236243
ID_A1DDFE4058,0,0.08545318999512835,0.077495664,0.11376152,0.07132186,0.064536355
ID_E82AA4BE90,0,0.01927077646723612,0.020286016,0.017191518,0.017326333,0.020285808
ID_571041081A,1,0.36939357618156876,0.3815083,0.36225346,0.40895885,0.31623837
ID_ADD65075CB,0,0.11668878170792144,0.13295552,0.09933761,0.121457964,0.08304892
ID_77F6711021,0,0.4749827852226107,0.49113762,0.4584669,0.5806053,0.39606175
ID_23DA429290,0,0.011001500208192402,0.012240241,0.008522839,0.009375372,0.011789495
ID_19C5891FF9,0,0.011628694751764476,0.0119088795,0.01230377,0.011931234,0.0088640265
ID_751055A1AF,0,0.01786000796373592,0.021263333,0.015055471,0.01090826,0.012516008
ID_81D569FF41,0,0.036977489351753115,0.04679768,0.024678413,0.028091932,0.025710564
ID_1D0CBBD702,0,0.013147292124234234,0.014331125,0.011109093,0.010477212,0.013677697
ID_2F2DF4872F,0,0.16575084153226252,0.18106537,0.16621429,0.2148869,0.078583725
ID_49F29A6A9D,0,0.5149588446046809,0.631591,0.33715957,0.5803479,0.3746933
ID_6334E6C743,0,0.01641662375780705,0.022072213,0.009798684,0.008714219,0.010056647
ID_730191451F,0,0.023353371848046468,0.02102965,0.025626248,0.029914003,0.02544344
ID_36A219A335,0,0.025563217135191062,0.02101279,0.031457774,0.04676029,0.022919547
ID_5497CB8349,0,0.12997566682514292,0.14244385,0.11663258,0.13923478,0.101842366
ID_866B6FFC00,0,0.012582966382544683,0.016906966,0.007217379,0.009352198,0.007217737
ID_C01654D8F3,0,0.20708773155307061,0.2061474,0.17102599,0.3152492,0.24127063
ID_76AB962120,0,0.25534191180061216,0.23247476,0.30876797,0.3151181,0.21137117
ID_BD48BAFC64,0,0.014312410279486569,0.016348008,0.01086297,0.008669975,0.01556419
ID_1678099950,0,0.04273019421374156,0.053682387,0.025506072,0.0421629,0.033615455
ID_DE5AD9C3DD,0,0.02845933471338081,0.032522663,0.023031352,0.035075627,0.020037744
ID_60AB24D7B8,1,0.2618731292221749,0.31280202,0.19385852,0.14688906,0.24254964
ID_D957CD6B6F,1,0.5720864874498639,0.5453611,0.61137754,0.5831261,0.5959947
ID_4F01226975,0,0.0591356491460248,0.06653966,0.038912836,0.08350821,0.060584642
ID_CF1DADCF4E,1,0.17793619625563814,0.14280857,0.22769277,0.23279825,0.19581975
ID_25C4B2CF55,0,0.012593417490853975,0.016366543,0.005953275,0.0073698163,0.013160146
ID_61ADC82E0F,1,0.26932885729288447,0.2734562,0.23523653,0.34856614,0.29046792
ID_82DF5D653A,0,0.05346938538722766,0.060920894,0.041586045,0.0334233,0.0561911
ID_E0245692DA,0,0.03339027272335601,0.042284936,0.01695982,0.04012596,0.028089475
ID_AB6AA2F7BD,0,0.031274035444738335,0.038757537,0.024932334,0.016252356,0.019783076
ID_187F59F941,0,0.016145347666742818,0.017345704,0.014809614,0.020024776,0.012244073
ID_97B7AE3EC3,0,0.2563537150322235,0.1982775,0.32994536,0.303386,0.32355562
ID_AB4756AD0B,1,0.23429021710571796,0.21341978,0.22261314,0.22943613,0.34970066
ID_DA2AAF93B8,0,0.017847125035624543,0.023298617,0.01053076,0.0127496505,0.012712799
ID_8AE57AD112,0,0.02299814209514214,0.026224852,0.017070116,0.027503656,0.020106753
ID_7B5B1B34EA,0,0.09772733183285512,0.10281906,0.08314149,0.10192579,0.1056556
ID_2F30221B30,1,0.49188860174266547,0.33734944,0.6082455,0.7422858,0.78658134
ID_DD023B3160,0,0.1749379855269096,0.20252535,0.15639322,0.11776556,0.1229923
ID_84B199CD4A,1,0.32143189275377,0.19559614,0.4943515,0.32243505,0.4821393
ID_47B54B010A,0,0.2518327985527925,0.28773394,0.18602572,0.16779718,0.27782506
ID_F66A4A50F6,0,0.18902623969061094,0.21990503,0.15264058,0.17344056,0.14330555
ID_1D4A6E1517,0,0.05544021932235506,0.050038323,0.059353366,0.08233551,0.0581632
ID_B742FFBFEA,0,0.013205376867513444,0.017156541,0.0076840613,0.009545115,0.009937868
ID_4435BF6746,0,0.021097109476222523,0.023837859,0.017349306,0.022260692,0.017040528
ID_9793667E35,0,0.019488718089766724,0.025424875,0.01094498,0.017193383,0.013716425
ID_96D1EAE37E,0,0.08647523869145467,0.08327811,0.094503716,0.11495165,0.070358895
ID_629242B1F7,0,0.09939600839884384,0.11239064,0.072732285,0.059040826,0.11923769
ID_0602AFCBA4,0,0.012888534277552688,0.016685706,0.0073751407,0.011841878,0.009115874
ID_BE9C3905D4,1,0.5168733672452503,0.4759681,0.58191603,0.70495635,0.46832487
ID_479819BF17,0,0.011342891963240027,0.0117692705,0.009029303,0.012549719,0.013976799
ID_3688B5349D,0,0.0427734209734146,0.05909584,0.018827306,0.02671561,0.032123383
ID_AA7611846B,0,0.10005052766252581,0.09440997,0.1097675,0.13253915,0.08889482
ID_DE53D324DE,0,0.0243750400702282,0.021906307,0.022964368,0.0204795,0.039537653
ID_CF37D09ED4,0,0.014869227379649302,0.016229106,0.0133564295,0.013426765,0.012993107
ID_74582E96B4,0,0.17827315749204098,0.17634352,0.19133581,0.23772107,0.13249816
ID_B7B779940E,0,0.2539901900269937,0.26788172,0.20731515,0.2114511,0.31391728
ID_A0122A85B3,0,0.03151327636869662,0.03852855,0.023830524,0.022935841,0.022069689
ID_1D3F55177A,0,0.10132282532794323,0.13282692,0.06527674,0.06674393,0.06050901
ID_5828422628,1,0.1240044596264895,0.13163733,0.14041306,0.10074896,0.066669956
ID_7B88FE496F,0,0.055849756042058524,0.046060175,0.07803356,0.06795027,0.044382345
ID_AE5F79E14E,0,0.016315224954689976,0.021767054,0.010268153,0.0107429465,0.008663717
ID_216F0A9BF5,0,0.011809746566364205,0.014682224,0.007261441,0.012017751,0.009329861
ID_060C92C869,0,0.029358660873407966,0.038516052,0.016412213,0.034337033,0.01623954
ID_F1A574A3BC,0,0.06492897557184843,0.07500717,0.04839423,0.05211016,0.0633715
ID_ADB552D29A,1,0.24078985596816035,0.23494972,0.2598153,0.2970895,0.20013127
ID_F3F2F4611B,0,0.016503533777302806,0.019848067,0.011165278,0.012493749,0.01556072
ID_C1A453702E,0,0.14072721944842714,0.17253715,0.094539516,0.08520077,0.12950598
ID_180417102F,0,0.01112619167608027,0.011803344,0.010809604,0.01169237,0.008695298
ID_DD186BAA17,0,0.020250670007653283,0.024489556,0.015200216,0.0234323,0.011774137
ID_828C916903,1,0.8652469349518235,0.86673146,0.91105866,0.8790578,0.75468004
ID_C1F09A61D5,0,0.03521026535914253,0.031889755,0.039651275,0.062477484,0.027838105
ID_B222663435,0,0.021590856060432435,0.024169078,0.020171918,0.01785858,0.015360031
ID_5ED4B7C203,0,0.0156651032016558,0.018420016,0.010557933,0.017750371,0.014062811
ID_CA19C9C316,0,0.015416395182553073,0.019344926,0.010041802,0.014105985,0.010905543
ID_C9CC038722,1,0.6391132137689142,0.7090637,0.54882866,0.5804341,0.56258786
ID_A63565CE82,0,0.02193831479221039,0.029605115,0.012503051,0.014098376,0.013177674
ID_5B0B15D878,1,0.8959468021008762,0.8604198,0.92658114,0.96529377,0.95022357
ID_88B5616F7C,0,0.1541186453183628,0.15777545,0.14168999,0.13859418,0.17208424
ID_9A2D84B7F3,1,0.36495750498097385,0.32160476,0.37041956,0.40056986,0.5210254
ID_F03E257E5F,0,0.3967759009434173,0.42880586,0.37718603,0.30757847,0.34224734
ID_13FD27A0C8,1,0.6103520669543885,0.6152187,0.5933356,0.5042819,0.6725127
ID_D11FC25663,0,0.015742425271639385,0.019410545,0.011886011,0.010087419,0.010969895
ID_D3953227E4,0,0.23207194725544258,0.2268316,0.21994424,0.3271421,0.23880287
ID_62DCA13CD1,0,0.022507014223980583,0.032306645,0.009674944,0.011643322,0.013332621
ID_3CD7669E02,0,0.03332918642456153,0.034316134,0.032854468,0.020017,0.035977256
ID_41E1AC7459,0,0.019527043293218485,0.020067334,0.01705477,0.020683963,0.02204144
ID_84D0D622DE,0,0.015522899225642359,0.018934306,0.011222611,0.01578026,0.010210733
ID_B13FABDC38,0,0.011736253437028988,0.014815604,0.0070205824,0.010569758,0.009339811
ID_14C92FAF75,0,0.24631954261610736,0.26124147,0.2512811,0.22657253,0.1811902
ID_272D8D96D1,0,0.013055383481963088,0.014668549,0.011419485,0.010148494,0.011010703
ID_4154ABD725,0,0.025083561505422434,0.029035492,0.02047335,0.033639573,0.01453328
ID_8C5B3CB18D,0,0.017689296815957288,0.021462103,0.011854768,0.01986385,0.013304373
ID_87AAD852A1,1,0.4998165508769024,0.4728156,0.58139217,0.61881703,0.38712555
ID_E727BBC33A,0,0.018111348227103755,0.022435367,0.010075671,0.013712444,0.018982777
ID_BA7AC55987,0,0.04977728961580183,0.06540408,0.027622335,0.04167262,0.03475958
ID_3DA61555A6,0,0.14828784043271626,0.15511313,0.14409292,0.15233347,0.12666343
ID_15BA903CE0,0,0.019461028179942594,0.016966706,0.019740615,0.012739217,0.032338094
ID_727B62B4D6,0,0.019329501561325707,0.020589966,0.018600494,0.02157126,0.014586469
ID_41AD69D2CC,0,0.010576522659245104,0.012658518,0.0058323527,0.012982993,0.010900847
ID_8B2719F32C,0,0.03453520909737846,0.043372404,0.025147554,0.029439855,0.019527294
ID_911F812A5C,0,0.055494709630224306,0.06088394,0.037653882,0.076565735,0.061792407
ID_FBAE5C44A6,0,0.22680580018195923,0.26627982,0.16194713,0.16765288,0.22480999
ID_3898C911B4,0,0.02391266072693991,0.026496986,0.020478843,0.022046257,0.021164754
ID_76393EE80D,0,0.020267961209260693,0.024755064,0.01622904,0.016544538,0.01158203
ID_4F2405C50C,0,0.047619234245517124,0.058238983,0.034133535,0.040846597,0.03459591
ID_A7EFACB55C,0,0.10412985592588622,0.099846885,0.10914296,0.09715386,0.114526905
ID_EDDD6677C5,1,0.7062647991103994,0.66511214,0.75649995,0.69882166,0.7757566
ID_C319ADEC39,1,0.16605799151980094,0.23091945,0.08162611,0.11049343,0.09713849
ID_F7A704EC88,0,0.05962058435458485,0.06729396,0.058799405,0.04322094,0.03608552
ID_017BF3B3D3,0,0.015525435290102255,0.021188203,0.0061911917,0.009950026,0.01403461
ID_CB813D4FE5,0,0.36578768807644946,0.31586382,0.41628024,0.50823617,0.4064759
ID_ECAFDFDD76,0,0.025149790777033908,0.037042145,0.010367315,0.014047048,0.0114147235
ID_C33CD38A85,0,0.01443336089331905,0.014990017,0.012135085,0.012552005,0.017829727
ID_BE3FB21905,0,0.012291925166425088,0.01583733,0.007844632,0.0084014125,0.008536595
ID_167F2154C9,0,0.03750606743096564,0.044584896,0.02376977,0.04051233,0.035729658
ID_87625646A5,0,0.014740347214233337,0.017936977,0.0089222435,0.018019967,0.01227473
ID_AC27B574B8,0,0.5754959218927211,0.5915611,0.54218477,0.54636985,0.5917189
ID_67E264AB7E,0,0.04496392535160581,0.065927625,0.018878853,0.023564637,0.02160581
ID_3004EA84EF,1,0.25870712558067077,0.35493135,0.13983712,0.10412431,0.17421171
ID_DA37EC61F9,0,0.01645173145233727,0.01939103,0.009185561,0.018942432,0.018524291
ID_5A54F28F58,0,0.21416745911180407,0.20751682,0.21211207,0.26672488,0.22378717
ID_D1EC5AE288,0,0.07280517077450266,0.04992001,0.11960799,0.13375257,0.042607382
ID_8AFAB72535,0,0.3647124179505273,0.38964105,0.34079903,0.36792836,0.30920106
ID_BC983D35A5,1,0.5423962078033455,0.61656225,0.37114692,0.5739783,0.58237636
ID_54053D5119,0,0.02681289486328276,0.02996942,0.023370592,0.02392939,0.02210712
ID_5871C55B5B,0,0.025213947860338305,0.033773787,0.012270397,0.0134542715,0.021911455
ID_FECD783E01,0,0.029764556989411894,0.03857021,0.01934325,0.020486033,0.018930739
ID_A86E881561,0,0.03427064453904893,0.038463987,0.022399008,0.031625926,0.04315837
ID_3AA9D9787F,0,0.03193528712740894,0.038847774,0.019796269,0.03560417,0.027147094
ID_D7F12C7C1A,0,0.02424714798551935,0.03349955,0.009638644,0.027327139,0.015119047
ID_79D88D921C,0,0.1982455095738679,0.2148916,0.18803868,0.20816128,0.14543307
ID_711A4486AE,0,0.08816803451584004,0.09178989,0.07302327,0.1480518,0.07923676
ID_B60F25112C,0,0.03294052006149581,0.044624247,0.017920071,0.033462893,0.015530602
ID_A745E796D6,0,0.26109003384251833,0.26311126,0.23269634,0.28680137,0.30224258
ID_51818BAC91,0,0.017307377482738445,0.021552658,0.010319675,0.014473253,0.015581653
ID_C2BD2C435B,0,0.020288066499205587,0.026780266,0.009245457,0.0113893105,0.020403402
ID_58451C694E,0,0.01623140612223273,0.020072214,0.009761247,0.015456564,0.014208086
ID_4930A030C9,0,0.047340605937130534,0.036299143,0.052346475,0.057877365,0.07869613
ID_D580943939,0,0.009986311971675316,0.0129248705,0.005902165,0.007386728,0.007455206
ID_463E89C3E5,0,0.029607490570049418,0.027306613,0.035514157,0.038307235,0.022873757
ID_0BD996463F,0,0.08879122368179265,0.072513334,0.116712846,0.11515116,0.08623445
ID_C793737652,0,0.011533266492298022,0.011248288,0.00911656,0.01337604,0.017118981
ID_FFF84D9F7E,0,0.2109998050356605,0.21260491,0.19700775,0.2163014,0.23191598
ID_932B9C8457,0,0.4985317796630774,0.41361985,0.6009817,0.4580921,0.6554293
ID_EC3FFA455D,0,0.08588235293901123,0.0850293,0.09134391,0.125353,0.06056838
ID_F46CB5BF17,1,0.7925821031231367,0.82426065,0.72195154,0.8503743,0.78495187
ID_D53EBF5EC3,0,0.01570123540611477,0.017225765,0.011024515,0.013631811,0.020189073
ID_B727B4968A,0,0.041869369000132814,0.03821189,0.05230548,0.039687194,0.03589924
ID_B2F193117A,0,0.09677993324244316,0.12803003,0.050582204,0.08603722,0.06842582
ID_D0A7161E47,0,0.01933768400525706,0.025076453,0.011506983,0.018132582,0.01239525
ID_0D2A0EC4B0,0,0.07036961841927661,0.087195404,0.052021224,0.038085565,0.05265679
ID_E77FD67685,1,0.49062791548401985,0.55768317,0.41706812,0.30572566,0.44549003
ID_CCBD1D8B93,0,0.11493005606566976,0.10805833,0.14569749,0.15549988,0.060302608
ID_9C0EE258E1,0,0.014879495450762871,0.01688818,0.011902251,0.013187096,0.013510328
ID_D8518A9EF9,1,0.3841480513890311,0.40346333,0.3369263,0.39045906,0.4010206
ID_12BC005E02,1,0.22252273085669172,0.2715703,0.15766421,0.20342952,0.16258457
ID_EB8358BFD0,0,0.07314630551017585,0.08574757,0.057364456,0.07869262,0.051300064
ID_B99AD0EF3F,0,0.012411189741225445,0.014774662,0.009549977,0.009943528,0.009630922
ID_BB4381E005,0,0.571748595807206,0.5532635,0.5294832,0.607969,0.7247828
ID_CCC4560D08,0,0.04017788546396528,0.03414118,0.041250266,0.110887915,0.032579575
ID_D8E6FF5578,0,0.011893117910987459,0.014040576,0.008801364,0.011477398,0.009626296
ID_DE8FA73CCD,0,0.12399582231832212,0.11511509,0.14182507,0.123391174,0.123564646
ID_6C9F6A7113,0,0.23428308414576055,0.23932348,0.25266573,0.14412242,0.21284023
ID_A57A93007B,0,0.02086512162170633,0.023525972,0.017653963,0.012548098,0.020127889
ID_B58F4DDF0F,0,0.02079589709300929,0.025597468,0.01399605,0.0147126755,0.017731352
ID_A18AAB387F,0,0.012218950059312738,0.012626509,0.011582192,0.0127351945,0.011636531
ID_C850BC6D91,0,0.04847480347360959,0.063150294,0.030091777,0.037277125,0.030736657
ID_A644E583A8,0,0.03184798760105287,0.034965497,0.028978974,0.035626233,0.02317354
ID_FC8634E395,0,0.5048329087263399,0.4958708,0.47807968,0.59118795,0.56247234
ID_55D9CC6D8B,1,0.20699743898384887,0.25285584,0.18382333,0.12261202,0.09958906
ID_E74AD256E3,0,0.1342193495284229,0.14836529,0.1204406,0.11169878,0.11377949
ID_74E7558BE7,0,0.01501085113845452,0.02036007,0.006332374,0.012816385,0.011965363
ID_E0D1F1182B,0,0.014348130492729316,0.014478883,0.013681626,0.017203776,0.013980181
ID_2F8F6E9D16,0,0.19312318857752733,0.18190256,0.1914925,0.24852204,0.21991655
ID_EB1FF36800,0,0.2785369474079359,0.34476128,0.20579489,0.164405,0.20430914
ID_EF69CB1827,1,0.47987978692568317,0.4702809,0.45290938,0.54291826,0.55084145
ID_B7B932BADE,0,0.01440381771901609,0.015499543,0.010486004,0.024441421,0.013799324
ID_8727D050E0,0,0.0356303791651754,0.03773837,0.03189532,0.04718155,0.029693928
ID_B3C3197139,0,0.013692263497396093,0.012760724,0.014612024,0.012467919,0.016191829
ID_298B9A7A99,0,0.44860930119974307,0.46265838,0.431424,0.5552717,0.37957472
ID_9C76947807,0,0.035122945980584006,0.026411869,0.045893263,0.06906798,0.034055937
ID_4B6897897E,1,0.5024517367957796,0.46109948,0.575838,0.44780263,0.5437039
ID_A0E13E5F6F,1,0.3907476566996672,0.36533517,0.41984504,0.5541539,0.3645532
ID_5EC9BE2151,0,0.10629014727638528,0.12053284,0.0787324,0.11880457,0.099726215
ID_7186DBD03A,0,0.04331205094589681,0.055472292,0.02486914,0.066691555,0.021265168
ID_A5DEB0E3FB,1,0.35922515999106375,0.5536883,0.11992402,0.1794725,0.12865254
ID_45DEB4A6D3,0,0.10536069534752283,0.11776346,0.0924004,0.10499617,0.08087789
ID_6BF973CDA6,0,0.02166681266119106,0.023387745,0.013624033,0.022151425,0.031431332
ID_73AEA9E3B6,0,0.2718096678946934,0.32350513,0.2038752,0.20497018,0.22808644
ID_77E2A6BA2B,0,0.014459263320189934,0.016318193,0.010888289,0.013972392,0.014471407
ID_37A647FDEF,0,0.1271137799352865,0.16157463,0.08999286,0.08781931,0.07815911
ID_BD15307257,0,0.22278179141386376,0.20802808,0.25375172,0.27864447,0.19438107
ID_671FA16833,0,0.23860887456426597,0.21459116,0.28719568,0.36611715,0.18035878
ID_8485C13BB3,0,0.08679806528494988,0.13212802,0.033733163,0.035039175,0.03152003
ID_B9E1E9A381,0,0.29358555727237096,0.3246131,0.2888567,0.21528667,0.20666681
ID_B51B6E7A51,0,0.0361769147916938,0.034418847,0.035437662,0.04685646,0.04054101
ID_7771FC82F9,0,0.026534575132806902,0.026457302,0.027355496,0.016956823,0.02927537
ID_8B9742A2DA,0,0.03778867236356234,0.04936137,0.023268966,0.022062391,0.026856972
ID_355B56CDB9,0,0.025324065779000676,0.025246749,0.021981956,0.033482563,0.029263724
ID_E2B871CE41,0,0.21458386282809938,0.2678826,0.14985996,0.14422193,0.15873013
ID_EB12CE32C1,1,0.3749722515390511,0.2799387,0.46898898,0.36143178,0.58103126
ID_E88DA36467,0,0.06201098350186933,0.068840556,0.048584323,0.06387195,0.06112355
ID_2A56136C57,0,0.01588329195208483,0.017275073,0.012534493,0.020038743,0.015370478
ID_1492F9C209,0,0.0980577950589237,0.121285185,0.06857564,0.10176318,0.061471846
ID_1685813753,0,0.05129977444185817,0.053362805,0.05524928,0.04799327,0.035546012
ID_67AFFD3D00,0,0.09366520754047473,0.11681168,0.078413375,0.0622572,0.042202443
ID_83F69C0760,0,0.23772241149619153,0.23173314,0.19068082,0.22071123,0.37136984
ID_C4DA503E2A,0,0.012092419976368778,0.015220749,0.0068490566,0.009293107,0.011332578
ID_48188243C5,0,0.0841780775231569,0.09181111,0.081275046,0.108085364,0.047709264
ID_9BFD0E7E94,0,0.13326545224933842,0.1491303,0.09262888,0.16064763,0.1414167
ID_D07DCCA5F5,1,0.203793077573238,0.19493426,0.24425529,0.15321034,0.17650555
ID_7432C9F448,0,0.016782573614498444,0.016945204,0.014134424,0.022405824,0.019324198
ID_D20397E4F7,0,0.009932085769392505,0.010089508,0.008007353,0.011984664,0.012500423
ID_20B66A1AFD,0,0.010436987017336863,0.010488356,0.008798591,0.015813537,0.011390595
ID_1B7A09F185,0,0.05682937215748026,0.05630008,0.035969924,0.08447304,0.091762416
ID_317CE3BF80,0,0.013624569596063998,0.017572317,0.007871946,0.011675474,0.010121773
ID_744218F243,0,0.04595400120739644,0.057731915,0.024016317,0.06464759,0.03506288
ID_C96FD321A1,0,0.02192991976528543,0.02477732,0.02121384,0.012903001,0.015361215
ID_82034D6E66,1,0.05909273576738238,0.0590176,0.057320975,0.07208471,0.05754772
ID_737D69E789,0,0.0825902821447824,0.10665507,0.05504756,0.061703358,0.04902329
ID_3C9EFAB7BF,1,0.2193696669370246,0.31805953,0.118053555,0.07814896,0.08096975
ID_614D81D161,0,0.2511130715722718,0.24267408,0.23550412,0.2336111,0.32790717
ID_70665E3262,0,0.017884215424650365,0.021866051,0.013686626,0.01537489,0.0111458255
ID_29688F681A,0,0.02805826400799713,0.034830127,0.017750235,0.023657836,0.023454523
ID_686E80A544,0,0.012784613872106795,0.015024407,0.008965511,0.015601834,0.010278336
ID_7CABA0A74F,0,0.19201100557432757,0.23549248,0.12881309,0.21233097,0.13486533
ID_D47E164CCE,1,0.33174575381273774,0.3125838,0.35370693,0.40452644,0.33393416
ID_B535C51FEC,0,0.1073857524045561,0.14927608,0.06570943,0.041515056,0.04837352
ID_6008858FB6,1,0.05632452440123006,0.0691266,0.038669102,0.04995888,0.042840652
ID_4AAACACD61,1,0.36720419422553485,0.394374,0.28950745,0.4694327,0.37442562
ID_70DB039775,0,0.04163679539455277,0.055804618,0.022585694,0.026276927,0.029292615
ID_6AA632C9C6,0,0.05438032805707385,0.07268671,0.028548263,0.0339703,0.041284185
ID_EB58A8D661,0,0.05260846381352781,0.05825311,0.051709052,0.04446146,0.034221888
ID_6542C17112,1,0.7183496922160624,0.6443181,0.8525691,0.80470896,0.7058216
ID_75FC6672CE,0,0.037667798460506066,0.042135533,0.03134501,0.032017898,0.034802597
ID_4C69A79EAA,0,0.009803675304170312,0.01235534,0.0049465564,0.0050094076,0.01152323
ID_6D52F08E85,0,0.02080971204955194,0.027969664,0.009606121,0.024903715,0.012783292
ID_0BB6075B7F,0,0.020507029792213465,0.024948353,0.011281109,0.028808998,0.017899236
ID_8C2FE605A1,0,0.027709846355796635,0.030390175,0.02222789,0.02833793,0.027862057
ID_2F86296249,0,0.17701749795758845,0.17523384,0.15200599,0.2907351,0.18864071
ID_E34FBBBD13,0,0.09834448560002315,0.10068814,0.10522643,0.116753235,0.06564807
ID_0796CFD9BF,0,0.28389235116620937,0.30730498,0.22827615,0.3064683,0.29435688
ID_F3745F5ABF,0,0.08224388467092628,0.07173679,0.069345705,0.081174076,0.15480486
ID_C253894106,0,0.1440892571977173,0.15028149,0.1294029,0.14445373,0.14925115
ID_4B4A37F75F,0,0.017766523850802386,0.016429521,0.022435509,0.01476777,0.014711612
ID_EF6204DFE7,0,0.10082388765722924,0.10322998,0.09141628,0.09104502,0.11509294
ID_B54DEDAB68,0,0.24432605576818708,0.23406588,0.26082405,0.26570332,0.24300116
ID_26B7B53EDA,0,0.0170350053754382,0.019482689,0.015742334,0.010511972,0.012301792
ID_21008044DA,0,0.01835725692601011,0.017090105,0.024997266,0.013535507,0.011573656
ID_0C6402FE34,0,0.36557076426044943,0.3926167,0.2619187,0.30843517,0.49845996
ID_2B2C07283E,0,0.07221410563516067,0.07266486,0.08545521,0.066699855,0.044308726
ID_58BCC45B36,0,0.02407022682270117,0.025247332,0.01903638,0.025377106,0.029321387
ID_04BC0C635B,0,0.390989412583315,0.41905054,0.30068678,0.33273205,0.49143946
ID_93B2DFA5BE,1,0.706830125676277,0.6561051,0.79209334,0.7516035,0.71889734
ID_401836087F,0,0.03204662602834158,0.039212648,0.023337746,0.030132497,0.021262178
ID_B061EDBE3C,1,0.9216340441923185,0.9084485,0.9386084,0.9372385,0.9341729
ID_F099A5D0A3,0,0.02036559494048533,0.024839364,0.012573418,0.012783809,0.021468947
ID_B7EE59A713,0,0.014195342384057685,0.014640862,0.01132417,0.021050796,0.0154821025
ID_C547F36855,1,0.5541800859209087,0.5544188,0.5640393,0.57281804,0.5238976
ID_6A14BC2EC0,0,0.24098113318437125,0.2761516,0.20473933,0.23310229,0.17344597
ID_8413FC9F29,1,0.24039105695517526,0.29936814,0.13211855,0.17383833,0.25228214
ID_13BEEEFB63,0,0.016370447879418423,0.017706081,0.013675075,0.019774402,0.015020974
ID_F20E403888,0,0.06997594894945819,0.094303176,0.039681118,0.06171395,0.035699483
ID_5F1ECE7D12,0,0.10828056129797259,0.1443455,0.06745338,0.059707977,0.06453791
ID_923E51087F,0,0.09031978487730212,0.07489789,0.1282527,0.07326039,0.081595376
ID_738CFBE993,0,0.1083916871893156,0.1464189,0.06383835,0.065795235,0.061739855
ID_D52604C1CF,0,0.08432862504256552,0.07842009,0.08867876,0.12435738,0.0825315
ID_F4A5E2BE82,0,0.08962194091138109,0.076864086,0.09121702,0.1482176,0.11460211
ID_0CDFBB20AB,0,0.05022260355930169,0.05848857,0.03359759,0.04395158,0.053667173
ID_2AB354C658,0,0.026426931407454883,0.025015576,0.022665022,0.063671984,0.02422879
ID_AB437E80ED,0,0.03167098337944659,0.04362389,0.016661579,0.019230815,0.01874965
ID_C061907FCD,0,0.01885117462983414,0.019897854,0.018091401,0.02458269,0.013556878
ID_3A98FE8E5D,1,0.33600985901347225,0.3762317,0.26115355,0.30342185,0.3407179
ID_C7604CFD29,0,0.10504680471038584,0.10560145,0.090667926,0.20045798,0.091955066
ID_D5D654EB25,0,0.03683449649856375,0.046368506,0.026533715,0.028695118,0.022165878
ID_8FA94A4D76,0,0.17018355305227312,0.17754886,0.17175063,0.16134816,0.1395308
ID_78C22E8FFA,0,0.03953639874269471,0.047248404,0.029121552,0.036364544,0.03065105
ID_75C726D505,0,0.12195871371354894,0.13665913,0.090400085,0.11186913,0.13189481
ID_526590C4AC,0,0.014900072690485239,0.01717661,0.012662404,0.014192793,0.010382486
ID_305BF28130,1,0.041436627155991,0.044485297,0.040876176,0.040630996,0.03009935
ID_FD7E845944,0,0.02509859276766182,0.029265886,0.01952231,0.02637443,0.018883463
ID_C9B4A3DC3E,0,0.03230429794980999,0.025834698,0.040696006,0.0374812,0.039402165
ID_58C72F8CE4,0,0.023332497276385936,0.0256398,0.019709297,0.024362763,0.020899486
ID_AFF37E5FDF,0,0.011434680521416406,0.014329544,0.0070768776,0.011615302,0.008463433
ID_1DBBE05351,0,0.08910542999833025,0.10379503,0.06960307,0.07899579,0.0732344
ID_B8A7C970AA,0,0.21477899362456704,0.21159485,0.25428796,0.14977764,0.17182726
ID_6FAFC9E5AB,1,0.37923129957567653,0.3003745,0.53607744,0.5680845,0.2938918
ID_CFAE24424D,0,0.030173272834700282,0.03851242,0.015651178,0.016879005,0.031858966
ID_49F9E9579F,0,0.019869857317558814,0.02313267,0.011370689,0.016663045,0.025702957
ID_58D3C9F33A,0,0.018991649552720615,0.02408831,0.012015913,0.0137223555,0.01470188
ID_B5A6A0229D,0,0.3432048940552957,0.316077,0.3187361,0.41171283,0.48053396
ID_2B9BD5D11B,0,0.014232196374430489,0.015545758,0.010125273,0.022363123,0.013943413
ID_92D3505061,0,0.03607046138175846,0.034806173,0.032374002,0.038729813,0.048186198
ID_4D6E72192C,0,0.10786636641134062,0.13836044,0.07167054,0.09404879,0.06259446
ID_4083F8782B,0,0.1140095122704336,0.091157906,0.14908898,0.1140294,0.135376
ID_331401D7D2,0,0.04918099296067498,0.051647585,0.04561159,0.04839516,0.04675071
ID_D860137228,0,0.012294320891868053,0.014218141,0.009981548,0.012560411,0.009004927
ID_D32C56B6F7,0,0.2956671717203147,0.29919165,0.24865083,0.38532305,0.3425367
ID_35BAD54BC4,0,0.017804874079687363,0.016262917,0.017662589,0.036009055,0.01669462
ID_D15748A67B,0,0.1996421698125551,0.21057649,0.1654184,0.13752382,0.253899
ID_D762688FD9,0,0.126934395180817,0.13385455,0.11013624,0.1950325,0.104022875
ID_F4DF09EAF2,0,0.012304946993352137,0.016721899,0.0052686282,0.009467697,0.009958995
ID_D1882CC019,0,0.013594565923166083,0.017191451,0.008920148,0.010963073,0.009559948
ID_59E2403638,0,0.021946492891198887,0.025968496,0.01920096,0.019364558,0.011955146
ID_93C9DCDDA5,0,0.037570165226331276,0.04876697,0.024488619,0.03180254,0.02080185
ID_3B8A6283AE,1,0.2739672664510001,0.24130946,0.33131802,0.17942949,0.3302419
ID_6546B0052C,0,0.3969199158427438,0.37986338,0.3288401,0.5057651,0.56763
ID_96CA6D0079,0,0.15687602642956794,0.16799943,0.16737331,0.13215798,0.09810029
ID_22A9B1089D,0,0.29016121435192177,0.24833086,0.31375968,0.39933902,0.3688204
ID_D3BC13A733,0,0.017312171451919038,0.016268345,0.014254786,0.022432238,0.026052231
ID_F50C8B7B13,0,0.17964045161613978,0.13376825,0.19288956,0.26956218,0.30598378
ID_EAD30974ED,0,0.015074608781185883,0.019116461,0.0089453915,0.013618889,0.011766667
ID_D250D3748E,1,0.2253813015680866,0.21166652,0.26770517,0.2829695,0.16748044
ID_DDD7490A33,1,0.36120768372777545,0.40852755,0.31552878,0.39775214,0.2431802
ID_00F1A074AC,0,0.00858784199200375,0.008476233,0.008894784,0.006852563,0.009157761
ID_2DB059DDED,0,0.04083059240193754,0.04133112,0.0403693,0.036467936,0.041605435
ID_D43CEE241E,0,0.03165495535720228,0.039897237,0.019910222,0.033377193,0.021246787
ID_B9C673131D,0,0.016094159602254694,0.017817764,0.012310041,0.018074729,0.016060136
ID_98131D93C8,0,0.13041634760745086,0.1103553,0.14313515,0.10275773,0.20001408
ID_1C1A668A5D,0,0.03697992600873751,0.038383674,0.030184427,0.04172584,0.043552555
ID_1DC915394E,0,0.018833354717926118,0.018464498,0.020781519,0.020604651,0.015441909
ID_EE014871A3,0,0.08996103133016561,0.10610455,0.0730638,0.06236489,0.06997667
ID_E58B14535A,0,0.012828563405825553,0.015099112,0.0075092446,0.009604516,0.016043743
ID_151BD85A3E,0,0.03721312741246098,0.048545603,0.022522602,0.020461088,0.028110713
ID_38BF5EE5B6,0,0.0480634171606928,0.05284293,0.03763405,0.0643229,0.04313842
ID_C1838167E8,0,0.03903939862912295,0.04758974,0.028199522,0.028817376,0.030594246
ID_C8DE0571A2,0,0.05197399623108692,0.069789596,0.026247367,0.039038908,0.03746848
ID_77D0564520,0,0.045082307518221565,0.06095945,0.02250124,0.040151075,0.028536757
ID_54D2DB3DB4,1,0.13986761433092426,0.10247494,0.195425,0.1657429,0.16752076
ID_B4FEA879E6,0,0.022627122590355944,0.03279817,0.008907425,0.011476541,0.013911352
ID_81BFFC8A29,0,0.29369479893169903,0.3128514,0.23686987,0.4266889,0.27661592
ID_8232D4C03C,0,0.017982623858298245,0.019928368,0.015653573,0.01795621,0.014762954
ID_FC4DC5322C,0,0.2832998259407884,0.20335354,0.38564575,0.3738662,0.36231792
ID_5F3A68FEA3,0,0.008676643667019656,0.011075906,0.00479931,0.0051574837,0.008383056
ID_66359E5A75,0,0.04263646077985999,0.044374622,0.03715024,0.04755765,0.044910185
ID_CEC3F8383F,1,0.17570898486444936,0.2229141,0.13331228,0.09454482,0.10243604
ID_5BE165B8E5,0,0.015203100260725336,0.018907523,0.009763073,0.010201786,0.013389092
ID_D0FBC9AB3E,0,0.03619703787225216,0.04034418,0.0353173,0.038459696,0.019562509
ID_0AB1DF9C7C,0,0.06958296329386882,0.07639218,0.057541374,0.053770907,0.07351429
ID_2B0965E781,0,0.012204341882642938,0.01618506,0.005593133,0.011416599,0.009897626
ID_69B4CCAC0C,0,0.022260150814114435,0.028075628,0.016599583,0.016569784,0.012293426
ID_0D00435477,0,0.06380888798307119,0.06658214,0.060630526,0.0766952,0.05328336
ID_EC7E54EAD6,0,0.08385000817487284,0.11172331,0.04254307,0.06577549,0.062478837
ID_F5B2810FB5,0,0.11672585436802524,0.10773758,0.06871269,0.1429411,0.24629539
ID_D2D1202A9B,0,0.012173196279363557,0.0166937,0.005126221,0.008682328,0.00969717
ID_A63ECE13EC,0,0.1084954127859975,0.10550912,0.11177388,0.10927904,0.1137482
ID_236BE890DB,0,0.1919988483097036,0.19795842,0.17593399,0.15695539,0.21653602
ID_5042C3C997,0,0.09668226765503588,0.08520376,0.12919405,0.077870086,0.08367687
ID_C6116D69CA,0,0.05432182998937064,0.07735804,0.021536807,0.022336561,0.04118694
ID_6944F9F13D,0,0.1334973842833742,0.1043435,0.14274515,0.26520228,0.17952038
ID_2D416170B7,0,0.17010990739257598,0.16469476,0.17091343,0.18826227,0.18337041
ID_2EE899C546,0,0.16721220332626513,0.15152319,0.198092,0.14192623,0.17833276
ID_3D08CB9605,0,0.06619625678505325,0.08915529,0.041702777,0.035833836,0.0348943
ID_FA2B3CA5D5,0,0.15559810008058142,0.17322062,0.11041568,0.22049242,0.14971681
ID_34835AC047,0,0.04250288286630517,0.05076952,0.026354032,0.043292217,0.04184556
ID_7D0244EF98,0,0.05458256058303769,0.07661765,0.030213414,0.034710534,0.02234776
ID_E46ED37DC7,0,0.022029157112128373,0.024832765,0.01671826,0.025090292,0.020232596
ID_4D27B43855,0,0.025171577610203204,0.030718205,0.017775862,0.021940863,0.018991472
ID_E7471F9764,1,0.054345970174900546,0.05761325,0.04668201,0.08310794,0.04443321
ID_0FD24B2E7A,1,0.106126330994071,0.11868304,0.07675836,0.15230188,0.095901206
ID_496BE9E7D6,0,0.19203432099579504,0.20289865,0.1323154,0.26368034,0.24296743
ID_F40D5EF9C0,0,0.013608759936644886,0.017332457,0.007433406,0.011117682,0.012196357
ID_4D6CDD5331,0,0.013867538967946232,0.013656749,0.010932991,0.02204197,0.01749036
ID_A27949E626,0,0.02660733259067844,0.03311894,0.019537902,0.015547237,0.019059977
ID_0BADDFCADE,0,0.008392655322116358,0.010238988,0.004807519,0.0072066197,0.008793209
ID_11AF313062,0,0.26064505696885726,0.24315807,0.2812785,0.29668102,0.27461657
ID_4730EFC8CA,1,0.32485385602748185,0.30533364,0.34756073,0.25696334,0.38827693
ID_5C1C59CA12,0,0.024742293064278192,0.033179834,0.014862636,0.015368964,0.014344404
ID_2C2F129830,0,0.033345921618660346,0.03501979,0.031852357,0.03374379,0.029298697
ID_33946CC1F2,0,0.020331309968936097,0.020975353,0.023223871,0.018849166,0.01204942
ID_92C0B7CB05,0,0.013860245455502476,0.012608152,0.011932106,0.011145859,0.024473686
ID_28C2EA7D08,0,0.014568695602068643,0.018777687,0.007980645,0.012334203,0.011877745
ID_0AF705E3AE,1,0.05137900261506741,0.06259391,0.038213853,0.032406885,0.04046941
ID_B0E6F23B5F,0,0.11309792198053845,0.1649451,0.05249337,0.05256882,0.050259266
ID_38CAB05E6F,0,0.12149526473497183,0.14867906,0.08814716,0.11741163,0.0798685
ID_BE98DD44DE,0,0.1453105247624519,0.18507773,0.09391271,0.13109231,0.09361317
ID_EF66104035,0,0.010388498815919647,0.013853428,0.0036551545,0.009426688,0.010600558
ID_8B4EEBC3C4,1,0.6295529290885218,0.5837794,0.68867195,0.60876507,0.7053436
ID_684B540792,0,0.05207116943615478,0.045024548,0.07309407,0.056650326,0.034774553
ID_9E734A58EC,0,0.019848551425602337,0.0191232,0.025315851,0.018549746,0.011753934
ID_3D58221AEB,0,0.052314119888174956,0.05048542,0.051527932,0.10042738,0.040759962
ID_73BF543310,0,0.1123955129982866,0.14229979,0.07633271,0.08355609,0.07588022
ID_5C9097AE66,0,0.1523511466666908,0.15902612,0.14648363,0.16309175,0.1320318
ID_B22ED6D8EB,0,0.02580809037434008,0.033220716,0.012638943,0.030918729,0.020486401
ID_CE9AB9C498,0,0.04269452416333862,0.04317023,0.041207094,0.06874502,0.03251819
ID_7C81BA4098,0,0.008029578208328449,0.010160186,0.004114063,0.008506166,0.007212073
ID_2E1CECB558,0,0.1749103741443739,0.1683876,0.21640551,0.21505903,0.095979296
ID_3717A83FBE,1,0.4915443813787199,0.5271373,0.38701662,0.42929825,0.5924006
ID_529727AC34,0,0.11266486789386332,0.10733335,0.11221284,0.17895369,0.107282035
ID_15413F584E,0,0.04226042746867802,0.052300353,0.029133277,0.039056886,0.029363863
ID_457F147C9B,0,0.08539184260785387,0.0976662,0.0557954,0.07731628,0.10049908
ID_F04FAD21D9,0,0.012658496432477545,0.015312108,0.008198678,0.011156059,0.011659821
ID_6D76DA7BA2,0,0.32438557782327804,0.288799,0.35468253,0.2492547,0.44261682
ID_68E5A319E4,0,0.034100749047601714,0.04109124,0.026210012,0.03646134,0.020440139
ID_1511DD1269,0,0.009586175281097696,0.011294244,0.006188657,0.010810698,0.009118118
ID_91EE41F63E,0,0.04625548688774003,0.054474197,0.04336105,0.037710164,0.021438124
ID_5A13940F57,0,0.03459767232449331,0.03103889,0.030788638,0.03229116,0.058821335
ID_D0CD731A7D,1,0.42731935546642874,0.6386868,0.21066323,0.18791546,0.102697514
ID_A71B191CDE,1,0.5714015194103053,0.58486307,0.56514347,0.54495347,0.539435
ID_E12729B232,0,0.18739998217003717,0.2060799,0.15167849,0.1699131,0.19266377
ID_56B18B4297,0,0.036711685011229615,0.04257514,0.023901086,0.06207185,0.028344339
ID_1B5D462BA2,1,0.25708757357541245,0.2590684,0.23032832,0.27390942,0.29877993
ID_0DC8940C59,0,0.3965044614764956,0.3738803,0.44947886,0.46051493,0.3506294
ID_BC10D90D03,0,0.012543591339506475,0.011975017,0.013179664,0.013997874,0.012949334
ID_D90AAB93AA,0,0.4736992826366293,0.48779985,0.48724458,0.4386039,0.40032056
ID_F81E52BD9C,0,0.41974546289847414,0.43477505,0.3976837,0.34325153,0.43686426
ID_9A5E122397,0,0.03180591503155449,0.039291143,0.021811616,0.035883497,0.019817267
ID_4A89DF5741,0,0.034808471227160465,0.044160742,0.021462133,0.02868043,0.02656449
ID_AD80887258,1,0.15206679100428255,0.14283101,0.1785303,0.18070528,0.12186843
ID_B0F1FCA421,1,0.09974023937891306,0.10825323,0.09671113,0.062351268,0.086540565
ID_6C2C48D318,0,0.37114346177935775,0.47781932,0.28070945,0.18895386,0.1934921
ID_E0A10780B6,0,0.06106461835162286,0.07399722,0.03852113,0.04850301,0.06021496
ID_468F152CA4,1,0.8489463138345329,0.82898474,0.86091,0.89237636,0.88875526
ID_2A2BA38A20,0,0.02162205368085958,0.018109357,0.017729355,0.03847612,0.037478104
ID_6D1007C42D,1,0.6393985199959924,0.65742964,0.6105893,0.5941007,0.6447012
ID_309C2763A8,0,0.03745659332483432,0.044928074,0.031686977,0.03122833,0.020956192
ID_E691D35818,0,0.10230252000095823,0.1294876,0.071699634,0.090353,0.058210414
ID_217F1FCEF5,1,0.10295943525684846,0.094412066,0.098724954,0.11116179,0.14460804
ID_3FD6F5BDAE,0,0.016313086047493597,0.020778887,0.008709252,0.011567733,0.015809702
ID_CB50D4BCBB,0,0.06831463210646649,0.07120634,0.071314506,0.068922676,0.049387645
ID_BAA6BDB021,1,0.2663301635124321,0.24479882,0.25515124,0.4126155,0.31758392
ID_9B66891BEA,1,0.37391564873409444,0.4024664,0.26115566,0.52608615,0.42874143
ID_041213B7B2,0,0.033312870073652634,0.031570863,0.03756845,0.046760794,0.025688013
ID_74320B0B9B,0,0.20448627319611307,0.18597737,0.21418962,0.1861442,0.26992834
ID_A843AED267,1,0.09604371824173158,0.10063757,0.10491495,0.10568688,0.0533866
ID_BBA36D8CE6,0,0.1134718159338734,0.13439986,0.08355765,0.105233476,0.092741214
ID_387AC72FC8,0,0.06111767730923489,0.076305956,0.03572798,0.04753816,0.057279408
ID_DD4E6BD786,0,0.019909239687263432,0.024262637,0.0122745,0.028209724,0.014260666
ID_A8C89C2440,0,0.07402419249870723,0.07008589,0.09240621,0.08450347,0.04667768
ID_732D59E504,1,0.22395814748971168,0.23304051,0.20072155,0.22621587,0.23441537
ID_CDB2D10C2B,0,0.15776782004997458,0.18437816,0.14292067,0.113725506,0.09629808
ID_F082EA35EB,0,0.6272093619740033,0.6963905,0.53455055,0.5691632,0.5587541
ID_40A53E8837,1,0.3430269997874784,0.25289494,0.4533529,0.34984988,0.48450017
ID_12CB080547,0,0.05975424447489315,0.07252719,0.051709928,0.022957385,0.03904213
ID_4B9FEEC6E8,0,0.034265213062430876,0.037042584,0.033263184,0.034487993,0.024573993
ID_FA6966071F,0,0.024779645709698053,0.021185378,0.032663852,0.033907752,0.019086046
ID_4732ADA54F,1,0.2695201328708973,0.3123169,0.21048678,0.32576817,0.19067505
ID_86ADD377C8,0,0.11775375860689585,0.14118207,0.076866046,0.11500255,0.107598536
ID_5C603A1652,0,0.01988651825835845,0.02372044,0.015580728,0.014069165,0.0154476445
ID_BE1CB3F3E9,0,0.013285682213648637,0.016005168,0.00880553,0.008947622,0.013288154
ID_E9B0ADA90C,0,0.04194817571810981,0.03457546,0.038129136,0.042871024,0.08091203
ID_7652E4E110,0,0.017946394275433177,0.021528613,0.0155601185,0.010806311,0.011030875
ID_B716E5A790,0,0.3030150150189527,0.27918375,0.32219222,0.36908188,0.33384508
ID_1BA651D85A,0,0.0691416326242228,0.08690211,0.0430844,0.05003003,0.05827073
ID_A707A3E6B1,0,0.1034155282362614,0.1277866,0.081439465,0.07635625,0.05930311
ID_7021B198A2,0,0.07507650536077307,0.07353391,0.067987226,0.1269011,0.07421544
ID_9A7EC77E28,0,0.014114075551743935,0.017713718,0.009457466,0.008738581,0.011225725
ID_50666AB871,0,0.0310139604321962,0.040788718,0.018696683,0.020309398,0.020771107
ID_EE1FD6B720,0,0.016331093957937328,0.016622378,0.017633062,0.02078558,0.010364905
ID_67DCA4CAAD,0,0.013559872399992864,0.014698906,0.010383756,0.016291978,0.014365775
ID_EAB6648B35,0,0.03669442648242926,0.03509761,0.041236985,0.032401297,0.0355735
ID_4300696345,0,0.013115714649658597,0.01529934,0.009576241,0.015124735,0.010599405
ID_A84C8804A6,0,0.09743255301029027,0.117452145,0.06585115,0.053492203,0.09968223
ID_3EFB30DF19,0,0.018962341764529534,0.022080496,0.013418593,0.015334184,0.01925117
ID_065B7DA3BE,0,0.36316440921695625,0.39859778,0.34253073,0.2926675,0.2883326
ID_6CDED4339D,0,0.033106113321797616,0.03536651,0.027701225,0.046348996,0.02936974
ID_212A603E5F,0,0.47023327517353186,0.41200358,0.5272218,0.5066047,0.57834625
ID_07B32EA6F4,1,0.24801103940916955,0.15727419,0.3667165,0.31013253,0.34996164
ID_EA0485D898,0,0.16634720798132213,0.14746359,0.22652885,0.2650636,0.07406741
ID_3D9645DB99,0,0.03178349108958249,0.028772043,0.040079065,0.03563999,0.02504107
ID_3A6EAC69BC,0,0.03214043917630243,0.043200098,0.015076826,0.030620601,0.022642216
ID_213B42AF04,0,0.009886852196564494,0.013446414,0.004399369,0.008084193,0.0073928414
ID_D8BF490D99,0,0.18244230501465275,0.19759,0.15606123,0.18049079,0.17583352
ID_F67C1DE0AD,1,0.29709745984345726,0.29585993,0.32099935,0.25782052,0.26817977
ID_C334D56DD8,0,0.05137544792223972,0.04477619,0.05826455,0.048891846,0.06558401
ID_0EBF50456B,0,0.15721408872351444,0.17635995,0.1430359,0.12210338,0.12197804
ID_6D38B1FAE7,1,0.8427913354795499,0.80136317,0.87812215,0.8917941,0.92081386
ID_81F6AE5675,1,0.43191500097283575,0.3511306,0.5350595,0.5083107,0.5189409
ID_F6EF20175E,0,0.013706264574272884,0.0162702,0.010131788,0.012558488,0.011033041
ID_63CF04F086,0,0.023051847021447663,0.026128793,0.018318407,0.027527425,0.018244274
ID_94A9FD124A,0,0.03766617850246912,0.044086643,0.023579892,0.042623512,0.038573798
ID_2761EC3B2A,0,0.06341184864018393,0.056825798,0.08324417,0.05993041,0.050235353
ID_D85DB41008,1,0.28079759918035313,0.3198906,0.22208564,0.32812315,0.22081311
ID_4009E76E53,0,0.01206877502792107,0.0155768385,0.0071333232,0.009165436,0.009088158
ID_C66D2070E9,1,0.17959950441862166,0.19475634,0.15162164,0.20972699,0.16239384
ID_16DC29123F,0,0.03408465254847861,0.041097432,0.022106288,0.034727562,0.02984682
ID_5A1C831F26,0,0.22154053258067502,0.18934295,0.25951567,0.21681416,0.27828205
ID_A09A2AAD2E,0,0.011261241846968584,0.013597475,0.00853787,0.00850493,0.008426296
ID_79AF77DB1C,0,0.2678661277074838,0.23140185,0.29700342,0.31250352,0.34008837
ID_0C66777F1E,0,0.023982821785507705,0.018676022,0.035933774,0.024556847,0.020535605
ID_3E66F1F461,1,0.24346102832986513,0.21714006,0.30293307,0.17300008,0.2578961
ID_EAA0192D2E,0,0.056146496331689805,0.06345489,0.042972032,0.08828569,0.03949503
ID_EBC230CA9B,0,0.09404682305214129,0.122390166,0.05913335,0.04321707,0.07125192
ID_22574B0528,0,0.014544078196574531,0.017152775,0.01193657,0.011474354,0.01044516
ID_1B742DF4D6,0,0.08052260245898654,0.07467134,0.093045466,0.061466,0.08670784
ID_414BC4D418,0,0.006619693536616044,0.0083657885,0.0034464968,0.0061497944,0.0062482725
ID_8E492EEA4A,0,0.12395402608607067,0.10950859,0.113742776,0.13511209,0.20207359
ID_E7E17751C4,0,0.02195550312463839,0.026251135,0.016553309,0.016748486,0.0176502
ID_C7A4597132,0,0.15059477933932391,0.15451837,0.13849556,0.1719185,0.1506633
ID_6B7944E0AC,0,0.25792056249302997,0.20671707,0.33721548,0.3429419,0.26726896
ID_455C8A679C,0,0.3508026402573745,0.32077718,0.4249499,0.35962912,0.31486005
ID_8D641669DD,0,0.17978734772067295,0.16991028,0.17004368,0.2607395,0.20716384
ID_5424E70CEB,0,0.43825470841849257,0.388883,0.45248276,0.6602159,0.51973826
ID_F98150536A,0,0.012772768586124451,0.014542092,0.009648805,0.011641089,0.012485999
ID_B1AF83FF1A,0,0.02634870568585186,0.028189298,0.02574326,0.023558544,0.021081122
ID_2425943432,0,0.009634233877979535,0.0121354805,0.0062358202,0.008731549,0.006741572
ID_4A139B01B8,0,0.021479805732717544,0.023979174,0.0155045,0.032964602,0.018722937
ID_9CBA47752F,0,0.05350472187296651,0.06533486,0.026344152,0.07159794,0.053857986
ID_0DED6CDD3A,1,0.1006780753247946,0.110026896,0.09167702,0.13971455,0.06344024
ID_C6E4BA86AE,1,0.8519989606917191,0.8657516,0.8387553,0.83499575,0.8296691
ID_DF02533CBF,0,0.012959525984662048,0.01658834,0.0082562165,0.008993646,0.009433547
ID_AA3BD3E639,0,0.28271015640929575,0.23842284,0.31324893,0.4136772,0.34737256
ID_D99D28266E,0,0.12274070271091458,0.1476844,0.09196987,0.122816496,0.083244205
ID_B8A9D5FCB8,0,0.06141423103657418,0.06656111,0.048057728,0.08649329,0.057370316
ID_D62F80C981,0,0.0729347244702753,0.07734196,0.0637303,0.09166907,0.06587742
ID_FC01FDD83E,0,0.5780529326971456,0.5155548,0.5603216,0.7726561,0.79551965
ID_A8C314F9E4,0,0.01893432123973439,0.02569108,0.008927371,0.014932018,0.013575059
ID_4ED64CF844,0,0.051280147471991354,0.053616058,0.04256866,0.042593572,0.06387656
ID_62DE1CE965,0,0.025240280970600472,0.03007119,0.016697211,0.024465889,0.02347688
ID_79372D54E4,0,0.014957871404655581,0.018928485,0.008863263,0.007469699,0.014506493
ID_B9C69092CC,1,0.8528973338246215,0.8398955,0.85689205,0.8858509,0.8849393
ID_E16E880DA7,0,0.034838498525882965,0.041824322,0.025845021,0.027863681,0.027632449
ID_B603B27280,1,0.3886906249434523,0.34859994,0.40580997,0.4239769,0.50610197
ID_D34C25FCB2,0,0.04859092523585608,0.06283572,0.033010818,0.024067689,0.032470092
ID_4562223E59,0,0.018481386127155747,0.02398424,0.0112505695,0.0155615015,0.011997154
ID_4CF268DE5D,0,0.022573658319005534,0.03025996,0.01258809,0.012729892,0.015784487
ID_215D38CC1D,0,0.06053174391526296,0.081376314,0.033373017,0.040281605,0.03947949
ID_E72049F776,0,0.03616342752212647,0.04583587,0.02303572,0.02671283,0.027545007
ID_4A6EAA8035,0,0.024547925252517595,0.026252981,0.025014123,0.029384114,0.014230297
ID_763AF61D1F,0,0.1808596920142031,0.19023938,0.20886555,0.1587748,0.090751864
ID_3A3BAF025D,0,0.017638996495232498,0.02193029,0.007443742,0.018850397,0.020835686
ID_16E5F6DFE8,0,0.014955943182440722,0.017042406,0.011417343,0.0142929265,0.014013346
ID_8C4DB8AC43,0,0.07835029338889937,0.08467235,0.0550432,0.089179695,0.09689368
ID_33691234FE,0,0.027335200900479716,0.028227923,0.029018292,0.029820107,0.018866966
ID_8E0B4700F7,1,0.8220795029246104,0.7894279,0.869755,0.8079654,0.86402494
ID_8A21D43D38,0,0.2540269170701957,0.17338409,0.321396,0.435577,0.37135783
ID_DAEEFE46F6,1,0.2495687928168362,0.2300505,0.27005792,0.23063213,0.2964017
ID_3180C402AE,0,0.019135405195551503,0.02725133,0.007746233,0.011897829,0.012404445
ID_7F20A6BB5B,0,0.0880729809328161,0.1038752,0.041584186,0.16662996,0.08673511
ID_FA6DADB622,0,0.020835897581507182,0.021573672,0.015976647,0.032758754,0.022942586
ID_970E9C72BA,1,0.09812521086583394,0.10558501,0.100259766,0.084851585,0.06779028
ID_569891024A,0,0.05345298744174678,0.06950729,0.030124137,0.03469581,0.043789204
ID_7FDAE05B4C,0,0.03216281413618916,0.030816777,0.03463948,0.054629333,0.022748323
ID_AB35AD1244,0,0.5784137684530375,0.55982995,0.6182038,0.48247263,0.61346024
ID_01F9C422FB,0,0.03347189661352258,0.045938626,0.016767431,0.02170744,0.021719461
ID_A611A0907F,0,0.014232089787656985,0.018077446,0.008922344,0.010125384,0.011152743
ID_0183B1153D,0,0.04090027986693478,0.04228718,0.034404263,0.061792497,0.03986347
ID_923897A52D,0,0.4321373823174615,0.41041675,0.4780533,0.44939187,0.4179641
ID_3098A4A2D7,0,0.013910120155027359,0.017364888,0.009595902,0.012932694,0.008982745
ID_B0FE9FB35D,0,0.01701779987953812,0.02194638,0.009086793,0.015033955,0.014055702
ID_9D50176BD1,0,0.06690572245040556,0.07980631,0.05018058,0.0682279,0.047658604
ID_FA48F86202,0,0.057644685005221394,0.07539082,0.039904337,0.03418224,0.030890636
ID_F2E58E1DA4,0,0.022865537994175556,0.02885875,0.017664004,0.015690746,0.011809709
ID_ED0E2099EA,0,0.44551207102421364,0.3522642,0.59966433,0.4551816,0.5049081
ID_A4D0611B41,0,0.06645439040541735,0.08174275,0.04324756,0.06374089,0.052773986
ID_585A895880,0,0.04342773411898139,0.054543905,0.029078785,0.031642105,0.032342322
ID_C5EF973F63,0,0.009291063626535078,0.012255533,0.004321874,0.006000706,0.008849996
ID_33B938D4E5,0,0.009605629023914361,0.011215049,0.007838755,0.007721768,0.0074117966
ID_3D53B9FA9B,0,0.034430610992783175,0.043364532,0.020215364,0.020106455,0.033392146
ID_C92A4C7FCC,0,0.043452504542374655,0.04608429,0.03535852,0.061408285,0.04185973
ID_2B18FCE2ED,0,0.010992764559897504,0.01489917,0.0050574616,0.008199882,0.008424449
ID_BDD7F22BB9,0,0.5072409082636515,0.5290787,0.50376916,0.39044723,0.4732625
ID_5659AEB73A,0,0.39754248979396345,0.37414682,0.4428057,0.36228496,0.41474217
ID_0B07F4ECA4,0,0.07732853418950245,0.07360217,0.079372786,0.110640645,0.074178666
ID_20639DB1F4,0,0.010891043810007515,0.014901064,0.0052507753,0.0052960147,0.008473215
ID_51B143471C,0,0.402243987242534,0.44984233,0.34881687,0.3622313,0.33303124
ID_D94650A4D9,1,0.2424900296350768,0.20810886,0.28879216,0.22655925,0.29548642
ID_02A219734D,0,0.031412371709487893,0.026764646,0.03374451,0.033917557,0.044969674
ID_541899924B,1,0.3195042510437318,0.3257143,0.29016656,0.27783608,0.37434137
ID_2F0A05B051,1,0.44956002367840053,0.32995835,0.5965962,0.459366,0.6355927
ID_A11BE749D8,0,0.025923581891065767,0.028534764,0.023544936,0.0236887,0.020959314
ID_4450F6DD5B,1,0.056437694111161237,0.064150974,0.043288536,0.04851499,0.055483185
ID_D447E88FAF,0,0.01717873515240574,0.018278478,0.0148562435,0.02237896,0.015243812
ID_39495B30C0,0,0.010349927889896403,0.0121298535,0.008141479,0.010713695,0.007402603
ID_22172AA68D,0,0.17146161140523394,0.17864987,0.20364636,0.12081544,0.094105795
ID_964B617C6E,1,0.8694012134843532,0.88750094,0.8312616,0.84934694,0.88342446
ID_F33BC161E0,1,0.16785672772942112,0.19700949,0.13874367,0.19633888,0.094624504
ID_DF45CC33F4,0,0.12655095258621507,0.14900136,0.10203009,0.11312546,0.090075426
ID_9BC69D1BA1,0,0.4154704666254896,0.471878,0.33033255,0.49252984,0.3259996
ID_F0D700C2D2,1,0.2242321151215654,0.22748338,0.24777725,0.23355097,0.15591659
ID_EF91CB199A,1,0.7368729217550689,0.76272476,0.73336494,0.59885204,0.69525284
ID_307B8472CB,1,0.8398492928995009,0.8809691,0.76134425,0.8462757,0.83158064
ID_CE486C07AF,1,0.09909840171998947,0.075123064,0.13069712,0.115058355,0.12573446
ID_D286BDE603,0,0.05562882901651307,0.058220122,0.0539389,0.027620876,0.06050595
ID_AB81B5453B,0,0.011980304681662418,0.013110465,0.008766197,0.0116119,0.014256749
ID_E549D378B7,0,0.03867682851753071,0.04701752,0.030796971,0.019117823,0.028838733
ID_2AA395082E,0,0.03587439449374602,0.04698495,0.018065276,0.038435437,0.025981259
ID_BB6EBCE13F,0,0.01533284192744695,0.021707907,0.0060268543,0.0140133025,0.008914445
ID_7E6FE04A84,0,0.035223194382147445,0.038825355,0.033891138,0.041016623,0.020324176
ID_523F9E4480,0,0.5747240821012425,0.5085853,0.70323384,0.5865177,0.57357424
ID_667C83A33A,0,0.04756100933309589,0.057351675,0.038966514,0.05192725,0.022695785
ID_6447B69705,0,0.14256138908904525,0.1595161,0.14253336,0.13201869,0.07552768
ID_7E3854292E,0,0.2110481147428627,0.23644188,0.19300772,0.16927895,0.16058129
ID_218288A47D,0,0.14216282944002398,0.14830926,0.13204661,0.091947846,0.159763
ID_2528DCF697,1,0.5555987259199343,0.5276124,0.6290423,0.60205257,0.49614155
ID_05AF84ADC9,0,0.026139567333412307,0.026681036,0.022644125,0.02547917,0.03163594
ID_0DD2C9AA9B,1,0.6735726845431572,0.6236579,0.77818567,0.5973729,0.69344026
ID_6C67D55B36,0,0.26222402581010634,0.27658305,0.28224337,0.23319392,0.17122129
ID_6C1898ED5F,0,0.020515595535756173,0.023913812,0.015519005,0.02056248,0.01684457
ID_334CB62928,0,0.05469779232678101,0.05245281,0.053108837,0.05645382,0.0668332
ID_EE4476F1E2,0,0.11929272817259054,0.1092833,0.13880996,0.094423145,0.13059038
ID_BC4760072E,0,0.33550020705659606,0.37738767,0.24627331,0.32184762,0.35573745
ID_D2AA82EA15,1,0.825313247694087,0.83326054,0.7765543,0.8544565,0.88359773
ID_C0F8480344,0,0.08130987212000071,0.09158843,0.067270204,0.091217786,0.063646354
ID_10FAA01452,0,0.03536501802071064,0.03735498,0.03916467,0.026856728,0.022509154
ID_355374FB73,0,0.16752617592812744,0.19129369,0.13319653,0.122074455,0.16048256
ID_06585C4EC6,0,0.1469870282187175,0.15670322,0.11114545,0.18758902,0.16508837
ID_4EA6B0EBB1,1,0.25141600984571566,0.22583942,0.22145607,0.39614415,0.36073977
ID_76E62CC823,0,0.008682387902794334,0.009054104,0.0071440367,0.008819045,0.010350974
ID_A3503A9714,0,0.07044399818274176,0.029367944,0.0993238,0.12573373,0.15807506
ID_B805F23FE4,0,0.5486632631412383,0.5784391,0.553928,0.59713346,0.3903405
ID_982D1B2412,0,0.16224733619886236,0.14301153,0.1942753,0.16427061,0.1739976
ID_81EE788B83,0,0.053971057311209616,0.07570135,0.02591849,0.03388401,0.03101998
ID_0C21B47F59,0,0.7296378464030455,0.6879988,0.7713304,0.7256483,0.8180054
ID_1480921644,1,0.07727435367772865,0.09701681,0.052389115,0.073551245,0.048801117
ID_B144284C39,0,0.01681844659932244,0.020459047,0.011630072,0.011216849,0.014996151
ID_76B29733D3,1,0.5553351741496477,0.48849738,0.7024216,0.53008854,0.53343856
ID_44CE71A98F,1,0.3827273239128305,0.39841086,0.36820573,0.27233478,0.39568347
ID_B44CC95546,0,0.014117212056989306,0.015533488,0.010145619,0.01737449,0.015228284
ID_8167F3585F,0,0.022206238959813777,0.02497836,0.016933605,0.029205672,0.018744003
ID_036BAF09D8,0,0.3973640924013159,0.39830077,0.37616414,0.4921329,0.39756876
ID_4BC3ED02B5,0,0.03294037271445499,0.032721248,0.025586914,0.06294918,0.0365596
ID_38161CE3D7,0,0.026764746519561636,0.021496011,0.03520418,0.027238006,0.030732982
ID_AB5DAAF30D,0,0.05343839824626985,0.06160407,0.053480662,0.03521802,0.02676326
ID_31788A65FF,0,0.19931055263262454,0.22941013,0.1754586,0.18251108,0.130528
ID_A5D24B4CA0,0,0.43231062029457634,0.38252813,0.45060444,0.52191836,0.5645034
ID_2B5F43FFC4,0,0.03355818017033531,0.043731544,0.01926067,0.027971473,0.023646746
ID_365232565C,0,0.07216453097115987,0.094319254,0.04950091,0.055490803,0.03437125
ID_F1B2ACD623,0,0.035193965217668904,0.04364371,0.020267995,0.022823578,0.03687564
ID_D14AA441F1,0,0.24450106750895562,0.25846004,0.21610029,0.2868139,0.22795582
ID_35E3F8F273,0,0.1754958480704048,0.16971003,0.19636604,0.24900956,0.12314678
ID_408B674070,0,0.04241216771347953,0.034751028,0.054933988,0.09162218,0.026494512
ID_41CDE62337,0,0.1878507297707655,0.17458718,0.16350713,0.18281335,0.2983476
ID_EC8AF1457C,1,0.50884151163426,0.46104315,0.5773432,0.63075405,0.5108632
ID_887F73BFE0,0,0.027590954528005758,0.03378886,0.020646041,0.03380327,0.013573778
ID_BC1EA10BEF,0,0.05735881243119144,0.07051608,0.042905435,0.040265094,0.040180884
ID_76FE505468,0,0.0392820277321168,0.05183171,0.02004332,0.029681016,0.031671923
ID_82E7C0B1AA,0,0.2951403181652823,0.22212167,0.38385335,0.47570002,0.33488128
ID_0BFCC2B497,0,0.017856459073404888,0.020069765,0.010615021,0.029739622,0.018851444
ID_F0C1AA3881,0,0.013947056892633463,0.016567154,0.007612023,0.0198849,0.013869306
ID_79FC9BDF18,0,0.04172283210248716,0.04206025,0.043883163,0.04258198,0.035287555
ID_0827B07D13,0,0.014325381298071566,0.0141307525,0.013968373,0.02045803,0.01324088
ID_EC2418EE37,0,0.014321540714313165,0.019832151,0.004738404,0.009932318,0.013490912
ID_1B4E6EBD1C,0,0.03904559920376732,0.046208814,0.03354654,0.026909737,0.025843427
ID_83A558E076,0,0.01912548863851495,0.01634772,0.02266817,0.03283392,0.017295802
ID_82C4400521,0,0.022206817807809615,0.02346427,0.022021571,0.028314225,0.014625055
ID_F6505E63AF,0,0.044042308127235294,0.06402189,0.017247375,0.022695005,0.026345361
ID_14E227E6D2,0,0.016986321039764062,0.019934192,0.012727117,0.01635002,0.013935542
ID_22A15E74B3,0,0.100761786772206,0.11798065,0.075362,0.07559222,0.09341143
ID_ADB02C0460,1,0.4795281133946749,0.40219706,0.5444223,0.6080673,0.6112724
ID_7C173F9F77,0,0.057614952149038154,0.07699484,0.03247309,0.061772376,0.027790084
ID_DF5B85144E,0,0.030001821685653306,0.03755297,0.02068633,0.025773706,0.019898849
ID_141443B860,0,0.01466883429583122,0.013639212,0.016628245,0.015279195,0.014553236
ID_770112BE1A,0,0.19966010166889536,0.15915017,0.24249475,0.3063248,0.23256859
ID_2731AA770A,0,0.03963070626842884,0.05604364,0.017707886,0.02637095,0.023038141
ID_2961E1CC26,0,0.1280339529412464,0.17806895,0.06847558,0.08179237,0.064385556
ID_8B17851672,0,0.043729879016829565,0.049686726,0.04678338,0.029559415,0.01816959
ID_2A01E964C2,0,0.030929919557530685,0.041288935,0.01950545,0.028907863,0.012516753
ID_0E93532755,0,0.015653014178705186,0.020669555,0.006775579,0.013463577,0.014438771
ID_3ACCA11AB8,0,0.03414060041972401,0.04343112,0.019416746,0.03229449,0.027246073
ID_9C5136DC5B,0,0.06302608203895518,0.06395127,0.059323214,0.053849354,0.071057245
ID_1161D1B815,0,0.018149193835720653,0.020740371,0.013689193,0.01872216,0.016510218
ID_A9706A8118,0,0.11404047198720502,0.13793948,0.0763801,0.068476714,0.11363434
ID_EC251A0156,0,0.1379962910378107,0.16053286,0.101777524,0.13160534,0.12318293
ID_EC165658DE,0,0.07145668374254545,0.07352768,0.071775414,0.07906429,0.05870001
ID_101E982A17,1,0.7433775420694044,0.76450974,0.70987105,0.70022476,0.74470896
ID_CBA80E1724,0,0.714180287132568,0.7204577,0.7417126,0.7601776,0.6085282
ID_E57EC88F44,0,0.017084317704767923,0.022355689,0.008381792,0.019359166,0.012471375
ID_CA5EEE7616,0,0.017792661796302563,0.019103821,0.01620802,0.017935531,0.015585597
ID_7BE5F7E0E4,0,0.043949459023926524,0.048447154,0.03327698,0.064133875,0.039026655
ID_A9908C8ADF,0,0.017573793581510212,0.021092348,0.012453963,0.017433522,0.013739887
ID_64F2423BFA,0,0.027058171036593075,0.027936323,0.030095393,0.018581292,0.020525143
ID_3A5906E057,0,0.35360470375652864,0.28306636,0.42941886,0.4202232,0.46019492
ID_AD107F126D,0,0.014236733472732344,0.018437175,0.0059341653,0.0166234,0.0132453125
ID_262D6A1B07,0,0.02548487843838217,0.037284423,0.00864028,0.01665621,0.015574364
ID_CB1F4617E2,1,0.5030763280156729,0.5440378,0.43946183,0.52445686,0.45701718
ID_B0A958F417,0,0.04567509515074293,0.039963372,0.052575756,0.044766217,0.055419676
ID_B76EF0A0F8,0,0.04131352066947918,0.04756954,0.031982448,0.025517387,0.041762732
ID_C7C62B3F29,1,0.6475173431422763,0.63261926,0.66804415,0.6407275,0.66943896
ID_514ABEC266,0,0.05432910625904368,0.044097263,0.07919648,0.040405415,0.050319348
ID_047CAFDDA8,1,0.34230394205575543,0.3152647,0.33538666,0.31399915,0.48381007
ID_B0859E2EE3,1,0.3459505550274763,0.35228047,0.30443752,0.31085545,0.4235326
ID_B73F3D9B3D,0,0.06318070127602453,0.07649637,0.05382623,0.05729484,0.029509889
ID_E984779E6A,0,0.02670018612178455,0.032795094,0.01880582,0.022041623,0.019893842
ID_C4BA74DE41,0,0.16332786812765407,0.16573073,0.17801468,0.19904856,0.10609268
ID_D342EE06F6,0,0.05571874693367225,0.061801948,0.044649996,0.073582284,0.04595368
ID_74D82C42ED,1,0.2728258993611622,0.2837496,0.24971016,0.20937084,0.30388272
ID_05A7D3EAA8,1,0.3395392911028765,0.3885167,0.2622275,0.22594406,0.347805
ID_F123C40AD0,0,0.014237828594842752,0.01687167,0.009943091,0.012939941,0.012879469
ID_1084E5FFD4,0,0.04336536664149286,0.050727714,0.035395715,0.03103176,0.03470701
ID_477ABE648D,0,0.035341231622070916,0.03941032,0.0274726,0.04777317,0.029595591
ID_656C00F39C,0,0.2183036938152746,0.25054157,0.17258522,0.18180852,0.1959706
ID_3D50B8E6CC,0,0.012596315986828439,0.016579954,0.0067166584,0.0109755155,0.009071157
ID_ED70A03877,0,0.18242418521231996,0.18855362,0.12309729,0.25727293,0.2511408
ID_8840F7E585,0,0.11164232369508628,0.062635034,0.16266905,0.21689418,0.16352336
ID_EE4610040D,0,0.15188418241764753,0.12575805,0.15842083,0.15223786,0.24817732
ID_741D259B59,1,0.6019846412788523,0.56740737,0.5934669,0.68922514,0.72843003
ID_7D45A4D913,0,0.11626623043248334,0.15402347,0.07921467,0.065639704,0.058164403
ID_011A739D63,0,0.08882544982280333,0.074453816,0.096533336,0.1286202,0.11571214
ID_A613815803,0,0.15728379019987465,0.16063169,0.12872611,0.18047522,0.194277
ID_4941C3AA6C,0,0.04829737616449541,0.056009263,0.040039074,0.03217866,0.040430196
ID_37AD9CD014,0,0.020814389739387047,0.022431862,0.016933113,0.034350056,0.016400598
ID_8B3C7FBC8E,0,0.12163439795463386,0.12081077,0.13013677,0.09326587,0.11924472
ID_E0E7177DFF,0,0.10028076126385752,0.1155968,0.05710027,0.0815928,0.13629168
ID_BC199A8BB3,0,0.027467096495091464,0.03274714,0.023393556,0.015264788,0.019198649
ID_E677E85A28,0,0.5306531122675698,0.54429054,0.5295545,0.50719136,0.48557383
ID_7E6EAD846D,0,0.022028094073005475,0.018199643,0.028758995,0.025226463,0.022383424
ID_68A03B3972,0,0.1298532008352797,0.14040677,0.09454604,0.20860444,0.126638
ID_843978524B,0,0.016433575860056927,0.018661486,0.0136576,0.016523879,0.012928636
ID_83B7ECD9D4,0,0.04691069792661628,0.05718226,0.03046788,0.0443407,0.039870895
ID_8BE916DC50,0,0.01737832581855006,0.020415256,0.01298848,0.017036656,0.014102786
ID_A9BD6AB577,0,0.02168080636058548,0.021363553,0.017007051,0.020776484,0.033442006
ID_2BA049BFAF,0,0.02674045503588038,0.030769449,0.019341948,0.03732341,0.020961875
ID_E15E798EE2,0,0.03482932671191423,0.041455198,0.027679136,0.0147561245,0.030900937
ID_F26B6EA992,0,0.017815816672589177,0.018145032,0.013695151,0.017525075,0.025389673
ID_5D511EE491,0,0.013098244240699474,0.01935771,0.004617105,0.009557092,0.0063676923
ID_6806AC00D0,0,0.023672190624351767,0.026710827,0.017819488,0.022016035,0.024100365
ID_D74EE0A561,1,0.5672141584300608,0.60920614,0.44743785,0.5614542,0.6490998
ID_1BED67B74E,0,0.06349258533188898,0.06790088,0.07079112,0.069450594,0.026599986
ID_E56B672483,0,0.3442666569283463,0.41229475,0.22881597,0.4495568,0.25837785
ID_5DC6765D00,0,0.07642825407441241,0.105335124,0.031380653,0.055081286,0.060137343
ID_AFBB8FCC4E,0,0.010119179201485085,0.012291242,0.006539946,0.008405074,0.009359976
ID_735D0A58B9,0,0.03478459867485399,0.033073254,0.037582304,0.032469064,0.03702873
ID_E8476EA2E2,0,0.03322425869190075,0.03326007,0.033503518,0.03792314,0.030425537
ID_8A8FA198DA,0,0.050751933888958586,0.059497066,0.04312809,0.044579126,0.032819442
ID_529A4473EB,0,0.20963599458537413,0.2761284,0.11874978,0.14209443,0.1528862
ID_F319626299,0,0.2752916899488801,0.24983062,0.27495423,0.3366407,0.35693002
ID_7F1C56026C,0,0.026514976777425935,0.023674712,0.030361094,0.032665107,0.027593357
ID_88DC6D7DD9,0,0.0392314257488032,0.04469412,0.026953205,0.04232053,0.041124716
ID_9CE1515C56,0,0.016050406907765973,0.020363152,0.011674255,0.010258223,0.009726885
ID_A900DCB797,1,0.16256670445934795,0.18421537,0.13363184,0.18545754,0.12311905
ID_FE9F397DD6,0,0.008857213825065331,0.011359145,0.0046724286,0.010009891,0.0067525394
ID_4ECE0181D5,0,0.022932501369626476,0.024565956,0.02160129,0.019908553,0.020199487
ID_194410FA23,0,0.07957440634147009,0.085566886,0.05330964,0.11432177,0.09542977
ID_8F9EE7AD78,0,0.17723909216603895,0.20360038,0.16223285,0.14232059,0.1131866
ID_41D85D357D,0,0.289965943055461,0.27763322,0.2719882,0.28780264,0.3816189
ID_42882893A3,0,0.016428030760329435,0.018210126,0.0136073,0.023036135,0.012062979
ID_0F6BCEDA7E,0,0.052249870989108466,0.048398376,0.05782608,0.046488684,0.059085067
ID_A8690F3459,0,0.34075416460365826,0.3530292,0.30788022,0.37797597,0.34314364
ID_C7AE073E4C,1,0.543647844424514,0.50194174,0.5939552,0.6546691,0.5636855
ID_B40AFFD205,0,0.009124068091274681,0.011321123,0.0063266284,0.0065724677,0.0069472566
ID_51AD44BB57,0,0.0776796582095176,0.104087755,0.03990029,0.06291002,0.05349628
ID_D10DBD9CD8,1,0.5467072599526452,0.48515677,0.63137394,0.6099302,0.597785
ID_A6B8BF27DF,0,0.0425816534159993,0.042011417,0.041957997,0.04158814,0.046763647
ID_36D10DFE40,0,0.08011751992027372,0.09458362,0.056311913,0.060797583,0.07843711
ID_79C5D8315B,0,0.1380999310617426,0.12881285,0.17275764,0.10417488,0.117813155
ID_32E75EC001,1,0.08745858450138555,0.11554875,0.061458714,0.042616382,0.044003822
ID_DC936706A9,0,0.10560549137716468,0.11562076,0.0962087,0.08284489,0.093336314
ID_052F46BE10,0,0.10148204243785082,0.07833879,0.14449383,0.13666178,0.091739886
ID_7E0D1D8452,0,0.08565575683405319,0.09466518,0.07750183,0.080064036,0.06748954
ID_B94F86A446,0,0.020831293764120636,0.028190503,0.0125182625,0.011691998,0.011530362
ID_39A799DC81,0,0.1526433131820082,0.18775858,0.120681435,0.12187854,0.0861369
ID_62E5FA6D1A,0,0.014853351044853509,0.02041976,0.007091317,0.008447334,0.01075952
ID_53371A920F,0,0.03493495794792684,0.047951464,0.017069582,0.019697785,0.024861926
ID_6164E43733,0,0.03789020358401074,0.033442233,0.050689463,0.04052219,0.028094847
ID_3F5CC7E9EE,1,0.4060162790505211,0.3298949,0.48043916,0.5784718,0.49306262
ID_D577DC5902,0,0.030699675135985875,0.037244383,0.023911187,0.02352719,0.020715086
ID_DCA36D5227,0,0.13745578436160327,0.15737855,0.10196046,0.20642714,0.099291615
ID_7D1583AE4E,0,0.014512119939794763,0.018251618,0.009177298,0.012293999,0.011110916
ID_DC80B75DFB,0,0.3191065808569136,0.36268288,0.26967472,0.22539325,0.28173855
ID_AE2763CDE2,0,0.02246511097144803,0.024091376,0.01736737,0.025307195,0.025284944
ID_3755450E5E,0,0.7096198186773208,0.7104169,0.717195,0.60947806,0.7336526
ID_D7C3151AB3,0,0.039922434669437644,0.043728888,0.03359613,0.04115982,0.03685866
ID_75601DE622,0,0.11135432944859203,0.13067925,0.09037401,0.12049711,0.0706619
ID_AA187DA139,0,0.01842821807356285,0.026214587,0.007859375,0.013869636,0.010163257
ID_85E59B75AD,0,0.017078601399723,0.02071293,0.01156948,0.014477256,0.014663018
ID_9C992D8D55,0,0.016012256204045252,0.02055185,0.009382422,0.013321367,0.012212001
ID_30FA6F087B,1,0.09217711183894538,0.10814946,0.08144584,0.05818973,0.06247604
ID_0CE5472454,0,0.0838907344291378,0.08348575,0.09479699,0.08443176,0.061972532
ID_F2F9B5D2AA,0,0.062440329265718936,0.06345703,0.056522723,0.043049183,0.079287864
ID_D8D50CC055,1,0.0789361605537315,0.078142636,0.068725675,0.079508625,0.10394414
ID_8675B8EE7E,0,0.027675540134160848,0.025875475,0.033930097,0.038552355,0.017128974
ID_5FF2958D07,0,0.0715171427479072,0.09451437,0.034630712,0.046304654,0.064392604
ID_DB555EE90D,0,0.07910319620028951,0.10257126,0.05301491,0.08176153,0.034675937
ID_1F40619EDB,0,0.026170534170919753,0.03369661,0.018617759,0.013273714,0.016171161
ID_E47B8C1660,0,0.02259716833368629,0.026615964,0.0174902,0.015873779,0.019490123
ID_4CF1FA54AF,0,0.017670654146558076,0.023356177,0.008621112,0.018267553,0.012782361
ID_FB18568378,0,0.045840511274991974,0.05738377,0.029203331,0.023364684,0.042517606
ID_37277E7DA0,1,0.628186102886297,0.5736681,0.76306826,0.76623094,0.50919706
ID_987E3D39E9,1,0.2571654052868485,0.26874757,0.215171,0.34763998,0.2588354
ID_0FFFE0C3D7,0,0.0190096557191574,0.022353876,0.01139957,0.020829774,0.020400122
ID_2B99D38654,0,0.2158283862169061,0.23078644,0.22081108,0.17243424,0.16080886
ID_B6E8421AB7,0,0.02498450130641682,0.03305749,0.015719844,0.018431978,0.013579227
ID_A797D351F2,0,0.12256111373290787,0.097298905,0.16025303,0.09017472,0.16264252
ID_D3360CCC25,0,0.017180331208265873,0.022557365,0.008439691,0.009109066,0.01671231
ID_6B4983D4F7,0,0.29520367479916026,0.24973492,0.39663672,0.36673003,0.23869851
ID_BBE057572B,0,0.09006874975330535,0.09948903,0.079339065,0.056767844,0.08776909
ID_4841986979,0,0.045004151164232856,0.062016733,0.018602379,0.037372224,0.033030584
ID_54D6A0F651,0,0.014706109200923544,0.015346713,0.014776548,0.01570022,0.011413012
ID_E0A9153B95,0,0.012615537157297334,0.014314487,0.009567375,0.010321109,0.012970575
ID_D48093B71D,0,0.03916909990233544,0.046737265,0.034198817,0.035226274,0.019549021
ID_776E227F47,0,0.04687068565451,0.047724515,0.053392064,0.037087027,0.033536352
ID_61075B33F5,1,0.05487372977429715,0.06696236,0.039544266,0.04392913,0.04141314
ID_2DF8468312,0,0.010096456727923895,0.014079454,0.0040140315,0.0063930773,0.007916766
ID_EE450D54A3,0,0.42347281042683627,0.35472268,0.5390345,0.39334542,0.47941265
ID_10F9AA70DD,0,0.10024285720194459,0.1147164,0.07634958,0.15413912,0.06680366
ID_9F925889A8,0,0.011219771582741133,0.011570474,0.007783628,0.010307234,0.017505467
ID_C18331E3FE,0,0.017629203440626892,0.022114825,0.007877805,0.019531593,0.01875091
ID_3FEB02EDFE,1,0.14825897421038653,0.17746824,0.109414175,0.14923894,0.10765152
ID_A41FC01D80,0,0.014675880010646878,0.019016884,0.008708066,0.009695958,0.011293035
ID_E71D76C59C,1,0.06030921674838456,0.0799807,0.031158682,0.036127992,0.050203275
ID_2031F507E8,0,0.02772116086497177,0.026487045,0.030788297,0.037117634,0.022264145
ID_1CA5626901,0,0.11730254240718177,0.14129473,0.08895346,0.08834699,0.08928938
ID_7451EE619B,0,0.013719345121782587,0.017487241,0.0069799256,0.0147798145,0.01178188
ID_39A70C42F8,0,0.13615471520806788,0.1351802,0.15536909,0.09832222,0.11555036
ID_150DAE05F6,0,0.0101732844975197,0.011219049,0.0075513823,0.00741189,0.012579374
ID_EFD7A7C0F1,0,0.020749158820552505,0.024036,0.015324454,0.013366048,0.02170618
ID_613E0D597B,0,0.11766987896435091,0.13522929,0.11540692,0.07282949,0.06782397
ID_9ADB6CA682,0,0.13456592256952948,0.14221005,0.12368544,0.10774177,0.13727657
ID_6FE8278649,0,0.028946496374396335,0.040148936,0.014656953,0.016664885,0.017585088
ID_31CFE20D95,0,0.02374578675909996,0.035843596,0.0072748344,0.015639987,0.01145752
ID_EEBC3A8DAA,0,0.5196387413049344,0.52908844,0.5503057,0.38204372,0.47387818
ID_D944DFD7CA,0,0.1899227031434475,0.16144659,0.21260928,0.21971703,0.2486761
ID_AA26FF3F08,0,0.21161900329874883,0.22907004,0.17223638,0.25523472,0.20329727
ID_F9B3E43282,0,0.05649975252933337,0.06742949,0.049532104,0.041995566,0.031554222
ID_890C96ADC9,0,0.04750965884377023,0.059015635,0.02786905,0.049737718,0.040018395
ID_2B1D313BF2,0,0.053096475890264144,0.06191074,0.03969693,0.054856498,0.043803018
ID_71D885426A,0,0.026895052177424075,0.033524286,0.021186814,0.023171052,0.0127326315
ID_8C509BB33D,0,0.036305867458054565,0.042411704,0.02605619,0.03632455,0.0324668
ID_376135CAE5,0,0.029622039056896733,0.040581945,0.012718833,0.029566487,0.019563222
ID_DDA033288D,0,0.013653916424856444,0.01833589,0.0049341046,0.01142668,0.013532685
ID_5A34512E71,0,0.06734878035529085,0.08435907,0.046395544,0.057259664,0.04476848
ID_8AACF2DAE0,0,0.028034388061508174,0.030984178,0.023593722,0.035281252,0.021928426
ID_B5E05DD68B,0,0.015967908489301012,0.014076509,0.017571317,0.012721521,0.021940988
ID_4DD2C74EBF,0,0.11442327231052354,0.10544218,0.13887265,0.15913165,0.08046353
ID_E3E6E6EF8F,0,0.03441809508995823,0.037869547,0.032124225,0.03182304,0.025876075
ID_268F949B07,0,0.46765420852492834,0.31749722,0.6193024,0.6801238,0.6846482
ID_38800D438C,0,0.3273968807129466,0.3030062,0.3489149,0.30530295,0.39400092
ID_FE40D1E343,0,0.06166065566842207,0.08155904,0.030328903,0.03796131,0.055064138
ID_1E3F238A37,1,0.4632529260430404,0.45675483,0.4768729,0.48086083,0.4538375
ID_830881D8B0,0,0.026449762670626847,0.031409655,0.017274642,0.02722098,0.024823038
ID_B7895C06FB,0,0.367033898397104,0.3356824,0.41100943,0.44820157,0.3698849
ID_EA99F182CF,0,0.27343217222809335,0.20820582,0.3566835,0.35671097,0.33434615
ID_1002BDAF4F,1,0.6114189252144477,0.7689515,0.42428696,0.38277772,0.44640356
ID_5854B91C9B,0,0.08605062520451623,0.10321867,0.056003768,0.06709312,0.0861756
ID_A234C6E8FD,0,0.03199707525534805,0.044788443,0.01694326,0.022532528,0.014328663
ID_2C972E799C,1,0.6783147389500683,0.68256843,0.70544755,0.7358891,0.57702994
ID_FEED8BA391,0,0.12349567714275374,0.14452013,0.1057846,0.13342465,0.06826162
ID_8969EDC090,0,0.10108214932248692,0.11471734,0.08057141,0.077047415,0.09790254
ID_CD449B3D89,0,0.012507446837875774,0.015376285,0.008539423,0.014884044,0.007852899
ID_49155A8C31,0,0.01793458289565293,0.021089489,0.01400154,0.016809907,0.013521647
ID_563BD9016A,0,0.04649825328468461,0.05389855,0.036070164,0.031634726,0.044055775
ID_E6F4FF0DC5,0,0.09592689662528522,0.11550952,0.06358238,0.075928725,0.0912246
ID_89DD3B08AC,0,0.3787294489651001,0.36563542,0.34237656,0.4011643,0.502295
ID_004CEE20AD,0,0.02918725147726814,0.040364552,0.01649499,0.016655758,0.014614773
ID_6AA74FDCE5,1,0.19201627711709884,0.14889385,0.24400458,0.2668283,0.23022066
ID_4022B2DDB3,0,0.007972801519058551,0.0096193245,0.004544008,0.0064557153,0.0090271495
ID_DDFF9AEB22,0,0.07184670819822556,0.08390067,0.05388972,0.092529245,0.050382495
ID_664E8E37AF,0,0.03780902621487282,0.02718953,0.05612535,0.03187325,0.0460089
ID_DBB46F4FC0,1,0.45733847193408445,0.3540173,0.63039726,0.42369995,0.5376497
ID_E41E886CAE,0,0.12304220031993816,0.12759915,0.12635393,0.12153243,0.09732828
ID_0C9816A8C6,0,0.013914181342249185,0.018210074,0.00816123,0.012500774,0.00870652
ID_030CB94C6B,0,0.013518797285743338,0.018261092,0.006391579,0.0076834145,0.011299091
ID_944C6F43CA,0,0.010284743647639384,0.012451079,0.0063994355,0.0066529154,0.0110422615
ID_A250E044A7,1,0.6995922501235461,0.72844476,0.73306286,0.6279495,0.53702796
ID_CFA5B4A2EB,0,0.10828670990718331,0.1320691,0.07745831,0.11136233,0.072516404
ID_6C7E4C109B,1,0.3481919299673454,0.3198284,0.43603665,0.3629102,0.27327192
ID_731A65565D,0,0.03064851468942218,0.030053658,0.0354814,0.01982373,0.027515424
ID_D0BE14929D,0,0.03868198242433961,0.05582818,0.018806372,0.019162908,0.017326018
ID_1EF4DA01FD,1,0.08184476711739061,0.09485079,0.04981291,0.1285122,0.075219624
ID_1242E72497,0,0.011442824227662966,0.013374725,0.008575117,0.0118805785,0.00923481
ID_D00D7BA518,0,0.011167558695409831,0.014529227,0.0053788144,0.012043621,0.0089888545
ID_418996825C,0,0.05170556758729313,0.063945316,0.030712929,0.041958883,0.04923177
ID_25FB24137A,0,0.030254337616747735,0.034407217,0.02539016,0.022518003,0.026501095
ID_240C53351F,0,0.01590690552684129,0.01917426,0.011156921,0.012476799,0.013775859
ID_662FCADB34,0,0.07946302718557278,0.10193235,0.043437645,0.05899909,0.0706537
ID_8F42D12354,0,0.027350170523254995,0.03835449,0.012748302,0.023529723,0.01380816
ID_45A58CD39C,0,0.011219084124894902,0.014458171,0.007017405,0.0079922145,0.00794281
ID_33C2FF1379,0,0.06113807876413682,0.072811134,0.049722932,0.06867868,0.03298035
ID_682EF4482D,0,0.04347640312869757,0.053432446,0.03297014,0.03811144,0.02625469
ID_F1DC0556D7,0,0.04450981221353036,0.042602245,0.040372655,0.068874,0.050829582
ID_47DEFC67EC,1,0.1412961155141304,0.18375999,0.07766668,0.10021296,0.116144806
ID_44DE46598C,0,0.3408266002479667,0.32835147,0.3638393,0.3450984,0.34234902
ID_1906D8DE6A,0,0.01389703209351905,0.015486463,0.012920243,0.011852334,0.010163037
ID_909A8EBE26,0,0.02158223020609428,0.031337153,0.0074651577,0.015691893,0.013185387
ID_08425A04BA,0,0.057112338393815625,0.051295795,0.06484102,0.10025092,0.046323415
ID_C717AD13D6,0,0.07576388700358663,0.07822474,0.07892259,0.097254366,0.049215186
ID_44C7A00B5F,0,0.028135393875323784,0.028015314,0.022839727,0.048900668,0.030951025
ID_F3D689564B,0,0.12032556748030934,0.09994378,0.13188599,0.19075099,0.15100887
ID_FF6EDA2554,0,0.17735107928842678,0.20821255,0.132866,0.17156854,0.14480425
ID_9CB3C5AAC4,0,0.1499750607157212,0.1312859,0.1607644,0.100838974,0.22727305
ID_4927CFA836,0,0.024624751641510963,0.03283872,0.014521406,0.018133197,0.014395838
ID_A79AE68718,0,0.03286647452813962,0.0394598,0.017477283,0.027335398,0.040409982
ID_2F691690CB,0,0.14871916092470586,0.15236636,0.14155225,0.1406655,0.15218195
ID_C6D7742B17,0,0.018827520764103788,0.022663988,0.013428874,0.022508897,0.012581586
ID_A3A266CFB2,0,0.01730685203827744,0.022496302,0.008188615,0.011588586,0.017416278
ID_A9CC679EF8,0,0.040927920833908886,0.05064146,0.028554346,0.027669556,0.0321779
ID_51F85B47C3,0,0.02238064651976436,0.028615292,0.01195627,0.018044064,0.020270161
ID_1627CDB89C,0,0.08285705015348468,0.10524457,0.053597104,0.08280828,0.050982133
ID_F5B3B05D07,0,0.01361335159355073,0.016410142,0.008174031,0.01085393,0.014658306
ID_5DF01DDBCB,0,0.01439755589555159,0.015426524,0.013168467,0.022865484,0.008992045
ID_CAC1C8886F,0,0.31908434844138744,0.2384883,0.47481957,0.28095457,0.34242517
ID_308889AC7E,0,0.03475922719178015,0.025840415,0.04864717,0.0522555,0.035053156
ID_70E2AC72F9,0,0.2960151234670651,0.34512556,0.23362264,0.2592329,0.23823205
ID_5E072F34B8,0,0.011433671122931144,0.014343654,0.0074261334,0.008560209,0.008978445
ID_B73B4B4209,0,0.5152753750435682,0.43023407,0.61939555,0.5991296,0.6149566
ID_1822A56E32,0,0.012262775692249445,0.013647535,0.009727714,0.014021866,0.011078711
ID_CE062F3D10,0,0.015389466670320323,0.019072553,0.008940359,0.015014251,0.013813684
ID_B37A0F00C4,0,0.3262276454607659,0.31519163,0.3753483,0.27987108,0.28773075
ID_8435C092B0,0,0.03626564720827963,0.042653587,0.024247788,0.049373038,0.029321197
ID_92936E99D0,0,0.06270974840859803,0.06875591,0.058840897,0.074326694,0.040379893
ID_D3F236EC13,0,0.013237488295583816,0.015349061,0.011678068,0.01191739,0.008229654
ID_555266A0E9,0,0.009622964286795578,0.011631097,0.005491511,0.00830155,0.010570286
ID_5A78206B49,0,0.025480771824968364,0.031441353,0.013947989,0.015277354,0.029464114
ID_5A1F1096BF,0,0.019634791474252532,0.028100595,0.008702938,0.011623478,0.010780732
ID_CFC23F48C2,0,0.03884019605583666,0.043586295,0.034163054,0.03575716,0.030149039
ID_1FDE2E4B07,0,0.02405695033848842,0.029933963,0.014197083,0.017807588,0.023081519
ID_9631717FC8,0,0.07310722360945883,0.06712984,0.080238365,0.11381415,0.0653401
ID_114DA64119,1,0.13023716410279051,0.10285808,0.16483924,0.1777315,0.1510768
ID_BE513D82B0,1,0.2162419690875051,0.23428749,0.20351973,0.19818997,0.17509939
ID_0738678CEC,0,0.07366271757716061,0.07629798,0.069565766,0.04691547,0.0829676
ID_A994E04982,1,0.6043986537171717,0.5817442,0.61220384,0.672012,0.65397257
ID_D36F92199F,0,0.2332429879307421,0.22546142,0.20168872,0.32029718,0.29588455
ID_3DC033323F,0,0.44002554588187076,0.39862424,0.49288842,0.5717217,0.44428036
ID_8EBC7E5729,0,0.010791251625944426,0.012561718,0.0071375524,0.015494544,0.00909247
ID_E31ADD9A48,0,0.03522787380680818,0.043710947,0.022726318,0.028563907,0.029080607
ID_5529D221AE,0,0.030543987902110603,0.027591294,0.035632364,0.051107313,0.023150211
ID_B6689F1B59,0,0.010525368427446044,0.012737627,0.0071921027,0.010483095,0.008339826
ID_E8EA32AA77,0,0.012987404421719455,0.016188012,0.0067959474,0.007698438,0.015040934
ID_C84143DBCA,0,0.0692066952758455,0.075896084,0.05178706,0.0459801,0.08841305
ID_1B61D33954,0,0.029242824122163877,0.033344872,0.029196722,0.023292532,0.014590826
ID_3C8D8F9E2A,0,0.4441306157081069,0.42116097,0.47413483,0.5309379,0.43905187
ID_A9D9ED5947,1,0.17110703581777267,0.1860554,0.13569832,0.12601718,0.20351027
ID_B5854AF8D1,0,0.021859407015024326,0.025190698,0.015896197,0.017256146,0.02257186
ID_D506B32C88,0,0.6038338559323785,0.59127945,0.6154485,0.54119945,0.65930605
ID_2B7C6F8EE7,0,0.010438133611686941,0.011755411,0.0072034285,0.012360151,0.010969169
ID_72E5F03B97,0,0.0159509971003258,0.014308054,0.019354569,0.018019063,0.0146954395
ID_9FE4676E9E,0,0.17511705022267882,0.18750525,0.1683732,0.13366313,0.15527223
ID_8ADA25B978,1,0.4801012121593874,0.3898559,0.48857385,0.6265545,0.7796705
ID_98327A8B81,0,0.07396799764382653,0.09349121,0.049145207,0.05230038,0.054109953
ID_13C4B655BE,0,0.028492235754900553,0.032592412,0.024808824,0.020742983,0.022434635
ID_079FDCFEAE,1,0.868528388843267,0.88164407,0.8620723,0.84678894,0.83639663
ID_81DFC22B4B,0,0.028199380282184286,0.026571749,0.02935834,0.030626107,0.0315376
ID_992AEAA76A,0,0.07441847140919167,0.08215251,0.045488473,0.08306694,0.100003816
ID_C4EFE3611B,0,0.06994954755508674,0.08390814,0.06090589,0.03691366,0.044728413
ID_C31506B3DD,1,0.2948693058897687,0.29417476,0.32299796,0.21493645,0.27231118
ID_C42A8859D2,0,0.02962736025272376,0.041983332,0.012304054,0.014446158,0.02116008
ID_E8EEA9CFBD,0,0.09606569740815557,0.10552041,0.08497923,0.12704419,0.066366
ID_B527397089,0,0.04391884293389966,0.0627643,0.017367752,0.028823698,0.027768897
ID_8C12DB0A51,0,0.04735767770965055,0.046028797,0.045703884,0.048468653,0.056039806
ID_0B11529029,0,0.022330839849328314,0.028816113,0.013816316,0.015269251,0.016251696
ID_16881FF23B,0,0.20799071345159442,0.20519872,0.23369728,0.18982227,0.17257328
ID_F38DA29F3F,0,0.014127239180222115,0.012950209,0.016005535,0.019836606,0.012586233
ID_E55FB60F00,0,0.33995227312465476,0.37513328,0.3376715,0.32611966,0.20211889
ID_770BDF12AD,0,0.08249476614850093,0.0714572,0.12018204,0.06304278,0.056802016
ID_A97C32A3CF,0,0.021756236441368492,0.029973578,0.012791592,0.013497737,0.009840687
ID_22F68FF807,0,0.35816979672249327,0.30505407,0.4423089,0.43236208,0.369933
ID_1C9AA37602,0,0.07273223899745468,0.094839744,0.04819728,0.06850649,0.033726618
ID_DCCFD6C355,0,0.23381538787894385,0.277186,0.15957247,0.25511843,0.20040229
ID_333BC68BB1,0,0.09208308385497799,0.105527155,0.08200792,0.061003603,0.07039734
ID_A65A790B76,0,0.04398413197727877,0.057457708,0.027896747,0.03306167,0.026283741
ID_7EFD6868E5,0,0.05159079135574021,0.067299694,0.030424172,0.05348947,0.029745314
ID_97E9B539DB,0,0.013010739599026525,0.015124424,0.009753935,0.00972469,0.012491964
ID_27B7618077,0,0.040300448364159136,0.057127077,0.014174745,0.02182939,0.0332458
ID_4C4D74C148,1,0.3789369372503012,0.39173117,0.38355693,0.38414153,0.31266022
ID_37FDD3E0DB,0,0.15982309321328478,0.20014021,0.11153944,0.09889357,0.11948219
ID_F325280BF2,0,0.11667718225829155,0.10753707,0.15219425,0.074530885,0.097509295
ID_FE915A19C1,0,0.2658760740938138,0.3042719,0.20163152,0.20309141,0.26870492
ID_696A69158B,1,0.30254362975394566,0.38029405,0.23575333,0.20083633,0.16139719
ID_12745BBD06,0,0.19257232391317106,0.16572121,0.22241478,0.234006,0.22403118
ID_00FD101AE6,0,0.23713325664991708,0.3082237,0.14359944,0.14366384,0.17792311
ID_3D0350E6FF,0,0.05030865017651994,0.04374248,0.04553747,0.12774542,0.05455171
ID_2594EF475F,0,0.05202864504044813,0.056705926,0.053116683,0.035107847,0.03729369
ID_E938F70D6A,0,0.051542591166102936,0.067819834,0.030499656,0.036216814,0.03453694
ID_B964AE0879,0,0.5228181626349352,0.48852313,0.59570146,0.5792636,0.4868825
ID_046088D6C9,0,0.01143924025844565,0.013609006,0.007803016,0.009714395,0.010816683
ID_EF86D44610,1,0.09526225685272285,0.087835185,0.076469116,0.13672756,0.14890382
ID_B354CDFC6B,1,0.5996818577405889,0.6000447,0.6222608,0.5679989,0.5635248
ID_B00E2CBCD8,0,0.1977121411093456,0.20111911,0.17709585,0.295427,0.1849355
ID_D29EF17E59,0,0.017635566653469714,0.02285519,0.009428974,0.010224132,0.016399922
ID_F03DE4D759,0,0.016673671026572433,0.021394761,0.010380651,0.009134846,0.013496745
ID_6B80D611FD,0,0.04419583692547512,0.05483247,0.03616656,0.03203032,0.021747474
ID_CEEDB8BE3C,0,0.22318333321298195,0.22059442,0.21061274,0.4144744,0.17770994
ID_E81AEF5AD7,0,0.3426342399280806,0.33163005,0.39045316,0.43979335,0.24423572
ID_9794331185,0,0.013734575364190149,0.0136391735,0.014447506,0.011932131,0.01339437
ID_3E7E982B88,0,0.08583587859853523,0.10425541,0.06712314,0.08309803,0.049286414
ID_F11BB92DF1,0,0.11197680739334172,0.15060712,0.062280327,0.07710188,0.07044144
ID_7AB90FBE8B,0,0.01541626628401582,0.017437872,0.0150175905,0.012665095,0.008922771
ID_3298AD46F6,0,0.019019675033528603,0.025463764,0.009045924,0.01773385,0.013727134
ID_FDE3BE5869,0,0.013420786916188945,0.01710372,0.0069534853,0.012249431,0.01223172
ID_2651BAB38F,0,0.12668737826553522,0.15473065,0.08436552,0.11403585,0.10441071
ID_8FA3168145,0,0.07748323242105269,0.08847952,0.082025945,0.053522196,0.03168802
ID_663A8A8FD3,0,0.03165300194994584,0.03741599,0.02685012,0.024924362,0.020521011
ID_5E6FCA4763,0,0.010976081003169224,0.01334331,0.0067469385,0.01738862,0.007243311
ID_1F2ACEEE93,0,0.06712820033823551,0.06727598,0.07293433,0.05979241,0.05724648
ID_E4256810FB,0,0.012302093327055124,0.01784236,0.004178689,0.00796451,0.008192323
ID_DFA7DAC8A8,0,0.03525517217402686,0.04365465,0.023713294,0.023993665,0.029406883
ID_C64A125EC8,0,0.04203120000496151,0.042077836,0.0411992,0.03885969,0.045001194
ID_3020DE0C56,0,0.015067652248580074,0.017678311,0.0105073145,0.023818597,0.009996703
ID_12E019ABFA,0,0.1595566291476026,0.15111403,0.16751245,0.15960255,0.17816855
ID_0285D5F20D,0,0.05450031474460941,0.06790356,0.04255542,0.039137196,0.030147038
ID_FD626A52A7,0,0.047997654665193804,0.050924487,0.03400461,0.040302075,0.06899284
ID_090141AF65,1,0.7209038540024841,0.7105592,0.64722186,0.8362837,0.8724028
ID_C69D1812A6,1,0.23758061862766283,0.21705826,0.22645833,0.31862432,0.31288588
ID_6E91A24692,0,0.011418218312282945,0.013466332,0.008908036,0.009412114,0.009017198
ID_48AD419CAC,0,0.013428258670573404,0.015831912,0.00788693,0.018055491,0.0131344395
ID_A37B3DD328,1,0.21352922724199594,0.1969567,0.21745627,0.16772619,0.29514477
ID_2D1F508E60,1,0.06984048286791726,0.06908347,0.07129315,0.08792634,0.062041543
ID_28BB88BBA3,0,0.36345077742873166,0.35260752,0.40008104,0.43254957,0.300604
ID_9E3B81C06F,0,0.22246639659726225,0.25455892,0.18885174,0.19807342,0.16950884
ID_61126456A7,0,0.13684133818120098,0.16576299,0.10700148,0.16792122,0.06501298
ID_48F8BE2510,0,0.025794329360752186,0.026834864,0.019576097,0.029246712,0.033228308
ID_4CFF71D66F,1,0.34850943212545765,0.31287363,0.3868772,0.50364655,0.34926102
ID_123C3EA1D8,0,0.014205250777332557,0.013184158,0.017379101,0.0153328255,0.011223063
ID_CA44843A73,1,0.8477552266189624,0.89532834,0.81064296,0.8140643,0.7408969
ID_FBF552B6E2,0,0.04094029279688527,0.04692398,0.030436354,0.028499525,0.043594263
ID_456A289BC1,0,0.4078813006878922,0.3418806,0.43699533,0.47656408,0.59456056
ID_D5592AFE70,0,0.024832802212010285,0.029125439,0.017754652,0.017932624,0.024873277
ID_B749B2A769,0,0.37094101332680446,0.2956155,0.5316021,0.21520798,0.41269416
ID_04EA2E47C8,0,0.5825380670738959,0.55410874,0.59282875,0.57560563,0.6836932
ID_B51C504A85,0,0.16410588570991141,0.1968834,0.15289696,0.09588546,0.0792947
ID_9EFF307917,0,0.11234258994123147,0.1138182,0.11499813,0.10928187,0.101741135
ID_D200FE9010,0,0.09338090078720193,0.10933753,0.06018312,0.05820556,0.1124565
ID_090579AF00,0,0.01790157679720119,0.017329417,0.017950602,0.02176679,0.018530803
ID_7223303538,0,0.01194588343186621,0.015626041,0.0065369443,0.007251659,0.010033925
ID_3CCFDC6A3F,0,0.500512003141735,0.510292,0.5020319,0.40858144,0.4959721
ID_8F57931EEF,0,0.05177546014997478,0.06870505,0.026222697,0.04939683,0.036041666
ID_322F607DF3,0,0.05885781302572742,0.059944585,0.06562974,0.04702592,0.044893917
ID_25A1F1B252,0,0.012349292465137884,0.014045782,0.009887303,0.012648514,0.010326758
ID_2612A094DC,0,0.04482464555150499,0.05871964,0.024609208,0.02743147,0.037017986
ID_93F2B81AD8,0,0.019017904774829977,0.021738667,0.012784181,0.01853066,0.021097928
ID_8ECAB100E6,1,0.5746815432826853,0.5281428,0.64838266,0.56100386,0.6193286
ID_B11E40D686,0,0.031414236718361986,0.03646755,0.026096497,0.043104935,0.016358266
ID_DBA95246F0,0,0.10851267882105978,0.13580197,0.06997251,0.101516396,0.07884688
ID_5E42C45E00,0,0.027480702980668306,0.035469018,0.01904291,0.016640829,0.016528646
ID_5349528F30,0,0.1070586446642019,0.12990262,0.085800156,0.09553872,0.061090328
ID_1786037ED3,0,0.09279474259925005,0.09360141,0.10842802,0.095188424,0.05480593
ID_02F27F4A0F,0,0.220172411769894,0.1988993,0.22210374,0.30230737,0.27017537
ID_B4B9A0E8C9,0,0.5980836146730699,0.53168464,0.66233355,0.74185544,0.6783459
ID_468AD613E4,0,0.035268061872614574,0.02461543,0.047008827,0.038914103,0.053536344
ID_D868D83C7F,0,0.03739019848594295,0.038036652,0.040809225,0.026746165,0.031962533
ID_FBDC1365A1,1,0.7519598762310792,0.6993271,0.85867244,0.801925,0.72382
ID_0A1AC8028F,0,0.1458674303471999,0.12061444,0.13835625,0.15459672,0.26495135
ID_0BB5CD58FE,0,0.04298111150117662,0.04431728,0.047158524,0.05087546,0.024929345
ID_3DAC468620,0,0.013467076964875799,0.016799293,0.008390786,0.011290131,0.011215463
ID_8E919009A7,0,0.03938907079435476,0.047353942,0.024441447,0.033040047,0.04054263
ID_B28E648C4F,0,0.07962570214374122,0.08563599,0.07776629,0.0674112,0.0635254
ID_0F06DB09FD,0,0.042952920223422404,0.059152912,0.020784138,0.026157659,0.02932949
ID_EAFF57C88A,0,0.06317445182116047,0.061340626,0.083783075,0.061845947,0.027300451
ID_8A89D4BD7C,0,0.012376633833958307,0.011063545,0.011431398,0.01464041,0.018969566
ID_A1BCEF6C29,0,0.14942614231209406,0.1536819,0.14084928,0.10681699,0.16840315
ID_0802B1DDF3,0,0.06946931407076451,0.08286566,0.056832008,0.08717692,0.03221476
ID_5C6A4506C3,0,0.020001254546342568,0.028681451,0.008522871,0.01004997,0.012258671
ID_42E4EF04B3,0,0.015890287121885567,0.01651271,0.015913283,0.011549148,0.015101499
ID_2D83AAA228,0,0.1357048469180397,0.15330182,0.116048634,0.15118359,0.096716486
ID_D259984EB8,0,0.1540122635396395,0.1833412,0.10599111,0.11243841,0.15113223
ID_45C7E12108,0,0.017389988551335927,0.020602763,0.009982252,0.018728206,0.01911226
ID_52EEF77697,0,0.052089860678771756,0.067610025,0.028851159,0.034105785,0.04415421
ID_3172A2C937,0,0.06787905801622263,0.0777153,0.0605041,0.058473498,0.046208333
ID_4A586EED58,0,0.05292017671222442,0.07076095,0.033613894,0.04186157,0.02371812
ID_6A2C5E7982,0,0.019133626268055523,0.026155902,0.009812264,0.01576283,0.01090577
ID_3684B1114F,1,0.7045708609978534,0.6570981,0.76230234,0.7706376,0.75266224
ID_058B1D7F66,0,0.1445432508028447,0.13836622,0.16610023,0.1502157,0.12194752
ID_C30D88B980,0,0.01273642325063738,0.014409023,0.008267061,0.016533058,0.013596325
ID_463A321D28,0,0.07383809069082772,0.097715475,0.051143084,0.062898025,0.02632888
ID_FDCFA83C8F,0,0.15268462219294954,0.15848933,0.14001743,0.15854792,0.15275684
ID_B471F20F5B,0,0.03471768332593693,0.030593019,0.04917878,0.037802927,0.01979295
ID_B6BFD97CD2,0,0.018557700695428482,0.024375506,0.011592034,0.009709136,0.012757345
ID_EC35919321,0,0.04054079514359214,0.045881633,0.040563986,0.038420554,0.018832654
ID_533ECB77E9,0,0.19744263706328452,0.23335518,0.13923673,0.25801548,0.1440459
ID_7F47E5883E,0,0.10229000209313073,0.08385226,0.11352638,0.19056854,0.117666125
ID_94DF10EEFD,0,0.0664022560594629,0.07069773,0.05736203,0.0804904,0.061490584
ID_AF2557D68E,0,0.058334801593284774,0.0716587,0.036260474,0.058562443,0.049249332
ID_5F667AF8CD,1,0.20520712661690288,0.17980799,0.19803831,0.30566794,0.28418827
ID_3FBFCC943F,0,0.04846712769144708,0.04414976,0.035292886,0.051332958,0.09373273
ID_0568AB28D5,0,0.0813871652061432,0.07158036,0.08860238,0.114585035,0.09290488
ID_5AD1A89867,1,0.7797607423885419,0.75002587,0.8287817,0.81815034,0.7836005
ID_E4E74420F1,0,0.20877822596675558,0.23909183,0.18048535,0.20064023,0.14484121
ID_A0525AFB27,0,0.027644571292800214,0.029820919,0.028338565,0.01758153,0.02134021
ID_117FD6FEFB,0,0.02497273052300495,0.03218055,0.01623023,0.027226537,0.012266835
ID_3A7A2442DC,1,0.9388108846815476,0.97172695,0.90438056,0.87990963,0.8991632
ID_BCBD0DEB15,0,0.11162575048039097,0.12542164,0.09638834,0.15142886,0.06862766
ID_9DF8115524,0,0.02341745130608349,0.015861994,0.038610842,0.014318741,0.026739346
ID_EC8D09A662,0,0.21648498786846815,0.20943548,0.1717796,0.34156227,0.28766686
ID_3BF2905E90,0,0.01950419767491405,0.022595614,0.014158263,0.026164372,0.014997009
ID_450225032B,1,0.18766106243497988,0.19834095,0.18488978,0.21449564,0.13675062
ID_36BDA3EC0D,0,0.010518893380457268,0.014276345,0.00503896,0.0072039533,0.007831163
ID_B45AACB0BD,1,0.42468925027819837,0.43902913,0.36049482,0.6557021,0.40105805
ID_D65EDFE8EC,0,0.14028051804318012,0.1662713,0.106337994,0.16274838,0.0933993
ID_C8B73C0DCB,0,0.01631297729031439,0.019235026,0.011274108,0.011503003,0.016863154
ID_CE36E1C08C,1,0.43073551946693406,0.45594054,0.4171841,0.33264562,0.39598808
ID_593441B5AF,0,0.12984361439884373,0.11262371,0.13282035,0.1500355,0.18746732
ID_5D95D48EEA,0,0.048398321061553715,0.04226125,0.054234017,0.06283198,0.05553792
ID_CE23F9D188,0,0.02200366002208261,0.027084988,0.014495518,0.025098655,0.015274727
ID_4033202C04,0,0.246839480417614,0.19533111,0.27198425,0.33885232,0.37058553
ID_62312FA5E8,0,0.02048881353601708,0.019942427,0.020964466,0.021113135,0.02150664
ID_C10FCBC7CC,0,0.047022725910022635,0.059753098,0.025281161,0.028328951,0.047981024
ID_C25CD452F6,1,0.371618141036609,0.45836282,0.24134123,0.32729912,0.30360904
ID_B6CD292758,0,0.040764586757815274,0.05834658,0.014833482,0.020806331,0.030746883
ID_96001ADC7D,0,0.052011017036234286,0.05876931,0.04785912,0.04080673,0.03722512
ID_8923D1A964,0,0.02934339287550008,0.03454982,0.019794973,0.037147474,0.02440933
ID_B03F4819A5,0,0.043880530573128775,0.04423604,0.044468008,0.08801481,0.021878742
ID_832786A2EF,0,0.18931543713879684,0.21361397,0.1863689,0.1432809,0.11296142
ID_9D94EB081A,0,0.017198110786203126,0.020991579,0.012081203,0.021073608,0.010445021
ID_DE708CAE31,0,0.2402928143576717,0.28603134,0.16196068,0.23179449,0.2186298
ID_79710F0979,0,0.17354280030497293,0.17730074,0.1543712,0.26270062,0.15991324
ID_C2794F454C,0,0.058116594910206223,0.075287536,0.03283184,0.065663315,0.036460888
ID_B870461E52,0,0.1946932715693396,0.178258,0.18604924,0.22192904,0.27085626
ID_3EC869D6E4,0,0.3425937421512521,0.35906646,0.27495748,0.27232516,0.4486577
ID_DC1B83CFB2,0,0.024702307846667826,0.030404255,0.0181808,0.016072998,0.018343505
ID_34482F4574,0,0.2548832974863976,0.29210258,0.22322428,0.25412273,0.16575183
ID_A87FAE0979,0,0.32422221500443604,0.29504555,0.4001336,0.31810296,0.2874214
ID_4241392BA3,0,0.5398316576154194,0.4466023,0.70018905,0.6500296,0.5420179
ID_3930CE1696,0,0.1462022340005772,0.1779872,0.103184536,0.07823261,0.13371068
ID_D1B4B21A67,1,0.5960707685719755,0.5334492,0.66779786,0.72719896,0.64983356
ID_8C3AAA408A,0,0.07200232354537736,0.07093917,0.07488153,0.05002391,0.07990206
ID_9F76E0E712,0,0.2635748949446258,0.2612667,0.2593648,0.3684603,0.23664534
ID_51D9A7523E,0,0.13581899541543324,0.14902422,0.1233854,0.10881164,0.11842713
ID_1942745897,0,0.010504279153079464,0.012308046,0.0075586825,0.01133781,0.008832611
ID_DBB6C7DE5A,0,0.0985645279168555,0.12070089,0.078266755,0.097132884,0.049129847
ID_98747B555A,0,0.0460273532950698,0.051314212,0.040255014,0.06688162,0.026964571
ID_58AC8E3A0F,0,0.023029211852908443,0.032648616,0.0113252215,0.012872976,0.011888671
ID_2ACEDF4DCA,0,0.058910287089605794,0.06857268,0.049746573,0.0557274,0.039099175
ID_1D697FE459,1,0.4736005164148568,0.4567278,0.51666397,0.5868883,0.40318608
ID_B0269ABB2A,0,0.02065715072845991,0.023880206,0.015445247,0.01714551,0.019739803
ID_F9C1621D87,0,0.43117069738360925,0.3420957,0.47911096,0.6188958,0.6231398
ID_D77D771B2C,0,0.07049727170909457,0.084566474,0.044067938,0.06918973,0.06827146
ID_091E50A4A5,0,0.10977741843380515,0.10274907,0.14142692,0.06611674,0.0906367
ID_D2A04DA84F,0,0.009998305671036486,0.011631365,0.005938617,0.012006539,0.010926192
ID_5021180056,1,0.6427624091957189,0.62786645,0.69258666,0.71771884,0.56619614
ID_ADFC39851A,0,0.04828327213540905,0.058069814,0.034158994,0.042306233,0.039805986
ID_44006CC173,0,0.014208862892603829,0.01621078,0.010862918,0.014043892,0.012993392
ID_860EEA90BC,0,0.015025080570115814,0.018252818,0.009579203,0.011152564,0.014747136
ID_A349864F40,0,0.009220678696637945,0.011167016,0.006098478,0.0064925477,0.008877561
ID_C20E973238,0,0.05700222457435043,0.06961362,0.025417633,0.03818295,0.07963233
ID_3495F844E2,0,0.022640971571932837,0.023157736,0.020354267,0.034733716,0.020089792
ID_51729AB3F2,0,0.020427313071957078,0.020907424,0.01860734,0.03377766,0.016481742
ID_2894559FC0,0,0.030401971783494314,0.034545906,0.021333043,0.03187253,0.03169272
ID_3510208233,0,0.009780985757201838,0.012269114,0.005807728,0.00669366,0.009129174
ID_2D9A002998,0,0.21303268741302747,0.2649768,0.13444775,0.15276891,0.18823777
ID_154F2EE5A0,0,0.13507995945009343,0.13825366,0.14137885,0.07432078,0.13463433
ID_B7C8EFE2B4,0,0.15240874716099123,0.13604851,0.20217228,0.14109153,0.11977132
ID_9847A92752,0,0.036720316592845595,0.036228076,0.029284919,0.034822844,0.055578265
ID_59102B17ED,0,0.10950291864861827,0.13360323,0.071521565,0.14965026,0.07157216
ID_149031FEB9,0,0.03854353648917873,0.044118814,0.035974193,0.037003156,0.02115253
ID_116ABCF8EB,0,0.3730261776805716,0.41940072,0.28475657,0.47742814,0.32077658
ID_67C83978D7,0,0.0775816818645871,0.09308688,0.061190516,0.08820454,0.04255088
ID_3B525F8610,0,0.16791170746525988,0.18050706,0.13374957,0.17314228,0.18565518
ID_F821F7F057,0,0.6957801503997594,0.6456514,0.79519266,0.78167516,0.65704966
ID_7F82F68144,0,0.046475312395363864,0.063101076,0.027633494,0.03048827,0.023562701
ID_044FC843DD,0,0.012958340029426996,0.016454833,0.009373783,0.010750681,0.006825625
ID_8714650085,0,0.029017858022242257,0.035124883,0.019730726,0.03447977,0.02073629
ID_3C66CB33EF,0,0.24635172043380682,0.20337081,0.3132852,0.3432247,0.24228267
ID_3C05E569FC,0,0.1632415928203996,0.18982102,0.14243436,0.16870163,0.093109034
ID_59199D22DB,0,0.03080021018485918,0.04156656,0.018066887,0.023633221,0.01571502
ID_0E63B4B322,0,0.03227497716461877,0.037841924,0.02301981,0.03135467,0.028990503
ID_285FFC4385,0,0.019869012294517,0.018668203,0.024304204,0.019944966,0.015399457
ID_D527461E36,0,0.3538760965582869,0.324841,0.3793455,0.2833216,0.45276633
ID_A4F96B63F3,0,0.012652837233770765,0.015701305,0.0077275857,0.010890521,0.011096265
ID_3268D3CC68,1,0.8382629227866439,0.7936365,0.89202887,0.8711676,0.8972811
ID_28A75A3CD5,0,0.06128739886336504,0.046072897,0.07620205,0.09625319,0.07838391
ID_2C2650F33F,0,0.07516731320097672,0.0951092,0.048922304,0.076148055,0.046717197
ID_825F9C8A58,0,0.14626384392250827,0.14618498,0.12124925,0.23754077,0.16046733
ID_0EDF622772,0,0.0105047375430823,0.012238023,0.007653993,0.010264859,0.009395528
ID_A58C1DE6FC,0,0.08284610823947784,0.109491214,0.055794924,0.049032196,0.042949338
ID_49FAD7807E,0,0.0212381945700995,0.023582468,0.01671228,0.015063299,0.023726026
ID_E1A3B517DC,0,0.0235222314996792,0.029761426,0.015975814,0.010240653,0.01911825
ID_62A2E3251E,0,0.5214027489202488,0.49081394,0.51833415,0.5788766,0.63227034
ID_9F36064314,0,0.04387313669667828,0.040907927,0.046386704,0.037585538,0.05375992
ID_D0204871A5,0,0.04997946225126579,0.07045008,0.023346283,0.019274512,0.033938356
ID_EF7B0478A3,0,0.0276456804802196,0.040925834,0.01199064,0.011449853,0.012134413
ID_C277E32966,0,0.03951906977858226,0.045566004,0.029551877,0.03778281,0.036088094
ID_64E119BDB3,0,0.009421389463961545,0.011551202,0.004903104,0.0044035856,0.012295273
ID_FE04CF409F,1,0.782821134592879,0.7884828,0.759212,0.78760624,0.8074395
ID_CFBC1631FE,0,0.03744147047075115,0.045982227,0.024439752,0.026844373,0.033837665
ID_2F482BE4E9,0,0.12245262338770915,0.13554758,0.11815609,0.12395893,0.07564311
ID_B89DCCD221,1,0.1397209602702083,0.103393905,0.14097394,0.16455847,0.2798078
ID_DC8B2A4BA1,0,0.0834365900229195,0.084251635,0.07577984,0.09671895,0.09062479
ID_D0C37A385D,0,0.09633980466893882,0.10730877,0.07132375,0.16912578,0.0718933
ID_3B17D75FE9,0,0.2522248051125988,0.24614078,0.28658608,0.2358466,0.21138169
ID_1C1F5807FA,0,0.018588228889916594,0.022360032,0.0118077,0.021824313,0.01577406
ID_917B7FBE7C,0,0.05868777481570579,0.073214374,0.039796863,0.048049625,0.042424735
ID_537F767853,0,0.17020035623690488,0.11116256,0.25774404,0.2819162,0.18334398
ID_75EF1AAB58,0,0.028414283703019093,0.037982516,0.013323442,0.01588102,0.025791323
ID_433F74DC29,0,0.08493374792685485,0.10698067,0.05294516,0.056726895,0.07262641
ID_6E600F6956,0,0.10205675728446384,0.11915078,0.0837437,0.1347698,0.054801315
ID_4067608F60,1,0.7198838451930482,0.70590746,0.76603585,0.68838435,0.69371134
ID_8465A24E6F,1,0.008165294958288353,0.010039812,0.004880832,0.0073494106,0.0076403595
ID_4DAD0916F1,0,0.01852486747729999,0.022029905,0.0124376705,0.020448009,0.015923735
ID_68F67ABAB7,0,0.054941281957047616,0.062379748,0.035220742,0.08794973,0.05140274
ID_74B04DF72D,0,0.12032388891402236,0.109779894,0.1332386,0.114366695,0.13980073
ID_FD31F26041,0,0.023086789467294977,0.013916643,0.034269888,0.050563663,0.02589492
ID_3ABAFDAC74,0,0.05567862077166153,0.057018735,0.052853774,0.03702295,0.06420386
ID_952D6ADE1C,0,0.022803492810065905,0.024075171,0.018221583,0.03601354,0.021496668
ID_C10DD25C08,0,0.0481474197008734,0.05575789,0.037240062,0.044538237,0.040938493
ID_56F7732190,0,0.4728343440160651,0.4866035,0.43976423,0.34983903,0.5391666
ID_7FA101F10C,1,0.11410194340704392,0.12568063,0.09389513,0.12400762,0.10417109
ID_2D16B3580C,0,0.01966042052177195,0.01937837,0.022727616,0.014696287,0.016437544
ID_F189EA557D,0,0.09069608594279147,0.10528595,0.06089232,0.09191465,0.09240603
ID_9D0ED9469F,0,0.6935271068304398,0.6986912,0.69315386,0.6942506,0.67217714
ID_D1CD9E3146,0,0.045853705854395216,0.064683594,0.023256758,0.02590327,0.023404114
ID_870D076C02,0,0.04871880143380374,0.064813584,0.02447769,0.054108314,0.03031505
ID_76283F1963,0,0.013741124767952246,0.01670095,0.007831824,0.014611496,0.0135226175
ID_6FE990514C,0,0.0460775713750719,0.05778068,0.03769501,0.024028085,0.024186146
ID_373DDFE64C,0,0.09783897253399626,0.08328773,0.10802833,0.20143582,0.09235044
ID_07493F9085,0,0.11298783825413611,0.115591824,0.121037364,0.11672096,0.083083294
ID_199FD4F84E,0,0.015046632921881953,0.018903183,0.010130154,0.01644626,0.008676126
ID_79AF4ED8FB,0,0.1366865370817238,0.16707759,0.09109497,0.10511838,0.11974241
ID_D3547CEB85,0,0.05062802065554637,0.04500386,0.068592034,0.07491546,0.0252874
ID_7F9F6AA824,0,0.022202683540689664,0.030090151,0.011983248,0.01063487,0.015816106
ID_B8596119C5,0,0.1012216756818187,0.10439383,0.07773463,0.062061716,0.15526043
ID_5F3615B402,0,0.027251847291154215,0.035552703,0.016306035,0.030428926,0.014248091
ID_B887CD811F,0,0.05178098635739611,0.064469226,0.037210856,0.04346677,0.033009652
ID_C8C7C57286,0,0.037443530044103106,0.052913275,0.015948446,0.038879294,0.01751565
ID_1E74DB013F,0,0.15453142664707403,0.17252044,0.14073052,0.16961361,0.10149819
ID_6FADB3D505,1,0.25460826004344345,0.29478914,0.20654568,0.27600652,0.17848201
ID_E34CFB7F7A,0,0.7074890781474635,0.73012143,0.6810075,0.6537943,0.6920037
ID_4425292E06,0,0.048127896148517084,0.06133676,0.03342772,0.020642094,0.03579118
ID_103A6AECBF,1,0.49491154060911047,0.4596148,0.5887344,0.35866788,0.50228876
ID_1323C68D08,0,0.5083780344013393,0.483157,0.5528248,0.46554616,0.5383489
ID_43F1FF4DE4,0,0.06853020021564107,0.08052703,0.03985807,0.10502888,0.06339799
ID_4A8D7E5CCD,0,0.036952017935921566,0.035618473,0.035897937,0.03468046,0.045841906
ID_1F4E075DE7,0,0.029987647730863917,0.035592455,0.02602509,0.017676838,0.020155225
ID_E0E60F9448,1,0.19087994151498958,0.19775571,0.18129571,0.1968659,0.17975678
ID_056D9CE6D1,0,0.164078550474125,0.17089312,0.1698242,0.12170983,0.1414085
ID_D7812C53F0,0,0.0703793736816675,0.08896039,0.039370865,0.061430212,0.06223001
ID_18F3DF48B4,0,0.05975067724282067,0.046370763,0.09616572,0.042687897,0.04564962
ID_1D53B2ABE9,0,0.1049134588587041,0.12826987,0.06974069,0.08417456,0.0906442
ID_0271001A17,0,0.04096048033524775,0.05088387,0.026104419,0.06645986,0.019753529
ID_7C61A75EE6,0,0.411717056909773,0.45029843,0.3748513,0.36839765,0.3465468
ID_BFEBC16BD6,0,0.7106292664814302,0.76919746,0.6260735,0.6781747,0.6585115
ID_2AE548E88E,0,0.10241119032581354,0.1004087,0.094464034,0.103739075,0.12734671
ID_D0FBE0D165,0,0.10868112405647937,0.12176076,0.10081401,0.10308627,0.07269098
ID_E07E2D60A5,0,0.6973293438052678,0.6829314,0.7204149,0.71075755,0.7028343
ID_DC9B64835B,0,0.04729242296644165,0.060385082,0.034227636,0.033426646,0.026001967
ID_F6886E5A80,0,0.01576226670510642,0.01757843,0.014652642,0.017120713,0.009871068
ID_62F96191EC,0,0.014069144448921076,0.015725575,0.009902411,0.016063238,0.015133991
ID_88D62B9909,0,0.10669216866289509,0.09281478,0.121436104,0.09781933,0.13761069
ID_32A01D7D01,0,0.09557901453209224,0.13400364,0.04653255,0.065831825,0.05128383
ID_EC74F1C374,0,0.0234741863020529,0.027581478,0.01708507,0.02847409,0.017633008
ID_8786F364F6,0,0.026999791089085713,0.034573566,0.016525403,0.02249202,0.019408977
ID_C15AF7A0F3,1,0.5493389063628362,0.4941503,0.5723681,0.76681536,0.6384938
ID_86599FC70E,0,0.4774090415362742,0.51973426,0.40395963,0.39265558,0.49294472
ID_CF94A8455C,0,0.2583438391009271,0.23593128,0.31932473,0.28294224,0.21157949
ID_7BBF581F2D,0,0.21432476409236098,0.26371366,0.17583357,0.16862082,0.10798324
ID_206C031E2F,0,0.009046001584176018,0.010425053,0.005561224,0.009915127,0.0103112245
ID_84692812F4,0,0.036970079289709024,0.037530772,0.035672203,0.03171723,0.039673097
ID_09B70C1F0C,0,0.08749347835341525,0.09800579,0.07000379,0.10550757,0.072708614
ID_4DAD593192,0,0.031957361695899994,0.035227265,0.0279003,0.018041432,0.032899994
ID_C165A603BB,0,0.014070750154512323,0.016842589,0.0111237485,0.011969573,0.009588064
ID_004516ECF0,0,0.03251078094713379,0.035486244,0.029726854,0.042786203,0.02142227
ID_588B32D177,0,0.18606716033370524,0.14442924,0.277151,0.21309997,0.15495901
ID_CF5B8C686C,0,0.07384556298428352,0.08664276,0.04629134,0.044229954,0.0917508
ID_C8AC59BE22,0,0.03197371352852384,0.0326326,0.035726942,0.021171717,0.025845444
ID_EB2B68D397,0,0.038537340851249505,0.039883707,0.040899843,0.04431241,0.02525938
ID_A268CC3CC2,0,0.049064663395693896,0.064740084,0.026643602,0.041439746,0.034203023
ID_ACE8A03163,0,0.035253623004034694,0.04973266,0.014664673,0.03602472,0.017860755
ID_C374FD033C,0,0.01265152543066008,0.014869709,0.008443255,0.015831567,0.0109132575
ID_27C5CEB386,0,0.02180913996302324,0.028567968,0.011527584,0.024836726,0.013965812
ID_A2F9BC2DF6,0,0.019869246282049953,0.025775343,0.010872488,0.01608778,0.015843634
ID_FAF184AD90,0,0.47255792337090013,0.40945253,0.5675535,0.48755118,0.5290776
ID_8EBF1CA5E3,0,0.09984653712303496,0.11284253,0.091678604,0.0801684,0.07099433
ID_5D7F3BE6B1,1,0.76045178890912,0.7142009,0.8255771,0.8022082,0.79811347
ID_5A61529099,0,0.0616959191851727,0.06859527,0.041729312,0.047750328,0.081432305
ID_5C71A2ECDD,1,0.2768126285611393,0.28092942,0.19359921,0.37910387,0.39331535
ID_D244DA2718,0,0.043135979170089364,0.046912897,0.036807653,0.04197368,0.041247457
ID_D9B358BA40,0,0.2784871968694299,0.26719403,0.30208662,0.4879206,0.18432215
ID_220506A030,0,0.06405280335559393,0.082254395,0.051533148,0.029568486,0.028978687
ID_2928591827,1,0.33088469769848533,0.45839018,0.2320056,0.08030495,0.113086656
ID_5B8919FE72,1,0.1317504420825179,0.14701295,0.10612262,0.11404094,0.1299094
ID_E4E264D1F4,0,0.04192578995756777,0.053167757,0.028228376,0.032629337,0.027825838
ID_6697472D73,0,0.04073428184450864,0.045085624,0.04096656,0.034478832,0.024564072
ID_7B268BF87A,1,0.21877753734161837,0.19686894,0.22539327,0.4197425,0.2096204
ID_37461AB97A,0,0.014574617423176475,0.017900443,0.010051487,0.016056959,0.009568351
ID_279321C3F3,0,0.28891318879178585,0.18271506,0.38578284,0.32990962,0.5122866
ID_F3545F1179,0,0.012680250175532655,0.016683139,0.0073003653,0.006715144,0.009895353
ID_B81D9140DC,0,0.012038682805613005,0.013411979,0.008455408,0.017111132,0.011707269
ID_567C4C8D85,0,0.05140659202098221,0.05246409,0.051081046,0.05934667,0.044172373
ID_C18F0B69C4,0,0.22795156637811148,0.25131974,0.18266423,0.29083192,0.19887894
ID_A5DF9E096A,0,0.07499331885283989,0.10290058,0.036867883,0.041332763,0.053448047
ID_555EFB2D22,0,0.03906495390875172,0.044578437,0.03406654,0.03660463,0.027546784
ID_A9A94D2E13,1,0.8725527701982011,0.898791,0.8651237,0.6703134,0.8657031
ID_B2D898FE20,0,0.039726404009396414,0.05505305,0.016096642,0.03130457,0.029279612
ID_9941DD92A0,1,0.6899513809984585,0.6723134,0.71230924,0.6833205,0.7194611
ID_A381460734,1,0.4338696166605286,0.42254484,0.44568422,0.45661768,0.44649485
ID_DB044A68D3,0,0.028773378075059666,0.03877506,0.017330058,0.011779235,0.01843798
ID_4BD1E2F180,1,0.25950613279654217,0.24486098,0.28462163,0.28814638,0.25507104
ID_2B689E7A5D,0,0.01396726653730435,0.017978812,0.008910718,0.011683508,0.008847464
ID_B6BEA882E7,1,0.6047424527718659,0.62547743,0.589722,0.68481576,0.5143845
ID_CDE73B0BFD,0,0.045215037855175735,0.059017234,0.024933133,0.060644705,0.023635654
ID_797AC9B691,1,0.3232649015054889,0.22561626,0.45360324,0.414815,0.41665906
ID_5A5C46374C,0,0.03575675225090658,0.046151012,0.020848101,0.025115855,0.0284254
ID_84AE25D0D7,0,0.011207964612543928,0.012893168,0.008077106,0.012894321,0.010063265
ID_B127C402C0,0,0.1530354498295744,0.15090491,0.1341307,0.11526623,0.21905994
ID_7E2AF1CED2,0,0.011206795274441688,0.013805478,0.0076583955,0.009183587,0.008712321
ID_DC943D2868,0,0.031695320884910776,0.030599998,0.03157673,0.048164528,0.029402023
ID_136450CA92,0,0.24609661711350048,0.25685865,0.18904425,0.26823014,0.3133251
ID_6B4C80548C,0,0.4954612690525688,0.53749657,0.46912453,0.5387536,0.35534665
ID_46E1398B21,0,0.4550658426002294,0.39364082,0.59833664,0.4740158,0.39920172
ID_C22933EC98,0,0.02062245240057211,0.026964772,0.013296089,0.011354813,0.013560693
ID_68B82034D8,0,0.21759890328169862,0.21158883,0.23504014,0.15403011,0.2333085
ID_251D159A22,1,0.20959564831137584,0.22966452,0.18485297,0.23388863,0.16722405
ID_8C6E654AE5,0,0.07411066910087125,0.08507099,0.059389997,0.07472738,0.059075356
ID_61BE958C19,0,0.03472499182529467,0.04362628,0.01918665,0.03115355,0.03197548
ID_DBFC4839F4,0,0.18205598625013378,0.19840792,0.15339802,0.14844619,0.18903945
ID_843AFBFED7,0,0.011376436288671264,0.014064334,0.0058634896,0.012532506,0.011332967
ID_6E5E578A17,0,0.01402475637633176,0.015875177,0.00985589,0.017092135,0.01380608
ID_CF43F3A7A4,0,0.01858603712335064,0.023026964,0.0125337085,0.015485411,0.014142786
ID_961F99A20F,0,0.02263551744534626,0.029892763,0.010673966,0.01588614,0.020550288
ID_6393F726B1,0,0.16019745357212406,0.1841908,0.1155348,0.18592338,0.14333728
ID_966B9834F3,0,0.0145255006276271,0.016614037,0.011175301,0.012541062,0.01374602
